address,bundle_id,priority,strategy,text,body_capacity,source_prefix_hex,current_ext3_token,native_tokens,native_token_count,native_body_hex,nul_run,next_control
600036,scenario_600019,P3_direct_ext3_control_adjacent_text_drift,portal16,……우리에게　적대할　생각은　없나？,18,18,E5181BD4,,0,,2,0861
60007E,scenario_600067,P4_direct_ext3_text_drift,portal16,아그리파　멘테너라는　인물이　우리들과의,10,18,E51839EA,,0,,1,
600119,scenario_600105,P2_direct_ext3_exact_text,portal16,아그리파　멘테너의　진의를,10,18,E518B0CF,,0,,1,
600165,scenario_60014E,P4_direct_ext3_text_drift,portal16,나는　라디쉬로　디아나　여왕을,10,18,E518C5E5,,0,,1,
6001A9,scenario_600190,P2_direct_ext3_exact_text,portal16,그동안의　지휘는　헨켄　중령、,12,18,E518B0D7,,0,,1,
60022E,scenario_600222,P1_direct_ext3_exact_text_control_adjacent,portal16,그럼、　해리　중위의　동행을　허가한다。,16,18,E518B0DF,,0,,2,085B
6002DA,scenario_6002C7,P4_direct_ext3_text_drift,portal16,그가　나서면　전란은　더　커진다。,21,18,E5183BDE,,0,,1,
600326,scenario_600308,P2_direct_ext3_exact_text,portal16,게다가　깅가남의　제멋대로인　방식에는,16,18,E518B0EE,,0,,1,
600358,scenario_60034E,P4_direct_ext3_text_drift,portal16,그러한　애매한　태도가　사태를　더욱,11,18,E5181A2A,,0,,1,
6003D7,scenario_6003C3,P2_direct_ext3_exact_text,portal16,이　자리에서　얌전히　항복하면　좋다！,16,18,E518B0F8,,0,,2,
6003EA,scenario_6003C3,P2_direct_ext3_exact_text,portal16,그렇지　않으면　이　자리에　있는,11,18,E518B0F9,,0,,1,
600455,scenario_60044B,P1_direct_ext3_exact_text_control_adjacent,portal16,이、　이런　짓、　깅가남에게는……！,11,18,E518B0FF,,0,,2,1728
6004F4,scenario_6004DB,P4_direct_ext3_text_drift,portal16,크와트로　대위가　왔더라면,17,18,E518499D,,0,,1,
600547,scenario_60052C,P2_direct_ext3_exact_text,portal16,조준이　어긋나서　머리에　맞아버릴지도,21,18,E518B10C,,0,,1,
600661,scenario_600647,P4_direct_ext3_text_drift,portal16,브라이트　함장들이,6,18,E5182C30,,0,,1,
6006D4,scenario_6006B7,P2_direct_ext3_exact_text,portal16,넬　아가마는,6,18,E518B0A9,,0,,1,
6006EC,scenario_6006B7,P2_direct_ext3_exact_text,portal16,마더　뱅가드는,6,18,E518B123,,0,,1,
60074C,scenario_600735,P1_direct_ext3_exact_text_control_adjacent,portal16,여기에　브라이트　중령　일행이　있다！！,11,18,E518B129,,0,,2,1728
6007C1,scenario_6007B7,P4_direct_ext3_text_drift,portal16,자넨　네오　지온　사람이지？,12,18,E5181C45,,0,,1,
60081B,scenario_600805,P1_direct_ext3_exact_text_control_adjacent,portal16,……자、　와라！,8,18,E518B135,,0,,2,1728
60085F,scenario_600840,P1_direct_ext3_exact_text_control_adjacent,portal16,……자、　디아나　님、　이쪽으로。,12,18,E518B139,,0,,2,0845
6008B0,scenario_600894,P4_direct_ext3_text_drift,portal16,라디쉬의　승무원들도,7,18,E518C5EA,,0,,1,
60091A,scenario_600909,P2_direct_ext3_exact_text,portal16,브라이트　함장은　승무원들을,11,18,E518B144,,0,,1,
600A59,scenario_600A48,P4_direct_ext3_text_drift,portal16,……아니요、　어쨌든、　지금은　적을,8,18,E5181A87,,0,,1,
600A72,scenario_600A48,P1_direct_ext3_exact_text_control_adjacent,portal16,그쪽과　합류하겠습니다。,7,18,E518B155,,0,,2,1728
600AE1,scenario_600AD7,P1_direct_ext3_exact_text_control_adjacent,portal16,그쪽은　괜찮으십니까！？,12,18,E518B15C,,0,,2,1728
600B04,scenario_600AFA,P4_direct_ext3_text_drift,portal16,이미　라디쉬의　모빌슈트는,8,18,E518C5E7,,0,,1,
600B96,scenario_600B7B,P1_direct_ext3_exact_text_control_adjacent,portal16,……본때를　보여주마！,12,18,E518B164,,0,,2,1728
600BD8,scenario_600BCB,P2_direct_ext3_exact_text,portal16,하필이면　이　폰　시티에서,13,18,E518B168,,0,,1,
600C17,scenario_600C02,P2_direct_ext3_exact_text,portal16,곤란하다면　깅가남을　막든가,17,18,E518B16B,,0,,1,
600D1F,scenario_600D14,P4_direct_ext3_text_drift,portal16,이、　이、　이、　이、　이　나를、　주、,9,18,E5182A29,,0,,1,
600D74,scenario_600D58,P1_direct_ext3_exact_text_control_adjacent,portal16,……외롭지는　않을　거야。,16,18,E518B17F,,0,,2,1728
600DE5,scenario_600DDB,P2_direct_ext3_exact_text,portal16,에우고　일행에게는,6,18,E518B185,,0,,1,
600EE3,scenario_600ED4,P1_direct_ext3_exact_text_control_adjacent,portal16,그、　그럴　수가……！！,7,18,E518B0B0,,0,,2,1728
600F93,scenario_600F83,P2_direct_ext3_exact_text,portal16,저는　로라도　아니고,7,18,E518B195,,0,,1,
601179,scenario_601170,P1_direct_ext3_exact_text_control_adjacent,portal16,이렇게　된　이상……！！,7,18,E518B1A9,,0,,2,1728
6011B8,scenario_6011A3,P2_direct_ext3_exact_text,portal16,이　블랙　돌로　모든　것을　파괴하고、,17,18,E518B1AD,,0,,1,
6012A5,scenario_601298,P1_direct_ext3_exact_text_control_adjacent,portal16,어리석군……！,6,18,E518B1B8,,0,,2,1728
6012D9,scenario_6012CC,P1_direct_ext3_exact_text_control_adjacent,portal16,적당히　좀　해、　거추장스럽다고！！,13,18,E518B1BB,,0,,2,1728
601334,scenario_601327,P2_direct_ext3_exact_text,portal16,이　데스파다도,6,18,E518B1C0,,0,,1,
601347,scenario_601327,P1_direct_ext3_exact_text_control_adjacent,portal16,너　같은　놈한테　질까　보냐！！,13,18,E518B1C2,,0,,2,1728
60136B,scenario_601361,P1_direct_ext3_exact_text_control_adjacent,portal16,이제　두　번　다시……,7,18,E518B1C3,,0,,2,1728
601394,scenario_60137F,P3_direct_ext3_control_adjacent_text_drift,portal16,거짓　힘으로　싸우는　네놈은！！,16,18,E518B1C6,,0,,2,1728
60154C,scenario_60153B,P2_direct_ext3_exact_text,portal16,부탁이니까　기억해　내줘！！,10,18,E518B1DA,,0,,1,
6015E4,scenario_6015CB,P2_direct_ext3_exact_text,portal16,당신에　대해서도　기억하고　있습니다。,10,18,E518B1E3,,0,,2,
6015F1,scenario_6015CB,P4_direct_ext3_text_drift,portal16,보통　소녀답지　않은　행동거지에、　과거,18,18,E5182785,,0,,1,
601633,scenario_601623,P3_direct_ext3_control_adjacent_text_drift,portal16,그것까지　기억하면서、　어째서！？,13,18,E5181BD5,,0,,2,0804
601656,scenario_601646,P2_direct_ext3_exact_text,portal16,현재의　저에게　있어서는、,7,18,E518B1E9,,0,,1,
601671,scenario_601646,P4_direct_ext3_text_drift,portal16,당신들과의　기억은　단순한　과거의,8,18,E5183A85,,0,,1,
6016C2,scenario_6016B6,P4_direct_ext3_text_drift,portal16,그녀와의　관계는　잊게！　더　이상,12,18,E5183A83,,0,,1,
6016E1,scenario_6016B6,P1_direct_ext3_exact_text_control_adjacent,portal16,그렇지　않으면　자네가　죽어！！,9,18,E518B1F0,,0,,2,1728
60173B,scenario_60171D,P1_direct_ext3_exact_text_control_adjacent,portal16,쏠　수　있을　리가　없잖아요！！,10,18,E518B1F5,,0,,2,082B
6017CD,scenario_6017C1,P4_direct_ext3_text_drift,portal16,디아나　이름을　딴　부대　지휘관이,18,18,E51849A7,,0,,1,
6017FC,scenario_6017F3,P4_direct_ext3_text_drift,portal16,저희들은　지구만을　생각하고、　달을,21,18,E518B1FE,,0,,1,
601826,scenario_6017F3,P3_direct_ext3_control_adjacent_text_drift,portal16,따라갈　수　없다고　말씀드렸습니다！！,17,18,E5183BDF,,0,,2,0845
6018C4,scenario_6018B3,P2_direct_ext3_exact_text,portal16,저희들의　행동은　모두　폐하께서,12,18,E518B209,,0,,1,
6018E6,scenario_6018B3,P1_direct_ext3_exact_text_control_adjacent,portal16,결코　다른　뜻은　없습니다！,14,18,E518B20B,,0,,2,0845
601905,scenario_6018FA,P4_direct_ext3_text_drift,portal16,김　깅가남은　턴　엑스를　들고나가、,17,18,E518B20D,,0,,1,
601929,scenario_6018FA,P4_direct_ext3_text_drift,portal16,이것도……　내가　저지른　죄입니다。,17,18,E5184BDA,,0,,2,
60193D,scenario_6018FA,P3_direct_ext3_control_adjacent_text_drift,portal16,그를　몰아내는　데　힘을　빌려　줘。,13,18,E5181BD6,,0,,2,085E
60195A,scenario_601950,P2_direct_ext3_exact_text,portal16,그러한　말씀을　폐하의　명령으로서,14,18,E518B211,,0,,1,
601B12,scenario_601B07,P3_direct_ext3_control_adjacent_text_drift,portal16,터、　턴Ｘ의　월광접이……！！,13,18,E5184AB5,,0,,2,1728
601B3A,scenario_601B2C,P3_direct_ext3_control_adjacent_text_drift,portal16,전　기체、　턴엑스에　공격　집중！！,17,18,E5180C3D,,0,,2,1728
601CCE,scenario_601CC1,P2_direct_ext3_exact_text,portal16,……그렇군。,5,18,E518B22F,,0,,2,
601CD6,scenario_601CC1,P4_direct_ext3_text_drift,portal16,직격은　면했다만、　데몬스트레이션의　역,21,18,E51829ED,,0,,1,
601D3B,scenario_601D26,P4_direct_ext3_text_drift,portal16,티탄즈나　네오　지온이　그것과　동등한,9,18,E5184A03,,0,,1,
601DA5,scenario_601D98,P2_direct_ext3_exact_text,portal16,다시　만나게　될　줄이야……,7,18,E5183C50,,0,,1,
601E0B,scenario_601DF7,P4_direct_ext3_text_drift,portal16,이에　맞서기　위해、,7,18,E5180B36,,0,,1,
601E5A,scenario_601E43,P2_direct_ext3_exact_text,portal16,설마　네오　지온과　손을　잡을　줄이야、,16,18,E518B243,,0,,1,
601E92,scenario_601E80,P2_direct_ext3_exact_text,portal16,조금　전에는　인질이　되었던　자를,13,18,E518B246,,0,,1,
601EEB,scenario_601EC9,P4_direct_ext3_text_drift,portal16,하만　칸으로서도　그레미　토토라는　적을,14,18,E5183925,,0,,1,
601F0F,scenario_601EC9,P4_direct_ext3_text_drift,portal16,그에　상응하는　예의를　갖추고　네오,17,18,E518B24C,,0,,1,
601F53,scenario_601F45,P2_direct_ext3_exact_text,portal16,어쨌든、　이것은　결정　사항이다。,10,18,E518B250,,0,,2,
601F60,scenario_601F45,P2_direct_ext3_exact_text,portal16,네오　지온과의　공동　작전을　전제로,13,18,E518B251,,0,,1,
601F7C,scenario_601F45,P2_direct_ext3_exact_text,portal16,브라이트　중령도　그럴　생각으로,7,18,E518B253,,0,,1,
601FA6,scenario_601F9C,P2_direct_ext3_exact_text,portal16,네오　지온과　손을　잡는다고　들었는데、,18,18,E518B255,,0,,1,
601FE7,scenario_601FDA,P2_direct_ext3_exact_text,portal16,왜　하만　같은　녀석하고,6,18,E518B259,,0,,1,
602041,scenario_602033,P4_direct_ext3_text_drift,portal16,저런　녀석들과　손을　잡고　있으면　언제,14,18,E51816B1,,0,,1,
602088,scenario_602077,P4_direct_ext3_text_drift,portal16,……그　하만이라는　사람은　배신을,10,18,E5181A86,,0,,1,
6020DA,scenario_6020B8,P4_direct_ext3_text_drift,portal16,그것을　제쳐두고、　그녀는　우리들의,10,18,E5181A5F,,0,,1,
6020F6,scenario_6020B8,P4_direct_ext3_text_drift,portal16,그　사람에게는　그　사람　나름대로의　이,11,18,E5183742,,0,,1,
602186,scenario_60217E,P2_direct_ext3_exact_text,portal16,티탄즈의　콜로니　레이저는,9,18,E518B26F,,0,,1,
60226E,scenario_602255,P4_direct_ext3_text_drift,portal16,여왕으로서　손놓고,11,18,E5182C34,,0,,1,
6022B2,scenario_60229B,P2_direct_ext3_exact_text,portal16,여왕의　제안、,8,18,E518B281,,0,,1,
602343,scenario_602330,P2_direct_ext3_exact_text,portal16,과연　두　번째가　되고　보니、,10,18,E518B287,,0,,1,
602388,scenario_602370,P2_direct_ext3_exact_text,portal16,……아니。,5,18,E518B0B2,,0,,1,
60239B,scenario_602370,P1_direct_ext3_exact_text_control_adjacent,portal16,그　세라　씨가　마치　로봇처럼……,12,18,E518B28C,,0,,2,0802
6023F2,scenario_6023E7,P1_direct_ext3_exact_text_control_adjacent,portal16,말이　너무　심했……네。,10,18,E518B290,,0,,2,0802
6024FC,scenario_6024DF,P1_direct_ext3_exact_text_control_adjacent,portal16,라라아　가　죽었던　그날부터　말이지。,13,18,E518B29C,,0,,2,082B
602566,scenario_602555,P2_direct_ext3_exact_text,portal16,어차피　지나간　일이다。,7,18,E518B2A0,,0,,2,
602570,scenario_602555,P2_direct_ext3_exact_text,portal16,네가　말한　대로、,9,18,E518B2A1,,0,,1,
602669,scenario_60265C,P4_direct_ext3_text_drift,portal16,이상하군……　그　근처에　격납고는,7,18,E5181A8F,,0,,1,
60269F,scenario_602682,P2_direct_ext3_exact_text,portal16,그럼、　전투가　끝나면,10,18,E518B2AD,,0,,1,
6026C7,scenario_602682,P1_direct_ext3_exact_text_control_adjacent,portal16,지금은　전투에　전념해　다오！,10,18,E518B2B0,,0,,2,0883
602788,scenario_60276C,P1_direct_ext3_exact_text_control_adjacent,portal16,로랑은　전투를　계속해　다오！,11,18,E518B2B6,,0,,2,0883
602824,scenario_602811,P4_direct_ext3_text_drift,portal16,기술진이　조사했지만、　월광접처럼,12,18,E51849BD,,0,,1,
602861,scenario_60284D,P2_direct_ext3_exact_text,portal16,아마도、　앞으로의　전투는,8,18,E518B2C3,,0,,1,
602882,scenario_602878,P4_direct_ext3_text_drift,portal16,앞으로　티탄즈와　네오　지온에,13,18,E518379C,,0,,1,
60291B,scenario_602912,P4_direct_ext3_text_drift,portal16,콜로니　레이저의　조준을　좁히지,10,18,E5181A91,,0,,1,
602988,scenario_60296D,P1_direct_ext3_exact_text_control_adjacent,portal16,자신의　무력함을　깨닫게　해　주마！,15,18,E518B2D4,,0,,2,1728
6029C8,scenario_6029B8,P2_direct_ext3_exact_text,portal16,……하지만、,5,18,E518B2D7,,0,,1,
6029E1,scenario_6029B8,P1_direct_ext3_exact_text_control_adjacent,portal16,작전을　개시한다！！,9,18,E518B2D9,,0,,2,084B
602A21,scenario_602A0F,P2_direct_ext3_exact_text,portal16,각　함선은　전속력으로,6,18,E518B2DC,,0,,1,
602A58,scenario_602A39,P2_direct_ext3_exact_text,portal16,어쨌든、　품　안으로　뛰어들어,13,18,E518B2E0,,0,,1,
602A95,scenario_602A7C,P2_direct_ext3_exact_text,portal16,콜로니　레이저를　공격하는　것은　좋으나,15,18,E518B2E3,,0,,1,
602AB1,scenario_602A7C,P4_direct_ext3_text_drift,portal16,어려운　요구라는　것은　알지만、　여러분,14,18,E5181858,,0,,1,
602ACE,scenario_602A7C,P1_direct_ext3_exact_text_control_adjacent,portal16,……부탁한다！！,8,18,E518B2E7,,0,,2,1728
602CDA,scenario_602CBF,P4_direct_ext3_text_drift,portal16,Ｖ２의　빛의　날개로、　이번에야말로,10,18,E5181A6E,,0,,1,
602DD1,scenario_602DBE,P1_direct_ext3_exact_text_control_adjacent,portal16,이놈……！！,7,18,E518B309,,0,,2,1728
602E75,scenario_602E6C,P1_direct_ext3_exact_text_control_adjacent,portal16,월광접이다！！,6,18,E518B0B3,,0,,2,1728
602F07,scenario_602EF3,P4_direct_ext3_text_drift,portal16,저　정도로　타격을　입혀　놓으면　더　이,11,18,E51836FB,,0,,1,
602FD3,scenario_602FB7,P1_direct_ext3_exact_text_control_adjacent,portal16,살려둘　수는　없다！！,9,18,E518B320,,0,,2,0857
603094,scenario_603079,P4_direct_ext3_text_drift,portal16,하지만、　이　시뮬레이터에는　사이코뮤가,9,18,E51819FE,,0,,1,
6030B0,scenario_603079,P2_direct_ext3_exact_text,portal16,사이코뮤를　쓸　수　있다면,8,18,E518B32B,,0,,1,
603183,scenario_603177,P2_direct_ext3_exact_text,portal16,왜　샤아가,5,18,E518B334,,0,,1,
6031FF,scenario_6031DD,P2_direct_ext3_exact_text,portal16,……윽！！,5,18,E518B54E,,0,,2,
603207,scenario_6031DD,P2_direct_ext3_exact_text,portal16,설마　샤아는　아직도,7,18,E518B33A,,0,,1,
60326F,scenario_603266,P1_direct_ext3_exact_text_control_adjacent,portal16,방、　방금　그것은……,7,18,E518B33F,,0,,2,1728
6032C3,scenario_6032B0,P3_direct_ext3_control_adjacent_text_drift,portal16,남의　마음에　멋대로　들어오다니！,17,18,E5181BD7,,0,,2,1728
603307,scenario_6032F7,P1_direct_ext3_exact_text_control_adjacent,portal16,우리들은……！！,7,18,E518B345,,0,,2,1728
603325,scenario_603319,P4_direct_ext3_text_drift,portal16,방금　광경、　당신도　봤잖아！？,15,18,E5184AD1,,0,,1,
6033A5,scenario_603399,P2_direct_ext3_exact_text,portal16,역시　너는,5,18,E518B34C,,0,,1,
60340A,scenario_6033F7,P1_direct_ext3_exact_text_control_adjacent,portal16,놓쳐버렸는가……,7,18,E518B350,,0,,2,1728
60342A,scenario_60341C,P2_direct_ext3_exact_text,portal16,콜로니　레이저의　동력　차단에,13,18,E518B352,,0,,1,
60344F,scenario_603446,P2_direct_ext3_exact_text,portal16,지금　틈을　타　콜로니　레이저를,9,18,E518B355,,0,,1,
6034BB,scenario_6034AA,P1_direct_ext3_exact_text_control_adjacent,portal16,하만　님은　어디에　계시는가！？,12,18,E518B35A,,0,,2,1728
603512,scenario_603507,P2_direct_ext3_exact_text,portal16,좋아、　남은　것은　깅가남　부대뿐이다！,13,18,E518B35F,,0,,2,
603522,scenario_603507,P2_direct_ext3_exact_text,portal16,각　기체는　콜로니　레이저를　지키면서,11,18,E518B360,,0,,1,
603582,scenario_60356A,P1_direct_ext3_exact_text_control_adjacent,portal16,콜로니　레이저를　제압한다！！,12,18,E518B364,,0,,2,084B
6035D9,scenario_6035CF,P1_direct_ext3_exact_text_control_adjacent,portal16,모두、　아주　잘해　주었다！！,13,18,E518B367,,0,,2,1728
60360D,scenario_6035FF,P2_direct_ext3_exact_text,portal16,티탄즈의　함대가,6,18,E518B369,,0,,1,
60372D,scenario_60370D,P4_direct_ext3_text_drift,portal16,모빌슈트　부대로　적의　진격을　저지하고,14,18,E518B379,,0,,1,
60374D,scenario_60370D,P4_direct_ext3_text_drift,portal16,하야토와　베라　군은　준비해　두게。,15,18,E5183BE1,,0,,2,
60375F,scenario_60370D,P4_direct_ext3_text_drift,portal16,아마도　이것이　마지막　전투가　될　것이,15,18,E518B37C,,0,,1,
603806,scenario_6037EE,P3_direct_ext3_control_adjacent_text_drift,portal16,대위와　그　사이엔　무슨　일이　있었나！,15,18,E5182BC1,,0,,2,082B
603841,scenario_60382F,P2_direct_ext3_exact_text,portal16,하만　칸이　저런　식으로　되어버린　것은,11,18,E518B388,,0,,1,
603894,scenario_60387F,P2_direct_ext3_exact_text,portal16,당신은　하만　칸과,9,18,E518B38D,,0,,1,
6038DF,scenario_6038BE,P2_direct_ext3_exact_text,portal16,그렇게　말한　건、　대위님！,9,18,E518B391,,0,,1,
6038F2,scenario_6038BE,P4_direct_ext3_text_drift,portal16,그런데도、　대위님은　과거에　얽매여　타,14,18,E51847ED,,0,,1,
603912,scenario_6038BE,P4_direct_ext3_text_drift,portal16,그럼　대위가　비판한、　중력에,20,18,E51819B2,,0,,1,
60399C,scenario_60398F,P2_direct_ext3_exact_text,portal16,하만이　그렇게　되어버린　것은,12,18,E518B39A,,0,,1,
6039B6,scenario_60398F,P4_direct_ext3_text_drift,portal16,그렇다면、　예전의　상냥한　그녀로,17,18,E5184AD2,,0,,1,
6039DB,scenario_60398F,P2_direct_ext3_exact_text,portal16,과연　가능할지는　모르겠다만、,14,18,E518B39E,,0,,1,
6039F8,scenario_60398F,P2_direct_ext3_exact_text,portal16,하만과　다시　한번　대화하여、,12,18,E518B3A0,,0,,1,
603A5E,scenario_603A54,P2_direct_ext3_exact_text,portal16,내일의　전투는　어느　진영에게나,13,18,E518B3A6,,0,,1,
603A7B,scenario_603A54,P1_direct_ext3_exact_text_control_adjacent,portal16,……반드시　녀석은　개입해　올　것이다。,13,18,E518B3A8,,0,,2,0809
603AD1,scenario_603AC4,P3_direct_ext3_control_adjacent_text_drift,portal16,그녀가　나오면　어쩔　거야、　당신은？,16,18,E5181BD8,,0,,2,0802
603AF3,scenario_603AE7,P3_direct_ext3_control_adjacent_text_drift,portal16,내가　그녀를　죽이거나……,10,18,E5182C37,,0,,2,0809
603B29,scenario_603B12,P4_direct_ext3_text_drift,portal16,실제로　만나보지　않으면,14,18,E5180CB7,,0,,1,
604492,scenario_60447D,P3_direct_ext3_control_adjacent_text_drift,portal16,……응、『중위』？,9,18,E5182C3B,,0,,2,080A
6044B2,scenario_6044A1,P4_direct_ext3_text_drift,portal16,오늘부로　시그・웨드너　소위는,12,18,E5181D47,,0,,1,
6044CA,scenario_6044A1,P4_direct_ext3_text_drift,portal16,신편　전대에서　모빌슈트대를,12,18,E5184C59,,0,,1,
604545,scenario_604530,P4_direct_ext3_text_drift,portal16,아무리　젊어도、자네도,15,18,E5181C51,,0,,1,
60456A,scenario_604530,P3_direct_ext3_control_adjacent_text_drift,portal16,실력은　충분하다。,9,18,E5183C5A,,0,,2,0801
60459D,scenario_604586,P4_direct_ext3_text_drift,portal16,아군이　연방에　대항해　전력을,21,18,E518C0FD,,0,,1,
6045F8,scenario_6045D2,P2_direct_ext3_exact_text,portal16,그것을　위한　데이터를　수집하는　데,13,18,E518C102,,0,,1,
604658,scenario_604639,P2_direct_ext3_exact_text,portal16,그래서、　그　뉴타입들이라는　게,10,18,E518C108,,0,,1,
604675,scenario_604639,P4_direct_ext3_text_drift,portal16,동세대라면　그들과도　잘　어울릴　수　있,21,18,E518C10A,,0,,1,
6046B1,scenario_6046A2,P4_direct_ext3_text_drift,portal16,브라드　중령님은　저에게　모빌슈트　부대,12,18,E518C10D,,0,,1,
6046CF,scenario_6046A2,P3_direct_ext3_control_adjacent_text_drift,portal16,뉴타입들까지　돌보란　말입니까！？,15,18,E518C10F,,0,,2,080A
6046FA,scenario_6046E4,P2_direct_ext3_exact_text,portal16,가능한　한　그들과　잘　지내　달라고,15,18,E518C111,,0,,1,
604716,scenario_6046E4,P4_direct_ext3_text_drift,portal16,대원과의　의사소통은,17,18,E5184C5B,,0,,1,
60479A,scenario_604789,P4_direct_ext3_text_drift,portal16,『적　정찰　부대와　조우。　지급히,10,18,E5181A7D,,0,,1,
604819,scenario_6047F4,P3_direct_ext3_control_adjacent_text_drift,portal16,다른　건、아직……,8,18,E5182C3E,,0,,2,0801
60486A,scenario_60484D,P2_direct_ext3_exact_text,portal16,시그　웨드너　중위、,8,18,E518C123,,0,,1,
6048B3,scenario_6048A9,P2_direct_ext3_exact_text,portal16,……이런　이런。,5,18,E518C126,,0,,1,
6048C3,scenario_6048A9,P2_direct_ext3_exact_text,portal16,하지만　바로　방금　전까지,10,18,E518C128,,0,,1,
6048E0,scenario_6048A9,P2_direct_ext3_exact_text,portal16,아직　얼굴도　보지　못한　부하의,13,18,E518C12A,,0,,1,
604901,scenario_6048A9,P2_direct_ext3_exact_text,portal16,……의외로　대장직이,10,18,E518C12C,,0,,1,
6049C7,scenario_6049B0,P4_direct_ext3_text_drift,portal16,플라나간의　셔틀이　맞나！？,9,18,E518C136,,0,,1,
6049DB,scenario_6049B0,P2_direct_ext3_exact_text,portal16,곧　본대가　도착할　것이다。,10,18,E518C138,,0,,1,
604A99,scenario_604A89,P1_direct_ext3_exact_text_control_adjacent,portal16,해치를　열어다오。　나가겠다！！,12,18,E518C143,,0,,2,0891
604AC9,scenario_604ABF,P2_direct_ext3_exact_text,portal16,상당히　불안정한　움직임인데……,13,18,E518C145,,0,,1,
604AEE,scenario_604ABF,P1_direct_ext3_exact_text_control_adjacent,portal16,……이봐、　거기　돔！！,11,18,E518C147,,0,,2,1728
604B0A,scenario_604B01,P2_direct_ext3_exact_text,portal16,너무　큰　소리로　소리치지　말아줘。,18,18,E518C148,,0,,1,
604B41,scenario_604B37,P4_direct_ext3_text_drift,portal16,그보다、　모빌슈트　같은　걸　끌고,13,18,E518C14B,,0,,1,
604B8D,scenario_604B84,P2_direct_ext3_exact_text,portal16,그래……,4,18,E518C14F,,0,,1,
604BCB,scenario_604BA8,P3_direct_ext3_control_adjacent_text_drift,portal16,실전은……　이제부터　겪어야　하지。,15,18,E5180C40,,0,,2,1728
604C50,scenario_604C31,P2_direct_ext3_exact_text,portal16,내가　직접　보여줄　테니까、,11,18,E518C158,,0,,1,
604C83,scenario_604C76,P4_direct_ext3_text_drift,portal16,이렇게　적에게　인접하여　행하는　것이,15,18,E518C15B,,0,,1,
604CDA,scenario_604CCD,P2_direct_ext3_exact_text,portal16,빔　사벨이나　히트　호크、,16,18,E518626C,,0,,1,
604DF3,scenario_604DCD,P4_direct_ext3_text_drift,portal16,『근접』엔　약점이　하나　있다。,16,18,E5181BD9,,0,,2,
604F41,scenario_604F16,P4_direct_ext3_text_drift,portal16,다만、　반드시　성공하는　건　아니니,14,18,E5186283,,0,,1,
604F63,scenario_604F16,P4_direct_ext3_text_drift,portal16,……대충　이런　식이다。　나머지는,13,18,E5183AA4,,0,,1,
604F9C,scenario_604F91,P4_direct_ext3_text_drift,portal16,『근접』과　『사격』　상황에　따라　이,9,18,E5183A37,,0,,1,
604FEA,scenario_604FE0,P2_direct_ext3_exact_text,portal16,그럼、　전투　개시다。,7,18,E518C047,,0,,1,
605035,scenario_60502B,P1_direct_ext3_exact_text_control_adjacent,portal16,그럼、　전투　개시다。,7,18,E518C047,,0,,2,1728
60505D,scenario_605047,P4_direct_ext3_text_drift,portal16,그것이、　『ＩＤ　커맨드』이다。,11,18,E518C164,,0,,2,
60506B,scenario_605047,P2_direct_ext3_exact_text,portal16,이것은　그　캐릭터　특유의　능력으로、,16,18,E518628F,,0,,1,
60508C,scenario_605047,P1_direct_ext3_exact_text_control_adjacent,portal16,예를　들어、　내　경우에는　이것이다。,15,18,E5186291,,0,,2,1728
6050E0,scenario_6050BB,P4_direct_ext3_text_drift,portal16,ＩＤ　커맨드를　사용하기　위해서는,10,18,E5186295,,0,,1,
605101,scenario_6050BB,P4_direct_ext3_text_drift,portal16,그만큼　전투에서　큰　보정을　받는다。,20,18,E5184BDE,,0,,2,
605118,scenario_6050BB,P4_direct_ext3_text_drift,portal16,전투　외에도　ＨＰ를　회복하거나、　그,17,18,E5182A0D,,0,,1,
605140,scenario_6050BB,P4_direct_ext3_text_drift,portal16,『ＩＤ　커맨드』를　정확히　써라。,19,18,E5184AD3,,0,,1,
605183,scenario_60516E,P1_direct_ext3_exact_text_control_adjacent,portal16,『스택』을　구성해서　싸운다！,12,18,E518629D,,0,,2,1728
6051C1,scenario_6051A2,P4_direct_ext3_text_drift,portal16,『Ｓ　사이즈』의　유닛은　３기까지。,16,18,E518C165,,0,,1,
6051E6,scenario_6051A2,P4_direct_ext3_text_drift,portal16,『스택』을　짜면　이동과　전투를,18,18,E5181ACD,,0,,1,
605231,scenario_605210,P1_direct_ext3_exact_text_control_adjacent,portal16,그렇다면、　어떻게　구성하면　되지？,11,18,E518C168,,0,,2,1728
60525A,scenario_605244,P2_direct_ext3_exact_text,portal16,내가　그쪽으로　이동할　테니,9,18,E518C169,,0,,1,
6052A5,scenario_605294,P2_direct_ext3_exact_text,portal16,그럼、　이　『스택』인가　하는　것으로,13,18,E51862A6,,0,,1,
605362,scenario_60534A,P4_direct_ext3_text_drift,portal16,확실히　실전　경험은　없었지만、　비행,12,18,E5184A26,,0,,1,
605383,scenario_60534A,P4_direct_ext3_text_drift,portal16,내게　부족한　건　전투　경험뿐……,19,18,E51839A0,,0,,1,
6053C8,scenario_6053BF,P4_direct_ext3_text_drift,portal16,플라나간　기관의　뉴타입이라길래,15,18,E518335B,,0,,1,
6053E9,scenario_6053BF,P4_direct_ext3_text_drift,portal16,첫　출전부터　그렇게　큰소리치다니,17,18,E5185304,,0,,1,
60542B,scenario_605410,P4_direct_ext3_text_drift,portal16,떠들　시간이　있으면,15,18,E5189222,,0,,1,
605464,scenario_605451,P3_direct_ext3_control_adjacent_text_drift,portal16,그럼　바로……,7,18,E5189223,,0,,2,1728
605491,scenario_605476,P4_direct_ext3_text_drift,portal16,『간접』은　멀리서　적에게　피해를,18,18,E51833E8,,0,,1,
6054AF,scenario_605476,P4_direct_ext3_text_drift,portal16,대구경　무기나　사이코뮤　병기　등이,19,18,E5189225,,0,,1,
6054CC,scenario_605476,P4_direct_ext3_text_drift,portal16,『간접』의　장점은　원거리　공격이라,20,18,E51853FA,,0,,1,
6055D3,scenario_6055AA,P4_direct_ext3_text_drift,portal16,다만　『산개』하면、,11,18,E51853FC,,0,,1,
6055EF,scenario_6055AA,P4_direct_ext3_text_drift,portal16,즉、　상대가　『산개』를　고르게　하면,16,18,E51843F4,,0,,1,
605614,scenario_6055AA,P4_direct_ext3_text_drift,portal16,……그런　이유로、,9,18,E51853FD,,0,,1,
605669,scenario_605659,P4_direct_ext3_text_drift,portal16,마침　잘됐군、,4,18,E518922A,,0,,1,
60567B,scenario_605659,P4_direct_ext3_text_drift,portal16,『포획』은　이름　그대로、,14,18,E51833ED,,0,,1,
60569E,scenario_605659,P4_direct_ext3_text_drift,portal16,적　유닛　『포획』에　성공하면、,14,18,E51843F6,,0,,1,
6056BC,scenario_605659,P4_direct_ext3_text_drift,portal16,『포획』　조건은　두　가지……,15,18,E51833EE,,0,,2,
605741,scenario_605734,P4_direct_ext3_text_drift,portal16,이제　창을　열고,11,18,E51843F7,,0,,1,
60575E,scenario_605734,P4_direct_ext3_text_drift,portal16,일단　이번에는　이대로,9,18,E5185402,,0,,1,
6057C4,scenario_6057B3,P4_direct_ext3_text_drift,portal16,실제로는　적　ＨＰ에　따라　『포획』의,21,18,E51843FA,,0,,1,
6057F0,scenario_6057B3,P4_direct_ext3_text_drift,portal16,『포획』한　짐은　기체　보관함으로,21,18,E5185404,,0,,1,
605813,scenario_6057B3,P4_direct_ext3_text_drift,portal16,자……,4,18,E51843FB,,0,,1,
605824,scenario_6057B3,P4_direct_ext3_text_drift,portal16,적　증원이　오기　전에　여길　떠나자。,11,18,E5189230,,0,,1,
6058AB,scenario_605898,P2_direct_ext3_exact_text,portal16,이것이　『교신』　커맨드이다。,10,18,E51862EA,,0,,2,
6058B8,scenario_605898,P2_direct_ext3_exact_text,portal16,특정　캐릭터들끼리　인접시키면……,17,18,E518C178,,0,,2,
6058CC,scenario_605898,P2_direct_ext3_exact_text,portal16,메뉴에　『교신』　커맨드가,13,18,E51862EB,,0,,1,
6058E8,scenario_605898,P4_direct_ext3_text_drift,portal16,상황에　따라　아군이나　적군에도,16,18,E5181AD1,,0,,1,
60590B,scenario_605898,P4_direct_ext3_text_drift,portal16,『교신』을　하면　행동이　종료되나、　이,13,18,E51847D9,,0,,1,
605A0F,scenario_6059FC,P4_direct_ext3_text_drift,portal16,적　증원이　오기　전에　떠나자。,11,18,E51829BD,,0,,1,
605A6D,scenario_605A62,P2_direct_ext3_exact_text,portal16,전투에다　신병　뒤치다꺼리까지　하느라,17,18,E51862FB,,0,,1,
605AA0,scenario_605A91,P4_direct_ext3_text_drift,portal16,그　플라나간　기관　파일럿은,10,18,E5181AD2,,0,,1,
605AF3,scenario_605AEB,P4_direct_ext3_text_drift,portal16,플라나간의　셔틀로부터　접안　허가를,7,18,E5184A5E,,0,,1,
605B29,scenario_605B11,P1_direct_ext3_exact_text_control_adjacent,portal16,나와　중위가　직접　마중　나가겠다。,12,18,E5186304,,0,,2,0891
605B9B,scenario_605B83,P4_direct_ext3_text_drift,portal16,내가　부대장을　맡고　있는　브라드,16,18,E5186309,,0,,1,
605BDC,scenario_605BCF,P2_direct_ext3_exact_text,portal16,딱딱한　건　질색이라　말이죠、,13,18,E518630D,,0,,1,
605C62,scenario_605C59,P1_direct_ext3_exact_text_control_adjacent,portal16,말해두지만、　부대　내　연애는……,11,18,E518C17C,,0,,2,0801
605CDA,scenario_605CBD,P2_direct_ext3_exact_text,portal16,말하자면　인류의　미래를　짊어질,12,18,E5186317,,0,,1,
605CF2,scenario_605CBD,P4_direct_ext3_text_drift,portal16,그런　분을　비열한　욕망의　대상으로,18,18,E5186319,,0,,1,
605D74,scenario_605D62,P2_direct_ext3_exact_text,portal16,세레인　소위님과　마찬가지로,8,18,E518631F,,0,,1,
605DDF,scenario_605DD3,P2_direct_ext3_exact_text,portal16,이봐、　시그。,6,18,E518C17D,,0,,1,
605E4F,scenario_605E44,P2_direct_ext3_exact_text,portal16,뭐、　그　건에　대해서는,10,18,E518632B,,0,,1,
605E6A,scenario_605E44,P2_direct_ext3_exact_text,portal16,이　녀석　나름대로　사정이라는　게,11,18,E518632D,,0,,1,
605E9E,scenario_605E84,P2_direct_ext3_exact_text,portal16,이름에　대해서는　차차　듣기로　하고,19,18,E5186331,,0,,1,
605F0B,scenario_605F02,P2_direct_ext3_exact_text,portal16,너는……　초면인　상대를,14,18,E5186333,,0,,1,
605F49,scenario_605F2D,P1_direct_ext3_exact_text_control_adjacent,portal16,……무슨　문제라도　있는　건가？,9,18,E5186337,,0,,2,0801
605F75,scenario_605F6B,P1_direct_ext3_exact_text_control_adjacent,portal16,그래서、　나한테　무슨　용건이지？,9,18,E518633A,,0,,2,0803
605F96,scenario_605F84,P2_direct_ext3_exact_text,portal16,아까　부대　내　연애가　어떻고　하던데、,16,18,E518C180,,0,,1,
605FBC,scenario_605FB2,P2_direct_ext3_exact_text,portal16,아……　마、　말해두지만、,9,18,E518633D,,0,,1,
606016,scenario_60600A,P2_direct_ext3_exact_text,portal16,그것참　유감스러운　일이군。,9,18,E5186342,,0,,2,
606022,scenario_60600A,P2_direct_ext3_exact_text,portal16,나는　줄곧　시설에서　자랐기　때문에,12,18,E5186343,,0,,1,
606040,scenario_60600A,P2_direct_ext3_exact_text,portal16,시그는　우수한　병사니까,10,18,E518C181,,0,,1,
606093,scenario_606074,P4_direct_ext3_text_drift,portal16,그　점、전술적　안목이　있는　시그라면,18,18,E5181C54,,0,,1,
6060C3,scenario_6060BA,P2_direct_ext3_exact_text,portal16,연애를　한다거나、　사귄다는　것은,14,18,E5186347,,0,,1,
606141,scenario_606126,P1_direct_ext3_exact_text_control_adjacent,portal16,방해했군。,5,18,E518634C,,0,,2,1728
60615C,scenario_606153,P3_direct_ext3_control_adjacent_text_drift,portal16,피、피곤한……상대다。,12,18,E5184C5E,,0,,2,1728
6061CF,scenario_6061B3,P2_direct_ext3_exact_text,portal16,조금　전　아인　하사로부터,10,18,E5186353,,0,,1,
6061ED,scenario_6061B3,P1_direct_ext3_exact_text_control_adjacent,portal16,「목마」　추격에　참가하라는　내용이다。,16,18,E5186355,,0,,2,0801
60622B,scenario_60621E,P2_direct_ext3_exact_text,portal16,연방의　목마가　그라나다를　향해,12,18,E5186359,,0,,1,
606246,scenario_60621E,P2_direct_ext3_exact_text,portal16,현재　우군인　캐멀　함대가,11,18,E518635B,,0,,1,
606262,scenario_60621E,P4_direct_ext3_text_drift,portal16,「붉은　혜성」의　뉴타입　부대도　배후에,15,18,E51836B5,,0,,1,
606282,scenario_60621E,P2_direct_ext3_exact_text,portal16,우리는　캐멀　함대와　합류하여,12,18,E518635F,,0,,1,
6062E7,scenario_6062C0,P2_direct_ext3_exact_text,portal16,……솔직히　말해　성공　확률은,15,18,E5186364,,0,,1,
606304,scenario_6062C0,P2_direct_ext3_exact_text,portal16,안타깝게도　이쪽의,5,18,E518C185,,0,,1,
606318,scenario_6062C0,P4_direct_ext3_text_drift,portal16,전력이　될지　어떨지는　중위의　지휘에,17,18,E5186367,,0,,1,
606367,scenario_606352,P2_direct_ext3_exact_text,portal16,중위에게　부대　운영에　관해서,14,18,E518636B,,0,,1,
6063C1,scenario_60639A,P2_direct_ext3_exact_text,portal16,부대　운영에　대해서는,8,18,E518636F,,0,,1,
6063DD,scenario_60639A,P4_direct_ext3_text_drift,portal16,그런　의미에서、　우선　기본적인　부분부,12,18,E518C187,,0,,1,
6063F7,scenario_60639A,P2_direct_ext3_exact_text,portal16,이　백스테이지에서는　부대　편성　및,12,18,E518C188,,0,,1,
6064EE,scenario_6064D3,P2_direct_ext3_exact_text,portal16,여기서는　다음　스테이지의　정보를,10,18,E5186380,,0,,1,
606501,scenario_6064D3,P2_direct_ext3_exact_text,portal16,사전에　적의　전력을　파악하고　있다면,12,18,E5186382,,0,,1,
60651B,scenario_6064D3,P4_direct_ext3_text_drift,portal16,또한　스테이지에　따라서는、　예컨대,8,18,E5184A68,,0,,1,
606587,scenario_60657A,P2_direct_ext3_exact_text,portal16,이것은　트레이닝　스테이지로,5,18,E518638B,,0,,1,
6065BE,scenario_6065A7,P4_direct_ext3_text_drift,portal16,이벤트는　없고、　전투뿐이다。,13,18,E5183BE4,,0,,2,
6065CE,scenario_6065A7,P2_direct_ext3_exact_text,portal16,경험치를　쌓거나、　적　유닛을,15,18,E518638F,,0,,1,
6065ED,scenario_6065A7,P2_direct_ext3_exact_text,portal16,파일럿의　레벨이　상승하면,10,18,E5186391,,0,,1,
606606,scenario_6065A7,P4_direct_ext3_text_drift,portal16,포획한　적　모빌슈트를　활용해　더욱,12,18,E5182A30,,0,,1,
606666,scenario_606647,P4_direct_ext3_text_drift,portal16,한번　『진격』하면　클리어　전까지,14,18,E51829BF,,0,,1,
606686,scenario_606647,P4_direct_ext3_text_drift,portal16,『진격』　전에는　모든　준비를　마쳐둘,21,18,E518639A,,0,,1,
6066C4,scenario_6066AC,P4_direct_ext3_text_drift,portal16,여기서는　모빌슈트　및　모빌슈트,6,18,E5184A93,,0,,1,
6066DC,scenario_6066AC,P2_direct_ext3_exact_text,portal16,구매에는　보급　포인트가　필요하다네。,15,18,E518639E,,0,,2,
6066EE,scenario_6066AC,P2_direct_ext3_exact_text,portal16,보급　포인트는　스테이지를　클리어할　때,9,18,E518639F,,0,,1,
606706,scenario_6066AC,P4_direct_ext3_text_drift,portal16,사용할　수　있는　포인트가　제한되어,16,18,E51863A1,,0,,1,
606780,scenario_606772,P2_direct_ext3_exact_text,portal16,여기서는　부대가　소지　중인　파일럿과,13,18,E51863A7,,0,,1,
60679B,scenario_606772,P4_direct_ext3_text_drift,portal16,파일럿　능력、　ＩＤ　커맨드、,11,18,E5183AE1,,0,,1,
6067B6,scenario_606772,P2_direct_ext3_exact_text,portal16,그렇게　각각의　능력을　파악했다면、,19,18,E51863AB,,0,,1,
6067E9,scenario_6067DD,P2_direct_ext3_exact_text,portal16,여기서는　모빌슈트의　탑승　조율　및,10,18,E51863AE,,0,,1,
606801,scenario_6067DD,P4_direct_ext3_text_drift,portal16,다음　스테이지에　출격시킬　수　있는　건,16,18,E51863B0,,0,,1,
606821,scenario_6067DD,P4_direct_ext3_text_drift,portal16,지금은　전원　출격　가능하지만、,15,18,E5181AD5,,0,,1,
606846,scenario_6067DD,P4_direct_ext3_text_drift,portal16,누굴　출격시키고　누굴　대기시킬지……,21,18,E51863B4,,0,,2,
606892,scenario_606882,P4_direct_ext3_text_drift,portal16,보유　기체와　파츠를　바탕으로,15,18,E5182AC0,,0,,1,
6068B9,scenario_606882,P4_direct_ext3_text_drift,portal16,개발할　기체를　정했다면、,14,18,E5181AD6,,0,,1,
606909,scenario_6068E1,P2_direct_ext3_exact_text,portal16,「개조」는　기체와　파츠를　결합하여,19,18,E51863BE,,0,,1,
60692A,scenario_6068E1,P4_direct_ext3_text_drift,portal16,「자쿠ＩＩＦ」와　「커스텀　파츠」,24,18,E5183AE3,,0,,1,
60695D,scenario_6068E1,P4_direct_ext3_text_drift,portal16,반면、　「강화」는　이미　보유하고　있는,17,18,E518C18D,,0,,1,
6069F5,scenario_6069E8,P4_direct_ext3_text_drift,portal16,여기서는　기체를　해체하여　소체,9,18,E5182A81,,0,,1,
606A11,scenario_6069E8,P4_direct_ext3_text_drift,portal16,즉　『개조』　전　상태로　되돌린다。,19,18,E5184BDF,,0,,2,
606A27,scenario_6069E8,P4_direct_ext3_text_drift,portal16,불필요한　기체는　『처분』보다,17,18,E5183AE4,,0,,1,
606A4C,scenario_6069E8,P4_direct_ext3_text_drift,portal16,기체가　쓸모없어도　개조　파츠는,20,18,E5184ADE,,0,,1,
606A87,scenario_606A77,P4_direct_ext3_text_drift,portal16,데이터의　『세이브』、　『로드』、　그리,15,18,E5182A68,,0,,1,
606ACC,scenario_606AB3,P2_direct_ext3_exact_text,portal16,뭐、　나머지는　실제　조작해　보며,13,18,E51863D5,,0,,1,
606B02,scenario_606AF3,P4_direct_ext3_text_drift,portal16,……그보다、　조금　전　이야기만으로,6,18,E5184A81,,0,,1,
606B28,scenario_606B20,P2_direct_ext3_exact_text,portal16,뭐、　느닷없이　전부　다　주입할　수는,17,18,E51863DA,,0,,1,
606B46,scenario_606B20,P2_direct_ext3_exact_text,portal16,……뭐、　나중에　실전　속에서　다루며,14,18,E51863DC,,0,,1,
606B90,scenario_606B7A,P2_direct_ext3_exact_text,portal16,예의　뉴타입이,6,18,E51863E0,,0,,1,
606BB5,scenario_606BAB,P1_direct_ext3_exact_text_control_adjacent,portal16,그래서、　명령은　전했겠지？,13,18,E51863E2,,0,,2,0891
606BD2,scenario_606BC8,P4_direct_ext3_text_drift,portal16,내일　１８００시、　목마와　접촉한다。,18,18,E5183AE5,,0,,1,
606C2D,scenario_606C1F,P4_direct_ext3_text_drift,portal16,그　건담이라　불리는　ＭＳ의　파일럿이,12,18,E518C190,,0,,1,
606C49,scenario_606C1F,P3_direct_ext3_control_adjacent_text_drift,portal16,둘의　접촉은　변화를　가져올　거다。,20,18,E5181BDB,,0,,2,1728
606C94,scenario_606C87,P2_direct_ext3_exact_text,portal16,거、　건담이다……！,7,18,E518C191,,0,,1,
606CC2,scenario_606CB5,P4_direct_ext3_text_drift,portal16,그　하얀　모빌슈트가……！　녀석이,10,18,E5183AA6,,0,,1,
606D47,scenario_606D39,P2_direct_ext3_exact_text,portal16,적은　목마와　저　하얀　녀석이다！,13,18,E51863F2,,0,,1,
606D7B,scenario_606D6F,P1_direct_ext3_exact_text_control_adjacent,portal16,시그　중위！　준비는　되었겠지！？,12,18,E518C194,,0,,2,1728
606E3F,scenario_606E32,P4_direct_ext3_text_drift,portal16,곧　「붉은　혜성」이　도착한다！！,22,18,E5184ADF,,0,,1,
606ED6,scenario_606EBD,P4_direct_ext3_text_drift,portal16,무사이의　상대는　카이와　하야토에게　맡,15,18,E5186403,,0,,1,
606F02,scenario_606EFA,P2_direct_ext3_exact_text,portal16,그　모빌슈트들을　화이트　베이스에,9,18,E5186405,,0,,1,
606F45,scenario_606F29,P1_direct_ext3_exact_text_control_adjacent,portal16,……두고　봐라！！,8,18,E5186407,,0,,2,1728
607038,scenario_607023,P2_direct_ext3_exact_text,portal16,「하얀　사신」이라　불리는　건,19,18,E5186411,,0,,1,
607071,scenario_60705C,P2_direct_ext3_exact_text,portal16,여자……？,6,18,E5186413,,0,,1,
6070A0,scenario_607089,P2_direct_ext3_exact_text,portal16,「하얀　사신」　군에게　원한은　없다만、,20,18,E5186415,,0,,1,
6070C2,scenario_607089,P1_direct_ext3_exact_text_control_adjacent,portal16,……미안하지만、　처리하겠다！,11,18,E5186417,,0,,2,1728
6070E3,scenario_6070D8,P2_direct_ext3_exact_text,portal16,이것이　실전으로　단련된,11,18,E5186419,,0,,1,
607128,scenario_607117,P4_direct_ext3_text_drift,portal16,그리고　난　네　상관이니、,16,18,E5182AC4,,0,,1,
607206,scenario_6071EA,P1_direct_ext3_exact_text_control_adjacent,portal16,……이상、　통신　종료다。,12,18,E5186429,,0,,2,0830
60726A,scenario_607258,P1_direct_ext3_exact_text_control_adjacent,portal16,저　하얀　녀석을　단숨에　몰아치겠다！,15,18,E518625C,,0,,2,1728
6072B8,scenario_6072A6,P1_direct_ext3_exact_text_control_adjacent,portal16,저　하얀　녀석을　단숨에　몰아치겠다！,15,18,E518625C,,0,,2,1728
60738C,scenario_607377,P2_direct_ext3_exact_text,portal16,좋아！　지금이다！！,8,18,E5182C41,,0,,1,
6073BD,scenario_6073B2,P2_direct_ext3_exact_text,portal16,아、　저것을！,6,18,E518625E,,0,,1,
6073E6,scenario_6073DD,P2_direct_ext3_exact_text,portal16,아、　저것을！,6,18,E518625E,,0,,1,
60742A,scenario_60741A,P2_direct_ext3_exact_text,portal16,이　느낌은……　으으윽！！,12,18,E518643E,,0,,1,
607484,scenario_60746E,P2_direct_ext3_exact_text,portal16,『돌아가거라……,7,18,E5186441,,0,,1,
6074C8,scenario_6074BE,P2_direct_ext3_exact_text,portal16,처음으로　이름만　불러　주었군。,15,18,E5186444,,0,,1,
60750A,scenario_6074FB,P4_direct_ext3_text_drift,portal16,충격에　잠깐　기절했지만、,19,18,E5184AE0,,0,,1,
6075BC,scenario_6075A0,P2_direct_ext3_exact_text,portal16,어쨌든　난　무사하다。,9,18,E5186452,,0,,1,
60760F,scenario_607600,P1_direct_ext3_exact_text_control_adjacent,portal16,아、　아니……　지금은　대령이셨지。,14,18,E5186456,,0,,2,1728
60767D,scenario_607666,P4_direct_ext3_text_drift,portal16,이걸로　목마　포위　조건은　갖춰졌다！,15,18,E5180C42,,0,,2,
60768F,scenario_607666,P4_direct_ext3_text_drift,portal16,나는　모빌슈트로　포위를　마무리하겠다！,15,18,E518C19E,,0,,1,
6076C3,scenario_6076B6,P1_direct_ext3_exact_text_control_adjacent,portal16,준비는　되었나？,7,18,E518645D,,0,,2,1728
607701,scenario_6076E5,P2_direct_ext3_exact_text,portal16,실전이란　것은,4,18,E5186461,,0,,1,
607719,scenario_6076E5,P4_direct_ext3_text_drift,portal16,실전의　감각이라는　것을　몸으로　직접,7,18,E51819F4,,0,,1,
60775A,scenario_607739,P3_direct_ext3_control_adjacent_text_drift,portal16,괜찮습니다、　대령……　해내겠습니다。,16,18,E5183BE5,,0,,2,0834
60779E,scenario_607796,P2_direct_ext3_exact_text,portal16,아폴리、　로베르트！,6,18,E5186468,,0,,1,
6077E9,scenario_6077DB,P2_direct_ext3_exact_text,portal16,……틀림없어！,7,18,E518646C,,0,,2,
6077F3,scenario_6077DB,P2_direct_ext3_exact_text,portal16,저기에는　캬스발　오빠가,10,18,E518646D,,0,,1,
607849,scenario_60783F,P2_direct_ext3_exact_text,portal16,곤란하군、　이대로라면　협공을　당한다！,12,18,E5186471,,0,,2,
607858,scenario_60783F,P4_direct_ext3_text_drift,portal16,출력　올려！　적　전선을　돌파한다！！,16,18,E5184BE0,,0,,2,
60786B,scenario_60783F,P4_direct_ext3_text_drift,portal16,ＭＳ대는　전력으로,4,18,E5180C01,,0,,1,
60789C,scenario_607884,P1_direct_ext3_exact_text_control_adjacent,portal16,전　기체、　목마를　놓치지　마라！,11,18,E5186475,,0,,2,1728
6078BB,scenario_6078B2,P4_direct_ext3_text_drift,portal16,전에　군을　떠나라　했는데、,18,18,E5182AC5,,0,,1,
60790A,scenario_6078E0,P4_direct_ext3_text_drift,portal16,군인이　되어　지구　연방의　적이　되고…,12,18,E518647A,,0,,1,
607938,scenario_607926,P4_direct_ext3_text_drift,portal16,하지만　낡은　연방　체제　탓에,17,18,E5184AE1,,0,,1,
607959,scenario_607926,P4_direct_ext3_text_drift,portal16,……그런　현실을,7,18,E5183C5F,,0,,1,
607992,scenario_607975,P2_direct_ext3_exact_text,portal16,오빠는　혼자서,7,18,E5186482,,0,,1,
6079AB,scenario_607975,P4_direct_ext3_text_drift,portal16,뉴타입　한　명의　독선적인　세상,17,18,E5186484,,0,,1,
6079E0,scenario_6079CC,P4_direct_ext3_text_drift,portal16,뉴타입이　뉴타입으로서　태어날　수,7,18,E5181A74,,0,,1,
607A21,scenario_607A0B,P2_direct_ext3_exact_text,portal16,나는　네　오빠인、,8,18,E5186489,,0,,1,
607A35,scenario_607A0B,P2_direct_ext3_exact_text,portal16,샤아　아즈나블이다。,7,18,E518C1A3,,0,,1,
607A99,scenario_607A8D,P2_direct_ext3_exact_text,portal16,모빌슈트의　오작동이　발생。,10,18,E5186490,,0,,1,
607AF4,scenario_607AD3,P4_direct_ext3_text_drift,portal16,그건　내　자비가　타도를　막게　된다。,21,18,E5186494,,0,,2,
607B0C,scenario_607AD3,P2_direct_ext3_exact_text,portal16,특별히　원한이　있는　것은　아니다만……,16,18,E5186495,,0,,1,
607BAC,scenario_607BA2,P2_direct_ext3_exact_text,portal16,건담이　파괴당하게　둘　수는　없다！,15,18,E518C1A7,,0,,1,
607BE6,scenario_607BDD,P1_direct_ext3_exact_text_control_adjacent,portal16,저　파일럿……,6,18,E518649B,,0,,2,1728
607CE2,scenario_607CD5,P2_direct_ext3_exact_text,portal16,너도　제법　어엿한　지휘관　꼴을,9,18,E518C1AB,,0,,1,
607CF9,scenario_607CD5,P2_direct_ext3_exact_text,portal16,……바람직한　일이지。,7,18,E51864A4,,0,,2,
607D03,scenario_607CD5,P2_direct_ext3_exact_text,portal16,우리와　그쪽이　적　부대를　협공한다。,14,18,E51864A5,,0,,1,
607D75,scenario_607D5A,P1_direct_ext3_exact_text_control_adjacent,portal16,……전　기체、　후퇴하라！,10,18,E51864AB,,0,,2,1728
607DEB,scenario_607DDC,P4_direct_ext3_text_drift,portal16,지금　퇴각하는　모습을　보면、,8,18,E5184C61,,0,,1,
607E02,scenario_607DDC,P4_direct_ext3_text_drift,portal16,……일단　후퇴해　전열을　정비한다。,19,18,E5181ADC,,0,,1,
607E69,scenario_607E61,P4_direct_ext3_text_drift,portal16,그라나다　돌파를　노린　것치곤、,15,18,E5183AE8,,0,,1,
607E90,scenario_607E61,P4_direct_ext3_text_drift,portal16,아마도　적은　목마를　미끼로　삼아,14,18,E51864B8,,0,,1,
607EBD,scenario_607EB4,P2_direct_ext3_exact_text,portal16,하지만　그렇게　되면　목마가　그라나다를,14,18,E51864BA,,0,,1,
607F0B,scenario_607EFC,P2_direct_ext3_exact_text,portal16,상황에　따라서는　자네들이　솔로몬으로,11,18,E51864BF,,0,,1,
607F29,scenario_607EFC,P2_direct_ext3_exact_text,portal16,이　틈에　전력을　정비해　두게나。,13,18,E51864C0,,0,,2,
607F39,scenario_607EFC,P2_direct_ext3_exact_text,portal16,완성된　엘메스가,7,18,E51864C1,,0,,1,
607FE0,scenario_607FBF,P4_direct_ext3_text_drift,portal16,……그렇게　하도록　하지。　도즐　중장에,5,18,E5181A01,,0,,1,
608044,scenario_60802F,P4_direct_ext3_text_drift,portal16,나의　부하인　라라아　슨　소위와、　그쪽,19,18,E51864D0,,0,,1,
6080B4,scenario_608097,P2_direct_ext3_exact_text,portal16,소위님께서　직접　공장으로　오셔서,17,18,E51864D6,,0,,1,
608126,scenario_60811A,P4_direct_ext3_text_drift,portal16,허락해　주신다면、　저희가　소위의,15,18,E5181A85,,0,,1,
60816A,scenario_60814E,P4_direct_ext3_text_drift,portal16,다만、　연방군의　동향에　따라……　우리,17,18,E51864DF,,0,,1,
60818F,scenario_60814E,P3_direct_ext3_control_adjacent_text_drift,portal16,최대한　빨리　기체를　가져와　줘。,22,18,E5182BC5,,0,,2,080A
608211,scenario_608207,P4_direct_ext3_text_drift,portal16,아무래도　신형　기체　인수를　위해,5,18,E5182A59,,0,,1,
6082AC,scenario_608287,P2_direct_ext3_exact_text,portal16,여기서　종료됩니다。,7,18,E51864EB,,0,,2,
6082B6,scenario_608287,P2_direct_ext3_exact_text,portal16,이후　전개되는　스토리는、,11,18,E51864EC,,0,,1,
6082D6,scenario_608287,P2_direct_ext3_exact_text,portal16,플레이해　주셔서,7,18,E51864EE,,0,,1,
608307,scenario_6082F7,P2_direct_ext3_exact_text,portal16,이처럼　덩치가　거대한　기체인데도、,14,18,E51864F1,,0,,1,
608354,scenario_608332,P2_direct_ext3_exact_text,portal16,그　기체에　탑재된　사이코뮤、,12,18,E51864F5,,0,,1,
608374,scenario_608332,P4_direct_ext3_text_drift,portal16,소위의　정신파를　감지해、,22,18,E5183AE9,,0,,1,
60839F,scenario_608332,P4_direct_ext3_text_drift,portal16,엘메스에　탑재된　비트는　미노프스키,11,18,E5182A44,,0,,1,
6083E8,scenario_6083C3,P4_direct_ext3_text_drift,portal16,이곳도　아군　제공권이지만、,21,18,E5184AE4,,0,,1,
60840D,scenario_6083C3,P3_direct_ext3_control_adjacent_text_drift,portal16,적군과　마주칠　수도　있다고。,16,18,E5180C43,,0,,2,1728
608479,scenario_60845C,P2_direct_ext3_exact_text,portal16,아인　레비　하사는　뉴타입　능력은,13,18,E5183AEA,,0,,1,
6084A1,scenario_60845C,P2_direct_ext3_exact_text,portal16,키시리아　각하께서　각별한　기대를,11,18,E5186505,,0,,1,
6084FD,scenario_6084ED,P4_direct_ext3_text_drift,portal16,그래서、목표인,5,18,E5180CC4,,0,,1,
608530,scenario_608516,P1_direct_ext3_exact_text_control_adjacent,portal16,틀림없습니다。,6,18,E518650E,,0,,2,0854
608553,scenario_60853C,P1_direct_ext3_exact_text_control_adjacent,portal16,파일럿은　사살하지　마라！,8,18,E5186510,,0,,2,1728
60857D,scenario_608566,P1_direct_ext3_exact_text_control_adjacent,portal16,상대　수가　너무　많다……　도망친다！,17,18,E5186513,,0,,2,1728
6085B6,scenario_608599,P3_direct_ext3_control_adjacent_text_drift,portal16,여기선　싸울　수밖에！,7,18,E5181C59,,0,,2,1728
6085EA,scenario_6085DB,P2_direct_ext3_exact_text,portal16,기왕　신형　기체를　인도받았는데、,10,18,E5186516,,0,,1,
60865A,scenario_608647,P2_direct_ext3_exact_text,portal16,단、　명심해라！,6,18,E5187002,,0,,2,
608663,scenario_608647,P4_direct_ext3_text_drift,portal16,이번　전투의　목표는　적　격파가,8,18,E5181A82,,0,,1,
60867E,scenario_608647,P1_direct_ext3_exact_text_control_adjacent,portal16,누구　사람으로서　할　수　없잖아！,15,18,E51892F7,,0,,2,1728
608730,scenario_608724,P1_direct_ext3_exact_text_control_adjacent,portal16,안　돼……　피해야　해요、　소위님！,10,18,E518C1BA,,0,,2,1728
608755,scenario_608745,P4_direct_ext3_text_drift,portal16,고작　모빌아머　１기를　나포하겠다고,7,18,E518700A,,0,,1,
6087B9,scenario_608795,P1_direct_ext3_exact_text_control_adjacent,portal16,……공격해라！,6,18,E518700F,,0,,2,1728
6088BD,scenario_6088AB,P2_direct_ext3_exact_text,portal16,머、　머리가……,7,18,E5187018,,0,,1,
6089EF,scenario_6089E3,P2_direct_ext3_exact_text,portal16,이　느낌……,7,18,E5187024,,0,,1,
608A33,scenario_608A24,P2_direct_ext3_exact_text,portal16,후후……,4,18,E5186261,,0,,1,
608A93,scenario_608A7E,P2_direct_ext3_exact_text,portal16,후후후후후……,5,18,E518F29E,,0,,2,
608A9B,scenario_608A7E,P4_direct_ext3_text_drift,portal16,후후후……하아핫핫핫하！,14,18,E518E493,,0,,1,
608AB5,scenario_608A7E,P2_direct_ext3_exact_text,portal16,제법이로군、　지구의　야만인　녀석들도！,13,18,E518702A,,0,,2,
608AC5,scenario_608A7E,P1_direct_ext3_exact_text_control_adjacent,portal16,자、　그렇게　생각하지　않나……！？,11,18,E518702B,,0,,2,082B
608B49,scenario_608B3F,P2_direct_ext3_exact_text,portal16,다만、　그녀가　연관되어　있다는,10,18,E518702F,,0,,1,
608B60,scenario_608B3F,P4_direct_ext3_text_drift,portal16,그녀를　제정신으로　되돌려　놓을　수만,13,18,E5187031,,0,,1,
608BA1,scenario_608B97,P1_direct_ext3_exact_text_control_adjacent,portal16,정신　차려라！！,6,18,E5187035,,0,,2,0803
608C20,scenario_608C07,P4_direct_ext3_text_drift,portal16,그런　이해할　수　없는　장치에　휘둘려,17,18,E518703C,,0,,1,
608C40,scenario_608C07,P2_direct_ext3_exact_text,portal16,……그러니、　세라！！,9,18,E518703E,,0,,1,
608CC5,scenario_608CBB,P4_direct_ext3_text_drift,portal16,내가　기억하고　있는　건　짐에게　둘러싸,17,18,E5187043,,0,,1,
608CE8,scenario_608CBB,P2_direct_ext3_exact_text,portal16,그　뒤의　일들은　거의　기억나지　않아。,14,18,E5187045,,0,,1,
608D47,scenario_608D3E,P2_direct_ext3_exact_text,portal16,……아니、　더는　말하지　마라。,11,18,E5187048,,0,,2,
608D55,scenario_608D3E,P2_direct_ext3_exact_text,portal16,지금은　살아남는　것만을　궁리해라。,17,18,E5187049,,0,,2,
608D69,scenario_608D3E,P4_direct_ext3_text_drift,portal16,방금　전　사건에　대해서는　안전하게,6,18,E5182A23,,0,,1,
608DA0,scenario_608D8C,P2_direct_ext3_exact_text,portal16,지금은　시그의,5,18,E518C1BE,,0,,1,
608DEC,scenario_608DDF,P1_direct_ext3_exact_text_control_adjacent,portal16,세레인……　아니、　세라를　구한다！！,16,18,E518704D,,0,,2,1728
608E1E,scenario_608E07,P1_direct_ext3_exact_text_control_adjacent,portal16,그　바스크　옴도　참　꼴불견이로군！,15,18,E5187050,,0,,2,1728
608E73,scenario_608E65,P2_direct_ext3_exact_text,portal16,저　녀석들을　쓸어버리고、　그　뉴타입과,15,18,E5187054,,0,,1,
608E96,scenario_608E65,P1_direct_ext3_exact_text_control_adjacent,portal16,지시받지　않아도　처리해　주마！,15,18,E5187056,,0,,2,1728
608EE0,scenario_608ED7,P2_direct_ext3_exact_text,portal16,자네　말일세……,6,18,E5187058,,0,,2,
608EE9,scenario_608ED7,P4_direct_ext3_text_drift,portal16,눈을　어디다　달고　다녀！！,13,18,E5183AEB,,0,,1,
608F3B,scenario_608F2E,P2_direct_ext3_exact_text,portal16,바로　그　말대로다……,7,18,E518705D,,0,,1,
608F51,scenario_608F2E,P2_direct_ext3_exact_text,portal16,사람들이　부르길、　「진홍의　번개」！！,16,18,E518C1C2,,0,,2,
608F64,scenario_608F2E,P3_direct_ext3_control_adjacent_text_drift,portal16,지온에서　빨강이　제일　어울리는　남자！,15,18,E5180C44,,0,,2,1728
608FC9,scenario_608FB7,P1_direct_ext3_exact_text_control_adjacent,portal16,킴、　크라비츠！　준비는　되었나！！,15,18,E518C1C4,,0,,2,0890
60911E,scenario_609100,P4_direct_ext3_text_drift,portal16,죽음　앞의　소위　감정을,15,18,E5183AED,,0,,1,
60913B,scenario_609100,P4_direct_ext3_text_drift,portal16,그러한　불안이나　적개심을、　사이코뮤의,9,18,E51839FA,,0,,1,
609158,scenario_609100,P4_direct_ext3_text_drift,portal16,그게　반복된　겁니다……,20,18,E5184AE7,,0,,1,
609236,scenario_609213,P4_direct_ext3_text_drift,portal16,방금　전투를　토대로　재조정했으니,19,18,E5182ACC,,0,,1,
6092AE,scenario_609282,P4_direct_ext3_text_drift,portal16,세레인　익스페리　소위가　저　기체에　탑,15,18,E5187086,,0,,1,
609349,scenario_609327,P4_direct_ext3_text_drift,portal16,그보다、　시그。　한　가지　부탁,5,18,E5181A96,,0,,1,
609423,scenario_609407,P4_direct_ext3_text_drift,portal16,……누군가가　나를　단단히　잡아주지　않,18,18,E518709A,,0,,1,
609477,scenario_609464,P1_direct_ext3_exact_text_control_adjacent,portal16,……그렇지만、　그게　아니야。,9,18,E518709E,,0,,2,1728
609503,scenario_6094DC,P4_direct_ext3_text_drift,portal16,외부　세계라곤　구경조차　해본　적이　없,16,18,E51870A3,,0,,1,
609529,scenario_6094DC,P2_direct_ext3_exact_text,portal16,평범한　인간이기　이전에,6,18,E51870A4,,0,,1,
60953C,scenario_6094DC,P1_direct_ext3_exact_text_control_adjacent,portal16,……나는。,5,18,E51870A6,,0,,2,0801
6095B5,scenario_6095A8,P4_direct_ext3_text_drift,portal16,이　성씨가　도대체　무슨　연유로,12,18,E51870AD,,0,,1,
6095CE,scenario_6095A8,P2_direct_ext3_exact_text,portal16,……간단한　약어　말장난일세。,10,18,E51870AE,,0,,2,
6095DB,scenario_6095A8,P4_direct_ext3_text_drift,portal16,플라나간　기관에서　탄생한,9,18,E51870AF,,0,,1,
6095EF,scenario_6095A8,P2_direct_ext3_exact_text,portal16,그래서、　경험을　바탕으로,16,18,E51892FB,,0,,1,
6096A3,scenario_609682,P4_direct_ext3_text_drift,portal16,부들부들　떨며　겁에　질려　있는,12,18,E51870B9,,0,,1,
6096EB,scenario_6096D1,P2_direct_ext3_exact_text,portal16,그러니까……,4,18,E51806E4,,0,,1,
609709,scenario_609700,P1_direct_ext3_exact_text_control_adjacent,portal16,……시…그。,6,18,E518D539,,0,,2,1728
609789,scenario_60977C,P4_direct_ext3_text_drift,portal16,심술궂군요　아인은。　거기　있을　거면,10,18,E5184A16,,0,,1,
6097B8,scenario_6097AD,P1_direct_ext3_exact_text_control_adjacent,portal16,방금　전　이야기는　진심입니까？,7,18,E51870C4,,0,,2,0803
6097EF,scenario_6097E1,P2_direct_ext3_exact_text,portal16,나는　시그에게　끌리고　있어。,10,18,E518C1CC,,0,,1,
60981C,scenario_609809,P4_direct_ext3_text_drift,portal16,플라나간에서　가장　우수하다고,9,18,E51870C9,,0,,1,
609841,scenario_609838,P3_direct_ext3_control_adjacent_text_drift,portal16,그　이상　말하면　정말　화낼　거야。,15,18,E5184BE2,,0,,2,0806
609878,scenario_609867,P2_direct_ext3_exact_text,portal16,내가　그　녀석에게　끌리는　이유는、,13,18,E51870CE,,0,,1,
609892,scenario_609867,P2_direct_ext3_exact_text,portal16,시그가　뉴타입이든　올드타입이든　간에,11,18,E518C1CE,,0,,1,
6098CB,scenario_6098BC,P1_direct_ext3_exact_text_control_adjacent,portal16,그렇다면、　더는　대화할　가치가　없군。,12,18,E51870D1,,0,,2,0806
609901,scenario_6098F8,P2_direct_ext3_exact_text,portal16,저로는……,6,18,E51870D3,,0,,2,
60990A,scenario_6098F8,P2_direct_ext3_exact_text,portal16,……저로는　안　되는　건가요？,11,18,E51870D4,,0,,2,
60995F,scenario_60994E,P2_direct_ext3_exact_text,portal16,내　부하들을　구해주었다고　들었네。,12,18,E51870D8,,0,,1,
609998,scenario_60997F,P4_direct_ext3_text_drift,portal16,오늘부터　조니　라이덴　소령은,17,18,E5181AE4,,0,,1,
6099BF,scenario_60997F,P2_direct_ext3_exact_text,portal16,키시리아　각하의　직속　명령일세。,10,18,E51870DC,,0,,1,
609A12,scenario_609A00,P2_direct_ext3_exact_text,portal16,……솔로몬으로　향하라는　지시일세。,11,18,E51870E1,,0,,1,
609A2C,scenario_609A00,P4_direct_ext3_text_drift,portal16,도즐　중장은　”돌려　준다”고　의기양양,18,18,E51836C7,,0,,1,
609A53,scenario_609A00,P4_direct_ext3_text_drift,portal16,듣자　하니、　솔로몬의　보급　요청을　기,13,18,E51837E0,,0,,1,
609AB2,scenario_609A94,P4_direct_ext3_text_drift,portal16,본국으로부터　증원이　파견되지　않는　한,16,18,E51870E7,,0,,1,
609AD0,scenario_609A94,P2_direct_ext3_exact_text,portal16,한시라도　빨리　솔로몬으로　향하여、,13,18,E51870E9,,0,,1,
609B40,scenario_609B28,P2_direct_ext3_exact_text,portal16,그　당시　건방진　소리를,8,18,E51870EF,,0,,1,
609B66,scenario_609B57,P3_direct_ext3_control_adjacent_text_drift,portal16,별로　신경　쓸　일도　아니야。,13,18,E5184C65,,0,,2,0806
609BD4,scenario_609BB0,P2_direct_ext3_exact_text,portal16,하지만　중위님은　위험을　무릅쓰고,15,18,E5181AE5,,0,,1,
609C3A,scenario_609C28,P3_direct_ext3_control_adjacent_text_drift,portal16,여기서　모두　살아　돌아가야,12,18,E51870F8,,0,,1,084C
609CEA,scenario_609CD5,P4_direct_ext3_text_drift,portal16,솔로몬이　함락되고、,7,18,E5180CC7,,0,,1,
609D34,scenario_609D2A,P4_direct_ext3_text_drift,portal16,아아、괜찮…아……,14,18,E5182C48,,0,,1,
609D50,scenario_609D2A,P4_direct_ext3_text_drift,portal16,하지만、　팔을　당해버렸어……,16,18,E5181AE6,,0,,1,
609D75,scenario_609D2A,P2_direct_ext3_exact_text,portal16,미안하다、　가토。,5,18,E5187107,,0,,2,
609D7D,scenario_609D2A,P1_direct_ext3_exact_text_control_adjacent,portal16,뒷일을……　부탁하네……！！,10,18,E5187108,,0,,2,1728
609D9C,scenario_609D92,P4_direct_ext3_text_drift,portal16,도즐　각하를　시해한　것만으로는　모자라,12,18,E51826B1,,0,,1,
609E18,scenario_609DF3,P4_direct_ext3_text_drift,portal16,현재、우군의　무사이는　손상되어、,13,18,E5181C5D,,0,,1,
609E35,scenario_609DF3,P4_direct_ext3_text_drift,portal16,대위와　함께　추격대를　공격하라！,17,18,E51806D8,,0,,1,
609E89,scenario_609E63,P4_direct_ext3_text_drift,portal16,내　벗인　케리、　그리고……　도즐,11,18,E5181A89,,0,,1,
609EA9,scenario_609E63,P3_direct_ext3_control_adjacent_text_drift,portal16,내　분노의　칼날……　받아라！！,16,18,E5180C45,,0,,2,1728
609EED,scenario_609ED6,P2_direct_ext3_exact_text,portal16,아、　악몽이로군……,7,18,E518711A,,0,,2,
609EF7,scenario_609ED6,P2_direct_ext3_exact_text,portal16,솔로몬……　의……,6,18,E518711B,,0,,2,
609F00,scenario_609ED6,P3_direct_ext3_control_adjacent_text_drift,portal16,악…몽……윽！！,10,18,E518E494,,0,,2,1728
609F1E,scenario_609F15,P4_direct_ext3_text_drift,portal16,……참　시시하군！,12,18,E5182AD2,,0,,1,
609F56,scenario_609F46,P4_direct_ext3_text_drift,portal16,……모빌슈트　부대、　출격！　퇴각하고,9,18,E5184A75,,0,,1,
609FBA,scenario_609F9A,P4_direct_ext3_text_drift,portal16,그　귀관이　직접　조력하러　방문해,18,18,E5187124,,0,,1,
609FFD,scenario_609FDE,P4_direct_ext3_text_drift,portal16,……그리고　명성으로　논하자면、　귀관에,11,18,E5184A28,,0,,1,
60A01C,scenario_609FDE,P2_direct_ext3_exact_text,portal16,소령의　가공할　만한　전장　장악력……,13,18,E518712A,,0,,2,
60A02C,scenario_609FDE,P4_direct_ext3_text_drift,portal16,분명　이　전투가　끝나면、,18,18,E5182AD3,,0,,1,
60A052,scenario_609FDE,P2_direct_ext3_exact_text,portal16,이를테면……　그래、,7,18,E518712D,,0,,1,
60A08A,scenario_60A06C,P2_direct_ext3_exact_text,portal16,……함께　지온　공국을　수호하기　위해,11,18,E518C1D8,,0,,1,
60A0B4,scenario_60A0AB,P1_direct_ext3_exact_text_control_adjacent,portal16,……아、　그래。,7,18,E5186266,,0,,1,1719
60A0F8,scenario_60A0EF,P4_direct_ext3_text_drift,portal16,이　전쟁으로……　아니요、　그전부터　이,16,18,E5187133,,0,,1,
60A118,scenario_60A0EF,P4_direct_ext3_text_drift,portal16,오빠가　손을　쓰지　않아도、,15,18,E5183AF5,,0,,1,
60A158,scenario_60A13F,P3_direct_ext3_control_adjacent_text_drift,portal16,그러니　올드타입은　섬멸하는　거다！,12,18,E518748D,,0,,2,0841
60A188,scenario_60A16A,P4_direct_ext3_text_drift,portal16,오빠、당신은,8,18,E5181C5E,,0,,1,
60A1FE,scenario_60A1E1,P4_direct_ext3_text_drift,portal16,「진홍의　번개」라　하면,15,18,E5184C68,,0,,1,
60A22C,scenario_60A21D,P4_direct_ext3_text_drift,portal16,「붉은　혜성」뿐만　아니라　「진홍의　번,24,18,E5187142,,0,,1,
60A255,scenario_60A21D,P4_direct_ext3_text_drift,portal16,귀관들의　도움에　부끄럽지　않게、　나도,22,18,E5187144,,0,,1,
60A29A,scenario_60A288,P4_direct_ext3_text_drift,portal16,나는　단지　『지온에서　붉은색이　가장,16,18,E518C1DB,,0,,1,
60A36A,scenario_60A361,P3_direct_ext3_control_adjacent_text_drift,portal16,（……왜「붉은색」이지？）,13,18,E5181C5F,,0,,2,1728
60A3C9,scenario_60A3B8,P4_direct_ext3_text_drift,portal16,여기서　누가　더　붉은색에,14,18,E5182AD5,,0,,1,
60A422,scenario_60A416,P2_direct_ext3_exact_text,portal16,「진홍의　번개」의　전장　장악　능력……,15,18,E5187155,,0,,1,
60A46A,scenario_60A45E,P4_direct_ext3_text_drift,portal16,아무래도　그는　꽤「붉은색」에,14,18,E5181C60,,0,,1,
60A4CB,scenario_60A49F,P4_direct_ext3_text_drift,portal16,라이덴　소령을　보고,7,18,E5183C69,,0,,1,
60A4EA,scenario_60A49F,P4_direct_ext3_text_drift,portal16,『진홍의　번개가　덜　유명해서』가,18,18,E5181AEA,,0,,1,
60A529,scenario_60A520,P4_direct_ext3_text_drift,portal16,（빨、　빨강에……,9,18,E5183AF7,,0,,1,
60A6EC,scenario_60A6CB,P1_direct_ext3_exact_text_control_adjacent,portal16,지금부터　포격을　개시한다！,11,18,E5187173,,0,,2,1728
60A7CF,scenario_60A7B9,P4_direct_ext3_text_drift,portal16,사이드　３에서　급파되었습니다！　대령님,10,18,E5183A03,,0,,1,
60A81B,scenario_60A80B,P4_direct_ext3_text_drift,portal16,탈출　부대에　제　언니가　있습니다！,16,18,E5182C4E,,0,,1,
60A8B5,scenario_60A8AC,P4_direct_ext3_text_drift,portal16,왜……　아니、　물을　필요도　없군。,17,18,E5184AF3,,0,,1,
60A8D5,scenario_60A8AC,P2_direct_ext3_exact_text,portal16,……당신은　하만　칸。,11,18,E5187187,,0,,1,
60A8FD,scenario_60A8F3,P4_direct_ext3_text_drift,portal16,대령님의　마음은　지금　당신을　향해요。,16,18,E5187189,,0,,1,
60A962,scenario_60A951,P4_direct_ext3_text_drift,portal16,시종장이신　마하라자　칸의　딸……　그렇,16,18,E51849F9,,0,,1,
60A9A2,scenario_60A984,P4_direct_ext3_text_drift,portal16,분명　어릴　적에,12,18,E5180768,,0,,1,
60A9E4,scenario_60A9C6,P4_direct_ext3_text_drift,portal16,처음　만났을　때、　전　느꼈어요。,17,18,E5187191,,0,,1,
60AA32,scenario_60AA21,P4_direct_ext3_text_drift,portal16,좋아！　우리도　여길　떠난다！,15,18,E5181AEC,,0,,1,
60AA90,scenario_60AA70,P1_direct_ext3_exact_text_control_adjacent,portal16,……이　해역에서　급히　퇴각한다！,13,18,E518719A,,0,,2,1728
60AB1C,scenario_60AB04,P4_direct_ext3_text_drift,portal16,솔로몬에서　피난한　민간인　중에、,14,18,E5182C4F,,0,,1,
60AB3D,scenario_60AB04,P2_direct_ext3_exact_text,portal16,얼핏　소문으로는、　브라드　중령님의,8,18,E5187493,,0,,1,
60AC93,scenario_60AC78,P3_direct_ext3_control_adjacent_text_drift,portal16,……그런데　왜　솔로몬에？,12,18,E51871B4,,0,,2,0801
60ACE0,scenario_60ACC4,P4_direct_ext3_text_drift,portal16,그　시녀로　뽑혔다는　건、,13,18,E51871B8,,0,,1,
60AD1D,scenario_60AD05,P4_direct_ext3_text_drift,portal16,처가에　기대긴　싫다며,19,18,E51871BB,,0,,1,
60AD55,scenario_60AD47,P3_direct_ext3_control_adjacent_text_drift,portal16,오랜만이네……　잘　지냈어！？,16,18,E5180C46,,0,,2,0801
60AD75,scenario_60AD6B,P2_direct_ext3_exact_text,portal16,미안　쪽　상태는,5,18,E51871BD,,0,,1,
60ADD9,scenario_60ADD0,P2_direct_ext3_exact_text,portal16,……으윽。,5,18,E51871C3,,0,,2,
60ADE1,scenario_60ADD0,P2_direct_ext3_exact_text,portal16,으아아아아앙！,9,18,E51871C4,,0,,1,
60AE42,scenario_60AE20,P4_direct_ext3_text_drift,portal16,둘이　사이좋은　건　좋지만、,16,18,E51871C7,,0,,1,
60AE79,scenario_60AE6B,P4_direct_ext3_text_drift,portal16,그　녀석이　저런　바람둥이였다니……,14,18,E5187495,,0,,1,
60AEC5,scenario_60AEB1,P4_direct_ext3_text_drift,portal16,도로와대는　탈출병을　데리고,18,18,E5181AEE,,0,,1,
60AEFF,scenario_60AEE9,P3_direct_ext3_control_adjacent_text_drift,portal16,……귀관의　무운을　빌겠소。,17,18,E51871CF,,0,,2,080F
60AF36,scenario_60AF16,P4_direct_ext3_text_drift,portal16,서로　무운이　따른다면、,13,18,E5184AF6,,0,,1,
60AF59,scenario_60AF16,P3_direct_ext3_control_adjacent_text_drift,portal16,대령도　건강하시길……　그럼。,12,18,E5181BE0,,0,,2,1728
60AFA0,scenario_60AF91,P4_direct_ext3_text_drift,portal16,여기　있으면　위험해！,10,18,E5183AFC,,0,,1,
60AFF2,scenario_60AFE6,P4_direct_ext3_text_drift,portal16,보기　흉한　모습을　보여,12,18,E5180CD1,,0,,1,
60B04E,scenario_60B043,P1_direct_ext3_exact_text_control_adjacent,portal16,……그래、　아가씨　이름이　무엇인가？,14,18,E51871E2,,0,,2,080A
60B0EB,scenario_60B0DA,P4_direct_ext3_text_drift,portal16,어머님을　잃은　직후라,13,18,E5184AF7,,0,,1,
60B108,scenario_60B0DA,P2_direct_ext3_exact_text,portal16,……그렇지만　말일세、　미안　양。,9,18,E51871E9,,0,,2,
60B114,scenario_60B0DA,P4_direct_ext3_text_drift,portal16,여긴　전장이고、,5,18,E5183AFD,,0,,1,
60B127,scenario_60B0DA,P3_direct_ext3_control_adjacent_text_drift,portal16,물론、　자네　아버지도　마찬가지네。,10,18,E5180C47,,0,,2,0808
60B171,scenario_60B164,P2_direct_ext3_exact_text,portal16,……미안　양、　잠시　대화해도　될까？,10,18,E51871EF,,0,,2,
60B17E,scenario_60B164,P4_direct_ext3_text_drift,portal16,자네　아버지는、　지온을……,11,18,E518C1FB,,0,,1,
60B19A,scenario_60B164,P4_direct_ext3_text_drift,portal16,그　대상이　곁에　있으면,14,18,E5180786,,0,,1,
60B1B9,scenario_60B164,P4_direct_ext3_text_drift,portal16,하지만　전장에　나오는　이상、,11,18,E51871F2,,0,,1,
60B1FF,scenario_60B1F0,P4_direct_ext3_text_drift,portal16,자네가　위험해지면　중령은,14,18,E51871F7,,0,,1,
60B223,scenario_60B1F0,P4_direct_ext3_text_drift,portal16,그건　중령의　힘을,8,18,E5182ADD,,0,,1,
60B23D,scenario_60B1F0,P4_direct_ext3_text_drift,portal16,아버지를　사랑한다면、　중령이,16,18,E51871FA,,0,,1,
60B27F,scenario_60B276,P4_direct_ext3_text_drift,portal16,내가　안전한　곳으로……,9,18,E518C1FD,,0,,1,
60B2AB,scenario_60B2A1,P2_direct_ext3_exact_text,portal16,수송　선단을　총괄하는　가토　소령은,14,18,E5187499,,0,,1,
60B2C4,scenario_60B2A1,P4_direct_ext3_text_drift,portal16,그라면　반드시　자넬　사이드３에,14,18,E518C1FF,,0,,1,
60B2E7,scenario_60B2A1,P4_direct_ext3_text_drift,portal16,그러면　자네　아버지도,9,18,E51871FF,,0,,1,
60B313,scenario_60B30A,P2_direct_ext3_exact_text,portal16,……저기……　샤아　대령님。,11,18,E518C201,,0,,2,
60B321,scenario_60B30A,P2_direct_ext3_exact_text,portal16,모두에게……　이별을　말해도,14,18,E51892FF,,0,,1,
60B358,scenario_60B34A,P2_direct_ext3_exact_text,portal16,……　아빠。,5,18,E5189303,,0,,1,
60B36A,scenario_60B34A,P2_direct_ext3_exact_text,portal16,대단히…,4,18,E5189304,,0,,1,
60B3CA,scenario_60B3B5,P4_direct_ext3_text_drift,portal16,아이를　달래는　재주가,11,18,E5180CD2,,0,,1,
60B42C,scenario_60B40C,P2_direct_ext3_exact_text,portal16,아이　취급하지　않고　조리를　설하면,17,18,E518930E,,0,,1,
60B449,scenario_60B40C,P1_direct_ext3_exact_text_control_adjacent,portal16,과거의　나도　그랬다。,10,18,E5189310,,0,,2,080A
60B4AF,scenario_60B4A1,P2_direct_ext3_exact_text,portal16,아、　아니…………미안해。,9,18,E5189314,,0,,1,
60B4C5,scenario_60B4A1,P4_direct_ext3_text_drift,portal16,나쁘지만　브라드　중령。,9,18,E518C207,,0,,1,
60B53F,scenario_60B530,P1_direct_ext3_exact_text_control_adjacent,portal16,……조속하지만　본제에　들어가게　한다。,14,18,E5189319,,0,,2,0834
60B58D,scenario_60B567,P1_direct_ext3_exact_text_control_adjacent,portal16,그라나다는　무시할　생각인　것　같다。,16,18,E518C20B,,0,,2,0834
60B620,scenario_60B5FC,P4_direct_ext3_text_drift,portal16,준비가　되면　목마에　함대　돌격을　가한,17,18,E518C210,,0,,1,
60B67F,scenario_60B65C,P4_direct_ext3_text_drift,portal16,브라드　중령에게　맡긴다면　더할　나위,14,18,E5187205,,0,,1,
60B6FB,scenario_60B6E3,P2_direct_ext3_exact_text,portal16,대체　무슨　일이지……？,5,18,E518720C,,0,,2,
60B746,scenario_60B738,P2_direct_ext3_exact_text,portal16,브라드　중령을　불러주게。,10,18,E518720E,,0,,1,
60B7C6,scenario_60B7AA,P2_direct_ext3_exact_text,portal16,조금　전　그라나다로부터,8,18,E5187214,,0,,1,
60B7DB,scenario_60B7AA,P2_direct_ext3_exact_text,portal16,참모본부의　킬링　중령이　그라나다,10,18,E5187216,,0,,1,
60B816,scenario_60B7FC,P2_direct_ext3_exact_text,portal16,그래서、　그　킬링　중령은,10,18,E518721A,,0,,1,
60B86F,scenario_60B84B,P2_direct_ext3_exact_text,portal16,……참으로　어리석은　짓을　저지르는군。,16,18,E518721E,,0,,2,
60B882,scenario_60B84B,P4_direct_ext3_text_drift,portal16,핵　사용에　중립지대　공격까지……,18,18,E5184AF9,,0,,1,
60B8AB,scenario_60B84B,P4_direct_ext3_text_drift,portal16,그런　짓을　저질렀다간　지온은　온　세상,7,18,E51846F1,,0,,1,
60B8C9,scenario_60B84B,P2_direct_ext3_exact_text,portal16,……그렇게　되면　지온은　파멸이야。,12,18,E518C218,,0,,2,
60B96B,scenario_60B959,P4_direct_ext3_text_drift,portal16,하만　칸이　귀관의　부대로　배속을,6,18,E5184A72,,0,,1,
60B985,scenario_60B959,P3_direct_ext3_control_adjacent_text_drift,portal16,본인　희망이다、　마음대로　하게　둬。,17,18,E5181BE1,,0,,2,0834
60B9B8,scenario_60B99C,P1_direct_ext3_exact_text_control_adjacent,portal16,만일의　사태라도　발생한다면……,10,18,E518722B,,0,,2,0821
60B9D4,scenario_60B9C8,P2_direct_ext3_exact_text,portal16,그게　아니면、　그　아이의,8,18,E518722D,,0,,1,
60BA27,scenario_60BA18,P4_direct_ext3_text_drift,portal16,이　전투엔　지온의　미래가　걸렸다。,15,18,E51807A1,,0,,1,
60BA4B,scenario_60BA18,P4_direct_ext3_text_drift,portal16,그　아이는　귀관에게　호감이　있다。,16,18,E5182ADF,,0,,1,
60BA7C,scenario_60BA72,P2_direct_ext3_exact_text,portal16,그럼　하만　칸은,9,18,E5187233,,0,,1,
60BB50,scenario_60BB34,P2_direct_ext3_exact_text,portal16,그렇다면　당신　마음속에　품고　있는,12,18,E518723D,,0,,1,
60BBA2,scenario_60BB7A,P4_direct_ext3_text_drift,portal16,절대　당신에겐　지지　않아요！,14,18,E51807A2,,0,,1,
60BC74,scenario_60BC66,P4_direct_ext3_text_drift,portal16,저런　건『젊어서　좋구나』하며,17,18,E5181C69,,0,,1,
60BCD0,scenario_60BCB4,P2_direct_ext3_exact_text,portal16,그렇다면　아무로인지　하는,7,18,E518C225,,0,,1,
60BD15,scenario_60BCFB,P2_direct_ext3_exact_text,portal16,나무라려는　게　아니야……　그저、,11,18,E518724F,,0,,1,
60BD30,scenario_60BCFB,P4_direct_ext3_text_drift,portal16,이대로　가다간　라라아도　샤아도　불행해,15,18,E518C226,,0,,1,
60BDE1,scenario_60BDD7,P4_direct_ext3_text_drift,portal16,콜로니를　개조하여、　직경　６킬로미터의,16,18,E5187258,,0,,1,
60BE01,scenario_60BDD7,P3_direct_ext3_control_adjacent_text_drift,portal16,이　계획을　인가해　주십시오……　공왕。,16,18,E5182BCA,,0,,2,0848
60BE37,scenario_60BE17,P4_direct_ext3_text_drift,portal16,그렇지만　말일세、　기렌……　그것으로,7,18,E5184A65,,0,,1,
60BF29,scenario_60BF17,P2_direct_ext3_exact_text,portal16,그　승리를　딛고、　진정한　뉴타입의,11,18,E5187264,,0,,1,
60BF44,scenario_60BF17,P4_direct_ext3_text_drift,portal16,부디　이　히틀러　꼬리의　전투　방식이,8,18,E51849DC,,0,,1,
60C04B,scenario_60C02C,P4_direct_ext3_text_drift,portal16,그나저나　플라나간　기관의,8,18,E518726C,,0,,1,
60C06A,scenario_60C02C,P3_direct_ext3_control_adjacent_text_drift,portal16,역시　그녀의　힘에는　비밀이……,14,18,E5181BE2,,0,,2,1728
60C0B0,scenario_60C09F,P2_direct_ext3_exact_text,portal16,『시스템　개발　진척　상황……』,11,18,E5187270,,0,,2,
60C0BE,scenario_60C09F,P2_direct_ext3_exact_text,portal16,『테라　스오노』……,8,18,E5187271,,0,,2,
60C0C9,scenario_60C09F,P1_direct_ext3_exact_text_control_adjacent,portal16,대체　무슨　기괴한　내용이지？,9,18,E5187272,,0,,2,1728
60C0E9,scenario_60C0DF,P2_direct_ext3_exact_text,portal16,이　파일　하나만큼은,6,18,E5187273,,0,,1,
60C0FD,scenario_60C0DF,P1_direct_ext3_exact_text_control_adjacent,portal16,뭐지…,6,18,E518931D,,0,,2,1728
60C145,scenario_60C13B,P2_direct_ext3_exact_text,portal16,이、　이것은！！,7,18,E5187275,,0,,1,
60C18D,scenario_60C175,P2_direct_ext3_exact_text,portal16,……폰　킬링　중령！,10,18,E5187278,,0,,1,
60C1E8,scenario_60C1C6,P2_direct_ext3_exact_text,portal16,즉시　작전을　중단하고、,9,18,E518727C,,0,,1,
60C211,scenario_60C207,P4_direct_ext3_text_drift,portal16,사이드６는　남극조약을　비준　안　했다。,23,18,E5181AF4,,0,,1,
60C287,scenario_60C267,P2_direct_ext3_exact_text,portal16,내　길을　가로막겠다면、,10,18,E5187283,,0,,1,
60C2B7,scenario_60C2AB,P2_direct_ext3_exact_text,portal16,그렇다면　우리　역시,5,18,E5187286,,0,,1,
60C2C8,scenario_60C2AB,P2_direct_ext3_exact_text,portal16,드렌、　브라드　중령！,8,18,E5187288,,0,,1,
60C31D,scenario_60C313,P2_direct_ext3_exact_text,portal16,핵미사일은　적　기함에　탑재되어　있다！,13,18,E518728D,,0,,1,
60C339,scenario_60C313,P4_direct_ext3_text_drift,portal16,무슨　수를　써서라도　잔지바르를　격침시,10,18,E518728F,,0,,1,
60C377,scenario_60C367,P1_direct_ext3_exact_text_control_adjacent,portal16,안색이　몹시　좋지　않아　보인다만……,15,18,E5187291,,0,,2,0806
60C44D,scenario_60C444,P1_direct_ext3_exact_text_control_adjacent,portal16,도대체　왜　저러지……　아인　녀석？,10,18,E5187298,,0,,2,1728
60C4D0,scenario_60C4C4,P4_direct_ext3_text_drift,portal16,킬링　함대로부터　통신입니다！　녀석들이,11,18,E5184A02,,0,,1,
60C56B,scenario_60C556,P2_direct_ext3_exact_text,portal16,신형　건담의　소재를　파악하기　위해,14,18,E518C234,,0,,1,
60C588,scenario_60C556,P4_direct_ext3_text_drift,portal16,핵　공격　얘기를　전했더니,9,18,E5183C73,,0,,1,
60C64B,scenario_60C627,P4_direct_ext3_text_drift,portal16,구식　무사이　１척뿐이라면、　혹시,17,18,E51872AD,,0,,1,
60C75A,scenario_60C747,P4_direct_ext3_text_drift,portal16,도중에　들켰어도、　실행력은　있어。,17,18,E51872B8,,0,,1,
60C84C,scenario_60C840,P2_direct_ext3_exact_text,portal16,설마、　이것이　소문으로만　듣던,5,18,E51872C6,,0,,1,
60C860,scenario_60C840,P3_direct_ext3_control_adjacent_text_drift,portal16,그렇다면　꾸물댈　수　없겠군。,15,18,E51872C7,,0,,2,0808
60C884,scenario_60C875,P4_direct_ext3_text_drift,portal16,말해　두겠는데,7,18,E5180CD6,,0,,1,
60C8D3,scenario_60C8BD,P4_direct_ext3_text_drift,portal16,나는、,6,18,E5182C57,,0,,1,
60CA49,scenario_60CA35,P1_direct_ext3_exact_text_control_adjacent,portal16,괜찮을까나、　아빠　일행은？,9,18,E51872DA,,0,,2,1728
60CAB8,scenario_60CAAF,P4_direct_ext3_text_drift,portal16,미안、　너……　가토　소령과　함께,7,18,E5183A9C,,0,,1,
60CB0B,scenario_60CAFE,P4_direct_ext3_text_drift,portal16,미안、　전함에　밀항하다니,12,18,E5181AF6,,0,,1,
60CB29,scenario_60CAFE,P4_direct_ext3_text_drift,portal16,이건　군함이야、　잘못했다간,11,18,E51872E2,,0,,1,
60CBCC,scenario_60CBC2,P4_direct_ext3_text_drift,portal16,미안해、　조금　흥분했던　모양이야。,15,18,E51872E8,,0,,2,
60CBDE,scenario_60CBC2,P2_direct_ext3_exact_text,portal16,미안을　안전한　격실로　이송해　다오。,16,18,E51872E9,,0,,1,
60CC3B,scenario_60CC2A,P4_direct_ext3_text_drift,portal16,미샤는　캠퍼로　양동……,16,18,E5184BE7,,0,,2,
60CC4E,scenario_60CC2A,P4_direct_ext3_text_drift,portal16,그　틈에　나와　바니는,12,18,E5182AE3,,0,,1,
60CC6A,scenario_60CC2A,P4_direct_ext3_text_drift,portal16,신형이　어떻게　움직일진　모른다。,14,18,E51872EF,,0,,1,
60CC8D,scenario_60CC2A,P1_direct_ext3_exact_text_control_adjacent,portal16,그럼　작전　개시。,9,18,E51872F1,,0,,2,1728
60CEA8,scenario_60CE92,P4_direct_ext3_text_drift,portal16,이　통로도　그냥　힘으로　뚫고　나갈　수,14,18,E518749E,,0,,1,
60CF37,scenario_60CF29,P4_direct_ext3_text_drift,portal16,매켄지　중위를　신속히　호출해라！　알렉,9,18,E51839E6,,0,,1,
60CF6A,scenario_60CF5D,P4_direct_ext3_text_drift,portal16,저는　반대입니다！,7,18,E5182AE4,,0,,1,
60CF9A,scenario_60CF85,P4_direct_ext3_text_drift,portal16,이건　명령이다、중위！,9,18,E5180CD9,,0,,1,
60D0D8,scenario_60D0CF,P1_direct_ext3_exact_text_control_adjacent,portal16,바、　바니…,6,18,E518C244,,0,,2,0828
60D12D,scenario_60D11C,P3_direct_ext3_control_adjacent_text_drift,portal16,우리도　빨리　탈출하죠。,15,18,E5183C77,,0,,2,1728
60D188,scenario_60D17C,P4_direct_ext3_text_drift,portal16,대장、　대장－！！,9,18,E5189327,,0,,2,
60D1FA,scenario_60D1E6,P2_direct_ext3_exact_text,portal16,나、　할거야…………,8,18,E5189329,,0,,1,
60D288,scenario_60D278,P4_direct_ext3_text_drift,portal16,여기　제　３００　독립　전대의,9,18,E518C24D,,0,,1,
60D2DF,scenario_60D2BD,P2_direct_ext3_exact_text,portal16,킬링　중령의　핵　공격은　저지되었다！,13,18,E518C250,,0,,2,
60D2EF,scenario_60D2BD,P2_direct_ext3_exact_text,portal16,더　이상　네가　싸울　필요가　없다。,11,18,E518932F,,0,,1,
60D31E,scenario_60D30F,P4_direct_ext3_text_drift,portal16,그러나　브라드　중령、,8,18,E518C252,,0,,1,
60D338,scenario_60D30F,P2_direct_ext3_exact_text,portal16,그　때문에　대장과　미샤는　생명을,13,18,E5189331,,0,,1,
60D352,scenario_60D30F,P1_direct_ext3_exact_text_control_adjacent,portal16,떠나지　않을　수　없습니다！,16,18,E518C254,,0,,2,1728
60D38B,scenario_60D36A,P3_direct_ext3_control_adjacent_text_drift,portal16,자、우리와　함께　와라！,13,18,E5181C70,,0,,2,1728
60D3EF,scenario_60D3D6,P2_direct_ext3_exact_text,portal16,……아니、　그럴　리가　없다。,12,18,E518731E,,0,,1,
60D40D,scenario_60D3D6,P2_direct_ext3_exact_text,portal16,그렇다면　네가　해야　할　일은,13,18,E518731F,,0,,1,
60D430,scenario_60D3D6,P3_direct_ext3_control_adjacent_text_drift,portal16,살아남아　다음　기회를　기다려라。,19,18,E5183BED,,0,,2,1728
60D4B2,scenario_60D494,P1_direct_ext3_exact_text_control_adjacent,portal16,……알겠나！！,6,18,E5187326,,0,,2,1728
60D4D1,scenario_60D4C3,P2_direct_ext3_exact_text,portal16,와이즈먼　하사를　호위하여,9,18,E5187328,,0,,1,
60D4EC,scenario_60D4C3,P1_direct_ext3_exact_text_control_adjacent,portal16,……그럼、　작전　개시！！,9,18,E518C258,,0,,2,1728
60D5C0,scenario_60D5B4,P2_direct_ext3_exact_text,portal16,좋아서　싸우는　건　아닌　모양이군。,16,18,E5187330,,0,,1,
60D5F0,scenario_60D5E3,P3_direct_ext3_control_adjacent_text_drift,portal16,이제　우리가　싸울　필요는　없어！！,15,18,E5184BE8,,0,,2,1728
60D663,scenario_60D652,P2_direct_ext3_exact_text,portal16,당신들이　전투를　멈춰　준다면、,16,18,E518733A,,0,,1,
60D684,scenario_60D652,P3_direct_ext3_control_adjacent_text_drift,portal16,더는　당신들과　싸우고　싶지　않아요。,13,18,E5182BCC,,0,,2,0829
60D6B4,scenario_60D6AA,P4_direct_ext3_text_drift,portal16,더는　서로　죽고　싸울　필요　없어요。,21,18,E5181BE4,,0,,2,
60D6CC,scenario_60D6AA,P2_direct_ext3_exact_text,portal16,당신들이　물러가　준다면、,16,18,E518733E,,0,,1,
60D6FA,scenario_60D6F1,P1_direct_ext3_exact_text_control_adjacent,portal16,고마워요！……저기……,8,18,E5187340,,0,,2,0829
60D72D,scenario_60D722,P2_direct_ext3_exact_text,portal16,나는　바니。,6,18,E5187344,,0,,1,
60D751,scenario_60D745,P2_direct_ext3_exact_text,portal16,지금　모빌슈트를　철수시키겠어。,13,18,E5187347,,0,,1,
60D781,scenario_60D774,P4_direct_ext3_text_drift,portal16,……사정은　방금　말한　그대로입니다。,14,18,E5180C4B,,0,,2,
60D792,scenario_60D774,P2_direct_ext3_exact_text,portal16,저는　그들을　이대로　보내주려고,13,18,E518734B,,0,,1,
60D810,scenario_60D7F9,P1_direct_ext3_exact_text_control_adjacent,portal16,우선　모빌슈트　부대를　퇴각시키고……,16,18,E5187352,,0,,2,1728
60D86F,scenario_60D866,P2_direct_ext3_exact_text,portal16,……자미토프　준장님！！,8,18,E5187356,,0,,1,
60D89F,scenario_60D882,P2_direct_ext3_exact_text,portal16,내가　직접　현장에　납셨다　한들、,13,18,E518735A,,0,,1,
60D928,scenario_60D909,P4_direct_ext3_text_drift,portal16,지온이　남극조약을　어긴　지금이,14,18,E51807CB,,0,,1,
60D952,scenario_60D909,P4_direct_ext3_text_drift,portal16,피해　따윈　안중에　없다！　잔망스러운,9,18,E5183A2E,,0,,1,
60DA0C,scenario_60D9FB,P3_direct_ext3_control_adjacent_text_drift,portal16,잘못된　명령을　따르는　것보단　나아！！,17,18,E5187368,,0,,2,1728
60DA56,scenario_60DA38,P3_direct_ext3_control_adjacent_text_drift,portal16,……그　방해는　누구에게도　안　맡겨！！,16,18,E5189191,,0,,2,1728
60DAA8,scenario_60DA89,P3_direct_ext3_control_adjacent_text_drift,portal16,지온과　함께　쓸어버려라！！,13,18,E5182BCD,,0,,2,1728
60DB5B,scenario_60DB36,P3_direct_ext3_control_adjacent_text_drift,portal16,자네만　괜찮다면、　우리와　함께……,15,18,E5181BE5,,0,,2,1728
60DBAA,scenario_60DBA1,P4_direct_ext3_text_drift,portal16,알렉스는　여기에　남기고、,9,18,E5184B01,,0,,1,
60DBC6,scenario_60DBA1,P2_direct_ext3_exact_text,portal16,당신들이　그걸로　납득해　주신다면、,13,18,E518737E,,0,,1,
60DBF4,scenario_60DBE9,P4_direct_ext3_text_drift,portal16,자네　같은　용감한　여성이,16,18,E5183B07,,0,,1,
60DC1A,scenario_60DBE9,P1_direct_ext3_exact_text_control_adjacent,portal16,……와이즈먼　하사。,7,18,E5187383,,0,,2,1728
60DC85,scenario_60DC73,P1_direct_ext3_exact_text_control_adjacent,portal16,좋아、　지금　안에　철수할거야！,11,18,E518933A,,0,,2,1728
60DCAE,scenario_60DC9B,P2_direct_ext3_exact_text,portal16,그렇다면、　브라드　중령……,9,18,E5187387,,0,,2,
60DCBA,scenario_60DC9B,P4_direct_ext3_text_drift,portal16,그　매켄지　중위라는　조종사의　처우에,9,18,E51819E8,,0,,1,
60DCF5,scenario_60DCE2,P2_direct_ext3_exact_text,portal16,우리는　키시리아　각하의　직속　함대와,11,18,E518738B,,0,,1,
60DD09,scenario_60DCE2,P3_direct_ext3_control_adjacent_text_drift,portal16,아무래도　연방이　움직이기　시작했군。,11,18,E518C053,,0,,2,080A
60DD46,scenario_60DD36,P4_direct_ext3_text_drift,portal16,연전이라　미안하지만、,13,18,E5181AF9,,0,,1,
60DDE8,scenario_60DDCC,P4_direct_ext3_text_drift,portal16,직접　마중　나온　걸　보니……,15,18,E51807D7,,0,,1,
60DE1B,scenario_60DE07,P4_direct_ext3_text_drift,portal16,방금　키시리아　각하에게서,14,18,E5181AFA,,0,,1,
60DE3B,scenario_60DE07,P3_direct_ext3_control_adjacent_text_drift,portal16,아무래도　연방이　움직이기　시작했군。,11,18,E518C053,,0,,2,080A
60DE6C,scenario_60DE4C,P1_direct_ext3_exact_text_control_adjacent,portal16,신속하게　합류를　도모하지요。,12,18,E518739B,,0,,2,0834
60DEDB,scenario_60DEC1,P2_direct_ext3_exact_text,portal16,전　부대는　엘메스의　후미를　따르라！,10,18,E51873A1,,0,,1,
60DF08,scenario_60DEF7,P4_direct_ext3_text_drift,portal16,라라아를　중심으로　적함대에,16,18,E5184B03,,0,,1,
60DF80,scenario_60DF66,P4_direct_ext3_text_drift,portal16,내가　전수해　준　기술　이상을　몸소　실,17,18,E51873A9,,0,,1,
60E02B,scenario_60E019,P4_direct_ext3_text_drift,portal16,대체　왜！？　어째서、　당신은　이제야,4,18,E5182A3D,,0,,1,
60E0B7,scenario_60E0AA,P4_direct_ext3_text_drift,portal16,당신에겐　고향도　가족도　없어……,19,18,E51873B4,,0,,1,
60E100,scenario_60E0F2,P3_direct_ext3_control_adjacent_text_drift,portal16,……그게　어쨌다는　거야！！,11,18,E5182BCE,,0,,2,1728
60E518,scenario_60E50C,P2_direct_ext3_exact_text,portal16,나는　되돌릴　수　없는　파멸적인　과오를,15,18,E51873D8,,0,,1,
60E531,scenario_60E50C,P1_direct_ext3_exact_text_control_adjacent,portal16,라라아……　큭！,7,18,E51873DA,,0,,2,1728
60E573,scenario_60E56A,P3_direct_ext3_control_adjacent_text_drift,portal16,당신은　힘이　너무　강해……,9,18,E5180C4E,,0,,2,1728
60E622,scenario_60E616,P3_direct_ext3_control_adjacent_text_drift,portal16,나로는　안　되는　거야……？,10,18,E5182BCF,,0,,2,1728
60E641,scenario_60E637,P4_direct_ext3_text_drift,portal16,하만의　목소리가　샤아에게　닿는다！,14,18,E5181AFD,,0,,1,
60E6E3,scenario_60E6C3,P4_direct_ext3_text_drift,portal16,하지만　샤아　대령은,8,18,E5181AFE,,0,,1,
60E701,scenario_60E6C3,P4_direct_ext3_text_drift,portal16,더　강한　사람이란　걸……,11,18,E5182AEB,,0,,1,
60E719,scenario_60E6C3,P4_direct_ext3_text_drift,portal16,그러니、　제발　정신　차려！,16,18,E51873E9,,0,,2,
60E72C,scenario_60E6C3,P1_direct_ext3_exact_text_control_adjacent,portal16,대령님……　아니、　샤아！！,11,18,E518C272,,0,,2,1728
60E785,scenario_60E770,P4_direct_ext3_text_drift,portal16,나는　이런　허무한　전장에서　좌절해　멈,12,18,E5189194,,0,,1,
60E7A2,scenario_60E770,P4_direct_ext3_text_drift,portal16,네가　불러　준　덕분에,13,18,E5184C7B,,0,,1,
60E845,scenario_60E82B,P4_direct_ext3_text_drift,portal16,이깟　사사로운　비탄에　잠겨、　자기　본,11,18,E51847C8,,0,,1,
60E85D,scenario_60E82B,P3_direct_ext3_control_adjacent_text_drift,portal16,그런　꼴로　어쩌겠다는　겁니까！,11,18,E51873F5,,0,,2,1728
60E8D4,scenario_60E8B5,P4_direct_ext3_text_drift,portal16,하지만、　슬픔에　빠져　나약해진,19,18,E51874A6,,0,,1,
60E925,scenario_60E91C,P4_direct_ext3_text_drift,portal16,이젠　군인을　그만두란　말은　안　할게。,14,18,E51873FC,,0,,2,
60E936,scenario_60E91C,P4_direct_ext3_text_drift,portal16,그래도　내가　하려는　일만은,15,18,E5181AFF,,0,,1,
60E94E,scenario_60E91C,P1_direct_ext3_exact_text_control_adjacent,portal16,나는　그저……,5,18,E51873FF,,0,,2,1728
60E97D,scenario_60E95B,P4_direct_ext3_text_drift,portal16,못할　일도　할　수　있다　믿으며……！,17,18,E5187403,,0,,2,
60E991,scenario_60E95B,P4_direct_ext3_text_drift,portal16,이대로　오빠가　잘못된　길을,13,18,E51807F2,,0,,1,
60E9DA,scenario_60E9D0,P1_direct_ext3_exact_text_control_adjacent,portal16,아、　아르테이시아……,6,18,E5187407,,0,,2,1728
60E9F8,scenario_60E9EB,P1_direct_ext3_exact_text_control_adjacent,portal16,……화이트　베이스、　후퇴한다！！,11,18,E5187409,,0,,2,1728
60EA1E,scenario_60EA0E,P1_direct_ext3_exact_text_control_adjacent,portal16,뒷일을……　부탁하네！！,9,18,E518740A,,0,,2,1728
60EA79,scenario_60EA70,P4_direct_ext3_text_drift,portal16,목마는　놓친　모양이지만、,15,18,E5183C7B,,0,,1,
60EA96,scenario_60EA70,P2_direct_ext3_exact_text,portal16,……알았다。,5,18,E518626A,,0,,1,
60EAD3,scenario_60EAC7,P1_direct_ext3_exact_text_control_adjacent,portal16,심려를　끼쳐　미안하군……　사과함세。,9,18,E5187410,,0,,2,1728
60EB1E,scenario_60EB04,P4_direct_ext3_text_drift,portal16,그런　일을　겪었으니、,12,18,E5183B0E,,0,,1,
60EB72,scenario_60EB69,P3_direct_ext3_control_adjacent_text_drift,portal16,바、　바보　같은　소리　마……！！,12,18,E5184BEC,,0,,2,1728
60EC11,scenario_60EBF4,P4_direct_ext3_text_drift,portal16,……실제로　어떻습니까、　대령？,16,18,E5184B09,,0,,1,
60EC4B,scenario_60EC3B,P2_direct_ext3_exact_text,portal16,오늘　거둔　전과도、,9,18,E5187421,,0,,1,
60EC66,scenario_60EC3B,P4_direct_ext3_text_drift,portal16,아　바오아　쿠로　가는　적의　흐름이,18,18,E5182AEE,,0,,1,
60ECD5,scenario_60ECAE,P3_direct_ext3_control_adjacent_text_drift,portal16,각자、　후회　없도록　분투해　주게。,19,18,E5187428,,0,,2,0801
60ED25,scenario_60ED0D,P4_direct_ext3_text_drift,portal16,아까　전투에서　심하게　당해서,16,18,E5181B02,,0,,1,
60EDE9,scenario_60EDD1,P3_direct_ext3_control_adjacent_text_drift,portal16,너라면　다룰　수　있겠지。,13,18,E5180C4F,,0,,2,1728
60EF03,scenario_60EEF7,P2_direct_ext3_exact_text,portal16,이　전쟁이　끝나면　다시　만나자。,16,18,E518C27A,,0,,1,
60EF71,scenario_60EF66,P2_direct_ext3_exact_text,portal16,이번에는　유자하지만、,11,18,E5189345,,0,,1,
60EFC1,scenario_60EFB8,P2_direct_ext3_exact_text,portal16,그러니까、　세라도…,8,18,E5189349,,0,,2,
60EFCC,scenario_60EFB8,P4_direct_ext3_text_drift,portal16,아니、세라뿐만　아니라,9,18,E5180CDF,,0,,1,
60EFE9,scenario_60EFB8,P3_direct_ext3_control_adjacent_text_drift,portal16,꼭　무사해야　해！！,10,18,E5181C74,,0,,2,1728
60F02B,scenario_60F022,P1_direct_ext3_exact_text_control_adjacent,portal16,절대로　안전하고　있고……？,12,18,E518934D,,0,,2,1728
60F058,scenario_60F044,P2_direct_ext3_exact_text,portal16,연방의　전력은　압도적이다。,10,18,E518C27E,,0,,2,
60F065,scenario_60F044,P2_direct_ext3_exact_text,portal16,과연　아　바오아　쿠,10,18,E518934F,,0,,1,
60F090,scenario_60F080,P2_direct_ext3_exact_text,portal16,그런　일로　이길　싸움도,11,18,E5189351,,0,,1,
60F0AB,scenario_60F080,P2_direct_ext3_exact_text,portal16,할　수　있는지　여부가　아니라、,8,18,E5189353,,0,,1,
60F0C0,scenario_60F080,P2_direct_ext3_exact_text,portal16,이　싸움을　이기고、,10,18,E5189355,,0,,1,
60F173,scenario_60F16B,P1_direct_ext3_exact_text_control_adjacent,portal16,헨인　녀석이구나…,9,18,E518935B,,0,,2,1728
60F1BA,scenario_60F1A9,P4_direct_ext3_text_drift,portal16,플라나간　기관의　최우수　뉴타입……,13,18,E518743C,,0,,1,
60F1DA,scenario_60F1A9,P1_direct_ext3_exact_text_control_adjacent,portal16,하지만、　그것은……,7,18,E518743E,,0,,2,1728
60F214,scenario_60F20B,P2_direct_ext3_exact_text,portal16,너、　너는……,6,18,E5187440,,0,,1,
60F295,scenario_60F28B,P4_direct_ext3_text_drift,portal16,그자들로부터、,9,18,E5181C75,,0,,1,
60F2FE,scenario_60F2F4,P2_direct_ext3_exact_text,portal16,역시　보험을　들어두길　잘했군。,16,18,E518744B,,0,,2,
60F311,scenario_60F2F4,P2_direct_ext3_exact_text,portal16,바스크의　실패도,6,18,E518744C,,0,,1,
60F382,scenario_60F375,P1_direct_ext3_exact_text_control_adjacent,portal16,흠……。,5,18,E518F2A7,,0,,2,1728
60F3BE,scenario_60F3B2,P1_direct_ext3_exact_text_control_adjacent,portal16,곧　연방　함대와　접촉합니다。,10,18,E5187453,,0,,2,0848
60F403,scenario_60F3F8,P2_direct_ext3_exact_text,portal16,그와진급　전함……,6,18,E5187455,,0,,1,
60F43A,scenario_60F41A,P1_direct_ext3_exact_text_control_adjacent,portal16,……괴로운　모양이군、　지온도。,12,18,E518C284,,0,,2,1728
60F460,scenario_60F451,P1_direct_ext3_exact_text_control_adjacent,portal16,때는　이미　늦었다만　말입니다……,11,18,E5187458,,0,,2,1728
60F5D8,scenario_60F5BA,P2_direct_ext3_exact_text,portal16,저　녀석들은　세라를,7,18,E5187465,,0,,1,
60F60C,scenario_60F5F1,P2_direct_ext3_exact_text,portal16,하긴、　구조　같은　건,8,18,E5187468,,0,,1,
610025,scenario_61001C,P1_direct_ext3_exact_text_control_adjacent,portal16,……가토여。,6,18,E518499A,,0,,2,1728
61009B,scenario_61008C,P2_direct_ext3_exact_text,portal16,지금부터　『별의　부스러기　작전』은,10,18,E518399C,,0,,1,
6100B2,scenario_61008C,P2_direct_ext3_exact_text,portal16,우리의　목표는　연방군　본부　기지인,13,18,E518199F,,0,,1,
6100D0,scenario_61008C,P2_direct_ext3_exact_text,portal16,콜로니　아이랜드　이즈를　사수하여、,13,18,E518299F,,0,,1,
61012D,scenario_61011D,P4_direct_ext3_text_drift,portal16,콜로니가　여길　넘으면,10,18,E5181B03,,0,,1,
610149,scenario_61011D,P4_direct_ext3_text_drift,portal16,각　부대는　무슨　일이　있어도,15,18,E5183B12,,0,,1,
61017F,scenario_61016E,P1_direct_ext3_exact_text_control_adjacent,portal16,별의　부스러기　성취를　위하여……,9,18,E51819A1,,0,,2,1728
6101BD,scenario_6101AB,P3_direct_ext3_control_adjacent_text_drift,portal16,……원통하군！！,6,18,E5183C7F,,0,,2,1728
6101DD,scenario_6101CE,P1_direct_ext3_exact_text_control_adjacent,portal16,큭！……원통하도다！！,8,18,E518499E,,0,,2,1728
61021F,scenario_610206,P4_direct_ext3_text_drift,portal16,그렇다면　초계　함대와　알비온만으로　데,12,18,E5184786,,0,,1,
61027D,scenario_610268,P2_direct_ext3_exact_text,portal16,아니、　이　위태로운　전황을,8,18,E51839A1,,0,,1,
610293,scenario_610268,P4_direct_ext3_text_drift,portal16,지구궤도함대를　서둘러,19,18,E5184B0C,,0,,1,
61031B,scenario_610312,P3_direct_ext3_control_adjacent_text_drift,portal16,이번엔　꼭　네놈을　막겠다！,15,18,E5183BF1,,0,,2,1728
6103B1,scenario_6103A2,P1_direct_ext3_exact_text_control_adjacent,portal16,이제는　그　누구도　저지할　수　없다！！,12,18,E5180B41,,0,,2,1728
610576,scenario_610567,P3_direct_ext3_control_adjacent_text_drift,portal16,끝장을　내지　않고　간　건가……,12,18,E5184BED,,0,,2,1728
61062C,scenario_61061E,P2_direct_ext3_exact_text,portal16,그와덴의　브릿지는,6,18,E5180B45,,0,,1,
610642,scenario_61061E,P4_direct_ext3_text_drift,portal16,목숨이　아깝거든　괜한,8,18,E5184B0D,,0,,1,
610672,scenario_610666,P4_direct_ext3_text_drift,portal16,나와　이　함대를　미끼로　삼아　연방에,9,18,E518178E,,0,,1,
6106B3,scenario_610696,P3_direct_ext3_control_adjacent_text_drift,portal16,당신들보단　훨씬　낫지……,12,18,E51829AC,,0,,2,1728
610708,scenario_6106FB,P2_direct_ext3_exact_text,portal16,저희에게는　액시즈로　탈출할　권리가,16,18,E51839AA,,0,,1,
61074B,scenario_610731,P3_direct_ext3_control_adjacent_text_drift,portal16,지온의　영광을　더럽힌　죄는　크다！！,20,18,E5181BE9,,0,,2,1728
610792,scenario_610787,P4_direct_ext3_text_drift,portal16,전사한　키시리아　각하의　독단일지,16,18,E5183B14,,0,,1,
6107B2,scenario_610787,P4_direct_ext3_text_drift,portal16,어쨌든、　민폐다！,8,18,E5184B0E,,0,,1,
6107CE,scenario_610787,P1_direct_ext3_exact_text_control_adjacent,portal16,……이상이다！,6,18,E51819AE,,0,,2,1728
610836,scenario_610819,P4_direct_ext3_text_drift,portal16,무슨　사정이든　연방에　붙다니……,19,18,E51849AB,,0,,1,
610876,scenario_61085D,P4_direct_ext3_text_drift,portal16,사이드３에　안주한　자들에게,17,18,E5183B15,,0,,1,
610894,scenario_61085D,P4_direct_ext3_text_drift,portal16,빡빡한　일만　밀어붙인　거구에　『민폐니,18,18,E518278B,,0,,1,
6108BB,scenario_61085D,P4_direct_ext3_text_drift,portal16,그딴　작자들이　이끄는　집단에　충성했다,15,18,E51874B0,,0,,1,
6108E5,scenario_6108DC,P4_direct_ext3_text_drift,portal16,가엾구나……　뜻도　없는　자들을,14,18,E5182AF3,,0,,1,
610940,scenario_61092E,P4_direct_ext3_text_drift,portal16,소중한　데라즈　각하의　목숨은,11,18,E518081D,,0,,1,
61099C,scenario_61098E,P4_direct_ext3_text_drift,portal16,가토여、　네　신념을　굽히지　마라！　실,10,18,E51847DA,,0,,1,
6109E9,scenario_6109CF,P4_direct_ext3_text_drift,portal16,날　우주의　구경거리로　만들　셈이냐！？,14,18,E5184BEE,,0,,1,
610AAF,scenario_610A98,P4_direct_ext3_text_drift,portal16,우리　힘으로,6,18,E5184C81,,0,,1,
610B0F,scenario_610AFF,P1_direct_ext3_exact_text_control_adjacent,portal16,녀석들！　출발해라！！,11,18,E518C299,,0,,2,1728
610BA2,scenario_610B95,P2_direct_ext3_exact_text,portal16,아직　승부는　나지　않았는데、,15,18,E51839B3,,0,,1,
610CCC,scenario_610CBF,P1_direct_ext3_exact_text_control_adjacent,portal16,도대체　뭘　하려는　생각인가！？,8,18,E5180B52,,0,,2,1728
610D22,scenario_610D10,P4_direct_ext3_text_drift,portal16,더는　치욕스럽게　살　생각　따윈,17,18,E5184C82,,0,,1,
610EEA,scenario_610ED9,P4_direct_ext3_text_drift,portal16,이쪽　적　부대는　우리가　무력화했다。,16,18,E5184B11,,0,,1,
610F72,scenario_610F4D,P2_direct_ext3_exact_text,portal16,동、　동포들이여……,8,18,E51839BA,,0,,2,
610F7D,scenario_610F4D,P1_direct_ext3_exact_text_control_adjacent,portal16,뒷일을、　부…　탁하네……！！,10,18,E51849B9,,0,,2,1728
610FA6,scenario_610F92,P4_direct_ext3_text_drift,portal16,지구권의　안일한　평화를　꿈꿨던　일부,15,18,E51849FF,,0,,1,
610FCC,scenario_610F92,P2_direct_ext3_exact_text,portal16,이번　데라즈　플리트의　무장　봉기는、,15,18,E51839BB,,0,,1,
610FEC,scenario_610F92,P2_direct_ext3_exact_text,portal16,……지구！！,6,18,E51819BE,,0,,2,
610FF5,scenario_610F92,P4_direct_ext3_text_drift,portal16,이　우주의　성스러운　상징을　위태롭게,8,18,E51829EA,,0,,1,
61102B,scenario_611023,P2_direct_ext3_exact_text,portal16,우리는　보기　좋게　놈들의　들러리이자,11,18,E51849BB,,0,,1,
6110CC,scenario_6110B8,P4_direct_ext3_text_drift,portal16,언제부터　이름을　바꾼　거지、,14,18,E5181C79,,0,,1,
611107,scenario_6110EB,P4_direct_ext3_text_drift,portal16,지금의　나는　그저　크와트로　바지나일,11,18,E51819C1,,0,,1,
611150,scenario_61113A,P2_direct_ext3_exact_text,portal16,당신　방금、　티탄즈와　교전하고,10,18,E51849BE,,0,,1,
6111B6,scenario_6111A3,P4_direct_ext3_text_drift,portal16,솔직히　말하지……　그　힘을,18,18,E5180AA8,,0,,1,
61121F,scenario_61120F,P4_direct_ext3_text_drift,portal16,그렇다고　혼자　지구권을,12,18,E5184B12,,0,,1,
61123D,scenario_61120F,P4_direct_ext3_text_drift,portal16,놈을　몰아붙일　수만　있다면,14,18,E51829C4,,0,,1,
611270,scenario_61125F,P2_direct_ext3_exact_text,portal16,하지만、　중위。,6,18,E51849C1,,0,,1,
611292,scenario_611286,P3_direct_ext3_control_adjacent_text_drift,portal16,……아인의　배신으로。,10,18,E5180CE5,,0,,2,082B
6112D9,scenario_6112CD,P4_direct_ext3_text_drift,portal16,그걸　위해　우리　에우고를,7,18,E5181C7A,,0,,1,
611326,scenario_611318,P4_direct_ext3_text_drift,portal16,자네　목적이　뭐든、　우리에게,14,18,E518010A,,0,,1,
611345,scenario_611318,P3_direct_ext3_control_adjacent_text_drift,portal16,자네들을　에우고에　환영하네。,11,18,E5181BEB,,0,,2,0802
611386,scenario_61137A,P4_direct_ext3_text_drift,portal16,그　폭발　속에서　몸을　감싸다니、,20,18,E518010E,,0,,1,
6113B2,scenario_6113A9,P4_direct_ext3_text_drift,portal16,큭！　한심하군……！！,11,18,E5183C83,,0,,2,
6113C0,scenario_6113A9,P4_direct_ext3_text_drift,portal16,작전에　패해　데라즈　각하를　잃고도,21,18,E5180111,,0,,1,
6113FC,scenario_6113E9,P4_direct_ext3_text_drift,portal16,살아남은　걸　한탄하기　전에、,16,18,E5180113,,0,,1,
611447,scenario_61142F,P4_direct_ext3_text_drift,portal16,연방군은　이제　중력에　혼을　빼앗긴,19,18,E5180118,,0,,1,
611472,scenario_61142F,P4_direct_ext3_text_drift,portal16,우리　에우고는　그런　자들로부터,12,18,E518011A,,0,,1,
61148D,scenario_61142F,P2_direct_ext3_exact_text,portal16,어떤가、　아나벨　가토　소령。,11,18,E5181B0A,,0,,1,
6114DE,scenario_6114D4,P4_direct_ext3_text_drift,portal16,원래　귀관들이　구해준　목숨이다。,16,18,E518011F,,0,,2,
6114F1,scenario_6114D4,P4_direct_ext3_text_drift,portal16,비천한　내　무력이　대의에　도움이　된다,16,18,E5180120,,0,,1,
611518,scenario_61150F,P4_direct_ext3_text_drift,portal16,다시　한번　에우고에　온　걸　환영하네。,12,18,E5183C84,,0,,1,
611593,scenario_611570,P4_direct_ext3_text_drift,portal16,가능하면　우리와　함께,8,18,E5180CE7,,0,,1,
6115BE,scenario_6115AD,P2_direct_ext3_exact_text,portal16,내　투쟁은、　저　우주　궤도상의,12,18,E518012B,,0,,1,
6115D8,scenario_6115AD,P4_direct_ext3_text_drift,portal16,가토마저　쓰러진　지금、,9,18,E5184B13,,0,,1,
611601,scenario_6115F7,P4_direct_ext3_text_drift,portal16,그렇다면　억지로　붙잡진　않겠네。,19,18,E5180130,,0,,1,
6116AF,scenario_6116A1,P2_direct_ext3_exact_text,portal16,그러나　그런　중고　셔틀을　견학하다니,16,18,E518935F,,0,,1,
6116E0,scenario_6116D2,P4_direct_ext3_text_drift,portal16,그　브라이트　함장이,5,18,E5180CE8,,0,,1,
61177C,scenario_611772,P2_direct_ext3_exact_text,portal16,여자의　이름인데…,8,18,E518C2A9,,0,,1,
611890,scenario_61187F,P4_direct_ext3_text_drift,portal16,뉴타입용　건담이란　소문도　있어,14,18,E5183B19,,0,,1,
6118B0,scenario_61187F,P4_direct_ext3_text_drift,portal16,듣자니、지구의　뉴타입　연구소에서,14,18,E5182C6A,,0,,1,
611903,scenario_6118EC,P4_direct_ext3_text_drift,portal16,이건　대위에게만　부탁할　수　있겠군。,15,18,E5183C87,,0,,1,
611936,scenario_611925,P4_direct_ext3_text_drift,portal16,아폴리와　로벨트를　데려갑니다。　그리고,13,18,E51819F5,,0,,1,
611958,scenario_611925,P4_direct_ext3_text_drift,portal16,릭　디어스의　성능이　있다면　사이드,10,18,E5183A3F,,0,,1,
6119A2,scenario_611990,P1_direct_ext3_exact_text_control_adjacent,portal16,설마…　…　녀석인가？,8,18,E5189370,,0,,2,1728
611A26,scenario_611A1B,P2_direct_ext3_exact_text,portal16,설마、　그　녀석도,6,18,E5180139,,0,,1,
611A73,scenario_611A63,P1_direct_ext3_exact_text_control_adjacent,portal16,나는　그　녀석을……！！,10,18,E518013E,,0,,2,1728
611AA6,scenario_611A88,P1_direct_ext3_exact_text_control_adjacent,portal16,이상하지　않은가！？,7,18,E5180141,,0,,2,1728
611B19,scenario_611B10,P3_direct_ext3_control_adjacent_text_drift,portal16,（지금이다……！！）,11,18,E5180146,,0,,2,1728
611B6A,scenario_611B51,P4_direct_ext3_text_drift,portal16,티탄즈는　언제쯤　여기가　지구와,13,18,E5184B14,,0,,1,
611BA4,scenario_611B95,P1_direct_ext3_exact_text_control_adjacent,portal16,카크리콘、　가자！！,8,18,E518014E,,0,,2,1728
611BE5,scenario_611BD0,P2_direct_ext3_exact_text,portal16,이렇게　된　이상　어쩔　수　없지……,16,18,E5180151,,0,,1,
611C37,scenario_611C2E,P2_direct_ext3_exact_text,portal16,이　기운、　아무로　레이……,12,18,E518C2BA,,0,,1,
611C70,scenario_611C58,P2_direct_ext3_exact_text,portal16,설마、　아까　말했던,8,18,E5180157,,0,,1,
611CA5,scenario_611C8D,P2_direct_ext3_exact_text,portal16,그　녀석이　파일럿으로　발탁되어　왔다면,14,18,E518015B,,0,,1,
611CFE,scenario_611CE3,P3_direct_ext3_control_adjacent_text_drift,portal16,저기에는　또　１기의　건담이……,13,18,E518C2BB,,0,,2,0886
611D7A,scenario_611D6A,P4_direct_ext3_text_drift,portal16,직접　마중　나가　드려야지。　그,10,18,E5182A84,,0,,1,
611D96,scenario_611D6A,P1_direct_ext3_exact_text_control_adjacent,portal16,……후후후。,5,18,E518C058,,0,,2,1728
611DF8,scenario_611DF0,P2_direct_ext3_exact_text,portal16,세라를　죽여놓고선、,11,18,E5189199,,0,,1,
611E20,scenario_611E13,P1_direct_ext3_exact_text_control_adjacent,portal16,제가요？　그녀를요？,10,18,E518016A,,0,,2,1728
611E4C,scenario_611E3F,P4_direct_ext3_text_drift,portal16,저는　그때　이후로　줄곧　중위님,9,18,E5181A83,,0,,1,
611E62,scenario_611E3F,P4_direct_ext3_text_drift,portal16,연방군과　마주쳐　중위가　피격돼……,19,18,E518016E,,0,,2,
611E78,scenario_611E3F,P2_direct_ext3_exact_text,portal16,설마、　전사하신　게　아닐까　하며,12,18,E518016F,,0,,1,
611E8F,scenario_611E3F,P2_direct_ext3_exact_text,portal16,무사하셨다면　연락이라도,10,18,E5180171,,0,,1,
611EAE,scenario_611EA4,P2_direct_ext3_exact_text,portal16,설마、　네놈……,7,18,E5180174,,0,,1,
611EC2,scenario_611EA4,P1_direct_ext3_exact_text_control_adjacent,portal16,자신이　무슨　짓을　저질렀는지！！,9,18,E5180176,,0,,2,1728
611EE5,scenario_611ED8,P4_direct_ext3_text_drift,portal16,아어、　그렇군요……　중위님　관점에선,7,18,E5181A66,,0,,1,
611F6F,scenario_611F5E,P4_direct_ext3_text_drift,portal16,고작　인형　하나、,8,18,E5184C89,,0,,1,
611FEE,scenario_611FD7,P4_direct_ext3_text_drift,portal16,가능하면　중위는　얌전히,8,18,E5182C6C,,0,,1,
612009,scenario_611FD7,P2_direct_ext3_exact_text,portal16,이　정도로　흥분해　핏대를　세우시니,15,18,E51874B4,,0,,1,
6121AD,scenario_6121A4,P2_direct_ext3_exact_text,portal16,저는　적이　아닙니다！,7,18,E518018C,,0,,1,
61234A,scenario_61233E,P1_direct_ext3_exact_text_control_adjacent,portal16,……모빌슈트인가！？,7,18,E518019B,,0,,2,1728
61236B,scenario_61235E,P1_direct_ext3_exact_text_control_adjacent,portal16,누가　저　녀석　좀　저지해라……！！,14,18,E518019D,,0,,2,1728
612391,scenario_612384,P2_direct_ext3_exact_text,portal16,모노아이를　장착한,7,18,E518C2BF,,0,,1,
612433,scenario_612410,P3_direct_ext3_control_adjacent_text_drift,portal16,중위、　그　건담으로　싸울　수　있나？,12,18,E5184BF1,,0,,2,0802
612458,scenario_612445,P1_direct_ext3_exact_text_control_adjacent,portal16,……기필코　타보이고　말겠어！,6,18,E51801A5,,0,,2,1728
6124AD,scenario_6124A0,P2_direct_ext3_exact_text,portal16,그러니　이　실책은,8,18,E51801A9,,0,,1,
6124D8,scenario_6124CD,P1_direct_ext3_exact_text_control_adjacent,portal16,머릿수가　너무　많군……　곤란한데。,13,18,E51801AB,,0,,2,1728
6125A9,scenario_612597,P4_direct_ext3_text_drift,portal16,내　역량은　１년　전쟁　시절과　비교해,11,18,E51801B2,,0,,1,
6125C9,scenario_612597,P2_direct_ext3_exact_text,portal16,결국　올드타입에　불과한　자네　따위가,7,18,E51801B4,,0,,1,
6125F6,scenario_6125EC,P2_direct_ext3_exact_text,portal16,혼자서만　싸우려　들지　마라！,10,18,E51801B6,,0,,1,
612635,scenario_612622,P2_direct_ext3_exact_text,portal16,중위는　뒤로　물러나게。,8,18,E51801BA,,0,,1,
6126E2,scenario_6126D5,P3_direct_ext3_control_adjacent_text_drift,portal16,……젠장！,5,18,E51801C1,,0,,2,1728
61278D,scenario_61276F,P1_direct_ext3_exact_text_control_adjacent,portal16,크와트로　대위　일행을　구출한다！,11,18,E51801C9,,0,,2,1728
6127B4,scenario_6127A3,P1_direct_ext3_exact_text_control_adjacent,portal16,예비　부대를　전선에　투입해라！！,9,18,E51801CB,,0,,2,1728
6127D4,scenario_6127C8,P4_direct_ext3_text_drift,portal16,진심으로　겨뤄보고　싶다만、　이곳은　내,15,18,E51839F2,,0,,1,
6127F5,scenario_6127C8,P1_direct_ext3_exact_text_control_adjacent,portal16,……일단은、　다음을　기약하지。,16,18,E51801CE,,0,,2,1728
612825,scenario_612810,P4_direct_ext3_text_drift,portal16,다음　교전　땐　네놈을　가장　먼저　도륙,19,18,E51874B7,,0,,1,
612865,scenario_61284C,P4_direct_ext3_text_drift,portal16,카미유가　남자　이름이라서　뭐가　나빠！,18,18,E518C056,,0,,1,
612919,scenario_6128FE,P2_direct_ext3_exact_text,portal16,……무슨　할　말이라도　있는가？,15,18,E51801DA,,0,,1,
61294B,scenario_61293E,P4_direct_ext3_text_drift,portal16,처벌하시려면　원하시는　대로　마음껏,5,18,E5183A68,,0,,1,
612984,scenario_61296F,P4_direct_ext3_text_drift,portal16,그　태도를　계속하는　한、,15,18,E5181B0C,,0,,1,
6129C7,scenario_6129B3,P4_direct_ext3_text_drift,portal16,예전의　너라면　말하지　않아도,15,18,E5180B46,,0,,1,
612A18,scenario_6129F3,P4_direct_ext3_text_drift,portal16,하지만　다음에도　같은　짓을　하면,15,18,E5184B16,,0,,1,
612ADB,scenario_612ABF,P3_direct_ext3_control_adjacent_text_drift,portal16,……회선、엽니다。,9,18,E5184C8C,,0,,2,1728
612B00,scenario_612AF3,P2_direct_ext3_exact_text,portal16,티탄즈의　최신예　모빌슈트를,8,18,E51801ED,,0,,1,
612B16,scenario_612AF3,P1_direct_ext3_exact_text_control_adjacent,portal16,과연　크와트로　대위로군。,9,18,E51801EF,,0,,2,1728
612B41,scenario_612B27,P4_direct_ext3_text_drift,portal16,티탄즈　신형기를　확보한　건,13,18,E5180B4C,,0,,1,
612B97,scenario_612B7F,P4_direct_ext3_text_drift,portal16,합류하고　나면　그　소년과　직접　대화할,13,18,E51801F8,,0,,1,
612C02,scenario_612BF6,P2_direct_ext3_exact_text,portal16,자네가　적극　도운　덕분에　티탄즈의,8,18,E51801FD,,0,,1,
612C19,scenario_612BF6,P3_direct_ext3_control_adjacent_text_drift,portal16,보통　사람은　할　수　없는　일이지。,10,18,E5183BF6,,0,,2,081E
612CB4,scenario_612CA4,P4_direct_ext3_text_drift,portal16,그러니、　눈에　띄는　차이는,14,18,E5180207,,0,,1,
612CF3,scenario_612CD8,P4_direct_ext3_text_drift,portal16,티탄즈의　횡포는　자네도　알겠지。,18,18,E518020B,,0,,1,
612D27,scenario_612D1E,P4_direct_ext3_text_drift,portal16,……네。,5,18,E518FC27,,0,,1,
612D66,scenario_612D56,P4_direct_ext3_text_drift,portal16,자네의　전용　기체일세。　에우고　도색,8,18,E5183A28,,0,,1,
612DE0,scenario_612DBD,P4_direct_ext3_text_drift,portal16,미안하지만、　모니터　옆의,17,18,E5182AFA,,0,,1,
612E03,scenario_612DBD,P3_direct_ext3_control_adjacent_text_drift,portal16,듣고　있나！？,9,18,E5180CEE,,0,,2,0802
612E20,scenario_612E12,P4_direct_ext3_text_drift,portal16,얼굴의　상처는　그대로지？,13,18,E5184B17,,0,,1,
612E94,scenario_612E8A,P1_direct_ext3_exact_text_control_adjacent,portal16,자네……,6,18,E518021C,,0,,2,1728
612EB7,scenario_612EA7,P1_direct_ext3_exact_text_control_adjacent,portal16,나는、　기필코　그　배신자　녀석을……！,12,18,E518021E,,0,,2,080D
612EED,scenario_612EDB,P4_direct_ext3_text_drift,portal16,신형기를　속수무책으로　빼앗기다니……,13,18,E5180220,,0,,1,
612F62,scenario_612F54,P4_direct_ext3_text_drift,portal16,그래서　바스크　옴　대령께,13,18,E5182AFB,,0,,1,
612FAA,scenario_612F98,P4_direct_ext3_text_drift,portal16,그　외눈박이와　건담ＭｋⅡ、,12,18,E5180B7D,,0,,1,
613037,scenario_613017,P3_direct_ext3_control_adjacent_text_drift,portal16,……위험하지　않나？,7,18,E5180CF0,,0,,2,0807
613062,scenario_613044,P3_direct_ext3_control_adjacent_text_drift,portal16,자네도　그걸　모르는　건　아니겠지？,13,18,E5180C55,,0,,2,0835
6130B7,scenario_6130AA,P4_direct_ext3_text_drift,portal16,티탄즈의　모빌슈트가,6,18,E5182C71,,0,,1,
613129,scenario_613117,P4_direct_ext3_text_drift,portal16,그리프스의　바스크　옴　대령이,12,18,E5184C90,,0,,1,
61319D,scenario_613192,P4_direct_ext3_text_drift,portal16,이　무슨　파렴치한　짓인가！,9,18,E5182C73,,0,,1,
6131FC,scenario_6131ED,P4_direct_ext3_text_drift,portal16,건담　Ｍｋ－ＩＩ와　그　신형기、,13,18,E5180CF3,,0,,1,
61321C,scenario_6131ED,P4_direct_ext3_text_drift,portal16,……에우고　지지자들을,9,18,E5181B11,,0,,1,
613277,scenario_613258,P4_direct_ext3_text_drift,portal16,티탄즈는　지온　잔당　소탕을　명목으로,17,18,E5181C89,,0,,1,
61329B,scenario_613258,P4_direct_ext3_text_drift,portal16,그들을　처형하겠다고,6,18,E5183C92,,0,,1,
613371,scenario_613369,P4_direct_ext3_text_drift,portal16,인질은　셔틀　템테이션에　타고,10,18,E5184C95,,0,,1,
613385,scenario_613369,P4_direct_ext3_text_drift,portal16,정장인　브라이트　노아　중령이,13,18,E5181C8C,,0,,1,
6133B6,scenario_6133A5,P4_direct_ext3_text_drift,portal16,고작　셔틀　선장　따위가,11,18,E5184C96,,0,,1,
61346F,scenario_61345A,P4_direct_ext3_text_drift,portal16,모처럼　모은　사람들을　옆에서,14,18,E5184C98,,0,,1,
6134A6,scenario_61349B,P4_direct_ext3_text_drift,portal16,인질을　잡다니、,7,18,E5182C7B,,0,,1,
6134D5,scenario_6134C3,P4_direct_ext3_text_drift,portal16,하지만　제정상이　아니니까,11,18,E5180CFB,,0,,1,
613599,scenario_613584,P4_direct_ext3_text_drift,portal16,티탄즈　부대로군。,8,18,E5180CFD,,0,,2,
6135A4,scenario_613584,P4_direct_ext3_text_drift,portal16,……비무장　셔틀을　상대로,14,18,E5181C92,,0,,1,
613600,scenario_6135F2,P4_direct_ext3_text_drift,portal16,너희、그런　곳에서,9,18,E5181C93,,0,,1,
613680,scenario_61365D,P4_direct_ext3_text_drift,portal16,지금　우리는　작전　행동　중이다。,13,18,E5182C80,,0,,1,
6136C3,scenario_6136B6,P4_direct_ext3_text_drift,portal16,여기는　셔틀　템테이션의,8,18,E5180D01,,0,,1,
61371B,scenario_6136FB,P3_direct_ext3_control_adjacent_text_drift,portal16,티탄즈가　그들을　쫓아왔습니다！,12,18,E5181C96,,0,,2,1728
61374E,scenario_613742,P4_direct_ext3_text_drift,portal16,더는　우리를　귀찮게　하기　전에、,17,18,E5183C9F,,0,,1,
6137B8,scenario_6137A4,P2_direct_ext3_exact_text,portal16,브라이트　중령의,5,18,E5184CA1,,0,,1,
613805,scenario_6137E7,P1_direct_ext3_exact_text_control_adjacent,portal16,……이렇게　할　수밖에　없잖아！！,14,18,E5184CA2,,0,,2,1728
61386D,scenario_613852,P3_direct_ext3_control_adjacent_text_drift,portal16,템테이션、급속　발진！,11,18,E5183CA2,,0,,2,0899
6138D4,scenario_6138C6,P4_direct_ext3_text_drift,portal16,모빌슈트대、발진！,7,18,E5183CA3,,0,,1,
613905,scenario_6138F0,P1_direct_ext3_exact_text_control_adjacent,portal16,……어떻게　할까요？,5,18,E5180275,,0,,2,1728
61394D,scenario_61393C,P2_direct_ext3_exact_text,portal16,그럼　마침　잘　되었군。,7,18,E5180278,,0,,2,
613957,scenario_61393C,P2_direct_ext3_exact_text,portal16,예비대를　발진시켜라！,8,18,E5180279,,0,,1,
61398D,scenario_613975,P2_direct_ext3_exact_text,portal16,……어쩔　수　없군。,7,18,E518C060,,0,,1,
6139A1,scenario_613975,P1_direct_ext3_exact_text_control_adjacent,portal16,나도　모빌슈트로　출격하겠다！！,10,18,E518C05F,,0,,2,1728
613A0C,scenario_6139F4,P2_direct_ext3_exact_text,portal16,이런　일반　부대와　묶여　버리면,15,18,E5180280,,0,,1,
613B17,scenario_613B0C,P2_direct_ext3_exact_text,portal16,하지만　알려주십시오、　라이라　대위님！,12,18,E518028A,,0,,1,
613B6D,scenario_613B4F,P2_direct_ext3_exact_text,portal16,그러기　위해선　체면을　버리고서라도,9,18,E518028F,,0,,1,
613B88,scenario_613B4F,P1_direct_ext3_exact_text_control_adjacent,portal16,나도　그　정도쯤은　알고　있습니다。,15,18,E5180291,,0,,2,0877
613BAD,scenario_613B9D,P4_direct_ext3_text_drift,portal16,그럼　나한테　맡겨봐。　네놈이　아가마를,12,18,E5181787,,0,,1,
613C3B,scenario_613C32,P2_direct_ext3_exact_text,portal16,……예。　인질을　잡는　행위　등은,12,18,E5180299,,0,,1,
613CDA,scenario_613CD0,P4_direct_ext3_text_drift,portal16,저는　제가　믿는　대로,12,18,E5180B81,,0,,1,
613D01,scenario_613CF8,P4_direct_ext3_text_drift,portal16,……자네의　그　감각은　믿을　만해。,17,18,E5183BF8,,0,,2,
613D15,scenario_613CF8,P2_direct_ext3_exact_text,portal16,에우고에　합류한　것을　환영하네、,11,18,E51802A2,,0,,1,
613D4F,scenario_613D3F,P2_direct_ext3_exact_text,portal16,귀관　같은　유능한　인재가,6,18,E51802A5,,0,,1,
613D71,scenario_613D67,P1_direct_ext3_exact_text_control_adjacent,portal16,……조금、　달라졌군。,10,18,E51802A7,,0,,2,080F
613D8B,scenario_613D81,P2_direct_ext3_exact_text,portal16,그　『별의　부스러기』　전투를　통해,13,18,E51802A9,,0,,1,
613DA5,scenario_613D81,P4_direct_ext3_text_drift,portal16,……크와트로　대위께　구원받아、,15,18,E5184B1D,,0,,1,
613DCA,scenario_613D81,P2_direct_ext3_exact_text,portal16,하지만　변한　것이라면,11,18,E51802AC,,0,,1,
613DE2,scenario_613D81,P4_direct_ext3_text_drift,portal16,……예전처럼　힘이　들어가진　않았군。,17,18,E51802AE,,0,,1,
613E0E,scenario_613E05,P4_direct_ext3_text_drift,portal16,너한테　그런　평가를　들을　날이　올,10,18,E51802B1,,0,,1,
613E39,scenario_613E28,P4_direct_ext3_text_drift,portal16,서로　과거의　해묵은　악연은　잊고　동일,14,18,E518376B,,0,,1,
613E9E,scenario_613E8A,P2_direct_ext3_exact_text,portal16,자네에게　한　수　가르쳐　주지。,10,18,E51802BA,,0,,1,
613F01,scenario_613EE5,P3_direct_ext3_control_adjacent_text_drift,portal16,같이　술이라도……　마시지　않겠나？,16,18,E5189384,,0,,2,1728
613F2F,scenario_613F1E,P4_direct_ext3_text_drift,portal16,좋은　남자가　된다면,7,18,E5182B01,,0,,1,
613F4A,scenario_613F1E,P1_direct_ext3_exact_text_control_adjacent,portal16,……그것도　제법　낭만적이겠지。,10,18,E51802C3,,0,,2,1728
614017,scenario_61400B,P4_direct_ext3_text_drift,portal16,붉은　ＭＳ를　타고……,13,18,E5184B1E,,0,,1,
61405F,scenario_614043,P1_direct_ext3_exact_text_control_adjacent,portal16,……그렇지만！！,6,18,E51802CD,,0,,2,1728
6140CA,scenario_6140BE,P4_direct_ext3_text_drift,portal16,붉은　ＭＳ를　타고……,13,18,E5181B16,,0,,1,
614193,scenario_614183,P4_direct_ext3_text_drift,portal16,에우고　머저리들에게　우리의　매서운,7,18,E5184A56,,0,,1,
61421A,scenario_614211,P4_direct_ext3_text_drift,portal16,그런가！　난　방금……,9,18,E5183CA5,,0,,1,
614235,scenario_614211,P3_direct_ext3_control_adjacent_text_drift,portal16,이해가　무의식의　반감이　되는군……,19,18,E51802D7,,0,,2,1728
61427C,scenario_614272,P2_direct_ext3_exact_text,portal16,대체　무슨　말을　털어놓으려던　거요！？,9,18,E51802DB,,0,,1,
614337,scenario_614323,P1_direct_ext3_exact_text_control_adjacent,portal16,라이라……　젠장아아아악！！,9,18,E51802E3,,0,,2,1728
6143B7,scenario_6143AB,P4_direct_ext3_text_drift,portal16,……미안하군。,5,18,E5183CA7,,0,,1,
6143EC,scenario_6143D0,P4_direct_ext3_text_drift,portal16,어쩌면　우리가　싸우는　걸,13,18,E5181B17,,0,,1,
614444,scenario_614424,P2_direct_ext3_exact_text,portal16,그　멧사라라고　칭하는,6,18,E51802F0,,0,,1,
614490,scenario_614486,P4_direct_ext3_text_drift,portal16,도움이　없어도、　내　멧사라면,16,18,E5180B84,,0,,1,
6144B2,scenario_614486,P3_direct_ext3_control_adjacent_text_drift,portal16,……간다！,6,18,E5181B38,,0,,2,1728
6144D1,scenario_6144C3,P4_direct_ext3_text_drift,portal16,라라아와도、　아무로와도　완전히　이질적,13,18,E518C2F0,,0,,1,
61451A,scenario_614507,P4_direct_ext3_text_drift,portal16,아직은　아인　레비가　허무하게　사살당하,16,18,E518919D,,0,,1,
6145B2,scenario_61459E,P1_direct_ext3_exact_text_control_adjacent,portal16,추락해라、　하루살이　녀석！！,9,18,E51802FF,,0,,2,1728
614630,scenario_61460F,P3_direct_ext3_control_adjacent_text_drift,portal16,그래……　자네　같은　여성이。,11,18,E5183BF9,,0,,2,087F
61475A,scenario_614741,P3_direct_ext3_control_adjacent_text_drift,portal16,이런　식으로　말해야　하나？,13,18,E5180C57,,0,,2,1728
614795,scenario_61477B,P4_direct_ext3_text_drift,portal16,뭐、　죽는다고　해도,9,18,E5181B19,,0,,1,
6147B2,scenario_61477B,P3_direct_ext3_control_adjacent_text_drift,portal16,……슬슬、　작별할까？,15,18,E5182BD9,,0,,2,1728
614823,scenario_61480D,P4_direct_ext3_text_drift,portal16,네가　그　자리에　버티고　있으면　포격을,11,18,E518031B,,0,,1,
6148FC,scenario_6148EA,P4_direct_ext3_text_drift,portal16,지금　저　녀석을　쓰러뜨릴　거야！,13,18,E5182C8D,,0,,1,
61498C,scenario_614971,P4_direct_ext3_text_drift,portal16,소중한　사람을　잃었으니、,10,18,E518032D,,0,,1,
6149A9,scenario_614971,P4_direct_ext3_text_drift,portal16,……하지만、　고집을,10,18,E518032F,,0,,1,
6149F1,scenario_6149E6,P4_direct_ext3_text_drift,portal16,당신에게　무슨　일이　있었는지。,8,18,E5180332,,0,,1,
614A27,scenario_614A18,P4_direct_ext3_text_drift,portal16,세라의　원수를　갚겠다면,14,18,E5181B1B,,0,,1,
614A84,scenario_614A6D,P4_direct_ext3_text_drift,portal16,자네가　정말로　세라를　알고　있고,6,18,E5183A7A,,0,,1,
614AC0,scenario_614AB1,P3_direct_ext3_control_adjacent_text_drift,portal16,같이　그　녀석을　쓰러뜨리자！！,13,18,E518033B,,0,,2,1728
614B82,scenario_614B71,P2_direct_ext3_exact_text,portal16,어쩔　수　없지、　오늘　기동　작전은,9,18,E5180342,,0,,1,
614BF8,scenario_614BEA,P3_direct_ext3_control_adjacent_text_drift,portal16,오늘은　출격하지　않았군요？,14,18,E5180346,,0,,2,0802
614C57,scenario_614C47,P3_direct_ext3_control_adjacent_text_drift,portal16,잡담은　그쯤　해줬으면　좋겠군。,17,18,E518034B,,0,,2,0809
614C88,scenario_614C6E,P4_direct_ext3_text_drift,portal16,저는　파렌　소위라고　합니다、　안만　본,7,18,E5181756,,0,,1,
614CE6,scenario_614CDC,P3_direct_ext3_control_adjacent_text_drift,portal16,더는　시간을　끌　수　없군。,15,18,E5183BFB,,0,,2,1728
614D73,scenario_614D6A,P3_direct_ext3_control_adjacent_text_drift,portal16,시그가　없어……！？,8,18,E5182C8E,,0,,2,1728
614DDC,scenario_614DC1,P4_direct_ext3_text_drift,portal16,……왜지？,5,18,E5181CA3,,0,,2,
614DE4,scenario_614DC1,P3_direct_ext3_control_adjacent_text_drift,portal16,왜　시스템이　반응하지　않았지！？,13,18,E5180357,,0,,2,1728
614E83,scenario_614E6B,P3_direct_ext3_control_adjacent_text_drift,portal16,그럼　어쩔　수　없지！！,8,18,E5180C59,,0,,2,1728
614F1A,scenario_614EFB,P4_direct_ext3_text_drift,portal16,싸움은　혼자　하는　게　아니야……,14,18,E5180361,,0,,2,
614F2B,scenario_614EFB,P4_direct_ext3_text_drift,portal16,놈에게　한방　먹일　수　있어서,16,18,E51874C9,,0,,1,
614F95,scenario_614F7D,P4_direct_ext3_text_drift,portal16,그렇다면　무리할　필요는　없다。,13,18,E5180B88,,0,,1,
614FC8,scenario_614FBE,P4_direct_ext3_text_drift,portal16,더　싸움을　계속하면、,10,18,E5184B26,,0,,1,
614FE5,scenario_614FBE,P4_direct_ext3_text_drift,portal16,미안하지만、　결판은　다음이다。,17,18,E5180368,,0,,1,
615033,scenario_61502A,P4_direct_ext3_text_drift,portal16,아무래도　여기까지인　모양이네。,10,18,E5181B1D,,0,,1,
61507E,scenario_615067,P4_direct_ext3_text_drift,portal16,전　기체、　티탄즈와의　전투로！,14,18,E5183B2B,,0,,1,
615115,scenario_615103,P3_direct_ext3_control_adjacent_text_drift,ordinary_native,이건……！！,5,18,E518183A,03C6,1,F3C6010101,2,1728
61515B,scenario_61513B,P1_direct_ext3_exact_text_control_adjacent,portal16,……바스크　대령님！,7,18,E5180375,,0,,2,1728
615258,scenario_615235,P2_direct_ext3_exact_text,portal16,이것은、　우리　네오　지온의　총수,10,18,E518C303,,0,,1,
6152F1,scenario_6152CA,P3_direct_ext3_control_adjacent_text_drift,portal16,……그들의　의도를　직접　확인한다。,15,18,E5182BDC,,0,,2,082B
61533C,scenario_615321,P4_direct_ext3_text_drift,portal16,참석이　허용되는　건,9,18,E5183CAD,,0,,1,
61535B,scenario_615321,P2_direct_ext3_exact_text,portal16,티탄즈에도　비슷한　신청이　있습니다。,13,18,E518C309,,0,,1,
615397,scenario_61537F,P2_direct_ext3_exact_text,portal16,……받을　수밖에　없을　것이다。,13,18,E5189391,,0,,2,
6153A7,scenario_61537F,P4_direct_ext3_text_drift,portal16,참석자는　나와　크와트로　대위。,11,18,E518C30A,,0,,1,
6153DF,scenario_6153CA,P4_direct_ext3_text_drift,portal16,그리고　만일　경우에　대비하여　아가마에,12,18,E51837DC,,0,,1,
615465,scenario_615444,P2_direct_ext3_exact_text,portal16,우리를　부르는　것은　하만　칸…,18,18,E518C312,,0,,1,
6154D9,scenario_6154B6,P4_direct_ext3_text_drift,portal16,뭐、고작　지온　잔당　따위에게,12,18,E5180D12,,0,,1,
615529,scenario_61550E,P4_direct_ext3_text_drift,portal16,수행원으론　프로스트　형제와,9,18,E5183CAF,,0,,1,
615551,scenario_615545,P4_direct_ext3_text_drift,portal16,하필　그런　자들을,12,18,E5184CB0,,0,,1,
61557F,scenario_61556C,P2_direct_ext3_exact_text,portal16,게다가、　녀석들은　만일의　경우,15,18,E518939E,,0,,1,
6155A2,scenario_61556C,P4_direct_ext3_text_drift,portal16,……안심해、　바스크。　나에게　충성스러,10,18,E5183A54,,0,,1,
6155F9,scenario_6155D1,P1_direct_ext3_exact_text_control_adjacent,portal16,뒷일은　자네에게　맡기겠네。,7,18,E518037F,,0,,2,0853
615692,scenario_615672,P4_direct_ext3_text_drift,portal16,또　템테이션에　수용한　민간인을,13,18,E5184B28,,0,,1,
615701,scenario_6156E3,P4_direct_ext3_text_drift,portal16,게다가　자네의　지휘관　능력은,11,18,E5183B2C,,0,,1,
61571B,scenario_6156E3,P4_direct_ext3_text_drift,portal16,자네라면　훌륭히　해낼　거라,17,18,E5181CA8,,0,,1,
61579F,scenario_615787,P4_direct_ext3_text_drift,portal16,아직　풋내기지만、　앞으로의　싸움엔,16,18,E5180393,,0,,1,
6157F4,scenario_6157DA,P4_direct_ext3_text_drift,portal16,애너하임　일렉트로닉스에서,14,18,E5181B1F,,0,,1,
615846,scenario_615835,P4_direct_ext3_text_drift,portal16,계속　중위인　건、,9,18,E5180B8B,,0,,1,
6158AA,scenario_61589F,P2_direct_ext3_exact_text,portal16,설마、　자네는,5,18,E518039C,,0,,1,
6158D2,scenario_6158BE,P2_direct_ext3_exact_text,portal16,미안　파렌　소위、,8,18,E5181B20,,0,,1,
6158EB,scenario_6158BE,P4_direct_ext3_text_drift,portal16,보충병으로　아가마에　근무하게,20,18,E51803A0,,0,,1,
615920,scenario_615915,P1_direct_ext3_exact_text_control_adjacent,portal16,아무쪼록……　잘　부탁하네。,7,18,E51803A2,,0,,2,1728
615993,scenario_615977,P3_direct_ext3_control_adjacent_text_drift,portal16,그만큼　파고들　틈이　생긴　거지。,17,18,E51803A5,,0,,2,0835
6159C8,scenario_6159AA,P4_direct_ext3_text_drift,portal16,얼마나　효과가　있을진　모르지만、,16,18,E51803A8,,0,,1,
615A0D,scenario_6159F5,P3_direct_ext3_control_adjacent_text_drift,portal16,함께　액시즈로　향하게　된다。,15,18,E51803AB,,0,,2,0835
615AA2,scenario_615A8E,P4_direct_ext3_text_drift,portal16,그녀와　싸우며、　그게　아직,12,18,E51803B0,,0,,1,
615AE6,scenario_615AC8,P4_direct_ext3_text_drift,portal16,기동에　문제나　에러가　식별되었다면　현,7,18,E5184793,,0,,1,
615B01,scenario_615AC8,P4_direct_ext3_text_drift,portal16,도구에　감정을　이입하는　건,9,18,E5184B2C,,0,,1,
615C15,scenario_615BF2,P1_direct_ext3_exact_text_control_adjacent,portal16,만약　그렇다면　실로　하찮은　수준의……,12,18,E51803BF,,0,,2,1728
615D0E,scenario_615CF3,P4_direct_ext3_text_drift,portal16,우선　회담　제안을　흔쾌히,10,18,E5181B23,,0,,1,
615D2E,scenario_615CF3,P2_direct_ext3_exact_text,portal16,저、　지온　줌　다이쿤의,8,18,E518C326,,0,,1,
615D45,scenario_615CF3,P4_direct_ext3_text_drift,portal16,스페이스노이드를　대표해、,10,18,E5183B31,,0,,1,
615D94,scenario_615D85,P1_direct_ext3_exact_text_control_adjacent,portal16,샤아　아즈나블　대령이　맞군！！,9,18,E518C329,,0,,2,082B
615DBB,scenario_615DAF,P4_direct_ext3_text_drift,portal16,변함없구나。　다시　만나　기쁘다。,20,18,E51803CE,,0,,1,
615E61,scenario_615E49,P4_direct_ext3_text_drift,portal16,드디어　네오　지온이　움직일　때다。,19,18,E518C32D,,0,,1,
615E85,scenario_615E49,P4_direct_ext3_text_drift,portal16,우주　이민자들의　진정한　번영은　지온의,11,18,E5183898,,0,,1,
615F95,scenario_615F7E,P4_direct_ext3_text_drift,portal16,지온의　망령들이　지구를　뒤흔들기,18,18,E518C32F,,0,,1,
6162C7,scenario_6162B7,P4_direct_ext3_text_drift,portal16,이젠　꾸물거릴　때가　아니다！,11,18,E5184B2F,,0,,1,
6162F8,scenario_6162E6,P2_direct_ext3_exact_text,portal16,모빌슈트　부대　전　기　발진！,5,18,E51803ED,,0,,2,
6163B4,scenario_616393,P3_direct_ext3_control_adjacent_text_drift,portal16,제가　가겠습니다！！,7,18,E5184CB3,,0,,2,1728
6164CF,scenario_6164AE,P4_direct_ext3_text_drift,portal16,자、　자네가……　자네가　앞으로　우리,6,18,E5181A54,,0,,1,
6164E5,scenario_6164AE,P1_direct_ext3_exact_text_control_adjacent,portal16,샤아　아즈나블……　윽！,10,18,E518C335,,0,,2,082B
616574,scenario_61655D,P4_direct_ext3_text_drift,portal16,티탄즈든　에우고든、,9,18,E5180407,,0,,1,
616631,scenario_61661F,P2_direct_ext3_exact_text,portal16,……앗、　아뇨！,8,18,E5180411,,0,,2,
61663C,scenario_61661F,P4_direct_ext3_text_drift,portal16,아～～,5,18,E518E4A6,,0,,2,
616682,scenario_616679,P4_direct_ext3_text_drift,portal16,저런　여자한테　잘난　척을　당하고……,14,18,E5183BFE,,0,,2,
616693,scenario_616679,P4_direct_ext3_text_drift,portal16,아니、　틀렸군！,8,18,E5183B34,,0,,1,
616832,scenario_616813,P4_direct_ext3_text_drift,portal16,각하의　유언이다。,7,18,E5180429,,0,,1,
616861,scenario_61684E,P4_direct_ext3_text_drift,portal16,자미토프　각하가　네놈　따위에게,12,18,E5183B36,,0,,1,
61689B,scenario_616889,P4_direct_ext3_text_drift,portal16,자미토프　각하의　뜻은　완수해야　해。,14,18,E518042E,,0,,1,
616926,scenario_616912,P4_direct_ext3_text_drift,portal16,자미토프　각하는　네오　지온과,11,18,E518C339,,0,,1,
616945,scenario_616912,P4_direct_ext3_text_drift,portal16,우리는　이　파렴치하고　천인공노할,15,18,E51874CF,,0,,1,
616964,scenario_616912,P2_direct_ext3_exact_text,portal16,영광스러운　티탄즈의　전사　장병들이여！,7,18,E5180437,,0,,1,
61697A,scenario_616912,P3_direct_ext3_control_adjacent_text_drift,portal16,함께　각하의　한을　풀자！,16,18,E5180439,,0,,2,1728
6169A2,scenario_616995,P1_direct_ext3_exact_text_control_adjacent,portal16,대위님！　레코아　소위！！,11,18,E518043B,,0,,2,1728
616A53,scenario_616A3D,P4_direct_ext3_text_drift,portal16,레코아　소위、　자네는　지체하지　말고,5,18,E5184A11,,0,,1,
616A66,scenario_616A3D,P3_direct_ext3_control_adjacent_text_drift,portal16,나는　그를　찾은　뒤에……,10,18,E5183BFF,,0,,2,1728
616B27,scenario_616B1A,P4_direct_ext3_text_drift,portal16,난　아무것에도　기대지　않고、,10,18,E5180449,,0,,1,
616B46,scenario_616B1A,P3_direct_ext3_control_adjacent_text_drift,portal16,이　정도　위기는　대수롭지　않다。,16,18,E518044B,,0,,2,087F
616D85,scenario_616D77,P4_direct_ext3_text_drift,portal16,조금　사정이　있어서……,10,18,E5180459,,0,,1,
616DDC,scenario_616DC1,P1_direct_ext3_exact_text_control_adjacent,portal16,자、　어서　튀자！！,9,18,E518045D,,0,,2,1728
616DFE,scenario_616DF0,P2_direct_ext3_exact_text,portal16,……좋아！,5,18,E5182B77,,0,,1,
616E12,scenario_616DF0,P4_direct_ext3_text_drift,portal16,크와트로　대위　일행은　무사합니다！,14,18,E5184368,,0,,1,
616F04,scenario_616EFB,P4_direct_ext3_text_drift,portal16,이대로면　내버려둬도,13,18,E5180469,,0,,1,
616F1F,scenario_616EFB,P4_direct_ext3_text_drift,portal16,나머지는　에우고에　맡기지。,12,18,E5180D19,,0,,1,
616F85,scenario_616F7A,P2_direct_ext3_exact_text,portal16,……　전군、　철퇴하라！！,11,18,E51893A0,,0,,2,
616F93,scenario_616F7A,P4_direct_ext3_text_drift,portal16,네오　지온은　에우고와,9,18,E518C33F,,0,,1,
616FAA,scenario_616F7A,P4_direct_ext3_text_drift,portal16,더는　이　전장에　머물　필요　없다！！,16,18,E5184CB7,,0,,1,
617059,scenario_617050,P3_direct_ext3_control_adjacent_text_drift,portal16,카크리콘……　어째서……！？,8,18,E5184BFC,,0,,2,1728
6170C2,scenario_6170B9,P4_direct_ext3_text_drift,portal16,크와트로　대위　일행을　수용하고,10,18,E5180B95,,0,,1,
6170F6,scenario_6170E2,P4_direct_ext3_text_drift,portal16,대위　일행의　착함　구조를　완료하는　즉,6,18,E518C076,,0,,1,
617149,scenario_617140,P4_direct_ext3_text_drift,portal16,크와트로　대위　일행을　수용하고,10,18,E5183B38,,0,,1,
61717D,scenario_617169,P4_direct_ext3_text_drift,portal16,대위　일행의　착함　구조를　완료하는　즉,6,18,E518C076,,0,,1,
617277,scenario_617257,P4_direct_ext3_text_drift,portal16,그보다、　우린　에우고의,9,18,E5180483,,0,,1,
6172E5,scenario_6172DC,P4_direct_ext3_text_drift,portal16,네오　지온의　등장도　그렇지만……,17,18,E5180C5E,,0,,2,
6172F9,scenario_6172DC,P4_direct_ext3_text_drift,portal16,아까　전투에서　티탄즈는,10,18,E5183B39,,0,,1,
617392,scenario_617370,P4_direct_ext3_text_drift,portal16,지구에서　싸운다면、,7,18,E5180D1B,,0,,1,
61748F,scenario_61747E,P4_direct_ext3_text_drift,portal16,원래　내가　그　전함을　타고　있었던　것,17,18,E518C34E,,0,,1,
6174B4,scenario_61747E,P2_direct_ext3_exact_text,portal16,전에　네오지온이　샹그릴라에　왔을　때、,19,18,E518C350,,0,,1,
6174DD,scenario_61747E,P4_direct_ext3_text_drift,portal16,너희、지구로　내려갈　거지？,14,18,E5180D1C,,0,,1,
617585,scenario_61756F,P4_direct_ext3_text_drift,portal16,앞으로　네오　지온과　티탄즈를,14,18,E5185395,,0,,1,
6175A6,scenario_61756F,P3_direct_ext3_control_adjacent_text_drift,portal16,어떤가、쥬도　군？,7,18,E5185396,,0,,2,083B
6175C6,scenario_6175B3,P4_direct_ext3_text_drift,portal16,좋아、난　파일럿이　될게。,12,18,E5184CBA,,0,,1,
617680,scenario_617672,P4_direct_ext3_text_drift,portal16,제가　옛　티탄즈인　건　맞으니、,14,18,E5180B97,,0,,1,
6176B7,scenario_6176A6,P1_direct_ext3_exact_text_control_adjacent,portal16,나는　단지、　순수한　호기심에서……,13,18,E518C361,,0,,2,1728
6176DE,scenario_6176D1,P2_direct_ext3_exact_text,portal16,……그런　것이　아니라　말일세、,10,18,E5180492,,0,,1,
61771B,scenario_617708,P4_direct_ext3_text_drift,portal16,가능하면　짧게　부탁드립니다。,15,18,E5183B3A,,0,,1,
61774D,scenario_617741,P1_direct_ext3_exact_text_control_adjacent,portal16,뭐、　어쨌든、　그러니까……　흠。,13,18,E5180498,,0,,2,1728
61782C,scenario_61781F,P4_direct_ext3_text_drift,portal16,티탄즈만　상대하기도　벅찬데、,13,18,E5185399,,0,,1,
617887,scenario_617870,P4_direct_ext3_text_drift,portal16,아무래도　지구로　강하하려는,12,18,E518539B,,0,,1,
6178BC,scenario_6178A5,P4_direct_ext3_text_drift,portal16,온존한　전력을　이용해、,11,18,E518539C,,0,,1,
6178FB,scenario_6178F1,P4_direct_ext3_text_drift,portal16,지금부터　추격하면、,10,18,E518539E,,0,,1,
617912,scenario_6178F1,P3_direct_ext3_control_adjacent_text_drift,portal16,돌입　전의　틈을　노린다면、　어쩌면……,16,18,E51891A1,,0,,2,1728
617947,scenario_61793D,P4_direct_ext3_text_drift,portal16,카라바와　손잡고,9,18,E5183CBA,,0,,1,
617970,scenario_617967,P4_direct_ext3_text_drift,portal16,……에우고도　제법이군。,9,18,E5184B36,,0,,1,
6179CD,scenario_6179BA,P4_direct_ext3_text_drift,portal16,티탄즈　전부를　장악하려면,9,18,E518539F,,0,,1,
617AB2,scenario_617A8F,P3_direct_ext3_control_adjacent_text_drift,portal16,그리　나쁜　얘긴　아니라고　보는데？,14,18,E5180C5F,,0,,2,083E
617AE3,scenario_617AD9,P4_direct_ext3_text_drift,portal16,그럼、아가마　건은　자네들과,12,18,E51843B4,,0,,1,
617B66,scenario_617B59,P4_direct_ext3_text_drift,portal16,목표……,4,18,E5181CB2,,0,,1,
617BD5,scenario_617BBD,P4_direct_ext3_text_drift,portal16,우릴　암흑의　땅으로　내몬,13,18,E51804C7,,0,,1,
617BF6,scenario_617BBD,P4_direct_ext3_text_drift,portal16,어리석은　자들에게　깨닫게　할　때다,20,18,E51804C9,,0,,1,
617C33,scenario_617C26,P3_direct_ext3_control_adjacent_text_drift,portal16,함께　싸우자、　네오　지온을　위해！,15,18,E5183C03,,0,,2,1728
617C98,scenario_617C80,P4_direct_ext3_text_drift,portal16,그보다、　직접　내게　왔다는　건,13,18,E5182B18,,0,,1,
617CEE,scenario_617CE5,P4_direct_ext3_text_drift,portal16,약한　세력이라　해도、,8,18,E5183B3B,,0,,1,
617D3C,scenario_617D32,P3_direct_ext3_control_adjacent_text_drift,portal16,그레미、네게　맡기겠다。,10,18,E51853A9,,0,,2,082A
617D9F,scenario_617D8A,P3_direct_ext3_control_adjacent_text_drift,portal16,우릴　잇는　자비가의　혈연……,25,18,E51874D2,,0,,2,1728
617DF7,scenario_617DEA,P3_direct_ext3_control_adjacent_text_drift,portal16,내　출생을　눈치챘나？,14,18,E51804DC,,0,,2,1728
617E88,scenario_617E77,P4_direct_ext3_text_drift,portal16,내가　잠시　안　돌아올　거라고,9,18,E51843BC,,0,,1,
617EBE,scenario_617EB0,P4_direct_ext3_text_drift,portal16,널　보호한　이상、나는　널,14,18,E51853AD,,0,,1,
617EE0,scenario_617EB0,P3_direct_ext3_control_adjacent_text_drift,portal16,자、　레슨으로　돌아가세요！,12,18,E5182BE3,,0,,2,087A
617F45,scenario_617F35,P4_direct_ext3_text_drift,portal16,이탈한　부대는、,8,18,E5182B19,,0,,1,
617F66,scenario_617F35,P4_direct_ext3_text_drift,portal16,뭐、　태도를　유보한　곳도　있으니,20,18,E5181B2E,,0,,1,
617FA5,scenario_617F93,P4_direct_ext3_text_drift,portal16,자미토프의　죽음으로,5,18,E51891A2,,0,,1,
618004,scenario_617FE3,P3_direct_ext3_control_adjacent_text_drift,portal16,남은　건　네오　지온인데……,11,18,E518C36E,,0,,2,0817
6180EB,scenario_6180D9,P4_direct_ext3_text_drift,portal16,자、　바로　카미유에게　알려서,12,18,E518C373,,0,,1,
61826F,scenario_61825F,P4_direct_ext3_text_drift,portal16,여기까지　온　이상、,7,18,E5181B2F,,0,,1,
6182BF,scenario_6182A7,P4_direct_ext3_text_drift,portal16,지금부터　네오　지온　함대에,15,18,E5184B3A,,0,,1,
618339,scenario_618325,P3_direct_ext3_control_adjacent_text_drift,portal16,아가마를　훌륭히　격파해　보여라！,9,18,E51853B0,,0,,2,1728
618361,scenario_61834D,P4_direct_ext3_text_drift,portal16,이것은　하만　님의　뜻이다！！,13,18,E5184B3B,,0,,1,
6183BA,scenario_6183AE,P4_direct_ext3_text_drift,portal16,좋아……　먼저　말하지만、　이　싸움은,16,18,E518051C,,0,,1,
6183DC,scenario_6183AE,P3_direct_ext3_control_adjacent_text_drift,portal16,절대　내　방해를　하는　짓은……,16,18,E518051E,,0,,2,1728
6184E1,scenario_6184CC,P3_direct_ext3_control_adjacent_text_drift,portal16,저기、오빠、같이　놀자！！,15,18,E518E4A7,,0,,2,1728
618578,scenario_61855A,P3_direct_ext3_control_adjacent_text_drift,portal16,난　리나를　찾아야　한단　말이야！！,19,18,E5180531,,0,,2,0863
61864C,scenario_618628,P3_direct_ext3_control_adjacent_text_drift,portal16,리나는　어디　있는　거야！？,10,18,E5182BE4,,0,,2,0863
6186AE,scenario_6186A4,P1_direct_ext3_exact_text_control_adjacent,portal16,뭐지……？,5,18,E518C079,,0,,2,1728
6186D9,scenario_6186C0,P2_direct_ext3_exact_text,portal16,뭐지……？,5,18,E518C079,,0,,1,
61872B,scenario_61871B,P4_direct_ext3_text_drift,portal16,자、여기서　나가자！,8,18,E5180D23,,0,,1,
61879A,scenario_61877A,P4_direct_ext3_text_drift,portal16,그　애를　데리고　나가면,9,18,E5184B3D,,0,,1,
6187DC,scenario_6187CC,P4_direct_ext3_text_drift,portal16,쥬도는　나　따위,9,18,E518436B,,0,,1,
61893E,scenario_61892D,P4_direct_ext3_text_drift,portal16,넌　무언가에　이끌려서,12,18,E518055F,,0,,1,
6189D1,scenario_6189AD,P3_direct_ext3_control_adjacent_text_drift,portal16,（이상해、　이　사람은　적　아닌가？）,15,18,E5180564,,0,,2,1728
618AE0,scenario_618AD5,P4_direct_ext3_text_drift,portal16,젠장！　인질이냐！！,10,18,E5182B1F,,0,,1,
618B90,scenario_618B87,P4_direct_ext3_text_drift,portal16,……미안、리나！！,9,18,E51853B9,,0,,1,
618DDD,scenario_618DC9,P3_direct_ext3_control_adjacent_text_drift,portal16,놀아줄게！　놀아줄　테니까……,17,18,E5181087,,0,,2,1728
618E55,scenario_618E42,P4_direct_ext3_text_drift,portal16,어차피　쥬도는　나　따위,11,18,E518436E,,0,,1,
618EF2,scenario_618EE3,P4_direct_ext3_text_drift,portal16,괜찮아、플。,6,18,E51853BB,,0,,1,
618F9F,scenario_618F8F,P3_direct_ext3_control_adjacent_text_drift,portal16,용서　못　한다、네놈들！！,10,18,E5183CC1,,0,,2,1728
618FEB,scenario_618FDE,P4_direct_ext3_text_drift,portal16,저는『밀리샤』의,7,18,E5180D25,,0,,1,
618FFF,scenario_618FDE,P4_direct_ext3_text_drift,portal16,에우고를　구하러　달려왔지만、,14,18,E51810A0,,0,,1,
6190CE,scenario_6190C3,P4_direct_ext3_text_drift,portal16,문레이스가　밀리샤에,6,18,E51810A9,,0,,1,
61914B,scenario_61913D,P4_direct_ext3_text_drift,portal16,우리가　협력하겠다！,8,18,E51843CE,,0,,1,
619225,scenario_619214,P4_direct_ext3_text_drift,portal16,아까의　압박감은　이미　사라졌어。,18,18,E5183C07,,0,,2,
61923A,scenario_619214,P3_direct_ext3_control_adjacent_text_drift,portal16,역시　그　전함이　원인이었나　봐。,13,18,E5181BFD,,0,,2,1728
6192AE,scenario_619298,P4_direct_ext3_text_drift,portal16,당신들　에우고를　돕기　위해,9,18,E5183CC3,,0,,1,
6192F5,scenario_6192DB,P2_direct_ext3_exact_text,portal16,우리가　협력합니다！,9,18,E51893B7,,0,,1,
6193A9,scenario_619393,P1_direct_ext3_exact_text_control_adjacent,portal16,조금　너무　빨랐을까…,11,18,E51893BC,,0,,2,1728
6193D2,scenario_6193C1,P4_direct_ext3_text_drift,portal16,이미　이쪽으로　오도록,10,18,E5184CC5,,0,,1,
619430,scenario_619424,P4_direct_ext3_text_drift,portal16,애초에、네놈！,6,18,E51853C0,,0,,1,
6194F2,scenario_6194DD,P3_direct_ext3_control_adjacent_text_drift,portal16,……크윽！？,6,18,E518D549,,0,,2,1728
61966D,scenario_619648,P4_direct_ext3_text_drift,portal16,저　전함에、그들의　정신을　망가뜨리는,19,18,E51853C6,,0,,1,
61971B,scenario_619710,P2_direct_ext3_exact_text,portal16,무、　뭐야、　이건……！！,10,18,E51810BD,,0,,1,
6197AC,scenario_619796,P4_direct_ext3_text_drift,portal16,이　시스템은　병사의　정신에　작용해。,16,18,E51810C3,,0,,2,
6197BF,scenario_619796,P4_direct_ext3_text_drift,portal16,간신히　전투　불능까진,6,18,E51853CA,,0,,1,
6197CD,scenario_619796,P4_direct_ext3_text_drift,portal16,둘　다　서　있는　것조차,10,18,E5183B45,,0,,1,
619824,scenario_61981A,P3_direct_ext3_control_adjacent_text_drift,portal16,２차　방사　준비는　됐겠지！？,12,18,E51853CB,,0,,2,0885
619873,scenario_619868,P2_direct_ext3_exact_text,portal16,뭐、　뭐야……！？,8,18,E5180B31,,0,,1,
61988A,scenario_619868,P4_direct_ext3_text_drift,portal16,아、아인　레비인가！,9,18,E5189481,,0,,1,
6198EB,scenario_6198E0,P2_direct_ext3_exact_text,portal16,그러고　보니、　네놈……,7,18,E518C07F,,0,,2,
6198F5,scenario_6198E0,P4_direct_ext3_text_drift,portal16,방금　전투……　예전처럼,11,18,E5184B42,,0,,1,
61996D,scenario_619956,P4_direct_ext3_text_drift,portal16,그럼　네놈을　두려워할　이유는　없다！,15,18,E5184B43,,0,,1,
6199AD,scenario_6199A2,P3_direct_ext3_control_adjacent_text_drift,portal16,아인　레비……　날　속였구나！！,12,18,E51810D4,,0,,2,1728
619A2E,scenario_619A1E,P4_direct_ext3_text_drift,portal16,에우고　여러분을　수용하고、,10,18,E5181CBD,,0,,1,
619A7D,scenario_619A6F,P4_direct_ext3_text_drift,portal16,그러니　같이　티탄즈와　싸우는,12,18,E51810DF,,0,,1,
619AAE,scenario_619A9E,P4_direct_ext3_text_drift,portal16,당신들　밀리샤에는　문레이스인이,13,18,E5182B24,,0,,1,
619AD0,scenario_619A9E,P3_direct_ext3_control_adjacent_text_drift,portal16,그게　어떻게　된　일인가？,6,18,E5189483,,0,,2,1728
619B24,scenario_619B11,P4_direct_ext3_text_drift,portal16,하지만、　모르겠는　건、,8,18,E51810E8,,0,,1,
619B3F,scenario_619B11,P4_direct_ext3_text_drift,portal16,문레이스는　우리와의　접촉을　꺼리고、,14,18,E51810EA,,0,,1,
619C75,scenario_619C58,P4_direct_ext3_text_drift,portal16,다행히　지온군이　실용화하기　전에,16,18,E518C39E,,0,,1,
619C91,scenario_619C58,P4_direct_ext3_text_drift,portal16,하지만　그　기술을　티탄즈나,11,18,E51810F8,,0,,1,
619D92,scenario_619D76,P3_direct_ext3_control_adjacent_text_drift,portal16,우린　협력하고　싶습니다。,15,18,E5181104,,0,,2,1728
619E0F,scenario_619DF9,P4_direct_ext3_text_drift,portal16,그럼　우리　밀리샤의　전력을,11,18,E5181B3A,,0,,1,
619E29,scenario_619DF9,P4_direct_ext3_text_drift,portal16,이　윌게임과　우리　모빌슈트는,11,18,E518110A,,0,,1,
619E82,scenario_619E73,P4_direct_ext3_text_drift,portal16,티탄즈에　갇혔다고　들어,13,18,E518110D,,0,,1,
619EC8,scenario_619EA7,P3_direct_ext3_control_adjacent_text_drift,portal16,그런　사람들이　구해줬네。,13,18,E5181111,,0,,2,0861
619F3F,scenario_619F21,P1_direct_ext3_exact_text_control_adjacent,portal16,……아무조록　잘　부탁하네。,5,18,E5181116,,0,,2,0861
619FC1,scenario_619FB3,P4_direct_ext3_text_drift,portal16,신경쓰지　않는　건　아니야。,13,18,E518111C,,0,,2,
619FD1,scenario_619FB3,P4_direct_ext3_text_drift,portal16,하지만　밀리샤는　자넬　네오　지온에,14,18,E518C3A5,,0,,1,
619FF6,scenario_619FB3,P4_direct_ext3_text_drift,portal16,본래　목적을　이룬　이상、,14,18,E5184B47,,0,,1,
61A027,scenario_61A01D,P4_direct_ext3_text_drift,portal16,그리　높게　봐줘서　기쁘군。,14,18,E5181120,,0,,1,
61A066,scenario_61A04C,P3_direct_ext3_control_adjacent_text_drift,portal16,필요한　건　전부　준비해주지。,11,18,E5181124,,0,,2,0807
61A135,scenario_61A128,P3_direct_ext3_control_adjacent_text_drift,portal16,중력이　느껴져……　우주가　아니야。,16,18,E518112A,,0,,2,1728
61A1FF,scenario_61A1EE,P4_direct_ext3_text_drift,portal16,상황이　아군에게　유리해도、,15,18,E5181132,,0,,1,
61A237,scenario_61A228,P4_direct_ext3_text_drift,portal16,전공을　세우고　싶다면　솔직히　말해。,20,18,E5180BA8,,0,,1,
61A280,scenario_61A26E,P4_direct_ext3_text_drift,portal16,난　그걸　손에　넣고　싶어。,10,18,E5181137,,0,,1,
61A2B6,scenario_61A2A1,P3_direct_ext3_control_adjacent_text_drift,portal16,몸풀기엔　딱　좋아。,14,18,E518113A,,0,,2,1728
61A32E,scenario_61A324,P3_direct_ext3_control_adjacent_text_drift,portal16,토레스、　네오　지온의　움직임은？,15,18,E5181BFE,,0,,2,084B
61A4F7,scenario_61A4D9,P3_direct_ext3_control_adjacent_text_drift,portal16,카이、반입　지휘를　부탁한다。,13,18,E518D54B,,0,,2,0819
61A558,scenario_61A54B,P4_direct_ext3_text_drift,portal16,예、　카라바의　지원　물자를,14,18,E5182B29,,0,,1,
61A57C,scenario_61A54B,P3_direct_ext3_control_adjacent_text_drift,portal16,아스토나지　씨는　괜찮나요？,8,18,E5181153,,0,,2,080D
61A5A4,scenario_61A58A,P4_direct_ext3_text_drift,portal16,뭐、오랜만에,7,18,E518948B,,0,,1,
61A5BD,scenario_61A58A,P4_direct_ext3_text_drift,portal16,여기에　여자친구라도　있으면,9,18,E518948C,,0,,1,
61A5F5,scenario_61A5DA,P4_direct_ext3_text_drift,portal16,좋은　여자를　만나고　싶으면,13,18,E5184B4B,,0,,1,
61A650,scenario_61A631,P3_direct_ext3_control_adjacent_text_drift,portal16,크와트로　대위도　같이　가실래요？,14,18,E5181162,,0,,2,082B
61A693,scenario_61A684,P4_direct_ext3_text_drift,portal16,기왕　홍콩에　왔으니、,12,18,E5184CC9,,0,,1,
61A6AE,scenario_61A684,P1_direct_ext3_exact_text_control_adjacent,portal16,우선　가볍게　쇼핑부터　즐겨볼까나……？,15,18,E5181166,,0,,2,0852
61A708,scenario_61A6FB,P4_direct_ext3_text_drift,portal16,여자애를　에스코트하는　거니까、,14,18,E5180BAB,,0,,1,
61A725,scenario_61A6FB,P3_direct_ext3_control_adjacent_text_drift,portal16,자、가요　바니。,9,18,E518948D,,0,,2,0852
61A7D0,scenario_61A7C3,P3_direct_ext3_control_adjacent_text_drift,portal16,우오옷！！　해、해냈다！！,14,18,E51843E7,,0,,2,1728
61A863,scenario_61A854,P4_direct_ext3_text_drift,portal16,모처럼의　상륙　휴가잖아요！,7,18,E5181CC1,,0,,1,
61A878,scenario_61A854,P1_direct_ext3_exact_text_control_adjacent,portal16,자、　질질　끌지　말고　출발해요！,7,18,E518117F,,0,,2,0802
61A925,scenario_61A919,P3_direct_ext3_control_adjacent_text_drift,portal16,……뭐、조금。,9,18,E5183CCA,,0,,2,1728
61A98C,scenario_61A981,P4_direct_ext3_text_drift,portal16,너만은　배신하지　않고,9,18,E5183B51,,0,,1,
61A9EE,scenario_61A9D0,P1_direct_ext3_exact_text_control_adjacent,portal16,내　말이　맞지、　토레스？,10,18,E5181192,,0,,2,084B
61AA3C,scenario_61AA32,P4_direct_ext3_text_drift,portal16,거리에　나온　건　좋은데、,14,18,E5180D2E,,0,,1,
61AA54,scenario_61AA32,P3_direct_ext3_control_adjacent_text_drift,portal16,홍콩은　처음이라서……,13,18,E5181195,,0,,2,1728
61AAD5,scenario_61AACA,P1_direct_ext3_exact_text_control_adjacent,portal16,포우……　포우　무라사메라고　해。,8,18,E518119B,,0,,2,1728
61AB16,scenario_61AAFB,P4_direct_ext3_text_drift,portal16,고마워、　포우。,6,18,E518119E,,0,,1,
61AB3D,scenario_61AB32,P3_direct_ext3_control_adjacent_text_drift,portal16,카미유와　있어서　즐거웠어。,10,18,E51811A1,,0,,2,081E
61AC19,scenario_61AC0E,P3_direct_ext3_control_adjacent_text_drift,portal16,……날、　부르고　있어！！,13,18,E51811AA,,0,,2,1728
61ACED,scenario_61ACE3,P3_direct_ext3_control_adjacent_text_drift,portal16,어떡하지、　위험해！！,7,18,E5183C0A,,0,,2,1728
61AD20,scenario_61AD01,P4_direct_ext3_text_drift,portal16,우리가　어떻게든　적을　막겠어！！,16,18,E51811B5,,0,,1,
61AD66,scenario_61AD5B,P4_direct_ext3_text_drift,portal16,ＭＳ대는　출격에　대비하라！！,12,18,E5184B4E,,0,,1,
61AD7F,scenario_61AD5B,P4_direct_ext3_text_drift,portal16,좋아！　보급이　끝날　때까지,11,18,E518C3B1,,0,,1,
61AD98,scenario_61AD5B,P4_direct_ext3_text_drift,portal16,작업이　끝날　때까지　적을,12,18,E51874E3,,0,,1,
61AEEF,scenario_61AEDD,P4_direct_ext3_text_drift,portal16,불만이　있으면,7,18,E5180D30,,0,,1,
61AF52,scenario_61AF36,P4_direct_ext3_text_drift,portal16,넌　그　강화인간이란　녀석과,11,18,E5182B2E,,0,,1,
61B03B,scenario_61B02F,P4_direct_ext3_text_drift,portal16,뭐라고　할까　……　그　……　……,14,18,E518C3B4,,0,,1,
61B0E6,scenario_61B0D5,P1_direct_ext3_exact_text_control_adjacent,portal16,당신의　이름…　…　기억해　둘게！！,16,18,E518C3B9,,0,,2,1728
61B122,scenario_61B117,P4_direct_ext3_text_drift,portal16,당신은　에우고、　내　적이야。,13,18,E5180C68,,0,,2,
61B132,scenario_61B117,P2_direct_ext3_exact_text,portal16,팝티머스　님을　위해서라도、,7,18,E51874E7,,0,,1,
61B19A,scenario_61B18C,P2_direct_ext3_exact_text,portal16,어렵게　카테지나　루스　씨를　만나러,12,18,E51811D7,,0,,1,
61B1B9,scenario_61B18C,P2_direct_ext3_exact_text,portal16,티탄즈와　에우고의,6,18,E51811D9,,0,,1,
61B1EB,scenario_61B1E0,P2_direct_ext3_exact_text,portal16,그렇지、　카테지나　루스　씨！！,12,18,E51811DB,,0,,2,
61B1FA,scenario_61B1E0,P2_direct_ext3_exact_text,portal16,카테지나　루스　씨도　홍콩　어딘가에서,14,18,E51811DC,,0,,1,
61B21C,scenario_61B1E0,P1_direct_ext3_exact_text_control_adjacent,portal16,구、　구하러　가야　해……！！,15,18,E51811DE,,0,,2,1728
61B30A,scenario_61B2F9,P4_direct_ext3_text_drift,portal16,티탄즈와　에우고가　교전하고　있어요　…,14,18,E5181A1D,,0,,1,
61B32B,scenario_61B2F9,P1_direct_ext3_exact_text_control_adjacent,portal16,자、　카테지나　씨、　이쪽이에요！！,12,18,E518C3BB,,0,,2,081C
61B383,scenario_61B36E,P1_direct_ext3_exact_text_control_adjacent,portal16,티탄즈　녀석들을　요격한다！！,11,18,E51811F0,,0,,2,1728
61B3F7,scenario_61B3DD,P2_direct_ext3_exact_text,portal16,팝티머스　시로코라는　분으로부터,11,18,E51874E9,,0,,1,
61B412,scenario_61B3DD,P3_direct_ext3_control_adjacent_text_drift,portal16,……이걸　써。,8,18,E5181CC6,,0,,2,1728
61B44D,scenario_61B439,P4_direct_ext3_text_drift,portal16,마우아……　파라오　중위라고　했지。,11,18,E51811F8,,0,,1,
61B57A,scenario_61B563,P3_direct_ext3_control_adjacent_text_drift,portal16,좀　더、상냥하고……,9,18,E5182CB2,,0,,2,082B
61B59B,scenario_61B589,P4_direct_ext3_text_drift,portal16,적　파일럿에게　감정이입하지　마！,10,18,E5180BAF,,0,,1,
61B5CA,scenario_61B5BE,P4_direct_ext3_text_drift,portal16,포우는　저　흉악한　소체　탓에　머리가,10,18,E518120C,,0,,1,
61B5E8,scenario_61B5BE,P4_direct_ext3_text_drift,portal16,제정신만　차릴　수　있다면、　다시　예전,11,18,E5182740,,0,,1,
61B75C,scenario_61B749,P2_direct_ext3_exact_text,portal16,『손톱　깨무는　버릇　좀,10,18,E518121E,,0,,1,
61B78E,scenario_61B780,P2_direct_ext3_exact_text,portal16,왜냐면、　카미유라는　이름은,8,18,E5181221,,0,,1,
61B7A3,scenario_61B780,P3_direct_ext3_control_adjacent_text_drift,portal16,계속　정말　싫었어……,13,18,E5180C69,,0,,2,1728
61BA4F,scenario_61BA42,P3_direct_ext3_control_adjacent_text_drift,portal16,자네　기체다……　받아주게。,14,18,E518123B,,0,,2,1728
61BB86,scenario_61BB70,P4_direct_ext3_text_drift,portal16,하지만　이렇게　빨리,8,18,E5181B45,,0,,1,
61BBB7,scenario_61BBA1,P1_direct_ext3_exact_text_control_adjacent,portal16,수고해　주게나、　아무로。,8,18,E518C3C6,,0,,2,1728
61BC04,scenario_61BBF1,P4_direct_ext3_text_drift,portal16,더　싸우는　건　위험하군。,13,18,E5181246,,0,,1,
61BD57,scenario_61BD4A,P3_direct_ext3_control_adjacent_text_drift,portal16,이、　이　느낌은……　으윽！！,15,18,E5181251,,0,,2,1728
61BD9E,scenario_61BD84,P1_direct_ext3_exact_text_control_adjacent,portal16,……윽！！,6,18,E518E491,,0,,2,1728
61BE08,scenario_61BDFF,P4_direct_ext3_text_drift,portal16,시스템의　영향을　벗어나는,13,18,E5184B50,,0,,1,
61BE9B,scenario_61BE80,P3_direct_ext3_control_adjacent_text_drift,portal16,정말、　성급한　사람이네。,10,18,E5180C6A,,0,,2,0802
61BED2,scenario_61BEC0,P4_direct_ext3_text_drift,portal16,내가　직접　끝내주길,13,18,E5183B55,,0,,1,
61BEEF,scenario_61BEC0,P4_direct_ext3_text_drift,portal16,일부러　남아준　건,9,18,E5180BB1,,0,,1,
61BF63,scenario_61BF59,P4_direct_ext3_text_drift,portal16,이　『시스템　세이레네』는　전사들의,8,18,E5181A53,,0,,1,
61BF7A,scenario_61BF59,P4_direct_ext3_text_drift,portal16,간신히　기체가　전투　불능　사태에　빠지,6,18,E51846DD,,0,,1,
61BF8B,scenario_61BF59,P4_direct_ext3_text_drift,portal16,……그것만으로도　벅차。,7,18,E51874EC,,0,,1,
61BFF4,scenario_61BFE3,P4_direct_ext3_text_drift,portal16,시스템　영향권에서　움직이는,9,18,E5183B56,,0,,1,
61C03C,scenario_61C030,P3_direct_ext3_control_adjacent_text_drift,portal16,모빌슈트가？……　아앗！！,9,18,E5183C0D,,0,,2,1728
61C073,scenario_61C068,P4_direct_ext3_text_drift,portal16,의식까지　정상으로　유지하고　있어、,17,18,E5181275,,0,,1,
61C099,scenario_61C068,P3_direct_ext3_control_adjacent_text_drift,portal16,아니면　그냥　정신력이　강한가……,16,18,E5181277,,0,,2,1728
61C0FF,scenario_61C0E6,P4_direct_ext3_text_drift,portal16,원래라면　뉴타입　능력이　높은　자부터,15,18,E518127C,,0,,1,
61C121,scenario_61C0E6,P4_direct_ext3_text_drift,portal16,……아직　움직일　수　있다니。,9,18,E518127E,,0,,1,
61C20F,scenario_61C205,P4_direct_ext3_text_drift,portal16,샘플은　하나면　충분하니까。,15,18,E5182BEE,,0,,2,
61C221,scenario_61C205,P3_direct_ext3_control_adjacent_text_drift,portal16,……자、그녀를。,9,18,E5180D37,,0,,2,1728
61C27E,scenario_61C274,P4_direct_ext3_text_drift,portal16,시스템　세이레네라는　게,7,18,E5181B47,,0,,1,
61C32E,scenario_61C324,P4_direct_ext3_text_drift,portal16,그　시스템이라는　건,6,18,E5182B32,,0,,1,
61C349,scenario_61C324,P3_direct_ext3_control_adjacent_text_drift,portal16,놈이　사라지자　머리가　가벼워졌어。,19,18,E5181295,,0,,2,1728
61C371,scenario_61C367,P1_direct_ext3_exact_text_control_adjacent,portal16,지금　즉시、　기지로　귀환하겠다。,8,18,E5181296,,0,,2,1728
61C38D,scenario_61C384,P3_direct_ext3_control_adjacent_text_drift,portal16,……뭐였지、　그　모빌슈트？,12,18,E5181297,,0,,2,1728
61C3BF,scenario_61C3B4,P4_direct_ext3_text_drift,portal16,네가　믿던　시스템은,16,18,E5181B48,,0,,1,
61C3DB,scenario_61C3B4,P3_direct_ext3_control_adjacent_text_drift,portal16,……자、　어떻게　할래？,8,18,E5180C6B,,0,,2,0807
61C3F3,scenario_61C3E9,P4_direct_ext3_text_drift,portal16,그런　게　없어도、,11,18,E5180BB3,,0,,1,
61C50F,scenario_61C4FD,P4_direct_ext3_text_drift,portal16,그래！……카테지나　씨！！,10,18,E5182CB8,,0,,1,
61C56E,scenario_61C55A,P4_direct_ext3_text_drift,portal16,기체　외관이　파손되어　구동　불능에,11,18,E51812A9,,0,,1,
61C62B,scenario_61C620,P2_direct_ext3_exact_text,portal16,그러고　보니、　네놈……,7,18,E518C07F,,0,,2,
61C635,scenario_61C620,P4_direct_ext3_text_drift,portal16,방금　전투……　예전처럼,11,18,E5183B59,,0,,1,
61C6AD,scenario_61C696,P4_direct_ext3_text_drift,portal16,그렇다면、네놈을　두려워할　이유　없다！,15,18,E5181CCD,,0,,1,
61C716,scenario_61C70D,P2_direct_ext3_exact_text,portal16,시스템　세이레네와,6,18,E51812B6,,0,,1,
61C76B,scenario_61C748,P4_direct_ext3_text_drift,portal16,지크프리트란　영웅이,12,18,E51812BB,,0,,1,
61C800,scenario_61C7F2,P4_direct_ext3_text_drift,portal16,신화에선　용을　죽이고　피를　뒤집어써,22,18,E5183B5B,,0,,1,
61C822,scenario_61C7F2,P4_direct_ext3_text_drift,portal16,그렇다면、　그　사람의　힘은,11,18,E51812C2,,0,,1,
61C8F9,scenario_61C8EB,P4_direct_ext3_text_drift,portal16,전　웃소　에빈입니다……,10,18,E5182B37,,0,,1,
61C97E,scenario_61C970,P4_direct_ext3_text_drift,portal16,나도　익히는　데,10,18,E51812D4,,0,,1,
61C9DC,scenario_61C9C4,P3_direct_ext3_control_adjacent_text_drift,portal16,지금　티탄즈와　싸우는　중이야！,10,18,E51812D9,,0,,2,0814
61C9F5,scenario_61C9EC,P4_direct_ext3_text_drift,portal16,그　티탄즈의　젊은　남자에게,13,18,E51812DA,,0,,1,
61CA14,scenario_61C9EC,P3_direct_ext3_control_adjacent_text_drift,portal16,그러니　되찾아야……！,11,18,E51812DC,,0,,2,0809
61CACE,scenario_61CAC3,P1_direct_ext3_exact_text_control_adjacent,portal16,으으음……,6,18,E518C08A,,0,,2,1728
61CAED,scenario_61CAE1,P4_direct_ext3_text_drift,portal16,단、　웃소　군。,7,18,E51812E4,,0,,1,
61CB08,scenario_61CAE1,P4_direct_ext3_text_drift,portal16,혼자　돌진하지　말고、,14,18,E5181B4D,,0,,1,
61CBAF,scenario_61CB96,P4_direct_ext3_text_drift,portal16,몇　명은　두통을　호소하지만、,14,18,E51812EA,,0,,1,
61CBF8,scenario_61CBE5,P4_direct_ext3_text_drift,portal16,정말、　티탄즈도,6,18,E5181B4E,,0,,1,
61CC5B,scenario_61CC42,P4_direct_ext3_text_drift,portal16,그땐　불쾌감만　느꼈고,17,18,E51812F2,,0,,1,
61CC90,scenario_61CC85,P2_direct_ext3_exact_text,portal16,자네들이　엘메스를　수령하러　갔다가,12,18,E51812F4,,0,,1,
61CCDA,scenario_61CCBD,P2_direct_ext3_exact_text,portal16,……그것을　그가,6,18,E51812F8,,0,,1,
61CD0E,scenario_61CD03,P4_direct_ext3_text_drift,portal16,저런　병기가　적에게　있다면,12,18,E5181B50,,0,,1,
61CD3C,scenario_61CD32,P4_direct_ext3_text_drift,portal16,괜히　시간을　끌기보다、,10,18,E51874F4,,0,,1,
61CD80,scenario_61CD6D,P4_direct_ext3_text_drift,portal16,다행히　그　병기는　아까　전투에서,16,18,E5182B3A,,0,,1,
61CD9E,scenario_61CD6D,P4_direct_ext3_text_drift,portal16,저게　다시　나오기　전에　티탄즈,14,18,E5184B59,,0,,1,
61CDFB,scenario_61CDDB,P4_direct_ext3_text_drift,portal16,우리　모빌슈트와　파일럿、,9,18,E5181309,,0,,1,
61CEAF,scenario_61CE9C,P4_direct_ext3_text_drift,portal16,우리와　동행하고　싶다지만、,16,18,E5181310,,0,,1,
61CF47,scenario_61CF36,P4_direct_ext3_text_drift,portal16,１３살이란　나이는　걱정되지만、,19,18,E518C3D5,,0,,1,
61CF6F,scenario_61CF36,P4_direct_ext3_text_drift,portal16,다만、　자넬　파일럿으로　쓸지는,14,18,E5181315,,0,,1,
61CFE1,scenario_61CFD5,P4_direct_ext3_text_drift,portal16,그　나이에　ＭＳ를,11,18,E5184B5A,,0,,1,
61D07F,scenario_61D05D,P4_direct_ext3_text_drift,portal16,미안　너　역시、　나랑　나이　차이도,5,18,E5184A35,,0,,1,
61D0A7,scenario_61D09D,P4_direct_ext3_text_drift,portal16,너희　영반들은　제쳐두더라도、　우리　웃,9,18,E5184827,,0,,1,
61D1AC,scenario_61D1A2,P1_direct_ext3_exact_text_control_adjacent,portal16,아마도　『제로　시스템』일　터이다。,12,18,E5181330,,0,,2,0807
61D1F3,scenario_61D1D5,P4_direct_ext3_text_drift,portal16,탑승자의　정신에　간섭하는　힘이　있어。,17,18,E5181334,,0,,2,
61D207,scenario_61D1D5,P4_direct_ext3_text_drift,portal16,시스템의　영향권　안에서,6,18,E5181335,,0,,1,
61D28C,scenario_61D279,P4_direct_ext3_text_drift,portal16,상대가　제로　시스템이라면,13,18,E518133A,,0,,1,
61D2DF,scenario_61D2C2,P4_direct_ext3_text_drift,portal16,아인　레비、　장치　복구에,11,18,E5184B5C,,0,,1,
61D2F9,scenario_61D2C2,P3_direct_ext3_control_adjacent_text_drift,portal16,저　건담은　우리가　상대한다。,13,18,E5180C6D,,0,,2,0807
61D329,scenario_61D31F,P4_direct_ext3_text_drift,portal16,데스파다에　실린　파프니르도,12,18,E5182B3D,,0,,1,
61D37A,scenario_61D36D,P4_direct_ext3_text_drift,portal16,우리　목적을　이루려면、,12,18,E5181B55,,0,,1,
61D3B7,scenario_61D3A8,P4_direct_ext3_text_drift,portal16,근처에　기지　같은　것이,13,18,E5184B5D,,0,,1,
61D4E1,scenario_61D4D2,P4_direct_ext3_text_drift,portal16,지금　Ｚ　건담이,7,18,E5182B3E,,0,,1,
61D545,scenario_61D535,P3_direct_ext3_control_adjacent_text_drift,portal16,……지금　데리러　갈게！！,12,18,E5182CBE,,0,,2,1728
61D63D,scenario_61D623,P2_direct_ext3_exact_text,portal16,브라이트　중령。,5,18,E5181CD3,,0,,1,
61D711,scenario_61D702,P4_direct_ext3_text_drift,portal16,홍콩에서　습격받았단　말을　듣고,14,18,E5180BC3,,0,,1,
61D731,scenario_61D702,P3_direct_ext3_control_adjacent_text_drift,portal16,아무래도　필요　없었던　모양이군。,12,18,E5184C0C,,0,,2,0861
61D75D,scenario_61D743,P4_direct_ext3_text_drift,portal16,하지만、　어쨌든、,6,18,E5181373,,0,,1,
61D772,scenario_61D743,P1_direct_ext3_exact_text_control_adjacent,portal16,아무쪼록　힘을　보태　주게나、　아무로。,10,18,E518C3E2,,0,,2,0812
61D79E,scenario_61D794,P4_direct_ext3_text_drift,portal16,그　모빌슈트　말인데、,7,18,E5181CD4,,0,,1,
61D7B7,scenario_61D794,P3_direct_ext3_control_adjacent_text_drift,portal16,색、　다시　칠했나요？,16,18,E5181375,,0,,2,080D
61D7E4,scenario_61D7CD,P4_direct_ext3_text_drift,portal16,이건　아무로　대위　것과　달라。,14,18,E518C3E4,,0,,1,
61D83C,scenario_61D814,P4_direct_ext3_text_drift,portal16,그때　데이터로　만든　게,14,18,E518137C,,0,,1,
61D858,scenario_61D814,P4_direct_ext3_text_drift,portal16,여기　있는　게　１호기고、,11,18,E518137D,,0,,1,
61D8F0,scenario_61D8E5,P2_direct_ext3_exact_text,portal16,베팅、　아무것도　아닙니다。,6,18,E51893DD,,0,,2,
61D95F,scenario_61D93D,P4_direct_ext3_text_drift,portal16,그녀의　협조를　못　얻으면,15,18,E5181387,,0,,1,
61D98E,scenario_61D97F,P4_direct_ext3_text_drift,portal16,모처럼　시스템에　맞을　듯한,13,18,E518138A,,0,,1,
61DA14,scenario_61DA0A,P4_direct_ext3_text_drift,portal16,계속　그런　태도로　나온다면……,16,18,E518138F,,0,,2,
61DA27,scenario_61DA0A,P2_direct_ext3_exact_text,portal16,……티파　아딜、　자네　신변에,10,18,E5181390,,0,,1,
61DA6B,scenario_61DA4D,P4_direct_ext3_text_drift,portal16,빨리　협력하는　게　좋을　거야。,18,18,E5181392,,0,,1,
61DB90,scenario_61DB86,P2_direct_ext3_exact_text,portal16,이、　이것은！！,7,18,E518139F,,0,,1,
61DBA0,scenario_61DB86,P3_direct_ext3_control_adjacent_text_drift,portal16,이、　이걸　타라고！？,14,18,E518C3EB,,0,,2,0846
61DBEA,scenario_61DBDC,P3_direct_ext3_control_adjacent_text_drift,portal16,나……　신을　믿을래！！,16,18,E51813A3,,0,,2,1728
61DC6D,scenario_61DC60,P4_direct_ext3_text_drift,portal16,완전　절체절명인　느낌인데……,18,18,E51813A8,,0,,1,
61DF0E,scenario_61DEF9,P4_direct_ext3_text_drift,portal16,조금　곤란한　상황이야。,13,18,E51813BC,,0,,1,
61DF51,scenario_61DF43,P4_direct_ext3_text_drift,portal16,티탄즈에게서　티파란　아이를,10,18,E51813C0,,0,,1,
61DF6F,scenario_61DF43,P2_direct_ext3_exact_text,portal16,……보다시피、,8,18,E5181CD6,,0,,1,
61DFC2,scenario_61DFB1,P4_direct_ext3_text_drift,portal16,티탄즈　부대를　격파하고、,10,18,E51813C7,,0,,1,
61E00A,scenario_61DFFE,P4_direct_ext3_text_drift,portal16,……어쩔　수　없군。,7,18,E51813C9,,0,,1,
61E030,scenario_61E024,P4_direct_ext3_text_drift,portal16,아직　더　싸우고　싶지만、,10,18,E5182B43,,0,,1,
61E076,scenario_61E065,P3_direct_ext3_control_adjacent_text_drift,portal16,……그럼。,6,18,E5181CD7,,0,,2,1728
61E0BE,scenario_61E0B1,P2_direct_ext3_exact_text,portal16,……아、　아니！　어찌　되었든　말일세。,12,18,E51813D1,,0,,2,
61E0CD,scenario_61E0B1,P4_direct_ext3_text_drift,portal16,그냥　가버리면　곤란해。,12,18,E51874FC,,0,,1,
61E105,scenario_61E0F2,P3_direct_ext3_control_adjacent_text_drift,portal16,그럼、　그쪽에　착함할게……,12,18,E518C3F0,,0,,2,1728
61E18C,scenario_61E184,P4_direct_ext3_text_drift,portal16,그　프로스트　형제가,10,18,E51813D8,,0,,1,
61E1B4,scenario_61E1AC,P4_direct_ext3_text_drift,portal16,설마、　시스템　세이레네라고,10,18,E5180BC6,,0,,1,
61E202,scenario_61E1F8,P4_direct_ext3_text_drift,portal16,시스템에는　뉴타입이　필요하다……,11,18,E5183B69,,0,,1,
61E272,scenario_61E25E,P4_direct_ext3_text_drift,portal16,그렇게　요란하게　움직였으니、,14,18,E51874FD,,0,,1,
61E293,scenario_61E25E,P4_direct_ext3_text_drift,portal16,우리와　오면、　티파　군을,20,18,E51813E4,,0,,1,
61E2E7,scenario_61E2D5,P4_direct_ext3_text_drift,portal16,알겠어、　당신들과　같이　갈게。,13,18,E51813E6,,0,,2,
61E2F7,scenario_61E2D5,P4_direct_ext3_text_drift,portal16,그런　거니까、다시……,12,18,E5183CE0,,0,,2,
61E306,scenario_61E2D5,P2_direct_ext3_exact_text,portal16,내　본명은　가로드　란이다！,9,18,E51813E8,,0,,1,
61E340,scenario_61E330,P4_direct_ext3_text_drift,portal16,……그럼、　아인이　쓴,12,18,E51813E9,,0,,1,
6200DD,scenario_6200BE,P4_direct_ext3_text_drift,portal16,리리나님의　뜻에　어긋남은　압니다。,19,18,E5181461,,0,,2,
6200F3,scenario_6200BE,P4_direct_ext3_text_drift,portal16,하지만　방위력이　없으면,15,18,E5182B45,,0,,1,
620115,scenario_6200BE,P4_direct_ext3_text_drift,portal16,모두　제　독단입니다。,9,18,E5183B6A,,0,,1,
62018A,scenario_62017A,P4_direct_ext3_text_drift,portal16,그렇지만、　왕성　내부로의　침투는　무슨,10,18,E5184822,,0,,1,
6201C7,scenario_6201AA,P3_direct_ext3_control_adjacent_text_drift,portal16,당신과의　약속을　걸고서라도……！,11,18,E5180C70,,0,,2,1728
620237,scenario_62022A,P4_direct_ext3_text_drift,portal16,티탄즈의　라이트닝　카운트가,15,18,E5182B46,,0,,1,
62026F,scenario_620262,P4_direct_ext3_text_drift,portal16,저는　예전에　기사로서,8,18,E5181B5E,,0,,1,
6202E6,scenario_6202BE,P4_direct_ext3_text_drift,portal16,싸움을　부정하는　퀸　리리나의,15,18,E5183B6C,,0,,1,
620308,scenario_6202BE,P4_direct_ext3_text_drift,portal16,여기서　완전평화로　가는　길을,9,18,E518147C,,0,,1,
620325,scenario_6202BE,P3_direct_ext3_control_adjacent_text_drift,portal16,왕국을　지키기　위해　싸우겠습니다！,16,18,E51891B3,,0,,2,1728
62036E,scenario_62035B,P4_direct_ext3_text_drift,portal16,리리나가　완전평화의　길을,17,18,E518147F,,0,,1,
620392,scenario_62035B,P4_direct_ext3_text_drift,portal16,난　왕국에　충성을　맹세한　기사,18,18,E5184B67,,0,,1,
62042E,scenario_620424,P2_direct_ext3_exact_text,portal16,나는　티탄즈　소속의,5,18,E5181489,,0,,1,
62043F,scenario_620424,P4_direct_ext3_text_drift,portal16,퀸　리리나를,6,18,E5183CE1,,0,,1,
6204CD,scenario_6204B4,P4_direct_ext3_text_drift,portal16,퀸　리리나는,7,18,E5180BCB,,0,,1,
6205FE,scenario_6205E5,P1_direct_ext3_exact_text_control_adjacent,portal16,그러니까、　당신은　나를…,10,18,E51893E0,,0,,2,085D
6206A9,scenario_620689,P2_direct_ext3_exact_text,portal16,그리고　리리나…,7,18,E518C409,,0,,1,
6206BD,scenario_620689,P2_direct_ext3_exact_text,portal16,나는　군인이다。,7,18,E518C40B,,0,,1,
62073B,scenario_62071B,P3_direct_ext3_control_adjacent_text_drift,portal16,세계　공통의　생각은　찾기　어렵겠죠。,20,18,E5183C13,,0,,2,1728
6207A4,scenario_620789,P1_direct_ext3_exact_text_control_adjacent,portal16,……　배제、　개시！！,9,18,E518C411,,0,,2,1728
620882,scenario_620876,P2_direct_ext3_exact_text,portal16,하지만　다르다。　내　의지로,13,18,E518C419,,0,,1,
6209AE,scenario_6209A3,P2_direct_ext3_exact_text,portal16,왜　살아있는　동안　이런　만남을,13,18,E51893F6,,0,,1,
6209CD,scenario_6209A3,P4_direct_ext3_text_drift,portal16,적이　된다는　건,8,18,E5180D48,,0,,1,
620A27,scenario_620A0B,P3_direct_ext3_control_adjacent_text_drift,portal16,그러면　안　됩니까！？,13,18,E5182CC8,,0,,2,1728
620A5D,scenario_620A41,P3_direct_ext3_control_adjacent_text_drift,portal16,하지만、　언젠가　내　마음도……,14,18,E5182BF4,,0,,2,081E
620AE1,scenario_620ACC,P1_direct_ext3_exact_text_control_adjacent,portal16,제발　정신　차려　주세요！！,8,18,E518149D,,0,,2,081D
620C42,scenario_620C30,P4_direct_ext3_text_drift,portal16,에우고와　함께　행동하고、,11,18,E5187506,,0,,1,
620C98,scenario_620C8B,P4_direct_ext3_text_drift,portal16,자네들　에우고　세력과　마찬가지로、　티,9,18,E51849E3,,0,,1,
620CAE,scenario_620C8B,P1_direct_ext3_exact_text_control_adjacent,portal16,뭐、　아무쪼록　잘　부탁하네。,10,18,E51814AF,,0,,2,1728
620CF8,scenario_620CEE,P4_direct_ext3_text_drift,portal16,원래　난　지온군　기술자였다。,14,18,E518C427,,0,,1,
620D7B,scenario_620D66,P4_direct_ext3_text_drift,portal16,그녀가　시스템용으로　만들어진　건,14,18,E51814B8,,0,,1,
620D9D,scenario_620D66,P4_direct_ext3_text_drift,portal16,그　개발에　반대해서……,12,18,E5181B62,,0,,1,
620E33,scenario_620E0D,P4_direct_ext3_text_drift,portal16,뭐、　어중간한　사람은,13,18,E51814C0,,0,,1,
620E6C,scenario_620E57,P4_direct_ext3_text_drift,portal16,함께　싸워주신다면、,12,18,E5184B6A,,0,,1,
620E88,scenario_620E57,P3_direct_ext3_control_adjacent_text_drift,portal16,부디、　잘　부탁드립니다。,10,18,E5183C14,,0,,2,1728
620F12,scenario_620EFF,P4_direct_ext3_text_drift,portal16,저분은　웡　씨라고、,10,18,E5180BCD,,0,,1,
620F74,scenario_620F58,P4_direct_ext3_text_drift,portal16,티탄즈는　크게　흔들리고　있다。,14,18,E51814CC,,0,,1,
620FD2,scenario_620FB6,P4_direct_ext3_text_drift,portal16,연방의회가　우리　편이　되면,11,18,E51814D1,,0,,1,
620FE9,scenario_620FB6,P4_direct_ext3_text_drift,portal16,물론　그러려면　크와트로　대위、,9,18,E51814D3,,0,,1,
62107F,scenario_621076,P4_direct_ext3_text_drift,portal16,……잘　알겠습니다、　웡　리　씨。　그,11,18,E5184A4A,,0,,1,
6210BE,scenario_62109C,P4_direct_ext3_text_drift,portal16,이　작전에　에우고의　운명이　걸렸다。,16,18,E51814DD,,0,,1,
621146,scenario_621137,P4_direct_ext3_text_drift,portal16,어쨌든、　전국의　혼란은,9,18,E51814E4,,0,,1,
6211B2,scenario_6211A7,P4_direct_ext3_text_drift,portal16,슬슬　당신들이　나설　때라　보고,14,18,E51814E9,,0,,1,
6211E6,scenario_6211D2,P4_direct_ext3_text_drift,portal16,……전란의　시대가！,9,18,E5180C72,,0,,2,
621210,scenario_621201,P4_direct_ext3_text_drift,portal16,현재　다카르의　연방의회는　사실상,13,18,E51814ED,,0,,1,
62122E,scenario_621201,P4_direct_ext3_text_drift,portal16,이번　작전은　연방의회를,12,18,E51814EF,,0,,1,
621274,scenario_621254,P4_direct_ext3_text_drift,portal16,연방의회가　에우고를　지지하도록,11,18,E51814F3,,0,,1,
621291,scenario_621254,P3_direct_ext3_control_adjacent_text_drift,portal16,……그래서　크와트로　대위가　나선다。,15,18,E51814F5,,0,,2,1728
6212D9,scenario_6212B9,P4_direct_ext3_text_drift,portal16,그리고　의회에　티탄즈의　비도를,12,18,E51814F8,,0,,1,
6212F4,scenario_6212B9,P4_direct_ext3_text_drift,portal16,각　파일럿은　크와트로　대위가,10,18,E51814F9,,0,,1,
621313,scenario_6212B9,P3_direct_ext3_control_adjacent_text_drift,portal16,……이상이다！,6,18,E51819AE,,0,,2,1728
62133A,scenario_621330,P4_direct_ext3_text_drift,portal16,방금　막　받은,13,18,E5182B4C,,0,,1,
62138B,scenario_621374,P4_direct_ext3_text_drift,portal16,미노프스키　드라이브를　달아서,13,18,E5181501,,0,,1,
6213B3,scenario_6213A9,P4_direct_ext3_text_drift,portal16,그런데　누가　이　ＭＳ를,9,18,E5181B66,,0,,1,
6213FB,scenario_6213F0,P4_direct_ext3_text_drift,portal16,차라리　웃소가　브라이트　함장에게,12,18,E518C434,,0,,1,
621451,scenario_621434,P4_direct_ext3_text_drift,portal16,웃소라면　이　Ｖ２도,9,18,E5184B6E,,0,,1,
6214DC,scenario_6214C5,P4_direct_ext3_text_drift,portal16,솔로몬의　악몽　아닌가。,8,18,E518150E,,0,,1,
621505,scenario_6214FA,P4_direct_ext3_text_drift,portal16,네놈도　티탄즈에　붙고,11,18,E5181511,,0,,1,
62154E,scenario_62152E,P4_direct_ext3_text_drift,portal16,어쨌든　당신도　나도,9,18,E5182B4F,,0,,1,
6215C4,scenario_6215B5,P4_direct_ext3_text_drift,portal16,너희　때문에,4,18,E518750D,,0,,1,
6215D8,scenario_6215B5,P3_direct_ext3_control_adjacent_text_drift,portal16,그　빚은　확실히　갚아줘야겠어！！,15,18,E5182001,,0,,2,1728
621609,scenario_6215F2,P3_direct_ext3_control_adjacent_text_drift,portal16,『별의　부스러기』를　방해한　애송이군,20,18,E5182002,,0,,2,1728
621639,scenario_62162A,P4_direct_ext3_text_drift,portal16,그땐　너희가　끼어드는　바람에,19,18,E518750E,,0,,1,
62165D,scenario_62162A,P4_direct_ext3_text_drift,portal16,그때의　빚……,9,18,E5180BD2,,0,,1,
6216C2,scenario_6216A6,P3_direct_ext3_control_adjacent_text_drift,portal16,할　수　있으면　해봐！！,16,18,E5182009,,0,,2,1728
62170D,scenario_6216F4,P4_direct_ext3_text_drift,portal16,마침　좋은　기회군、　여기서　한꺼번에,14,18,E5180BD3,,0,,1,
621866,scenario_62185B,P4_direct_ext3_text_drift,portal16,그쪽은　그쪽대로　알아서　해！,15,18,E5187510,,0,,1,
6218A3,scenario_621899,P4_direct_ext3_text_drift,portal16,그리　느긋할　틈은　없는　모양이니、,16,18,E5184B71,,0,,1,
6218C3,scenario_621899,P3_direct_ext3_control_adjacent_text_drift,portal16,세라가　아니라　미안하지만。,10,18,E5182019,,0,,2,1728
6218F6,scenario_6218ED,P2_direct_ext3_exact_text,portal16,어디냐……,4,18,E518201A,,0,,1,
62197B,scenario_62196B,P4_direct_ext3_text_drift,portal16,결국　빌린　힘으로　싸우는,14,18,E5183B77,,0,,1,
6219CD,scenario_6219B7,P4_direct_ext3_text_drift,portal16,신화에선　용을　죽여　불사의　힘을,18,18,E51891B6,,0,,1,
6219EF,scenario_6219B7,P4_direct_ext3_text_drift,portal16,네놈도　마찬가지다……！,6,18,E5180C73,,0,,2,
6219F8,scenario_6219B7,P4_direct_ext3_text_drift,portal16,세라의　마음을　죽이고,10,18,E5182028,,0,,1,
621A15,scenario_6219B7,P4_direct_ext3_text_drift,portal16,네　힘은　빌린　거다。,12,18,E5187512,,0,,1,
621A5E,scenario_621A47,P2_direct_ext3_exact_text,portal16,……자네의　본명　역시　프로필상,9,18,E518202C,,0,,1,
621A70,scenario_621A47,P2_direct_ext3_exact_text,portal16,하지만、　불행히도。,7,18,E5189402,,0,,2,
621A7A,scenario_621A47,P4_direct_ext3_text_drift,portal16,올드타입은　파브닐의,7,18,E5187513,,0,,1,
621A8F,scenario_621A47,P4_direct_ext3_text_drift,portal16,결국　올드타입　따위로는,10,18,E5180BD5,,0,,1,
621AE4,scenario_621AD0,P4_direct_ext3_text_drift,portal16,용의　불사력은　네가　아니라、,12,18,E5182033,,0,,1,
621B04,scenario_621AD0,P4_direct_ext3_text_drift,portal16,너론　나를　이길　수　없어。,14,18,E5182035,,0,,2,
621B15,scenario_621AD0,P4_direct_ext3_text_drift,portal16,신화처럼、　공주의　배신으로,12,18,E5182036,,0,,1,
621B7A,scenario_621B5D,P4_direct_ext3_text_drift,portal16,그녀의　뉴타입　능력으로,12,18,E518203C,,0,,1,
621C1D,scenario_621C0D,P4_direct_ext3_text_drift,portal16,마스터에게　방해되는　인물은,10,18,E5182B53,,0,,1,
621C74,scenario_621C6B,P4_direct_ext3_text_drift,portal16,나는　대체……　나는　도대체　어떻게,5,18,E5182A54,,0,,1,
621C89,scenario_621C6B,P3_direct_ext3_control_adjacent_text_drift,portal16,윽……！！,5,18,E518D536,,0,,2,1728
621CC1,scenario_621CAB,P3_direct_ext3_control_adjacent_text_drift,portal16,대체　무슨　일이　벌어진　거지？,14,18,E518204A,,0,,2,1728
621D24,scenario_621D15,P4_direct_ext3_text_drift,portal16,나라면　데빌　건담을,7,18,E5180BD6,,0,,1,
621D38,scenario_621D15,P4_direct_ext3_text_drift,portal16,아마　네오　지온　사람이,10,18,E5182CCC,,0,,1,
621D6D,scenario_621D58,P3_direct_ext3_control_adjacent_text_drift,portal16,데빌　건담을　제압한다！！,11,18,E5181CE1,,0,,2,084E
621DDA,scenario_621DCA,P4_direct_ext3_text_drift,portal16,예전에　너와　수련하다,12,18,E5182056,,0,,1,
621E69,scenario_621E60,P4_direct_ext3_text_drift,portal16,여긴　일단　휴전이다！,12,18,E518205C,,0,,1,
621EB5,scenario_621E9F,P4_direct_ext3_text_drift,portal16,무슨　일이냐、　도몬　캇슈！？,11,18,E5182060,,0,,1,
621EF0,scenario_621ED9,P4_direct_ext3_text_drift,portal16,동방불패가　도와준다。,8,18,E5182063,,0,,1,
621F62,scenario_621F47,P4_direct_ext3_text_drift,portal16,내가　대신　얘기를　듣지。,15,18,E5180BD7,,0,,1,
621FA0,scenario_621F81,P4_direct_ext3_text_drift,portal16,네놈들도　데빌　건담의,7,18,E5184B75,,0,,1,
621FB4,scenario_621F81,P4_direct_ext3_text_drift,portal16,이대로　놈을　두면、　기지뿐　아니라,16,18,E518206C,,0,,1,
621FD6,scenario_621F81,P3_direct_ext3_control_adjacent_text_drift,portal16,데빌　건담을　잡게　힘을　빌려라！,15,18,E518C449,,0,,2,1728
622030,scenario_622023,P4_direct_ext3_text_drift,portal16,그들과　협력해　데빌　건담을　막는다。,15,18,E518C44A,,0,,1,
62215F,scenario_62214E,P4_direct_ext3_text_drift,portal16,하지만　데빌　건담을,6,18,E518C44D,,0,,1,
6221D0,scenario_6221C6,P4_direct_ext3_text_drift,portal16,데빌　건담은　그들에게　맡기고、,12,18,E518C44F,,0,,1,
62223E,scenario_62221B,P4_direct_ext3_text_drift,portal16,아인　레비를　안전한　곳으로　옮긴다。,17,18,E5182081,,0,,1,
6222A0,scenario_622292,P2_direct_ext3_exact_text,portal16,라고、　설마！,6,18,E5189405,,0,,1,
6222D3,scenario_6222BF,P4_direct_ext3_text_drift,portal16,더　이상　마스터께,7,18,E5184CEC,,0,,1,
6222ED,scenario_6222BF,P1_direct_ext3_exact_text_control_adjacent,portal16,…　…　저는　당신을　배제합니다。,12,18,E518C452,,0,,2,1728
622321,scenario_622318,P2_direct_ext3_exact_text,portal16,지금、　정말로,6,18,E5189408,,0,,1,
622343,scenario_622339,P1_direct_ext3_exact_text_control_adjacent,portal16,하지만、　그녀는…,8,18,E518940A,,0,,2,1728
6223C8,scenario_6223B3,P3_direct_ext3_control_adjacent_text_drift,portal16,……무슨　일이야！？,10,18,E5182CCF,,0,,2,1728
6223E6,scenario_6223DD,P2_direct_ext3_exact_text,portal16,네오　지온의　녀석、　인간,13,18,E518C458,,0,,1,
622430,scenario_62241F,P4_direct_ext3_text_drift,portal16,데빌　건담은　사람을　흡수해서,13,18,E5184CED,,0,,1,
62244F,scenario_62241F,P1_direct_ext3_exact_text_control_adjacent,portal16,마음에　걸리면　이쪽을　할　수　있어！！,9,18,E518C099,,0,,2,084E
62246E,scenario_62245E,P2_direct_ext3_exact_text,portal16,오、　저는……,7,18,E5189270,,0,,1,
6224A8,scenario_62249B,P4_direct_ext3_text_drift,portal16,네놈……데빌　건담의　핵에,10,18,E5181CE4,,0,,1,
6224F8,scenario_6224EA,P4_direct_ext3_text_drift,portal16,데빌　건담은　사람을　흡수해서,13,18,E5184CED,,0,,1,
622514,scenario_6224EA,P4_direct_ext3_text_drift,portal16,……네놈들、데빌　건담을,9,18,E5182CD0,,0,,1,
6225B8,scenario_622598,P2_direct_ext3_exact_text,portal16,지금까지의　데빌　건담과는　다르다。,9,18,E518C464,,0,,1,
6225E1,scenario_6225D8,P2_direct_ext3_exact_text,portal16,오、　저는……,7,18,E5189270,,0,,1,
6227BD,scenario_6227AA,P4_direct_ext3_text_drift,portal16,네놈도　한　사람의　권사라면、,11,18,E5180BDA,,0,,1,
6227DB,scenario_6227AA,P3_direct_ext3_control_adjacent_text_drift,portal16,……그　정도　기개도　없느냐！！,17,18,E518208A,,0,,2,1728
62296C,scenario_62294B,P4_direct_ext3_text_drift,portal16,데빌　건담에　석파천경권이,6,18,E518C470,,0,,1,
622985,scenario_62294B,P4_direct_ext3_text_drift,portal16,오늘　안　되면、,8,18,E5184B77,,0,,1,
6229B6,scenario_6229AC,P3_direct_ext3_control_adjacent_text_drift,portal16,나에겐　석파천경권이……！,9,18,E5183C17,,0,,2,084A
6229E6,scenario_6229C5,P4_direct_ext3_text_drift,portal16,그러면　그　레인이라는,9,18,E5182B57,,0,,1,
6229FF,scenario_6229C5,P4_direct_ext3_text_drift,portal16,그러려면　우선　여기서,9,18,E518209A,,0,,1,
622A46,scenario_622A35,P3_direct_ext3_control_adjacent_text_drift,portal16,확실히　전수했다、　도몬！,14,18,E518209B,,0,,2,1728
622A7F,scenario_622A70,P3_direct_ext3_control_adjacent_text_drift,portal16,난　아직　스승에게　물을　게……！！,18,18,E518209D,,0,,2,1728
622AC1,scenario_622AAE,P4_direct_ext3_text_drift,portal16,사하라에　펼쳐진　모래　대지를、,18,18,E51820A0,,0,,1,
622AE7,scenario_622AAE,P3_direct_ext3_control_adjacent_text_drift,portal16,이것이　인류　황혼의　풍경이다。,16,18,E51820A2,,0,,2,084E
622B7F,scenario_622B5C,P3_direct_ext3_control_adjacent_text_drift,portal16,녀석은　어디　있지！？,6,18,E5180C75,,0,,2,1728
622C26,scenario_622C04,P3_direct_ext3_control_adjacent_text_drift,portal16,……이렇게　말하면　납득하려나。,16,18,E51820AE,,0,,2,1728
622C6B,scenario_622C55,P4_direct_ext3_text_drift,portal16,무엇보다　그에게　당신에게　가라,14,18,E51820B1,,0,,1,
622C88,scenario_622C55,P4_direct_ext3_text_drift,portal16,……뭐、　데빌　건담이라면,11,18,E5182B58,,0,,1,
622C9E,scenario_622C55,P3_direct_ext3_control_adjacent_text_drift,portal16,테스트　결과는　좋았어。,12,18,E51820B3,,0,,2,082A
622D1C,scenario_622CFF,P4_direct_ext3_text_drift,portal16,그　상처를　회복하려고、,10,18,E51820B8,,0,,1,
622D39,scenario_622CFF,P4_direct_ext3_text_drift,portal16,가령　사람이　많고　흡수할,20,18,E51820B9,,0,,1,
622DD0,scenario_622DBA,P3_direct_ext3_control_adjacent_text_drift,portal16,드디어　우리가　움직일　때다！！,13,18,E51820C0,,0,,2,1728
622EE5,scenario_622ED2,P4_direct_ext3_text_drift,portal16,저분은　웡　리　씨라고　하셔서　우리　에,10,18,E5183731,,0,,1,
622F4D,scenario_622F2B,P4_direct_ext3_text_drift,portal16,덕분에　신형　전함과　ＭＳ를,12,18,E5184B79,,0,,1,
622F99,scenario_622F7C,P4_direct_ext3_text_drift,portal16,모빌슈트는　더블　제타라고　해,11,18,E51820D0,,0,,1,
622FAF,scenario_622F7C,P4_direct_ext3_text_drift,portal16,다카르의　네오　지온과　싸울　때,16,18,E5181B72,,0,,1,
622FF3,scenario_622FE4,P4_direct_ext3_text_drift,portal16,다카르에서　하만의　네오　지온에,12,18,E518C482,,0,,1,
62300C,scenario_622FE4,P3_direct_ext3_control_adjacent_text_drift,portal16,그게　너희　일일　테니까。,12,18,E518751B,,0,,2,0861
62307E,scenario_623070,P4_direct_ext3_text_drift,portal16,이걸로　전황은　더욱,8,18,E5180BDD,,0,,1,
6230E8,scenario_6230CA,P3_direct_ext3_control_adjacent_text_drift,portal16,기회를　봐서、　우리도　출진한다！！,15,18,E51820DD,,0,,2,1728
623170,scenario_623152,P2_direct_ext3_exact_text,portal16,……저는　에우고　소속의,7,18,E51820E4,,0,,1,
623203,scenario_6231E9,P4_direct_ext3_text_drift,portal16,그　크와트로란　남자의,9,18,E51820E9,,0,,1,
623244,scenario_623228,P4_direct_ext3_text_drift,portal16,여기서　의원에게　피해가　나면,11,18,E518751D,,0,,1,
6232A3,scenario_623296,P4_direct_ext3_text_drift,portal16,난　시로코를　위해서라면,9,18,E51820EF,,0,,1,
6232D6,scenario_6232C6,P3_direct_ext3_control_adjacent_text_drift,portal16,마음껏　싸워주지！！,15,18,E51820F1,,0,,2,1728
62331E,scenario_623304,P4_direct_ext3_text_drift,portal16,연설이　끝날　때까지,9,18,E51820F5,,0,,1,
623345,scenario_62333D,P4_direct_ext3_text_drift,portal16,적　모빌슈트가,5,18,E51820F7,,0,,1,
62335E,scenario_62333D,P3_direct_ext3_control_adjacent_text_drift,portal16,１기도　접근시키지　마라！！,16,18,E51820F9,,0,,2,1728
6233DE,scenario_6233B9,P3_direct_ext3_control_adjacent_text_drift,portal16,지온공국의　샤아로서가　아니라……,13,18,E518C489,,0,,2,1728
623466,scenario_623442,P4_direct_ext3_text_drift,portal16,현재、　티탄즈가……,8,18,E5184C16,,0,,2,
623471,scenario_623442,P4_direct_ext3_text_drift,portal16,지구연방군을　제것처럼　쓰는　현실이,14,18,E5182102,,0,,1,
6234C2,scenario_623496,P4_direct_ext3_text_drift,portal16,그리고　우주로　나온　인류는,11,18,E5182106,,0,,1,
6234E0,scenario_623496,P4_direct_ext3_text_drift,portal16,인류의　힘까지　얻었다고　착각했고、,20,18,E5182108,,0,,2,
6234F7,scenario_623496,P4_direct_ext3_text_drift,portal16,자비가　같은　자들을,9,18,E5182109,,0,,1,
62353E,scenario_62351D,P4_direct_ext3_text_drift,portal16,우주로　나오면서、,7,18,E518210D,,0,,1,
623558,scenario_62351D,P3_direct_ext3_control_adjacent_text_drift,portal16,왜　믿을　수　없는　건가！？,15,18,E518210F,,0,,2,1728
6235AD,scenario_62358A,P4_direct_ext3_text_drift,portal16,하지만　이제　인류는　지구에서,12,18,E5182113,,0,,1,
623600,scenario_6235D6,P4_direct_ext3_text_drift,portal16,지구를　자연의　요람으로　돌리고、,18,18,E5182116,,0,,1,
623647,scenario_62362E,P4_direct_ext3_text_drift,portal16,이　다카르조차,6,18,E5182119,,0,,1,
62367E,scenario_62366C,P4_direct_ext3_text_drift,portal16,지금　누구나　이　아름다운　지구를,14,18,E518211C,,0,,1,
62369A,scenario_62366C,P4_direct_ext3_text_drift,portal16,그렇다면　자기　욕망만을　위해、,21,18,E518211E,,0,,1,
623753,scenario_62372B,P4_direct_ext3_text_drift,portal16,……그것이야말로　악이며、,9,18,E5182127,,0,,1,
6237D6,scenario_6237BA,P3_direct_ext3_control_adjacent_text_drift,portal16,하지만、　티탄즈는……,8,18,E5180C78,,0,,2,1728
6238CA,scenario_6238AE,P4_direct_ext3_text_drift,portal16,의회의　결의를　기다리지　않고、,16,18,E5182135,,0,,1,
6238EE,scenario_6238AE,P4_direct_ext3_text_drift,portal16,이　사실을、,6,18,E5183B81,,0,,1,
623956,scenario_623949,P4_direct_ext3_text_drift,portal16,그리고　티탄즈는　의회　지지를　잃고,15,18,E518213A,,0,,1,
623975,scenario_623949,P1_direct_ext3_exact_text_control_adjacent,portal16,……후후후。,5,18,E518C058,,0,,2,1728
6239C2,scenario_6239A4,P3_direct_ext3_control_adjacent_text_drift,portal16,나도　디　오로　나간다！！,11,18,E518213F,,0,,2,1728
6239E4,scenario_6239D8,P4_direct_ext3_text_drift,portal16,이런　곳에서　싸워서,5,18,E5182141,,0,,1,
623A19,scenario_6239FD,P4_direct_ext3_text_drift,portal16,샤아　같은　뉴타입　실패작은,13,18,E5183B82,,0,,1,
623A4C,scenario_623A40,P4_direct_ext3_text_drift,portal16,정말　배제해야　할　자는,15,18,E5182147,,0,,1,
623A70,scenario_623A40,P4_direct_ext3_text_drift,portal16,하지만　그러다　많은　사람이,11,18,E5182149,,0,,1,
623AF7,scenario_623AD1,P4_direct_ext3_text_drift,portal16,언제나　세상을　움직인　건,15,18,E5184B7D,,0,,1,
623B5B,scenario_623B46,P4_direct_ext3_text_drift,portal16,인간의……,5,18,E5181CE9,,0,,1,
623B6C,scenario_623B46,P4_direct_ext3_text_drift,portal16,네놈이　생각하는　것처럼,11,18,E5183CF2,,0,,1,
623BBB,scenario_623BA6,P3_direct_ext3_control_adjacent_text_drift,portal16,이　내　몸을　통해　나오는　힘이！！,18,18,E518215C,,0,,2,1728
623C03,scenario_623BEE,P3_direct_ext3_control_adjacent_text_drift,portal16,……윽！！,6,18,E518E491,,0,,2,1728
623D74,scenario_623D6A,P4_direct_ext3_text_drift,portal16,카테지나　씨가　방해한다면！,13,18,E518216B,,0,,2,
623D84,scenario_623D6A,P3_direct_ext3_control_adjacent_text_drift,portal16,난、　카테지나　씨를　쏘겠어！！,13,18,E518216C,,0,,2,1728
623E7B,scenario_623E59,P1_direct_ext3_exact_text_control_adjacent,portal16,난　그리　대단한　일은　안　했어。,13,18,E5182177,,0,,2,087B
623E98,scenario_623E8E,P2_direct_ext3_exact_text,portal16,의원들은　당신을　믿고,15,18,E5182178,,0,,1,
623EB9,scenario_623E8E,P1_direct_ext3_exact_text_control_adjacent,portal16,모두　당신의　힘　덕분입니다。,12,18,E518941B,,0,,2,082B
623F20,scenario_623F06,P2_direct_ext3_exact_text,portal16,이제　우주로　도망간,12,18,E518217D,,0,,1,
623F3F,scenario_623F06,P2_direct_ext3_exact_text,portal16,자네　덕분에　에우고도　카라바도,12,18,E518217E,,0,,1,
624107,scenario_6240EE,P3_direct_ext3_control_adjacent_text_drift,portal16,인신공양의　가계라고……,9,18,E5184CF4,,0,,2,0842
62415A,scenario_624142,P2_direct_ext3_exact_text,portal16,…　…　그　말은　취소할게。,14,18,E5189274,,0,,2,
62416B,scenario_624142,P2_direct_ext3_exact_text,portal16,무엇이　있었는지는　모르지만、,11,18,E5189422,,0,,1,
62419C,scenario_62418E,P4_direct_ext3_text_drift,portal16,제가、오빠를,7,18,E5182CD7,,0,,1,
6241F0,scenario_6241D6,P3_direct_ext3_control_adjacent_text_drift,portal16,……에우고에게　당했나。,10,18,E518218B,,0,,2,1728
62424A,scenario_624227,P4_direct_ext3_text_drift,portal16,고작　의회를　적으로　돌린　게,14,18,E5180BE2,,0,,1,
624262,scenario_624227,P1_direct_ext3_exact_text_control_adjacent,portal16,당신에겐　힘이　있어。,9,18,E5182192,,0,,2,083E
6242C3,scenario_6242B9,P4_direct_ext3_text_drift,portal16,비장의　수는　곧　완성돼。,14,18,E5182198,,0,,2,
6242D4,scenario_6242B9,P4_direct_ext3_text_drift,portal16,그때까지의　시간을、,7,18,E5182199,,0,,1,
6242EE,scenario_6242B9,P4_direct_ext3_text_drift,portal16,……그래요。,5,18,E5183B84,,0,,1,
624305,scenario_6242B9,P1_direct_ext3_exact_text_control_adjacent,portal16,우후후후……,4,18,E518219C,,0,,2,1728
62445A,scenario_624433,P3_direct_ext3_control_adjacent_text_drift,portal16,（이　비굴함은　뭐지？　이게어른인가？）,23,18,E51821A9,,0,,2,1728
6244CA,scenario_6244BF,P4_direct_ext3_text_drift,portal16,좋다、　네겐　우익을　맡긴다。,16,18,E51821AF,,0,,1,
62451C,scenario_62450D,P4_direct_ext3_text_drift,portal16,이만한　군세를,5,18,E5182B60,,0,,1,
624535,scenario_62450D,P3_direct_ext3_control_adjacent_text_drift,portal16,힘든　싸움이　되겠군。,12,18,E5184C1A,,0,,2,1728
624569,scenario_624549,P3_direct_ext3_control_adjacent_text_drift,portal16,어떻게든　해방해야　해！,7,18,E5180C7B,,0,,2,1728
624591,scenario_62457D,P4_direct_ext3_text_drift,portal16,악질적인　네오　지온　부대를　격멸　소탕,11,18,E518C4A1,,0,,1,
624641,scenario_62462C,P4_direct_ext3_text_drift,portal16,지구의　운명을　네오・지온에　맡길,16,18,E518C4A2,,0,,1,
624662,scenario_62462C,P4_direct_ext3_text_drift,portal16,그런데　전투가　시작되자마자,14,18,E5183B87,,0,,1,
624681,scenario_62462C,P3_direct_ext3_control_adjacent_text_drift,portal16,부끄럽지도　않습니까！？,16,18,E51821C1,,0,,2,1728
6246B3,scenario_6246A9,P2_direct_ext3_exact_text,portal16,……리나！？,6,18,E51821C2,,0,,1,
62472F,scenario_624720,P1_direct_ext3_exact_text_control_adjacent,portal16,……어라、　으에엣！？,10,18,E51821C8,,0,,2,1728
6247A9,scenario_624792,P4_direct_ext3_text_drift,portal16,쥬도　아시타。　자네는　연단에　오르며,6,18,E5185360,,0,,1,
6247BA,scenario_624792,P4_direct_ext3_text_drift,portal16,의사당에서　꼴사납게　허둥대는,15,18,E5184B81,,0,,1,
6247D5,scenario_624792,P4_direct_ext3_text_drift,portal16,네오・지온에　꼬리치는　자들이야말로、,19,18,E518C4A3,,0,,1,
624828,scenario_62481C,P4_direct_ext3_text_drift,portal16,소름끼치게　어둡고　찬　우주를　보며,17,18,E51821D3,,0,,1,
62484D,scenario_62481C,P4_direct_ext3_text_drift,portal16,그동안　지구의　어리석은　자들은뭘했지？,19,18,E51821D5,,0,,2,
624863,scenario_62481C,P4_direct_ext3_text_drift,portal16,지구　재건에만　몰두해、,13,18,E51821D6,,0,,1,
624883,scenario_62481C,P4_direct_ext3_text_drift,portal16,오히려　오염을　더　키웠다！！,18,18,E518C4A6,,0,,2,
624898,scenario_62481C,P3_direct_ext3_control_adjacent_text_drift,portal16,그걸　용납할　순　없어！！,14,18,E51821D7,,0,,2,083B
6248CF,scenario_6248B9,P4_direct_ext3_text_drift,portal16,이상하군……　너와　있으면,14,18,E51821DA,,0,,1,
62492A,scenario_62490D,P4_direct_ext3_text_drift,portal16,하지만　넌　흐름을,9,18,E51821E0,,0,,1,
624944,scenario_62490D,P3_direct_ext3_control_adjacent_text_drift,portal16,직감만　믿다간、　언젠가　파멸한다。,20,18,E51821E2,,0,,2,083B
6249A9,scenario_62498C,P4_direct_ext3_text_drift,portal16,처음엔　내게　기대를　주고、,14,18,E51821E6,,0,,1,
624ADB,scenario_624AC1,P3_direct_ext3_control_adjacent_text_drift,portal16,나머진　저세상에서　마저　하자！！,17,18,E51821EF,,0,,2,1728
624B4B,scenario_624B40,P2_direct_ext3_exact_text,portal16,그、　그만둬……！！,8,18,E51821F1,,0,,1,
624B96,scenario_624B7F,P4_direct_ext3_text_drift,portal16,지금　안전한　곳으로,8,18,E5182B65,,0,,1,
624BCD,scenario_624BB5,P4_direct_ext3_text_drift,portal16,금방　끝내고　돌아올게。,10,18,E51821FA,,0,,1,
624C46,scenario_624C37,P3_direct_ext3_control_adjacent_text_drift,portal16,리나　　　！！,7,18,E51821FF,,0,,2,1728
624CA9,scenario_624C88,P3_direct_ext3_control_adjacent_text_drift,portal16,그래、　이런　식으로……,10,18,E5182BFC,,0,,2,1728
624D9D,scenario_624D89,P3_direct_ext3_control_adjacent_text_drift,portal16,……네놈들！！,11,18,E5184C1B,,0,,2,1728
624DE1,scenario_624DC8,P3_direct_ext3_control_adjacent_text_drift,portal16,그럼、　상대해주지！！,15,18,E5182214,,0,,2,1728
624FE8,scenario_624FD3,P3_direct_ext3_control_adjacent_text_drift,portal16,아직、　때가　무르익지　않았나。,17,18,E518752C,,0,,2,1728
625095,scenario_625080,P4_direct_ext3_text_drift,portal16,그럼　왜！？,7,18,E5184B85,,0,,1,
6250C1,scenario_6250B6,P1_direct_ext3_exact_text_control_adjacent,portal16,『오지　마……　도몬』,9,18,E518222C,,0,,2,084E
6250D9,scenario_6250D0,P2_direct_ext3_exact_text,portal16,그、　그럴　수가……,6,18,E518222D,,0,,2,
6250E2,scenario_6250D0,P4_direct_ext3_text_drift,portal16,레인이　날　거부하다니……,13,18,E518222E,,0,,1,
625134,scenario_62511F,P4_direct_ext3_text_drift,portal16,그녀를　구할　거잖아！？,11,18,E5182230,,0,,2,
625142,scenario_62511F,P4_direct_ext3_text_drift,portal16,한두　번　거절당했다고,17,18,E5184B86,,0,,1,
625263,scenario_62524B,P4_direct_ext3_text_drift,portal16,지금이라도　늦지　않았어！,11,18,E5181C15,,0,,2,
625271,scenario_62524B,P4_direct_ext3_text_drift,portal16,당신의　진짜　마음을,10,18,E518223F,,0,,1,
6252FD,scenario_6252F4,P4_direct_ext3_text_drift,portal16,나는、　전장에서　주먹질하는　것밖에,11,18,E5182242,,0,,1,
625316,scenario_6252F4,P3_direct_ext3_control_adjacent_text_drift,portal16,그러니、　이렇게밖엔　말　못해……,14,18,E5182243,,0,,2,087E
6253CD,scenario_6253C1,P4_direct_ext3_text_drift,portal16,하지만　나、　두　번　다시　자네　곁을,7,18,E51819E4,,0,,1,
6253F6,scenario_6253E8,P1_direct_ext3_exact_text_control_adjacent,portal16,영원토록……,4,18,E518224D,,0,,2,087D
6254FD,scenario_6254DE,P3_direct_ext3_control_adjacent_text_drift,portal16,후회하지　않게　돼서……　말이지。,13,18,E5182258,,0,,2,1728
62551E,scenario_625515,P2_direct_ext3_exact_text,portal16,그렇지만、　시그……,7,18,E518C4B0,,0,,2,
625528,scenario_625515,P3_direct_ext3_control_adjacent_text_drift,portal16,『손닿지　않는　곳』이라니……,15,18,E518752E,,0,,2,0809
6256FE,scenario_6256F4,P4_direct_ext3_text_drift,portal16,이제　데빌　건담이,5,18,E5181B82,,0,,1,
625718,scenario_6256F4,P3_direct_ext3_control_adjacent_text_drift,portal16,아버지、어머니……,11,18,E5184CFB,,0,,2,1728
6257A9,scenario_62579B,P4_direct_ext3_text_drift,portal16,『쥬도와　있으면　기분　좋다는　걸,13,18,E5185362,,0,,1,
625837,scenario_62582B,P4_direct_ext3_text_drift,portal16,쥬도와　있으면　기분　좋다는　걸,12,18,E5184377,,0,,1,
625892,scenario_625878,P3_direct_ext3_control_adjacent_text_drift,portal16,여기까지다……　철수한다！！,12,18,E5182272,,0,,2,1728
6258B8,scenario_6258A9,P3_direct_ext3_control_adjacent_text_drift,portal16,큭！　다시　시작이다！！,10,18,E5182BFE,,0,,2,1728
6258FF,scenario_6258F5,P4_direct_ext3_text_drift,portal16,이로써　다카르는　네오　지온의　손에서,14,18,E5180D5F,,0,,1,
625933,scenario_62591E,P4_direct_ext3_text_drift,portal16,여러분의　용감한　활약으로,10,18,E5182278,,0,,1,
625993,scenario_625980,P4_direct_ext3_text_drift,portal16,아까까진　하만에게,7,18,E518227B,,0,,1,
6259EB,scenario_6259D9,P4_direct_ext3_text_drift,portal16,저기、　그……　낙담하거나,17,18,E5182280,,0,,1,
625A2A,scenario_625A15,P4_direct_ext3_text_drift,portal16,……앗、　아뇨！！,9,18,E5181B83,,0,,1,
625A56,scenario_625A49,P3_direct_ext3_control_adjacent_text_drift,portal16,확실히、　또　떨어지게　됐군。,21,18,E5182287,,0,,2,0883
625AAB,scenario_625A8F,P4_direct_ext3_text_drift,portal16,……그런　기분이　들어。,9,18,E518228B,,0,,2,
625AB7,scenario_625A8F,P4_direct_ext3_text_drift,portal16,그래서　난　나대로,9,18,E5183B8F,,0,,1,
625ACE,scenario_625A8F,P4_direct_ext3_text_drift,portal16,네오・지온과　싸워서,9,18,E518C4BA,,0,,1,
625C04,scenario_625BF1,P4_direct_ext3_text_drift,portal16,예전에、나는　형님이　잘못됐다고,13,18,E5180D57,,0,,1,
625C55,scenario_625C47,P4_direct_ext3_text_drift,portal16,지금의　오빠라면、,9,18,E5182294,,0,,1,
625C72,scenario_625C47,P4_direct_ext3_text_drift,portal16,……아니요、　저에게　오라버니를　원대한,11,18,E5184A2A,,0,,1,
625CD1,scenario_625CB0,P4_direct_ext3_text_drift,portal16,한편、　그레미　토토　반란군은,12,18,E5182297,,0,,1,
625CE9,scenario_625CB0,P4_direct_ext3_text_drift,portal16,양측　전력은,6,18,E5182299,,0,,1,
625D1B,scenario_625D04,P3_direct_ext3_control_adjacent_text_drift,portal16,……이건　기회군。,9,18,E518229B,,0,,2,0861
625D34,scenario_625D2A,P4_direct_ext3_text_drift,portal16,양측　싸움을　이용하면、,12,18,E518229C,,0,,1,
625D79,scenario_625D6E,P3_direct_ext3_control_adjacent_text_drift,portal16,네오・지온과　결판내러！！,13,18,E518C4C1,,0,,2,1728
625E0D,scenario_625DFF,P4_direct_ext3_text_drift,portal16,뭐、　훈련이라고　해도……,12,18,E51822A3,,0,,2,
625E1C,scenario_625DFF,P4_direct_ext3_text_drift,portal16,…　…　의외로　피의　기분이　많은　녀석,17,18,E5189427,,0,,1,
625E4E,scenario_625E44,P3_direct_ext3_control_adjacent_text_drift,portal16,설마……！？,5,18,E5180DA5,,0,,2,0861
625EBD,scenario_625EA4,P4_direct_ext3_text_drift,portal16,내　데빌　건담을……！,8,18,E5183CFD,,0,,1,
625EEC,scenario_625EDC,P4_direct_ext3_text_drift,portal16,데빌　건담을　이용해,7,18,E5180DA6,,0,,1,
625F23,scenario_625F15,P4_direct_ext3_text_drift,portal16,내가　언제　그런　걸,9,18,E5180D61,,0,,1,
625F49,scenario_625F3E,P4_direct_ext3_text_drift,portal16,그럼、데빌　건담을　써서,10,18,E5181CF5,,0,,1,
62602D,scenario_62601E,P4_direct_ext3_text_drift,portal16,제자가　스승을　넘어서려　하다니,12,18,E5181CF6,,0,,1,
6260A3,scenario_626097,P3_direct_ext3_control_adjacent_text_drift,portal16,십이왕방패！　대차병！！,24,18,E518F2BD,,0,,2,1728
6260F7,scenario_6260EE,P4_direct_ext3_text_drift,portal16,아직도　모르겠나！,9,18,E5183CFF,,0,,1,
626164,scenario_626155,P4_direct_ext3_text_drift,portal16,사람들이　싸움에　정신　팔린　동안,17,18,E5183D45,,0,,1,
62618B,scenario_626155,P2_direct_ext3_exact_text,portal16,이　아프리카　사막만이　아니다！！,11,18,E5189440,,0,,2,
626199,scenario_626155,P4_direct_ext3_text_drift,portal16,오스트레일리아를　보지　못했나！？,8,18,E5181CF7,,0,,1,
6261B6,scenario_626155,P4_direct_ext3_text_drift,portal16,북미도　마찬가지다！！,9,18,E5184D46,,0,,2,
6261C2,scenario_626155,P4_direct_ext3_text_drift,portal16,도몬！　지구가　죽어가는　광경에서,21,18,E5183D01,,0,,1,
626230,scenario_626222,P3_direct_ext3_control_adjacent_text_drift,portal16,……모든　악의　근원은　인류다。,12,18,E5183D46,,0,,2,084E
626270,scenario_626255,P4_direct_ext3_text_drift,portal16,후하하하……　그래、　그거다！,13,18,E5184D47,,0,,1,
62628B,scenario_626255,P3_direct_ext3_control_adjacent_text_drift,portal16,그걸　위해선　인류쯤　사라져도　돼！！,19,18,E51822A8,,0,,2,084E
6262CA,scenario_6262B9,P4_direct_ext3_text_drift,portal16,무슨　뉴타입……,6,18,E5184B8A,,0,,1,
6262DF,scenario_6262B9,P4_direct_ext3_text_drift,portal16,지구의　참상을　외면하고　싸우는자들에게,20,18,E51822AC,,0,,1,
62644D,scenario_626443,P1_direct_ext3_exact_text_control_adjacent,portal16,크윽、　컥、　쿨럭……！！,11,18,E51822B9,,0,,2,1728
62646F,scenario_626465,P4_direct_ext3_text_drift,portal16,이런　몸만　아니었다면　내가　직접,15,18,E51822BB,,0,,1,
62648E,scenario_626465,P3_direct_ext3_control_adjacent_text_drift,portal16,그게　분해……！！,10,18,E5184C1E,,0,,2,1728
62658B,scenario_62657C,P4_direct_ext3_text_drift,portal16,그걸　잊고　무슨　자연의……,13,18,E51822C7,,0,,1,
6265BA,scenario_6265B0,P4_direct_ext3_text_drift,portal16,함께　살아가는,9,18,E5183D47,,0,,1,
6265D7,scenario_6265B0,P3_direct_ext3_control_adjacent_text_drift,portal16,……어리석음의　극치다！！,12,18,E51822CC,,0,,2,1728
6268F0,scenario_6268D5,P4_direct_ext3_text_drift,portal16,인류도　또、　자연의　일부……,12,18,E51822E5,,0,,2,
6268FF,scenario_6268D5,P4_direct_ext3_text_drift,portal16,그걸　없애는　건,7,18,E51822E6,,0,,1,
62696D,scenario_62694F,P4_direct_ext3_text_drift,portal16,그런데　나는……,7,18,E5183D02,,0,,2,
626977,scenario_62694F,P4_direct_ext3_text_drift,portal16,당신을　넘는　것만　생각해,18,18,E51822EC,,0,,1,
62699D,scenario_62694F,P3_direct_ext3_control_adjacent_text_drift,portal16,그런데도　스승은　끝까지　나를……！！,16,18,E51822EE,,0,,2,1728
6269D1,scenario_6269BA,P4_direct_ext3_text_drift,portal16,하지만、봐　줘……,9,18,E5184D03,,0,,2,
6269DD,scenario_6269BA,P4_direct_ext3_text_drift,portal16,내　몸은　한조각도,13,18,E51822F0,,0,,1,
626A26,scenario_626A19,P4_direct_ext3_text_drift,portal16,너와　다시　만나지　않았다면……,13,18,E51822F4,,0,,2,
626A36,scenario_626A19,P4_direct_ext3_text_drift,portal16,네가　데빌　건담　추격에,8,18,E5181B88,,0,,1,
626A4E,scenario_626A19,P3_direct_ext3_control_adjacent_text_drift,portal16,이런　일은　없었을　텐데……！,13,18,E51822F6,,0,,2,084E
626BD4,scenario_626BC8,P3_direct_ext3_control_adjacent_text_drift,portal16,지금까지　어디　있었던　거야！？,12,18,E5182303,,0,,2,084E
626C3C,scenario_626C2A,P4_direct_ext3_text_drift,portal16,나　같은　놈보다,8,18,E5184B8E,,0,,1,
626CB2,scenario_626C9C,P4_direct_ext3_text_drift,portal16,……그래도　되겠나、　자네？,8,18,E5183C21,,0,,2,
626CBD,scenario_626C9C,P4_direct_ext3_text_drift,portal16,데빌　건담을　쓰러뜨린다는,8,18,E518C4DB,,0,,1,
626D1D,scenario_626CF9,P4_direct_ext3_text_drift,portal16,지금은　티탄즈니　네오・지온이니,12,18,E518C4DC,,0,,1,
626D35,scenario_626CF9,P4_direct_ext3_text_drift,portal16,이　싸움……,6,18,E5183B95,,0,,1,
626D66,scenario_626D56,P4_direct_ext3_text_drift,portal16,네　도크는　언제나　비워두겠다……,16,18,E5182318,,0,,2,
626D79,scenario_626D56,P4_direct_ext3_text_drift,portal16,자네가　남겠다면,11,18,E5180BF2,,0,,1,
626DEC,scenario_626DD7,P3_direct_ext3_control_adjacent_text_drift,portal16,내가　여왕으로　부족해서……,16,18,E518231F,,0,,2,1728
626E8A,scenario_626E6E,P4_direct_ext3_text_drift,portal16,순순히　따르면　같은　문중　정으로、,15,18,E518753A,,0,,1,
626ECA,scenario_626EAE,P4_direct_ext3_text_drift,portal16,수를　믿고　협박하다니……！,16,18,E518753B,,0,,2,
626EDD,scenario_626EAE,P4_direct_ext3_text_drift,portal16,너　같은　비열한　자가　있어서,14,18,E5182326,,0,,1,
626F0D,scenario_626F03,P4_direct_ext3_text_drift,portal16,달의　여왕이란　게　당신이군。,16,18,E5182329,,0,,1,
626F59,scenario_626F43,P3_direct_ext3_control_adjacent_text_drift,portal16,……이　무슨　일인가！,7,18,E5181C19,,0,,2,1728
626FD8,scenario_626FB2,P4_direct_ext3_text_drift,portal16,소렐가가　저지른　잘못은、,10,18,E518753C,,0,,1,
6270AE,scenario_627090,P4_direct_ext3_text_drift,portal16,연방과　접촉을　끊고　고립된,15,18,E518233A,,0,,1,
6270D1,scenario_627090,P4_direct_ext3_text_drift,portal16,설마、　여왕　본인이,9,18,E518233C,,0,,1,
627103,scenario_6270F5,P4_direct_ext3_text_drift,portal16,놈은　디아나　님을　제거하고、,11,18,E518C4E3,,0,,1,
627144,scenario_627124,P4_direct_ext3_text_drift,portal16,에우고　여러분께　보호를　청한다！,16,18,E5182340,,0,,1,
6271C5,scenario_6271A7,P3_direct_ext3_control_adjacent_text_drift,portal16,여기는　하야토、　알겠다！！,10,18,E5183C22,,0,,2,1728
6271E7,scenario_6271DC,P4_direct_ext3_text_drift,portal16,여기는　헨켄！,5,18,E5182B71,,0,,1,
62720B,scenario_6271FD,P4_direct_ext3_text_drift,portal16,아가마를　해리　오드기에　접촉시켜！,15,18,E518234A,,0,,2,
62721D,scenario_6271FD,P3_direct_ext3_control_adjacent_text_drift,portal16,중위와　디아나　여왕을　보호한다！！,14,18,E518C4E7,,0,,2,1728
627256,scenario_627238,P4_direct_ext3_text_drift,portal16,그때까지　아가마와,5,18,E518234D,,0,,1,
6272B4,scenario_6272A1,P4_direct_ext3_text_drift,portal16,이번　작전에서　우리　티탄즈의　힘을,14,18,E5182353,,0,,1,
6272E7,scenario_6272DC,P4_direct_ext3_text_drift,portal16,우리　손으로　여왕을　잡고、,15,18,E5182356,,0,,1,
62732A,scenario_627320,P4_direct_ext3_text_drift,portal16,시로코　여자의　감시까지……,15,18,E5182358,,0,,1,
627382,scenario_62736E,P4_direct_ext3_text_drift,portal16,언젠가　티탄즈를　내　손에　넣으려면,13,18,E518235C,,0,,1,
6273EF,scenario_6273DF,P3_direct_ext3_control_adjacent_text_drift,portal16,당신　뒤엔　항상　내가　있다는　걸……,11,18,E5182360,,0,,2,1728
6274E3,scenario_6274D7,P3_direct_ext3_control_adjacent_text_drift,portal16,……！　마우아！？,9,18,E5182368,,0,,2,1728
62750E,scenario_6274F9,P4_direct_ext3_text_drift,portal16,『당신은　세계를　올바른　방향으로,14,18,E5187542,,0,,1,
62753E,scenario_627534,P4_direct_ext3_text_drift,portal16,난　그저、,5,18,E5180BF4,,0,,1,
62757A,scenario_627563,P3_direct_ext3_control_adjacent_text_drift,portal16,『당신에겐、　지금　그게　옳아』,16,18,E518236E,,0,,2,0833
627638,scenario_62762D,P4_direct_ext3_text_drift,portal16,전함으로　모빌슈트의,6,18,E5182375,,0,,1,
6276F1,scenario_6276D9,P4_direct_ext3_text_drift,portal16,우린　그런　사람들을　위해,14,18,E5187546,,0,,1,
627710,scenario_6276D9,P4_direct_ext3_text_drift,portal16,하지만、　레코아　씨……　당신이　죽어도,15,18,E518237D,,0,,1,
627730,scenario_6276D9,P3_direct_ext3_control_adjacent_text_drift,portal16,그래도　괜찮아？,4,18,E518237F,,0,,2,0880
62790D,scenario_627901,P3_direct_ext3_control_adjacent_text_drift,portal16,나、　봤어……,7,18,E518238F,,0,,2,1728
627963,scenario_627942,P4_direct_ext3_text_drift,portal16,그러니까……,4,18,E518C5EE,,0,,1,
627B23,scenario_627B1A,P4_direct_ext3_text_drift,portal16,턴Ｘ의　월광접　시스템은,10,18,E5187550,,0,,1,
627B9B,scenario_627B81,P3_direct_ext3_control_adjacent_text_drift,portal16,……당신들을　도우러　왔습니다！！,15,18,E51823A6,,0,,2,1728
627F98,scenario_627F87,P4_direct_ext3_text_drift,portal16,내　힘이　필요할　때는　언제든지　말해、,17,18,E5182D2E,,0,,1,
627FDB,scenario_627FC3,P4_direct_ext3_text_drift,portal16,티파의　사랑의　파워로,9,18,E5184D4C,,0,,1,
628100,scenario_6280E7,P1_direct_ext3_exact_text_control_adjacent,portal16,다시　나오자、　올바。,9,18,E518C4F7,,0,,2,0817
6281BB,scenario_6281A5,P1_direct_ext3_exact_text_control_adjacent,portal16,크로스본　뱅가드의…,8,18,E518C4FD,,0,,2,0867
6281D8,scenario_6281C9,P4_direct_ext3_text_drift,portal16,우선、마더　뱅가드를,9,18,E5180D6A,,0,,1,
6281EC,scenario_6281C9,P1_direct_ext3_exact_text_control_adjacent,portal16,자세한　이야기는　그때…,14,18,E518945C,,0,,2,0861
628283,scenario_62826B,P2_direct_ext3_exact_text,portal16,분명히　부흐　콘체른을　모체로,13,18,E5189462,,0,,1,
628299,scenario_62826B,P4_direct_ext3_text_drift,portal16,마이처　로나라는　인물을　중심으로,13,18,E518C504,,0,,1,
6282B6,scenario_62826B,P4_direct_ext3_text_drift,portal16,그　사상은　우리　에우고보다,11,18,E5183D08,,0,,1,
628336,scenario_628324,P4_direct_ext3_text_drift,portal16,어떤　사건으로　조부가　죽어、　나는,13,18,E51823C1,,0,,1,
62838F,scenario_62837F,P4_direct_ext3_text_drift,portal16,하지만　문레이스도　아닌,7,18,E51823C6,,0,,1,
628424,scenario_62840D,P4_direct_ext3_text_drift,portal16,연방군의　첩보활동을,8,18,E51823CF,,0,,1,
628466,scenario_628446,P4_direct_ext3_text_drift,portal16,정기적으로　연방정부와,9,18,E518C507,,0,,1,
62847C,scenario_628446,P4_direct_ext3_text_drift,portal16,한겔그　씨는　그들에게서,9,18,E51823D2,,0,,1,
62849E,scenario_628494,P4_direct_ext3_text_drift,portal16,전　직업상　전부터　문레이스의,12,18,E51823D4,,0,,1,
6284B9,scenario_628494,P4_direct_ext3_text_drift,portal16,조사　중　깅가남　일문에,13,18,E51823D6,,0,,1,
6284D4,scenario_628494,P4_direct_ext3_text_drift,portal16,베라　씨들에게　만일을　대비한,14,18,E51823D7,,0,,1,
6284EE,scenario_628494,P3_direct_ext3_control_adjacent_text_drift,portal16,솔직히　쓸　일은　없길　바랐지만……,17,18,E51823D9,,0,,2,0861
62852A,scenario_628505,P4_direct_ext3_text_drift,portal16,한겔그　씨。,5,18,E51823DC,,0,,1,
628590,scenario_628584,P4_direct_ext3_text_drift,portal16,그　턴Ｘ라는　모빌슈트는,11,18,E518755A,,0,,1,
6285D2,scenario_6285BC,P4_direct_ext3_text_drift,portal16,원래　외우주에서　표류해온　기체를,16,18,E51823E5,,0,,1,
628637,scenario_62862A,P4_direct_ext3_text_drift,portal16,김　깅가남을　막으려면,12,18,E51823E9,,0,,1,
628699,scenario_628679,P4_direct_ext3_text_drift,portal16,그를　위한　Ｖ２　강화　파츠도,14,18,E51823EE,,0,,1,
6286B0,scenario_628679,P4_direct_ext3_text_drift,portal16,빛의　날개가　월광접을　누르는　동안,18,18,E5181A31,,0,,1,
62873E,scenario_628725,P4_direct_ext3_text_drift,portal16,그럼、　디아나　여왕。,8,18,E5184B95,,0,,1,
628765,scenario_628757,P4_direct_ext3_text_drift,portal16,깅가남은　달에……,8,18,E5182C05,,0,,2,
628770,scenario_628757,P4_direct_ext3_text_drift,portal16,우리　문레이스의　수도、,9,18,E5180BF8,,0,,1,
6287BA,scenario_6287AC,P2_direct_ext3_exact_text,portal16,브라이트　함장。,5,18,E518C50B,,0,,2,
6287C2,scenario_6287AC,P4_direct_ext3_text_drift,portal16,그녀에게　헨켄　함장의　빈자리를,16,18,E51823FE,,0,,1,
6287F8,scenario_6287E9,P3_direct_ext3_control_adjacent_text_drift,portal16,베라　씨、　잘　부탁합니다。,12,18,E518199A,,0,,2,0867
628868,scenario_628840,P4_direct_ext3_text_drift,portal16,한번　도크로　돌려서,9,18,E5184B96,,0,,1,
628895,scenario_62888B,P2_direct_ext3_exact_text,portal16,그렇다면、　브라이트　함장。,8,18,E518C50C,,0,,2,
6288A0,scenario_62888B,P4_direct_ext3_text_drift,portal16,마더　뱅가드가　라디쉬의,9,18,E518C5E8,,0,,1,
6288D4,scenario_6288C2,P3_direct_ext3_control_adjacent_text_drift,portal16,베라　씨、　잘　부탁합니다。,12,18,E518199A,,0,,2,0867
628914,scenario_6288F9,P3_direct_ext3_control_adjacent_text_drift,portal16,……너답지　않잖아。,9,18,E5183009,,0,,2,1728
62894C,scenario_62892A,P4_direct_ext3_text_drift,portal16,그들은　강해졌어。,8,18,E5182AB8,,0,,1,
628968,scenario_62892A,P4_direct_ext3_text_drift,portal16,너도　한번은　시그　웨드너에게,13,18,E518C50D,,0,,1,
6289A1,scenario_628987,P4_direct_ext3_text_drift,portal16,세라가　시스템을　조종했다면,15,18,E518300E,,0,,1,
6289CF,scenario_6289C5,P4_direct_ext3_text_drift,portal16,전력을　낼　수　있더라도,13,18,E5183AC6,,0,,1,
628A0A,scenario_6289EF,P3_direct_ext3_control_adjacent_text_drift,portal16,그때까진　무리는　금물이야。,11,18,E51891C6,,0,,2,0807
628A48,scenario_628A27,P3_direct_ext3_control_adjacent_text_drift,portal16,적어도　시간을　벌어야……,14,18,E5183014,,0,,2,0817
628A9F,scenario_628A80,P4_direct_ext3_text_drift,portal16,그의　장난감도,5,18,E5183017,,0,,1,
628B66,scenario_628B52,P4_direct_ext3_text_drift,portal16,브라이트　함장들이,6,18,E518C511,,0,,1,
628BFB,scenario_628BCB,P4_direct_ext3_text_drift,portal16,마더　뱅가드는,6,18,E5182B7A,,0,,1,
628C68,scenario_628C54,P3_direct_ext3_control_adjacent_text_drift,portal16,여기에　브라이트들이　있다！！,9,18,E518C513,,0,,2,1728
628CFB,scenario_628CF1,P4_direct_ext3_text_drift,portal16,자넨　네오　지온　사람이지？,12,18,E518C514,,0,,1,
628D4F,scenario_628D41,P4_direct_ext3_text_drift,portal16,하지만　하만　님의　명령이니、,16,18,E5183037,,0,,1,
628D71,scenario_628D41,P3_direct_ext3_control_adjacent_text_drift,portal16,자、　가자……　따라와라！,14,18,E5183039,,0,,2,1728
628DBB,scenario_628D9C,P3_direct_ext3_control_adjacent_text_drift,portal16,……자、　디아나　님、　이쪽으로。,12,18,E518C517,,0,,2,0845
628E31,scenario_628E26,P2_direct_ext3_exact_text,portal16,……어라、　으에엣！？,9,18,E518C51A,,0,,2,
628E3D,scenario_628E26,P3_direct_ext3_control_adjacent_text_drift,portal16,대체　뭐야、　너는！？,8,18,E518303D,,0,,2,1728
628EDF,scenario_628ED1,P4_direct_ext3_text_drift,portal16,현재　깅가남　함대의,8,18,E5183B9D,,0,,1,
628F19,scenario_628EFA,P3_direct_ext3_control_adjacent_text_drift,portal16,……이제　반격한다！,11,18,E518304A,,0,,2,084B
629117,scenario_62910C,P3_direct_ext3_control_adjacent_text_drift,portal16,터、　턴Ｘ의　월광접이……！！,13,18,E5184AB5,,0,,2,1728
6291D5,scenario_6291C3,P4_direct_ext3_text_drift,portal16,１년전쟁에서　기렌이　쓴　솔라　레이다,16,18,E518C51C,,0,,2,
6291E8,scenario_6291C3,P4_direct_ext3_text_drift,portal16,티탄즈나　네오　지온이,9,18,E518C51D,,0,,1,
62923D,scenario_629230,P4_direct_ext3_text_drift,portal16,또　만날　줄이야……,7,18,E518C0A6,,0,,1,
6292E1,scenario_6292CD,P4_direct_ext3_text_drift,portal16,이에　맞서기　위해、,7,18,E5180B36,,0,,1,
629327,scenario_62931A,P4_direct_ext3_text_drift,portal16,또　만날　줄이야……,7,18,E518C0A6,,0,,1,
6293A0,scenario_62938C,P4_direct_ext3_text_drift,portal16,이에　맞서기　위해、,7,18,E5180B36,,0,,1,
629414,scenario_6293FB,P3_direct_ext3_control_adjacent_text_drift,portal16,내겐　그만한　권한이　있다。,17,18,E5183066,,0,,2,0857
629467,scenario_62945D,P4_direct_ext3_text_drift,portal16,샤아에게　그런　부탁을,9,18,E5182B7C,,0,,1,
62947F,scenario_62945D,P4_direct_ext3_text_drift,portal16,하지만　곤란하군。,8,18,E518306A,,0,,1,
6294DD,scenario_6294D3,P4_direct_ext3_text_drift,portal16,약속은　지킨다。,7,18,E518306E,,0,,1,
629570,scenario_629563,P4_direct_ext3_text_drift,portal16,하만　같은　자와　손잡았다가,10,18,E5183076,,0,,1,
6295D3,scenario_6295C7,P3_direct_ext3_control_adjacent_text_drift,portal16,작전　시작까지　방에서　근신해라！！,24,18,E518307A,,0,,2,1728
629635,scenario_629625,P4_direct_ext3_text_drift,portal16,설마、　당신도　이　작전에,10,18,E518307D,,0,,1,
62965A,scenario_629650,P4_direct_ext3_text_drift,portal16,콜로니　레이저를　공략하려면,10,18,E518307F,,0,,1,
629676,scenario_629650,P4_direct_ext3_text_drift,portal16,……그리고　그　하만이란　사람은,13,18,E5183080,,0,,1,
6296B7,scenario_6296AD,P4_direct_ext3_text_drift,portal16,단지……　작전　내내　긴장의　끈을　늦춰,4,18,E51839E3,,0,,1,
6296CB,scenario_6296AD,P4_direct_ext3_text_drift,portal16,그　사람　자신과는　별개로、,10,18,E5183084,,0,,1,
629782,scenario_62975F,P4_direct_ext3_text_drift,portal16,그리고　신형　ＭＳ도,9,18,E5183B9E,,0,,1,
629794,scenario_62975F,P4_direct_ext3_text_drift,portal16,더블　제타　건담이라고、,8,18,E5182B7D,,0,,1,
6297CB,scenario_6297C3,P4_direct_ext3_text_drift,portal16,너희는　티탄즈의　시로코와,11,18,E518308C,,0,,1,
6297EA,scenario_6297C3,P4_direct_ext3_text_drift,portal16,그걸　위한　신형　전함과,9,18,E5184B9A,,0,,1,
6297FE,scenario_6297C3,P4_direct_ext3_text_drift,portal16,제군을　기대하고　있다。,9,18,E5183090,,0,,1,
629829,scenario_629820,P3_direct_ext3_control_adjacent_text_drift,portal16,기대에　부응하도록　노력하겠습니다。,15,18,E5183092,,0,,2,1728
629881,scenario_629879,P4_direct_ext3_text_drift,portal16,티탄즈의　콜로니　레이저는,9,18,E5183095,,0,,1,
6298B5,scenario_629896,P4_direct_ext3_text_drift,portal16,이　전란에는　우리　문레이스도,11,18,E5182B7E,,0,,1,
6298C9,scenario_629896,P4_direct_ext3_text_drift,portal16,여왕으로서　손놓고,11,18,E518309A,,0,,1,
629929,scenario_629917,P4_direct_ext3_text_drift,portal16,여왕의　제안、,8,18,E51830A0,,0,,1,
6299F3,scenario_6299E0,P4_direct_ext3_text_drift,portal16,처음엔　내게　기대를　주고、,14,18,E51830A8,,0,,1,
629A2B,scenario_629A15,P4_direct_ext3_text_drift,portal16,나도　내　비겁함은,9,18,E51830A9,,0,,1,
629AF1,scenario_629AE0,P4_direct_ext3_text_drift,portal16,애초에　이　근처엔　ＭＳ,11,18,E5180BFF,,0,,1,
629B69,scenario_629B4C,P1_direct_ext3_exact_text_control_adjacent,portal16,그렇게　해주면　도움이　된다。,10,18,E518A001,,0,,2,1728
629BF2,scenario_629BDF,P4_direct_ext3_text_drift,portal16,기술진이　조사했지만、　월광접처럼,12,18,E5181B97,,0,,1,
629C2F,scenario_629C1B,P2_direct_ext3_exact_text,portal16,아마　앞으로의　싸움은,8,18,E518A003,,0,,1,
629C50,scenario_629C46,P4_direct_ext3_text_drift,portal16,앞으로　티탄과　네오　지온　대항하기에는,13,18,E51826F6,,0,,1,
629CB4,scenario_629CA9,P4_direct_ext3_text_drift,portal16,지금부터　콜로니・레이저　공략작전을,12,18,E518E4BD,,0,,1,
629CCA,scenario_629CA9,P2_direct_ext3_exact_text,portal16,각　부대는　네오　지온과　협력하면서,14,18,E518C53E,,0,,1,
629D03,scenario_629CEC,P2_direct_ext3_exact_text,portal16,적이　목표를　정하기　전에,12,18,E518A007,,0,,1,
629D44,scenario_629D24,P3_direct_ext3_control_adjacent_text_drift,portal16,각자、　부탁한다！,6,18,E5182CF0,,0,,2,1728
629D7E,scenario_629D75,P4_direct_ext3_text_drift,portal16,에우고와　손을　잡으면서까지,11,18,E5183D0E,,0,,1,
629D9B,scenario_629D75,P3_direct_ext3_control_adjacent_text_drift,portal16,……하고　있구나、　하만　녀석。,12,18,E5181D49,,0,,2,1728
629DE4,scenario_629DCB,P4_direct_ext3_text_drift,portal16,핵심만　사라지면,10,18,E51830B3,,0,,1,
629E05,scenario_629DCB,P3_direct_ext3_control_adjacent_text_drift,portal16,통상전력으로도　충분히　쓸어버린다！,17,18,E5183A8A,,0,,2,1728
629E49,scenario_629E33,P4_direct_ext3_text_drift,portal16,이　두　세력이　사라지면,14,18,E51830B5,,0,,1,
629E6C,scenario_629E33,P4_direct_ext3_text_drift,portal16,……마지막에　이기는　건　나다。,12,18,E5183D0F,,0,,1,
629E9A,scenario_629E88,P3_direct_ext3_control_adjacent_text_drift,portal16,표적、　에우고　기함이다！！,10,18,E51830B8,,0,,2,1728
629EF9,scenario_629EE1,P3_direct_ext3_control_adjacent_text_drift,portal16,무슨　수를　써서든　발사를　막아라！！,11,18,E51830BD,,0,,2,1728
629FA3,scenario_629F8E,P4_direct_ext3_text_drift,portal16,앞으로　단　２턴　이내에,10,18,E51830C0,,0,,1,
629FED,scenario_629FDC,P4_direct_ext3_text_drift,portal16,무슨　수를　써서든　이번　턴에,8,18,E51830C4,,0,,1,
62A02F,scenario_62A024,P4_direct_ext3_text_drift,portal16,이렇게　되면　총력전이다！,8,18,E51830C7,,0,,2,
62A03A,scenario_62A024,P4_direct_ext3_text_drift,portal16,전군으로　에우고와　네오　지온을,13,18,E5184B9E,,0,,1,
62A08E,scenario_62A080,P4_direct_ext3_text_drift,portal16,그레미군이　액시즈를,7,18,E5180B37,,0,,1,
62A0B8,scenario_62A0A6,P4_direct_ext3_text_drift,portal16,……어쩔　수　없군。,5,18,E51830C9,,0,,1,
62A0CA,scenario_62A0A6,P3_direct_ext3_control_adjacent_text_drift,portal16,전　부대、　철수하라！！,9,18,E518399A,,0,,2,1728
62A0FC,scenario_62A0EE,P4_direct_ext3_text_drift,portal16,그레미군이　액시즈를,7,18,E5180B37,,0,,1,
62A11F,scenario_62A114,P4_direct_ext3_text_drift,portal16,액시즈를　빼앗기면,9,18,E51830CC,,0,,1,
62A137,scenario_62A114,P3_direct_ext3_control_adjacent_text_drift,portal16,전　부대、　철수하라！！,9,18,E518399A,,0,,2,1728
62A155,scenario_62A14B,P3_direct_ext3_control_adjacent_text_drift,portal16,언젠가　너와는　결판을　내겠다！,13,18,E5184A9D,,0,,2,1728
62A221,scenario_62A218,P4_direct_ext3_text_drift,portal16,생감정을　드러내선、,9,18,E5181AC2,,0,,1,
62A2C8,scenario_62A2B2,P4_direct_ext3_text_drift,portal16,이제야　전장　판짜기가　꽤나　피비린내,11,18,E51830D8,,0,,1,
62A70A,scenario_62A6FD,P4_direct_ext3_text_drift,portal16,턴Ｘ에　공격을　집중！！,12,18,E5183AC8,,0,,1,
62A782,scenario_62A775,P4_direct_ext3_text_drift,portal16,우리의　투쟁본능이　가는　대로,12,18,E51830F8,,0,,1,
62A7A1,scenario_62A775,P3_direct_ext3_control_adjacent_text_drift,portal16,지구는　안　망할지도　모른다！,16,18,E51830F9,,0,,2,0883
62A801,scenario_62A7F0,P4_direct_ext3_text_drift,portal16,죽음을　의식하니까、,7,18,E51891C8,,0,,1,
62A853,scenario_62A849,P4_direct_ext3_text_drift,portal16,생명을　이어가려면,13,18,E51830FF,,0,,1,
62AAB4,scenario_62AAA7,P4_direct_ext3_text_drift,portal16,일부러　당하러　오다니、,11,18,E518310E,,0,,1,
62AB6F,scenario_62AB51,P3_direct_ext3_control_adjacent_text_drift,portal16,전　부대、　에우고에　공격　집중！！,15,18,E518299D,,0,,2,1728
62AC33,scenario_62AC26,P3_direct_ext3_control_adjacent_text_drift,portal16,……뜻밖에　쓸모없는　남자군。,13,18,E518311B,,0,,2,1728
62ACFC,scenario_62ACE0,P4_direct_ext3_text_drift,portal16,모든　악의　근원은　미네바를　앞세워……,18,18,E518C557,,0,,2,
62AD11,scenario_62ACE0,P4_direct_ext3_text_drift,portal16,기만의　지온을　잇고자　한,21,18,E518C558,,0,,1,
62AD33,scenario_62ACE0,P4_direct_ext3_text_drift,portal16,진정한　네오　지온을　손에　넣을　자는、,18,18,E518C559,,0,,2,
62AD48,scenario_62ACE0,P4_direct_ext3_text_drift,portal16,하만의　목을,6,18,E5183123,,0,,1,
62AE0A,scenario_62ADF6,P4_direct_ext3_text_drift,portal16,어제까지　하만에게,9,18,E5184AC9,,0,,1,
62AE23,scenario_62ADF6,P3_direct_ext3_control_adjacent_text_drift,portal16,……지구를　내줄　각오쯤은　해야겠군。,20,18,E5183129,,0,,2,1728
62AE52,scenario_62AE44,P4_direct_ext3_text_drift,portal16,병사들을　들뜨게　하는　솜씨는、,16,18,E518312B,,0,,1,
62AED1,scenario_62AEB6,P4_direct_ext3_text_drift,portal16,그럼　아인　레비는,9,18,E5182B83,,0,,1,
62AEE6,scenario_62AEB6,P4_direct_ext3_text_drift,portal16,기회가　오는　대로、,9,18,E5183132,,0,,1,
62AF29,scenario_62AF15,P4_direct_ext3_text_drift,portal16,바로　달려들　줄　알았는데、,15,18,E5181AAB,,0,,1,
62AF45,scenario_62AF15,P4_direct_ext3_text_drift,portal16,역시　하만의　목은,8,18,E5183135,,0,,1,
62AF5C,scenario_62AF15,P3_direct_ext3_control_adjacent_text_drift,portal16,아니면　우릴　못　믿는　건가……,15,18,E5183137,,0,,2,0807
62AF93,scenario_62AF86,P3_direct_ext3_control_adjacent_text_drift,portal16,……아마도。,6,18,E5182CBB,,0,,2,0817
62AFC9,scenario_62AFAD,P4_direct_ext3_text_drift,portal16,이　국면에서　자유롭게,14,18,E518313C,,0,,1,
62B016,scenario_62B007,P4_direct_ext3_text_drift,portal16,당분간　그레미의　솜씨를,11,18,E518313F,,0,,1,
62B030,scenario_62B007,P4_direct_ext3_text_drift,portal16,우리가　움직이는　건　그　후면　돼。,14,18,E5183140,,0,,2,
62B0B7,scenario_62B0A9,P4_direct_ext3_text_drift,portal16,정규군엔　개입을　삼가라는,18,18,E5183145,,0,,1,
62B0F7,scenario_62B0D7,P4_direct_ext3_text_drift,portal16,……하지만　우린　이대로,11,18,E5183149,,0,,1,
62B115,scenario_62B0D7,P4_direct_ext3_text_drift,portal16,브라이트　중령。　우리　역시　즉시　전력,5,18,E51826D0,,0,,1,
62B15F,scenario_62B153,P4_direct_ext3_text_drift,portal16,측면에서　그레미군을　치고、　액시즈를,16,18,E518314F,,0,,1,
62B17E,scenario_62B153,P4_direct_ext3_text_drift,portal16,그리고　퇴로를　끊은　뒤,12,18,E518C55F,,0,,1,
62B1B0,scenario_62B1A6,P1_direct_ext3_exact_text_control_adjacent,portal16,합세하세、　브라이트　중령。,8,18,E518C560,,0,,2,1728
62B1D6,scenario_62B1C5,P4_direct_ext3_text_drift,portal16,목표는　액시즈！,6,18,E5183154,,0,,1,
62B236,scenario_62B22C,P4_direct_ext3_text_drift,portal16,두　네오　지온과　에우고를,13,18,E5181B9C,,0,,1,
62B250,scenario_62B22C,P4_direct_ext3_text_drift,portal16,……반드시　놈은,8,18,E5183157,,0,,1,
62B2AF,scenario_62B2A2,P4_direct_ext3_text_drift,portal16,그녀가　나오면,8,18,E518315A,,0,,1,
62B2D9,scenario_62B2CD,P3_direct_ext3_control_adjacent_text_drift,portal16,내가　그녀를　죽이거나……,10,18,E518315D,,0,,2,0809
62B30F,scenario_62B2F8,P4_direct_ext3_text_drift,portal16,실제로　만나보지　않으면,14,18,E5183160,,0,,1,
62B414,scenario_62B3F1,P3_direct_ext3_control_adjacent_text_drift,portal16,강화인간들을　내보내！,7,18,E518316E,,0,,2,0885
62B485,scenario_62B460,P3_direct_ext3_control_adjacent_text_drift,portal16,아이나、　네　힘을　빌려줘……！,14,18,E5182A99,,0,,2,1728
62B505,scenario_62B4FC,P4_direct_ext3_text_drift,portal16,전개한　건　티탄즈의,9,18,E5183179,,0,,1,
62B530,scenario_62B525,P4_direct_ext3_text_drift,portal16,아무래도　여긴　티탄즈의,7,18,E518317C,,0,,1,
62B545,scenario_62B525,P4_direct_ext3_text_drift,portal16,하지만　저기　있는　모빌슈트는,9,18,E5183AB2,,0,,1,
62B5A7,scenario_62B58E,P3_direct_ext3_control_adjacent_text_drift,portal16,우리에게　힘을　빌려주세요！！,12,18,E5183183,,0,,2,080B
62B5DC,scenario_62B5B9,P4_direct_ext3_text_drift,portal16,뉴타입　연구를　위해서라며、,11,18,E5183186,,0,,1,
62B638,scenario_62B624,P4_direct_ext3_text_drift,portal16,그들과　협력해　연구소에　잡힌,15,18,E518318B,,0,,1,
62B6B6,scenario_62B698,P3_direct_ext3_control_adjacent_text_drift,portal16,출격시켜！！,6,18,E5183191,,0,,2,0885
62B706,scenario_62B6E9,P3_direct_ext3_control_adjacent_text_drift,portal16,놈들이　네　제로를　죽이려　한다！,16,18,E5183194,,0,,2,1728
62B7BC,scenario_62B7A3,P3_direct_ext3_control_adjacent_text_drift,portal16,그녀는　ＮＴ－００１이라　불렸지。,18,18,E518319C,,0,,2,0802
62B7F2,scenario_62B7E8,P4_direct_ext3_text_drift,portal16,나처럼　티탄즈에　붙잡혀,14,18,E518319E,,0,,1,
62B839,scenario_62B826,P4_direct_ext3_text_drift,portal16,바로　자네、　제로　무라사메　자네를　칭,8,18,E51831A1,,0,,1,
62B86E,scenario_62B854,P3_direct_ext3_control_adjacent_text_drift,portal16,철저하게　부숴주겠어！！,13,18,E5182AB0,,0,,2,1728
62B90B,scenario_62B8EE,P4_direct_ext3_text_drift,portal16,아니면　억지로라도,11,18,E51831AC,,0,,1,
62B926,scenario_62B8EE,P4_direct_ext3_text_drift,portal16,……어느　쪽이든、,5,18,E51831AD,,0,,1,
62B9C0,scenario_62B9A5,P4_direct_ext3_text_drift,portal16,우리는　연구소에　붙잡혀　있어,14,18,E5181D09,,0,,1,
62B9E2,scenario_62B9A5,P4_direct_ext3_text_drift,portal16,그…　제로인가！　？　…레이라의　소중한,17,18,E518C56B,,0,,1,
62BA37,scenario_62BA28,P4_direct_ext3_text_drift,portal16,나도　레이라와　같은　인공적으로　만들어,17,18,E518C56E,,0,,1,
62BA55,scenario_62BA28,P4_direct_ext3_text_drift,portal16,……하지만、그들…론도・벨　사람들은,17,18,E5182CF4,,0,,1,
62BAAE,scenario_62BA91,P1_direct_ext3_exact_text_control_adjacent,portal16,그래서、　우리와　와라！　라일라！！,14,18,E518C572,,0,,2,087C
62BADE,scenario_62BAD5,P1_direct_ext3_exact_text_control_adjacent,portal16,그래、　알았어！！,7,18,E518A016,,0,,2,1728
62BB72,scenario_62BB5C,P1_direct_ext3_exact_text_control_adjacent,portal16,어！　…아、　으……！！,10,18,E518A019,,0,,2,1728
62BBBB,scenario_62BBAD,P2_direct_ext3_exact_text,portal16,연구소는　당신의　기억을　조작하고,13,18,E518A01C,,0,,1,
62BBDC,scenario_62BBAD,P4_direct_ext3_text_drift,portal16,우리는　０을　만났어！！　그는　당신을,12,18,E5184A3A,,0,,1,
62BBF9,scenario_62BBAD,P2_direct_ext3_exact_text,portal16,여기　제로는　없어！,10,18,E518C579,,0,,1,
62BC4B,scenario_62BC42,P2_direct_ext3_exact_text,portal16,……　다르다。,5,18,E518A021,,0,,1,
62BC60,scenario_62BC42,P2_direct_ext3_exact_text,portal16,나는　레이라　레이몬드야！！,11,18,E518C57B,,0,,1,
62BC97,scenario_62BC84,P1_direct_ext3_exact_text_control_adjacent,portal16,자、　이쪽으로！！,7,18,E518A025,,0,,2,087C
62BD0F,scenario_62BCFB,P4_direct_ext3_text_drift,portal16,붙잡혀　있던　뉴타입들을,11,18,E5184D14,,0,,1,
62BDCB,scenario_62BDC1,P2_direct_ext3_exact_text,portal16,말하자면、　너희들은　이　두　사람을,11,18,E518A02E,,0,,1,
62BDE7,scenario_62BDC1,P4_direct_ext3_text_drift,portal16,저들은　자네들　자식으론　안　보이는데、,14,18,E5180C07,,0,,1,
62BE24,scenario_62BE09,P4_direct_ext3_text_drift,portal16,시설에서　도망치던　중에,12,18,E5183AC7,,0,,1,
62BE3E,scenario_62BE09,P4_direct_ext3_text_drift,portal16,그　아이들은　시설에서　상당히,10,18,E51831B5,,0,,1,
62BE82,scenario_62BE60,P4_direct_ext3_text_drift,portal16,그런　곳에　아이들을　돌려보내는　건,14,18,E51831B9,,0,,1,
62BE9F,scenario_62BE60,P4_direct_ext3_text_drift,portal16,그래서　우리가　아이들을　맡아,17,18,E51831BA,,0,,1,
62BF0D,scenario_62BEEF,P2_direct_ext3_exact_text,portal16,……그렇다면、,5,18,E51831C0,,0,,1,
62BF22,scenario_62BEEF,P4_direct_ext3_text_drift,portal16,요격이　끝난　작전　국면　이후、　자네들,6,18,E51831C2,,0,,1,
62BF35,scenario_62BEEF,P4_direct_ext3_text_drift,portal16,괜찮다면、　우리　론도　벨이,14,18,E51831C4,,0,,1,
62BF81,scenario_62BF78,P4_direct_ext3_text_drift,portal16,아이들을　생각한다면,15,18,E51831C8,,0,,1,
62BFA4,scenario_62BF78,P4_direct_ext3_text_drift,portal16,설령　그　일로　우리　정체가,11,18,E51831CA,,0,,1,
62BFCF,scenario_62BFC6,P4_direct_ext3_text_drift,portal16,……그렇군。,5,18,E51831CC,,0,,1,
62C00A,scenario_62BFF7,P4_direct_ext3_text_drift,portal16,난　연방군인이었고、,10,18,E51831CF,,0,,1,
62C024,scenario_62BFF7,P4_direct_ext3_text_drift,portal16,서로　죽여야　하는　걸,17,18,E51831D0,,0,,1,
62C094,scenario_62C085,P4_direct_ext3_text_drift,portal16,이　부대엔　전　지온이나　전　티탄즈가,16,18,E518C586,,0,,1,
62C0B3,scenario_62C085,P4_direct_ext3_text_drift,portal16,이런　나도　네오　지온을,13,18,E5182B86,,0,,1,
62C0D3,scenario_62C085,P4_direct_ext3_text_drift,portal16,조니　라이덴이라면,10,18,E5182AB7,,0,,1,
62C129,scenario_62C119,P4_direct_ext3_text_drift,portal16,우린　자네들의,6,18,E5180C08,,0,,1,
62C13B,scenario_62C119,P4_direct_ext3_text_drift,portal16,너희가　우리와　동행하길　원한다면、,15,18,E51831DF,,0,,1,
62C160,scenario_62C119,P3_direct_ext3_control_adjacent_text_drift,portal16,……어떤가？,5,18,E5184CBD,,0,,2,080B
62C182,scenario_62C16B,P3_direct_ext3_control_adjacent_text_drift,portal16,저는、　아이나　사하린입니다。,11,18,E5184C2B,,0,,2,083D
62C1A3,scenario_62C193,P3_direct_ext3_control_adjacent_text_drift,portal16,잘　부탁드립니다！！,8,18,E51831E6,,0,,2,1728
62C1F3,scenario_62C1E0,P4_direct_ext3_text_drift,portal16,마인드　컨트롤의　영향이,6,18,E51831E9,,0,,1,
62C224,scenario_62C214,P4_direct_ext3_text_drift,portal16,매우　주의해　주세요。　무리하게　기체를,5,18,E5182778,,0,,1,
62C238,scenario_62C214,P4_direct_ext3_text_drift,portal16,의사　말로는　아직　마인드,18,18,E51831EE,,0,,1,
62C292,scenario_62C281,P4_direct_ext3_text_drift,portal16,……난　브라이트　노아。,10,18,E518C589,,0,,1,
62C2AD,scenario_62C281,P4_direct_ext3_text_drift,portal16,대강의　사정은,7,18,E5180C09,,0,,1,
62C2C5,scenario_62C281,P4_direct_ext3_text_drift,portal16,자넨　구　지온　연구시설에서,10,18,E518C58A,,0,,1,
62C307,scenario_62C2EF,P4_direct_ext3_text_drift,portal16,……그보다、　괜찮다면、,11,18,E51831F6,,0,,1,
62C351,scenario_62C330,P4_direct_ext3_text_drift,portal16,우리와　동행한다면　그런　자들로부터,13,18,E51831FA,,0,,1,
62C36C,scenario_62C330,P3_direct_ext3_control_adjacent_text_drift,portal16,……어떤가？,5,18,E5184CBD,,0,,2,1728
62C3C0,scenario_62C3B0,P4_direct_ext3_text_drift,portal16,티탄즈　시설로　보내졌을　때、,12,18,E51831FF,,0,,1,
62C3DC,scenario_62C3B0,P4_direct_ext3_text_drift,portal16,그는　전장에　끌려간　뒤　소식이……,18,18,E5183201,,0,,2,
62C3F1,scenario_62C3B0,P4_direct_ext3_text_drift,portal16,……그래도　제로를　다시　보고　싶어요。,18,18,E5183202,,0,,1,
62C424,scenario_62C413,P4_direct_ext3_text_drift,portal16,그럼　그、　제로　군의　수색을,14,18,E5183203,,0,,1,
62C43E,scenario_62C413,P4_direct_ext3_text_drift,portal16,연방군의　정보망을　쓰면、,13,18,E5183205,,0,,1,
62C486,scenario_62C471,P3_direct_ext3_control_adjacent_text_drift,portal16,제　힘이　도움이　된다면……,15,18,E5183AC0,,0,,2,0861
62C4E3,scenario_62C4D9,P4_direct_ext3_text_drift,portal16,그럼、　작전을　발동하라！！,12,18,E5183C2C,,0,,2,
62C4F2,scenario_62C4D9,P4_direct_ext3_text_drift,portal16,놈들을　섬멸하고、　진정한,15,18,E518320D,,0,,1,
62C543,scenario_62C531,P4_direct_ext3_text_drift,portal16,저건　티탄즈도,7,18,E5183211,,0,,1,
62C59E,scenario_62C585,P4_direct_ext3_text_drift,portal16,……스페셜즈용으로　계획했던,14,18,E5183215,,0,,1,
62C5B8,scenario_62C585,P4_direct_ext3_text_drift,portal16,개발은　포기됐다고,7,18,E5181BA1,,0,,1,
62C5F5,scenario_62C5D1,P3_direct_ext3_control_adjacent_text_drift,portal16,하지만、　대체　어느　세력이……,13,18,E518321B,,0,,2,0824
62C646,scenario_62C63B,P4_direct_ext3_text_drift,portal16,이렇게　되면　조사는　나중이다！,10,18,E518D008,,0,,1,
62C6EA,scenario_62C6C6,P2_direct_ext3_exact_text,portal16,……윽！,4,18,E518F299,,0,,1,
62C70F,scenario_62C703,P4_direct_ext3_text_drift,portal16,전　생크킹덤　여왕이,7,18,E5183227,,0,,1,
62C75E,scenario_62C745,P4_direct_ext3_text_drift,portal16,쿠데타군엔　티탄즈와,10,18,E518322C,,0,,1,
62C7C0,scenario_62C7B8,P4_direct_ext3_text_drift,portal16,본부는　우리　론도　벨에　쿠데타를,14,18,E5183230,,0,,1,
62C848,scenario_62C837,P4_direct_ext3_text_drift,portal16,오퍼레이션　메테오를,6,18,E5181BA2,,0,,1,
62C8C1,scenario_62C89E,P4_direct_ext3_text_drift,portal16,지구에　콜로니를　떨어뜨리고、,19,18,E518323C,,0,,1,
62C8E8,scenario_62C89E,P4_direct_ext3_text_drift,portal16,윙　제로도、　원래는,10,18,E518323D,,0,,1,
62C92C,scenario_62C916,P4_direct_ext3_text_drift,portal16,연방이　티탄즈와　에우고로　갈려,13,18,E5183240,,0,,1,
62C952,scenario_62C916,P4_direct_ext3_text_drift,portal16,굳이　콜로니를　떨굴　필요도　없이,14,18,E5183242,,0,,1,
62C96F,scenario_62C916,P4_direct_ext3_text_drift,portal16,다만、　당신들이　순식간에,13,18,E5183243,,0,,1,
62C98E,scenario_62C916,P4_direct_ext3_text_drift,portal16,……놈들은　끼어들　기회를,13,18,E5183245,,0,,1,
62C9CB,scenario_62C9C1,P4_direct_ext3_text_drift,portal16,데킴　바톤이란　남자가　이끄는,15,18,E5183248,,0,,1,
62C9EE,scenario_62C9C1,P4_direct_ext3_text_drift,portal16,지구가　평화로워지려　하자,19,18,E5183AC4,,0,,1,
62CA17,scenario_62C9C1,P4_direct_ext3_text_drift,portal16,이유가　뭐든、　바톤　재단이,13,18,E518324A,,0,,1,
62CA36,scenario_62C9C1,P4_direct_ext3_text_drift,portal16,놈들이　오퍼레이션　메테오대로,11,18,E518324C,,0,,1,
62CA67,scenario_62CA52,P4_direct_ext3_text_drift,portal16,그렇게　되면　최악이군。,10,18,E518D00D,,0,,1,
62CAA6,scenario_62CA82,P4_direct_ext3_text_drift,portal16,막는다고　해도,6,18,E5183252,,0,,1,
62CACC,scenario_62CABE,P4_direct_ext3_text_drift,portal16,별도　설비　없이도,14,18,E5184AC7,,0,,1,
62CAE8,scenario_62CABE,P4_direct_ext3_text_drift,portal16,게다가　군이　주둔하지　않아,12,18,E5183255,,0,,1,
62CB18,scenario_62CB0B,P4_direct_ext3_text_drift,portal16,좋아、　토레스！,6,18,E5183258,,0,,1,
62CB2A,scenario_62CB0B,P3_direct_ext3_control_adjacent_text_drift,portal16,이제　론도　벨은　액시즈로　간다！,15,18,E518325A,,0,,2,084B
62CB70,scenario_62CB66,P4_direct_ext3_text_drift,portal16,이　오퍼레이션　메테오로、,10,18,E518325E,,0,,1,
62CC40,scenario_62CC20,P4_direct_ext3_text_drift,portal16,연방뿐만　아니라、,12,18,E5183267,,0,,1,
62CC60,scenario_62CC20,P4_direct_ext3_text_drift,portal16,그래、　당신의　권력은　스스로,12,18,E5183269,,0,,1,
62CD25,scenario_62CD11,P4_direct_ext3_text_drift,portal16,자네들　론도　벨에,9,18,E5184BA7,,0,,1,
62CD3D,scenario_62CD11,P3_direct_ext3_control_adjacent_text_drift,portal16,나를、　그래……,8,18,E5183273,,0,,2,1728
62CD62,scenario_62CD52,P2_direct_ext3_exact_text,portal16,프리벤터　윈드라는　코드명으로,13,18,E5183275,,0,,1,
62CD92,scenario_62CD83,P4_direct_ext3_text_drift,portal16,……귀관을　우리　론도　벨에　맞이하지。,18,18,E5183277,,0,,1,
62CE6D,scenario_62CE4B,P4_direct_ext3_text_drift,portal16,크、　큭……　전력을　나눈　건,16,18,E5183280,,0,,1,
62CEA7,scenario_62CE92,P4_direct_ext3_text_drift,portal16,베라　님을　우리　거점으로,11,18,E5183BAB,,0,,1,
62CED1,scenario_62CEC5,P4_direct_ext3_text_drift,portal16,마더　뱅가드를　지키도록,9,18,E5183286,,0,,1,
62CF02,scenario_62CEE7,P4_direct_ext3_text_drift,portal16,우리도　ＭＳ를　내보낸다！！,10,18,E5182B8B,,0,,1,
62CF16,scenario_62CEE7,P4_direct_ext3_text_drift,portal16,전　기체、　마더　뱅가드에　붙어서,10,18,E518328B,,0,,1,
62CF2D,scenario_62CEE7,P4_direct_ext3_text_drift,portal16,넬　아가마로　접현해서,10,18,E518328D,,0,,1,
62CF6A,scenario_62CF51,P4_direct_ext3_text_drift,portal16,그때까지　마더　뱅가드의,9,18,E5183291,,0,,1,
62D054,scenario_62D048,P4_direct_ext3_text_drift,portal16,안　돼！　이쪽을　노린다！！,14,18,E518D011,,0,,1,
62D1A2,scenario_62D189,P3_direct_ext3_control_adjacent_text_drift,portal16,지금　마더　뱅가드를！！,8,18,E51832A6,,0,,2,0861
62D1D3,scenario_62D1C5,P4_direct_ext3_text_drift,portal16,넬　아가마는　접현　중이라,14,18,E51832A9,,0,,1,
62D1EC,scenario_62D1C5,P4_direct_ext3_text_drift,portal16,마더　뱅가드를　되찾을　때까지,7,18,E51832AB,,0,,1,
62D204,scenario_62D1C5,P3_direct_ext3_control_adjacent_text_drift,portal16,각자、　부탁한다！！,7,18,E51832AD,,0,,2,1728
62D226,scenario_62D216,P4_direct_ext3_text_drift,portal16,어째서냐！？　왜、　이　완벽한　고귀한,4,18,E5184A55,,0,,1,
62D237,scenario_62D216,P4_direct_ext3_text_drift,portal16,한번은　쓰러뜨렸는데！？,12,18,E5181BA4,,0,,1,
62D2B7,scenario_62D2AA,P3_direct_ext3_control_adjacent_text_drift,portal16,베라는　돌려받겠다！,9,18,E51832B7,,0,,2,0830
62D2DD,scenario_62D2C6,P4_direct_ext3_text_drift,portal16,베라　님은　우리,7,18,E5182B8C,,0,,1,
62D394,scenario_62D377,P4_direct_ext3_text_drift,portal16,지배가　옳다고는　생각하지　않아！,13,18,E51832C4,,0,,2,
62D3A4,scenario_62D377,P4_direct_ext3_text_drift,portal16,지배를　원하지　않는　자가,11,18,E5182AA3,,0,,1,
62D3C1,scenario_62D377,P4_direct_ext3_text_drift,portal16,그걸　원하는　자는,7,18,E51832C6,,0,,1,
62D3DB,scenario_62D377,P4_direct_ext3_text_drift,portal16,귀족주의는　처음부터　틀렸어,14,18,E51832C8,,0,,1,
62D44D,scenario_62D438,P3_direct_ext3_control_adjacent_text_drift,portal16,각자、　남은　적　부대를　격파해라！！,12,18,E51832CD,,0,,2,1728
62D51F,scenario_62D50F,P4_direct_ext3_text_drift,portal16,그래도　내가　나설　틈도　없이,13,18,E5181BA5,,0,,1,
62D540,scenario_62D50F,P3_direct_ext3_control_adjacent_text_drift,portal16,역시　론도　벨답군。,15,18,E5182C12,,0,,2,1728
62D584,scenario_62D570,P4_direct_ext3_text_drift,portal16,당신이　죽은　줄　알고……,11,18,E51832DD,,0,,1,
62D5EF,scenario_62D5D2,P4_direct_ext3_text_drift,portal16,싸워서、세실리　페어차일드를,19,18,E5183D18,,0,,1,
62D615,scenario_62D5D2,P4_direct_ext3_text_drift,portal16,전쟁을　끝내야　해。,13,18,E51832E5,,0,,1,
630301,scenario_6302F5,P3_direct_ext3_control_adjacent_text_drift,portal16,……에잇！,5,18,E5180704,,0,,2,1728
630335,scenario_630329,P4_direct_ext3_text_drift,portal16,오늘은　너와　놀　시간　없어！,15,18,E5183307,,0,,1,
630392,scenario_63037C,P4_direct_ext3_text_drift,portal16,레코아　소위들이　이　소동을,13,18,E518330C,,0,,1,
6304C7,scenario_6304BC,P4_direct_ext3_text_drift,portal16,눈앞에서　여자가　죽는　건,12,18,E5183316,,0,,1,
6305B0,scenario_6305A7,P4_direct_ext3_text_drift,portal16,………윽！,4,18,E518E497,,0,,1,
6305EA,scenario_6305DC,P1_direct_ext3_exact_text_control_adjacent,portal16,정말로……　아무　일도　없었습니다。,10,18,E518331E,,0,,2,082B
630640,scenario_63062C,P3_direct_ext3_control_adjacent_text_drift,portal16,전　함선、　전속　전진！！,9,18,E5183321,,0,,2,1728
6306CA,scenario_6306B9,P4_direct_ext3_text_drift,portal16,하지만　상당히　먼　곳까지,14,18,E5183326,,0,,1,
6306E7,scenario_6306B9,P3_direct_ext3_control_adjacent_text_drift,portal16,크와트로　대위들은……,8,18,E5183328,,0,,2,1728
63071A,scenario_63070D,P3_direct_ext3_control_adjacent_text_drift,portal16,실험시설　같은데……,13,18,E518332A,,0,,2,1728
630762,scenario_630754,P4_direct_ext3_text_drift,portal16,왜　티탄즈　연구소에,9,18,E518332D,,0,,1,
6307CC,scenario_6307BF,P4_direct_ext3_text_drift,portal16,설마……！,4,18,E5182B8E,,0,,1,
6307DD,scenario_6307BF,P3_direct_ext3_control_adjacent_text_drift,portal16,세라！！,5,18,E5182CFB,,0,,2,1728
630868,scenario_630849,P4_direct_ext3_text_drift,portal16,정상적인　방법으로　에우고　파일럿이,14,18,E51891D4,,0,,1,
63088A,scenario_630849,P3_direct_ext3_control_adjacent_text_drift,portal16,따라서　당신을　침입자로　판단합니다。,14,18,E5183339,,0,,2,1728
630951,scenario_630947,P4_direct_ext3_text_drift,portal16,네놈……,4,18,E5182B8F,,0,,1,
630992,scenario_630983,P4_direct_ext3_text_drift,portal16,이런　로봇　같은　모습으로,11,18,E5183341,,0,,1,
6309FF,scenario_6309E4,P3_direct_ext3_control_adjacent_text_drift,portal16,……뭐가　쓰여　있었을　것　같아？,15,18,E5183345,,0,,2,0802
630A35,scenario_630A27,P4_direct_ext3_text_drift,portal16,플라나간　기관의　비장의　아이。,10,18,E5183347,,0,,1,
630A4F,scenario_630A27,P4_direct_ext3_text_drift,portal16,……전부　새빨간　거짓말이야！！,15,18,E5184AAE,,0,,2,
630A61,scenario_630A27,P3_direct_ext3_control_adjacent_text_drift,portal16,그녀는　뉴타입　따위가　아니야。,8,18,E5183349,,0,,2,1728
630AA7,scenario_630A88,P4_direct_ext3_text_drift,portal16,그녀에겐　아버지도　어머니도　없어。,13,18,E518334D,,0,,2,
630AB7,scenario_630A88,P4_direct_ext3_text_drift,portal16,제공된　난자와　정자로、,14,18,E5184ABF,,0,,1,
630B12,scenario_630AF3,P4_direct_ext3_text_drift,portal16,만들어진　주제에,9,18,E5183351,,0,,1,
630B3A,scenario_630B2D,P4_direct_ext3_text_drift,portal16,그녀의　출생이　어떻든,11,18,E5183353,,0,,1,
630B58,scenario_630B2D,P3_direct_ext3_control_adjacent_text_drift,portal16,그걸、　네놈은……！！,9,18,E5183354,,0,,2,1728
630B7E,scenario_630B6E,P4_direct_ext3_text_drift,portal16,늘　그녀와　비교당해온,18,18,E5183ACA,,0,,1,
630B9D,scenario_630B6E,P4_direct_ext3_text_drift,portal16,그런데　이　여자는　내　마음을,17,18,E5183356,,0,,1,
630BC0,scenario_630B6E,P4_direct_ext3_text_drift,portal16,고작　인형　주제에……！,10,18,E5183358,,0,,1,
630C1A,scenario_630BF9,P3_direct_ext3_control_adjacent_text_drift,portal16,아인・레비이이！！,10,18,E518D55E,,0,,2,1728
630C74,scenario_630C5A,P4_direct_ext3_text_drift,portal16,이걸로　작별이야、　시그　웨드너。,15,18,E5182A82,,0,,1,
630C9A,scenario_630C5A,P3_direct_ext3_control_adjacent_text_drift,portal16,……세라。,5,18,E5180D7C,,0,,2,1728
630DAD,scenario_630D9A,P4_direct_ext3_text_drift,portal16,킬리만자로　기지　제압에,7,18,E5184010,,0,,1,
630DF4,scenario_630DDC,P4_direct_ext3_text_drift,portal16,얘기가　그뿐이라면、,8,18,E5184016,,0,,1,
630E0A,scenario_630DDC,P1_direct_ext3_exact_text_control_adjacent,portal16,……암호　무전　교신　종료。,9,18,E5184018,,0,,2,1728
630EA9,scenario_630E9B,P4_direct_ext3_text_drift,portal16,제로　시스템으로　『완전한　승리』를,20,18,E518401E,,0,,1,
630ECC,scenario_630E9B,P4_direct_ext3_text_drift,portal16,자네의　톨기스가,5,18,E5181AC7,,0,,1,
630F02,scenario_630EEB,P3_direct_ext3_control_adjacent_text_drift,portal16,……간다、　건담！！,10,18,E5183C31,,0,,2,1728
630F2A,scenario_630F17,P3_direct_ext3_control_adjacent_text_drift,portal16,세라、　지원은　부탁해。,11,18,E5183ACB,,0,,2,1728
630FD5,scenario_630FB9,P3_direct_ext3_control_adjacent_text_drift,portal16,내가……　안일한　건가！！,11,18,E5184026,,0,,2,1728
630FF4,scenario_630FEB,P4_direct_ext3_text_drift,portal16,……저　모빌슈트、,7,18,E5184027,,0,,1,
63103B,scenario_63102B,P4_direct_ext3_text_drift,portal16,그　세라잖아！？,8,18,E518402B,,0,,1,
631054,scenario_63102B,P3_direct_ext3_control_adjacent_text_drift,portal16,시그는……,5,18,E5184D1B,,0,,2,1728
63106D,scenario_631061,P4_direct_ext3_text_drift,portal16,하지만、　그녀가　적이라고,9,18,E518402E,,0,,1,
631081,scenario_631061,P4_direct_ext3_text_drift,portal16,당황하면　되는　거냐！？,10,18,E5184030,,0,,1,
63109D,scenario_631061,P3_direct_ext3_control_adjacent_text_drift,portal16,아니면、　내가　그녀를……,11,18,E5184032,,0,,2,0809
6310D6,scenario_6310BE,P4_direct_ext3_text_drift,portal16,하지만、　나도,8,18,E5184034,,0,,1,
6310EC,scenario_6310BE,P4_direct_ext3_text_drift,portal16,그래도、　여기서　죽을　순　없어。,15,18,E51891D5,,0,,1,
631108,scenario_6310BE,P4_direct_ext3_text_drift,portal16,그러니、　지금은　싸움에　집중해。,13,18,E5184036,,0,,1,
631155,scenario_631141,P3_direct_ext3_control_adjacent_text_drift,portal16,네놈……　장난하나！？,15,18,E5184039,,0,,2,1728
6311ED,scenario_6311D8,P3_direct_ext3_control_adjacent_text_drift,portal16,용서　못해！！,6,18,E518403E,,0,,2,1728
63120E,scenario_6311FE,P4_direct_ext3_text_drift,portal16,쓸　거라면　좀　더　평범한,13,18,E5184040,,0,,1,
631292,scenario_631286,P4_direct_ext3_text_drift,portal16,내　외침　교신　주파수가　들려！？　나야,10,18,E518275D,,0,,1,
631351,scenario_63133F,P4_direct_ext3_text_drift,portal16,자、　콕핏을　열어！,10,18,E518404C,,0,,1,
631508,scenario_6314F6,P4_direct_ext3_text_drift,portal16,『이제　난,5,18,E5184055,,0,,1,
6315EB,scenario_6315E2,P4_direct_ext3_text_drift,portal16,당신……,4,18,E5183BB1,,0,,1,
63162E,scenario_631625,P3_direct_ext3_control_adjacent_text_drift,portal16,다행…이야……,7,18,E5184ACD,,0,,2,1728
63168D,scenario_631683,P3_direct_ext3_control_adjacent_text_drift,portal16,이　느낌은……,8,18,E5184063,,0,,2,1728
63173E,scenario_63172F,P4_direct_ext3_text_drift,portal16,넌　내게　끌리는　걸　느끼고　있다……,18,18,E5182B92,,0,,1,
631779,scenario_631770,P4_direct_ext3_text_drift,portal16,들려……,6,18,E5184069,,0,,1,
6317A3,scenario_631796,P4_direct_ext3_text_drift,portal16,혼자서　돌출하지　마라！,9,18,E518D55F,,0,,1,
63191D,scenario_631904,P1_direct_ext3_exact_text_control_adjacent,portal16,어서、　지금！,7,18,E518A074,,0,,2,083E
63194A,scenario_63193E,P3_direct_ext3_control_adjacent_text_drift,portal16,시로코를　방해하면　내가　쓰러뜨려！,16,18,E518D039,,0,,2,1728
631971,scenario_631965,P2_direct_ext3_exact_text,portal16,카테지나　씨,4,18,E518D03B,,0,,1,
6319A0,scenario_63198A,P3_direct_ext3_control_adjacent_text_drift,portal16,정신　차려　주세요！！,8,18,E5183D1C,,0,,2,1728
631A75,scenario_631A64,P2_direct_ext3_exact_text,portal16,나는　당신보다　먼저,9,18,E518A07D,,0,,1,
631ABF,scenario_631AA2,P2_direct_ext3_exact_text,portal16,그　분의　이상을　위해서라면,10,18,E518A07F,,0,,1,
631BAB,scenario_631B9F,P4_direct_ext3_text_drift,portal16,세라를　잘도……！,6,18,E518406F,,0,,1,
631BED,scenario_631BC8,P3_direct_ext3_control_adjacent_text_drift,portal16,할　수　있으면　해봐！,13,18,E5183D1D,,0,,2,1728
631C34,scenario_631C27,P4_direct_ext3_text_drift,portal16,『파브닐』이란　이름도　잘　지었군。,13,18,E5184075,,0,,2,
631C44,scenario_631C27,P4_direct_ext3_text_drift,portal16,신화에선　용을　죽여　불사의　힘을,18,18,E5184076,,0,,1,
631C86,scenario_631C7B,P4_direct_ext3_text_drift,portal16,세라의　마음을　죽이고,10,18,E518407A,,0,,1,
631CA3,scenario_631C7B,P4_direct_ext3_text_drift,portal16,네　힘은　빌린　거다。,12,18,E518407C,,0,,1,
631CD4,scenario_631CC8,P4_direct_ext3_text_drift,portal16,자네　본명도　확실히,7,18,E5180D80,,0,,1,
631CE4,scenario_631CC8,P4_direct_ext3_text_drift,portal16,하지만、　유감이군。,7,18,E5180C92,,0,,2,
631CEE,scenario_631CC8,P4_direct_ext3_text_drift,portal16,올드타입은　파브닐의,7,18,E518407F,,0,,1,
631D03,scenario_631CC8,P4_direct_ext3_text_drift,portal16,고작　올드타입　따위가,10,18,E5184081,,0,,1,
631D56,scenario_631D42,P4_direct_ext3_text_drift,portal16,용의　불사력은　네가　아니라、,12,18,E5184085,,0,,1,
631D76,scenario_631D42,P4_direct_ext3_text_drift,portal16,너론　이　나를　이길　수　없어。,14,18,E5183A8F,,0,,2,
631D87,scenario_631D42,P4_direct_ext3_text_drift,portal16,신화처럼、　공주의　배신으로,12,18,E5184087,,0,,1,
631DEA,scenario_631DCD,P4_direct_ext3_text_drift,portal16,그녀의　뉴타입　능력으로,12,18,E5182AAA,,0,,1,
631E39,scenario_631E2F,P3_direct_ext3_control_adjacent_text_drift,portal16,그만둬！……　시그！！,12,18,E5181C2B,,0,,2,1728
631ED5,scenario_631EB8,P4_direct_ext3_text_drift,portal16,아무래도、　ＯＳ　일부에,9,18,E5184093,,0,,1,
631F2F,scenario_631F1C,P4_direct_ext3_text_drift,portal16,이놈에겐　고기동전용　오펜스　모드란,14,18,E518D048,,0,,1,
631F4C,scenario_631F1C,P4_direct_ext3_text_drift,portal16,쉽게　말해　풀파워로　날아가서,18,18,E5183AAF,,0,,1,
631FD5,scenario_631FC2,P4_direct_ext3_text_drift,portal16,이놈의　엄청난　파워는,11,18,E51840A0,,0,,1,
631FF0,scenario_631FC2,P4_direct_ext3_text_drift,portal16,미조정이면　파일럿　부담은,17,18,E51840A2,,0,,1,
632016,scenario_631FC2,P4_direct_ext3_text_drift,portal16,잘못하면　콕핏　안에서,9,18,E51840A4,,0,,1,
63214C,scenario_63213A,P1_direct_ext3_exact_text_control_adjacent,portal16,임무　완료……　이것보다　귀환한다。,11,18,E518D049,,0,,2,1728
6321CF,scenario_6321B7,P4_direct_ext3_text_drift,portal16,그도　티탄즈를　적으로,10,18,E51840B3,,0,,1,
6321E1,scenario_6321B7,P3_direct_ext3_control_adjacent_text_drift,portal16,조만간　또　만날　거야。,14,18,E51840B5,,0,,2,0861
632277,scenario_63225A,P4_direct_ext3_text_drift,portal16,당신은　샤아　아즈나블로,9,18,E518D04B,,0,,1,
63237C,scenario_63236E,P4_direct_ext3_text_drift,portal16,솔직히、　아우도무라론,7,18,E5182AB5,,0,,1,
6323AA,scenario_632398,P4_direct_ext3_text_drift,portal16,……티탄즈도,5,18,E51840C6,,0,,1,
6323C0,scenario_632398,P3_direct_ext3_control_adjacent_text_drift,portal16,게다가、　네오　지온도……,11,18,E518D04E,,0,,2,1728
63240E,scenario_6323F2,P4_direct_ext3_text_drift,portal16,네오　지온이,6,18,E518D04F,,0,,1,
63248C,scenario_632475,P2_direct_ext3_exact_text,portal16,생크킹덤의　피스크래프트　왕가는,8,18,E518D051,,0,,1,
6324A4,scenario_632475,P4_direct_ext3_text_drift,portal16,생크킹덤을　인질로,6,18,E51840D2,,0,,1,
6324D3,scenario_6324BA,P4_direct_ext3_text_drift,portal16,하지만、　네오　지온의　침공은,12,18,E518D052,,0,,1,
6324EF,scenario_6324BA,P4_direct_ext3_text_drift,portal16,생크킹덤　구원이라는　명분이,12,18,E5182A9E,,0,,1,
63252C,scenario_632510,P4_direct_ext3_text_drift,portal16,카테지나　루스를　데려가도록　해。,13,18,E51840D9,,0,,1,
632586,scenario_632569,P4_direct_ext3_text_drift,portal16,그래……　사라　자비아로프였나？,16,18,E51840DE,,0,,1,
6325CE,scenario_6325AB,P4_direct_ext3_text_drift,portal16,그　세레인이란　여자처럼！！,12,18,E51840E1,,0,,1,
6325E5,scenario_6325AB,P4_direct_ext3_text_drift,portal16,그녀　같은　가짜　인형을,12,18,E51840E3,,0,,1,
632665,scenario_63265D,P4_direct_ext3_text_drift,portal16,……확실히　자넨　훌륭한　자질을,15,18,E5182A8E,,0,,1,
632682,scenario_63265D,P4_direct_ext3_text_drift,portal16,난　늘　여성이　세상을　이끌어야　한다고,19,18,E51840E9,,0,,1,
63269F,scenario_63265D,P4_direct_ext3_text_drift,portal16,하지만　그런　자넬　멋대로　주무른　자가,21,18,E5189002,,0,,1,
63272B,scenario_632708,P4_direct_ext3_text_drift,portal16,어떻게　해야　믿어주실까요？,14,18,E51891D9,,0,,1,
63274C,scenario_632708,P4_direct_ext3_text_drift,portal16,……전　상관없어요。,8,18,E51840EF,,0,,2,
632757,scenario_632708,P4_direct_ext3_text_drift,portal16,이　자리에서　태어난　모습이　되어、,16,18,E51840F0,,0,,1,
6327A0,scenario_632794,P4_direct_ext3_text_drift,portal16,……아인　레비의　속셈은　제쳐두고。,14,18,E51840F2,,0,,1,
6327C4,scenario_632794,P3_direct_ext3_control_adjacent_text_drift,portal16,다음　작전엔　자네도　동행해라！,14,18,E51840F4,,0,,2,081D
63285A,scenario_632837,P4_direct_ext3_text_drift,portal16,자네　톨기스는　정비가　끝났어。,17,18,E5189008,,0,,1,
632893,scenario_632886,P4_direct_ext3_text_drift,portal16,티탄즈에　소속돼도、,11,18,E51840F9,,0,,1,
6328AF,scenario_632886,P4_direct_ext3_text_drift,portal16,여기서　시로코에게　생크킹덤까지,9,18,E51840FB,,0,,1,
632902,scenario_6328E4,P4_direct_ext3_text_drift,portal16,자네에게　말할　수　있는　건　그쯤이야。,14,18,E5184101,,0,,2,
632913,scenario_6328E4,P4_direct_ext3_text_drift,portal16,자、　여동생이　기다리니、,14,18,E518900B,,0,,1,
6329D6,scenario_6329B3,P4_direct_ext3_text_drift,portal16,넌　그저　도구야！,12,18,E518900E,,0,,1,
632A94,scenario_632A80,P4_direct_ext3_text_drift,portal16,하지만　마스터의　기분이　풀린다면、,14,18,E518410B,,0,,1,
632B07,scenario_632AF8,P3_direct_ext3_control_adjacent_text_drift,portal16,내　소중한　세라……,10,18,E5182C17,,0,,2,1728
632B56,scenario_632B4D,P2_direct_ext3_exact_text,portal16,에우고의　침입　파일럿……,7,18,E5184113,,0,,1,
632B75,scenario_632B6A,P3_direct_ext3_control_adjacent_text_drift,portal16,포우！　정신　차려、　포우　　！！,10,18,E5184116,,0,,2,1728
632BD3,scenario_632BCA,P4_direct_ext3_text_drift,portal16,그　하만　칸이,8,18,E5189010,,0,,1,
632BF2,scenario_632BCA,P4_direct_ext3_text_drift,portal16,이제　남은　적은　에우고뿐인가……,12,18,E518411A,,0,,1,
632C7F,scenario_632C6F,P4_direct_ext3_text_drift,portal16,현재、　하만의　사다란이,9,18,E518411F,,0,,1,
632C99,scenario_632C6F,P4_direct_ext3_text_drift,portal16,우린　하만　칸을　지원하기　위해、,14,18,E5189012,,0,,1,
632CB7,scenario_632C6F,P4_direct_ext3_text_drift,portal16,조금이라도　많은　적　부대를,10,18,E5184122,,0,,1,
632E28,scenario_632E13,P4_direct_ext3_text_drift,portal16,『하지만、　그게　아름답다고,12,18,E5184132,,0,,1,
632E48,scenario_632E13,P4_direct_ext3_text_drift,portal16,『……그러니、　난　이　세상에　태어나,17,18,E5184134,,0,,1,
632E6D,scenario_632E13,P3_direct_ext3_control_adjacent_text_drift,portal16,『당신을　만나서　정말　좋았어、　카츠』,18,18,E5184135,,0,,2,081B
632EE0,scenario_632ED1,P4_direct_ext3_text_drift,portal16,이렇게　죽어서…　좋은　거냐……！,15,18,E51891DA,,0,,1,
6330DE,scenario_6330CD,P4_direct_ext3_text_drift,portal16,너　같은　어설픈　뉴타입은,13,18,E5181011,,0,,1,
63314C,scenario_633122,P4_direct_ext3_text_drift,portal16,역시　사람은　더　잘　인도해야　해。,18,18,E5184149,,0,,1,
6331FC,scenario_6331E4,P3_direct_ext3_control_adjacent_text_drift,portal16,……신념만　밀어붙이는　애는　섬뜩해！,21,18,E518414F,,0,,2,1728
633267,scenario_633251,P3_direct_ext3_control_adjacent_text_drift,portal16,네오　지온이　배신한　건가！！,12,18,E518D05D,,0,,2,1728
6332D3,scenario_6332B7,P3_direct_ext3_control_adjacent_text_drift,portal16,전　부대、　철수하라！！,9,18,E5184154,,0,,2,1728
63331B,scenario_63330E,P4_direct_ext3_text_drift,portal16,콜로니　레이저는,6,18,E5184157,,0,,1,
633342,scenario_633337,P4_direct_ext3_text_drift,portal16,최강의　병기를　눈앞에　두고,11,18,E5184159,,0,,1,
63335D,scenario_633337,P4_direct_ext3_text_drift,portal16,이　콜로니　레이저는,8,18,E5182B95,,0,,1,
63341F,scenario_633400,P4_direct_ext3_text_drift,portal16,한번　후퇴해서,6,18,E5184160,,0,,1,
63345D,scenario_633451,P4_direct_ext3_text_drift,portal16,네오　지온은　콜로니　레이저를,12,18,E518D062,,0,,1,
633476,scenario_633451,P4_direct_ext3_text_drift,portal16,한편、　에우고는　후퇴해,10,18,E5184164,,0,,1,
633491,scenario_633451,P4_direct_ext3_text_drift,portal16,아무래도　콜로니　레이저를,8,18,E5184165,,0,,1,
6334DB,scenario_6334BC,P4_direct_ext3_text_drift,portal16,……정말　화가　나는군。,14,18,E518416A,,0,,2,
6334EC,scenario_6334BC,P4_direct_ext3_text_drift,portal16,어떻게든　콜로니　레이저를,8,18,E518416B,,0,,1,
633560,scenario_633546,P1_direct_ext3_exact_text_control_adjacent,portal16,…………　당신이라면　이길거야。,12,18,E518A087,,0,,2,083E
6335A6,scenario_633591,P1_direct_ext3_exact_text_control_adjacent,portal16,우후후후…,4,18,E518927E,,0,,2,1728
633635,scenario_633613,P3_direct_ext3_control_adjacent_text_drift,portal16,그렇다면……,6,18,E5181C27,,0,,2,1728
63366A,scenario_633648,P4_direct_ext3_text_drift,portal16,조준이　고정되기　전에　콜로니　레이저에,17,18,E5183D51,,0,,1,
633697,scenario_63368D,P4_direct_ext3_text_drift,portal16,여기서　꾸물거리고　있으면、,7,18,E5184D22,,0,,1,
6336AF,scenario_63368D,P3_direct_ext3_control_adjacent_text_drift,portal16,하자、　크와트로　대위。,8,18,E518D06D,,0,,2,1728
6336D6,scenario_6336C4,P4_direct_ext3_text_drift,portal16,라　카이람　이하　전　함대로,16,18,E5183BB6,,0,,1,
6336F7,scenario_6336C4,P4_direct_ext3_text_drift,portal16,작전명은　『메일슈트롬』！,10,18,E5181D19,,0,,1,
63372F,scenario_633726,P4_direct_ext3_text_drift,portal16,건담에　타고　있어도,10,18,E5181BAE,,0,,1,
633746,scenario_633726,P4_direct_ext3_text_drift,portal16,목적도　없이　무턱대고　싸워선,17,18,E5184172,,0,,1,
6337BD,scenario_6337A1,P3_direct_ext3_control_adjacent_text_drift,portal16,모두의　뜻을　짊어지고　싸우고　있다！！,14,18,E5183C37,,0,,2,083E
6337E0,scenario_6337D1,P4_direct_ext3_text_drift,portal16,천재의　발목만　잡는,17,18,E5184178,,0,,1,
6338D2,scenario_6338BC,P4_direct_ext3_text_drift,portal16,건담은　모두의　의지를,8,18,E518D071,,0,,1,
633903,scenario_6338F1,P3_direct_ext3_control_adjacent_text_drift,portal16,……윽！！,6,18,E518E491,,0,,2,1728
63394D,scenario_633940,P4_direct_ext3_text_drift,portal16,오늘　널　쓰러뜨려、　데라즈　각하의,16,18,E5184184,,0,,1,
63398B,scenario_63396D,P4_direct_ext3_text_drift,portal16,뜻이니　의거니　하면서,9,18,E5184188,,0,,1,
6339A5,scenario_63396D,P4_direct_ext3_text_drift,portal16,소모품처럼　버려질　병사　마음은、,18,18,E51891DF,,0,,1,
6339C9,scenario_63396D,P4_direct_ext3_text_drift,portal16,결국　그　남자도　우릴　턱으로,14,18,E5189021,,0,,1,
633A34,scenario_633A17,P1_direct_ext3_exact_text_control_adjacent,portal16,조의를　표하마、　시마　가라하우！！,12,18,E518418E,,0,,2,0832
633A51,scenario_633A46,P4_direct_ext3_text_drift,portal16,결국、　너와　내가,9,18,E5184190,,0,,1,
633A6F,scenario_633A46,P4_direct_ext3_text_drift,portal16,끝까지　철저하게,8,18,E5181D1A,,0,,1,
633AD4,scenario_633AC0,P4_direct_ext3_text_drift,portal16,이제　우린　티탄즈와,9,18,E5184196,,0,,1,
633AEF,scenario_633AC0,P4_direct_ext3_text_drift,portal16,각　함과　모빌슈트는,7,18,E5184197,,0,,1,
633B06,scenario_633AC0,P4_direct_ext3_text_drift,portal16,적을　끌어들인　뒤、,9,18,E5184199,,0,,1,
633B8B,scenario_633B7E,P4_direct_ext3_text_drift,portal16,앞으로、　３턴이다！！,10,18,E518419E,,0,,1,
633C0B,scenario_633BFF,P4_direct_ext3_text_drift,portal16,전　기체、　콜로니　레이저를　지켜라！！,15,18,E51841A4,,0,,1,
633CB4,scenario_633CA8,P4_direct_ext3_text_drift,portal16,콜로니　레이저로　티탄즈　함대는,11,18,E51841AA,,0,,1,
633CCD,scenario_633CA8,P4_direct_ext3_text_drift,portal16,전　함선과　모빌슈트、　반격하라！,16,18,E51841AB,,0,,1,
633D42,scenario_633D31,P4_direct_ext3_text_drift,portal16,이제　에우고는　비장의　수를　잃었다！,16,18,E51841B0,,0,,1,
633D83,scenario_633D6A,P3_direct_ext3_control_adjacent_text_drift,portal16,한번에　에우고를　섬멸한다！！,13,18,E518101E,,0,,2,1728
633DB4,scenario_633D9B,P3_direct_ext3_control_adjacent_text_drift,portal16,한번에　에우고를　섬멸한다！！,13,18,E518101E,,0,,2,1728
633DEB,scenario_633DCC,P3_direct_ext3_control_adjacent_text_drift,portal16,……대단한　배우군、　샤아。,13,18,E518D077,,0,,2,1728
633E34,scenario_633E12,P4_direct_ext3_text_drift,portal16,……아니。,5,18,E5184BB5,,0,,1,
633E9C,scenario_633E7E,P3_direct_ext3_control_adjacent_text_drift,portal16,……그래도　샤아보단　냉정하지。,12,18,E518D078,,0,,2,082B
633EEF,scenario_633EDD,P4_direct_ext3_text_drift,portal16,그럼、　자비가　재건을　도와라。,14,18,E518D07B,,0,,1,
633F11,scenario_633EDD,P3_direct_ext3_control_adjacent_text_drift,portal16,……저　시끄러운　구경꾼부터　치우고。,19,18,E5189027,,0,,2,083E
633F54,scenario_633F49,P4_direct_ext3_text_drift,portal16,난　그저、　세상을　잘못된　길로,14,18,E51841BC,,0,,1,
633FFC,scenario_633FE6,P4_direct_ext3_text_drift,portal16,그　후　자비가를　재건한다。,14,18,E518D07D,,0,,1,
6340A0,scenario_634093,P4_direct_ext3_text_drift,portal16,너　같은　놈이　있으니,9,18,E51841C7,,0,,1,
634204,scenario_6341F4,P4_direct_ext3_text_drift,portal16,디　오를　준비해！！,9,18,E51841D4,,0,,1,
634270,scenario_634254,P3_direct_ext3_control_adjacent_text_drift,portal16,……나만　있는　것도　아니야。,12,18,E51841D8,,0,,2,083E
63434E,scenario_634334,P4_direct_ext3_text_drift,portal16,저기、　시로코……？,8,18,E5180C1A,,0,,1,
6343B4,scenario_6343A9,P3_direct_ext3_control_adjacent_text_drift,portal16,알고　있지、　제로。,8,18,E51841E6,,0,,2,1728
6343DE,scenario_6343C4,P1_direct_ext3_exact_text_control_adjacent,portal16,하지만、　약속은　지켜줘야겠어。,14,18,E51841E8,,0,,2,081D
6343FA,scenario_6343F2,P4_direct_ext3_text_drift,portal16,에우고에게　이기면,9,18,E51841E9,,0,,1,
634585,scenario_634563,P3_direct_ext3_control_adjacent_text_drift,portal16,……언젠가　또　보자、　포우。,13,18,E51841FD,,0,,2,1728
63461F,scenario_63460B,P3_direct_ext3_control_adjacent_text_drift,portal16,내　손안에서　싸워……,14,18,E5189033,,0,,2,1728
634953,scenario_63493C,P4_direct_ext3_text_drift,portal16,네…　마음도　같이……　데려간다……,19,18,E5184217,,0,,1,
6349F3,scenario_6349E3,P3_direct_ext3_control_adjacent_text_drift,portal16,『카미유……　돌아와！！』,14,18,E518903A,,0,,2,1728
634A19,scenario_634A0E,P3_direct_ext3_control_adjacent_text_drift,portal16,……포、　포우。,8,18,E518421D,,0,,2,1728
634A62,scenario_634A59,P4_direct_ext3_text_drift,portal16,……네가　구해준　거구나。,12,18,E518421F,,0,,2,
634A71,scenario_634A59,P4_direct_ext3_text_drift,portal16,위험했어。　조금만　늦었으면　난,17,18,E5184220,,0,,1,
634AB2,scenario_634A9A,P3_direct_ext3_control_adjacent_text_drift,portal16,아무도　당신을　데려가지　않아。,17,18,E5184223,,0,,2,081E
634BF4,scenario_634BE3,P4_direct_ext3_text_drift,portal16,저기、　아무도　없어요？,14,18,E518422F,,0,,1,
634CA5,scenario_634C9A,P4_direct_ext3_text_drift,portal16,이런　곳에서　썩어갈,9,18,E5184235,,0,,1,
634DDC,scenario_634DC2,P4_direct_ext3_text_drift,portal16,나와　오지　않겠다면……,12,18,E518423B,,0,,1,
634FDC,scenario_634FD1,P4_direct_ext3_text_drift,portal16,내가　있는　한、,9,18,E518424D,,0,,1,
635013,scenario_634FFC,P4_direct_ext3_text_drift,portal16,……크와트로　대위、　아니、　샤아와,13,18,E518D086,,0,,1,
63503B,scenario_63502C,P4_direct_ext3_text_drift,portal16,사람　마음에　함부로　들어오다니！！,14,18,E5189044,,0,,1,
63508E,scenario_635083,P3_direct_ext3_control_adjacent_text_drift,portal16,잘도　태연히　나타났군！！,8,18,E5189046,,0,,2,1728
6350AD,scenario_6350A3,P4_direct_ext3_text_drift,portal16,이제　와　자네　앞에　나설,13,18,E5184253,,0,,1,
635121,scenario_63510E,P4_direct_ext3_text_drift,portal16,……난　다시　시작하고　싶어。,14,18,E5184256,,0,,1,
63514B,scenario_63513E,P4_direct_ext3_text_drift,portal16,달콤한　말로　날　낚으려　하다니、,15,18,E5184D26,,0,,1,
635182,scenario_63516F,P4_direct_ext3_text_drift,portal16,……이、　내　어리석음을。,13,18,E518425A,,0,,2,
635192,scenario_63516F,P4_direct_ext3_text_drift,portal16,자네란　여자를　만나고도、,15,18,E518425B,,0,,1,
6351E0,scenario_6351CB,P4_direct_ext3_text_drift,portal16,하지만、　자네가　허락한다면、,16,18,E51891E8,,0,,1,
6351FE,scenario_6351CB,P3_direct_ext3_control_adjacent_text_drift,portal16,나와　함께　가줘、　하만。,12,18,E518425E,,0,,2,0857
6352D8,scenario_6352C7,P4_direct_ext3_text_drift,portal16,이미　무대는　갖춰졌다！,10,18,E5184264,,0,,1,
635478,scenario_63546F,P4_direct_ext3_text_drift,portal16,어때、이　광경？,8,18,E5180D89,,0,,2,
635483,scenario_63546F,P4_direct_ext3_text_drift,portal16,싸움의　섬광이　별처럼　반짝여서,18,18,E5184270,,0,,1,
6354B7,scenario_6354A9,P3_direct_ext3_control_adjacent_text_drift,portal16,이젠　아무도　멈출　수　없어……。,13,18,E518D08E,,0,,2,0817
6354E3,scenario_6354CA,P2_direct_ext3_exact_text,portal16,……그래。,5,18,E5181BAB,,0,,1,
6354F4,scenario_6354CA,P3_direct_ext3_control_adjacent_text_drift,portal16,……로렐라이의　우주！！,9,18,E5182D0A,,0,,2,1728
635563,scenario_635556,P4_direct_ext3_text_drift,portal16,우선　브라이트　함장들을,8,18,E518D091,,0,,1,
635578,scenario_635556,P4_direct_ext3_text_drift,portal16,이대로면、　모두,5,18,E5184278,,0,,1,
635628,scenario_63560E,P4_direct_ext3_text_drift,portal16,콜로니　레이저를　중심으로、,10,18,E5181024,,0,,1,
635642,scenario_63560E,P4_direct_ext3_text_drift,portal16,……게다가、　조금씩이지만,11,18,E5181025,,0,,1,
635659,scenario_63560E,P4_direct_ext3_text_drift,portal16,머잖아、　전장　주변뿐　아니라,9,18,E518C0B8,,0,,1,
6356B0,scenario_635697,P4_direct_ext3_text_drift,portal16,아니、　가능하다　해도、,11,18,E518D093,,0,,1,
6356E1,scenario_6356C8,P4_direct_ext3_text_drift,portal16,하지만　어쨌든、　이대로,7,18,E5184280,,0,,1,
635705,scenario_6356F3,P4_direct_ext3_text_drift,portal16,멈추려　저　모빌아머에,7,18,E5181028,,0,,1,
63577B,scenario_63575F,P4_direct_ext3_text_drift,portal16,그보다、　중위가　저　병기에,17,18,E5181029,,0,,1,
6357C3,scenario_6357BA,P4_direct_ext3_text_drift,portal16,저　모빌아머　주변엔,10,18,E518102A,,0,,1,
6357EB,scenario_6357E0,P4_direct_ext3_text_drift,portal16,전원이　중위를　도와　모빌아머까지,15,18,E5184287,,0,,1,
63581E,scenario_63580F,P4_direct_ext3_text_drift,portal16,의식을　강하게　붙들면　시스템의,14,18,E518102B,,0,,1,
635839,scenario_63580F,P4_direct_ext3_text_drift,portal16,그동안　저　중위를,11,18,E518C0BD,,0,,1,
6358FD,scenario_6358EB,P4_direct_ext3_text_drift,portal16,한명보다　두명이,10,18,E5181033,,0,,1,
635935,scenario_63592C,P4_direct_ext3_text_drift,portal16,마음은　무겁지만、,5,18,E518C0C0,,0,,1,
635962,scenario_635954,P4_direct_ext3_text_drift,portal16,내일　아침、　준비되는　대로,15,18,E518C0C1,,0,,1,
6359A1,scenario_635987,P4_direct_ext3_text_drift,portal16,그　모빌아머에서　강력한　마인드,13,18,E518428C,,0,,1,
6359D9,scenario_6359BF,P4_direct_ext3_text_drift,portal16,콜로니　레이저를　중심으로、,10,18,E5181024,,0,,1,
6359F3,scenario_6359BF,P4_direct_ext3_text_drift,portal16,……게다가、　조금씩이지만,11,18,E5181025,,0,,1,
635A0A,scenario_6359BF,P4_direct_ext3_text_drift,portal16,머잖아、　전장　주변뿐　아니라,9,18,E518C0B8,,0,,1,
635A56,scenario_635A48,P4_direct_ext3_text_drift,portal16,멈출　방법은　없나요、,14,18,E5182B9B,,0,,1,
635A7B,scenario_635A70,P4_direct_ext3_text_drift,portal16,멈추려　저　모빌아머에,7,18,E5181028,,0,,1,
635AFA,scenario_635AEE,P4_direct_ext3_text_drift,portal16,하지만、　왜　안　듣는지는,12,18,E5184296,,0,,1,
635B32,scenario_635B16,P4_direct_ext3_text_drift,portal16,원인을　알아도、,8,18,E5187474,,0,,1,
635B4E,scenario_635B16,P4_direct_ext3_text_drift,portal16,그보다、　중위가　저　병기에,17,18,E5181029,,0,,1,
635B92,scenario_635B75,P4_direct_ext3_text_drift,portal16,무모해！,4,18,E5184C39,,0,,2,
635B99,scenario_635B75,P4_direct_ext3_text_drift,portal16,저　모빌아머　주변엔,10,18,E518102A,,0,,1,
635BC4,scenario_635BB6,P4_direct_ext3_text_drift,portal16,의식을　강하게　붙들면　시스템의,14,18,E518102B,,0,,1,
635BDF,scenario_635BB6,P4_direct_ext3_text_drift,portal16,그동안　저　중위를,11,18,E518C0BD,,0,,1,
635CA3,scenario_635C91,P4_direct_ext3_text_drift,portal16,한명보다　두명이,10,18,E5181033,,0,,1,
635CDB,scenario_635CD2,P4_direct_ext3_text_drift,portal16,마음은　무겁지만、,5,18,E518C0C0,,0,,1,
635D08,scenario_635CFA,P4_direct_ext3_text_drift,portal16,내일　아침、　준비되는　대로,15,18,E518C0C1,,0,,1,
635D5F,scenario_635D41,P4_direct_ext3_text_drift,portal16,이　제타의　가속이라면、,12,18,E518429E,,0,,1,
635DA7,scenario_635D90,P4_direct_ext3_text_drift,portal16,뭐、　정비사인　내가,15,18,E51842A1,,0,,1,
635E0E,scenario_635E02,P4_direct_ext3_text_drift,portal16,봐、　이것　봐！,6,18,E5180C1E,,0,,1,
635E52,scenario_635E46,P4_direct_ext3_text_drift,portal16,잘못하면……　아니、　십중팔구、,17,18,E5189059,,0,,1,
635E72,scenario_635E46,P3_direct_ext3_control_adjacent_text_drift,portal16,그만큼　불리한　도박이야。,12,18,E518905A,,0,,2,0809
635EA4,scenario_635E84,P3_direct_ext3_control_adjacent_text_drift,portal16,……그렇지？,7,18,E5183C3A,,0,,2,0802
635ED1,scenario_635EB1,P4_direct_ext3_text_drift,portal16,세라……　적의　모빌아머는,9,18,E5183BBD,,0,,1,
635EE6,scenario_635EB1,P3_direct_ext3_control_adjacent_text_drift,portal16,그러니、　너는……,7,18,E51842AD,,0,,2,0809
635F32,scenario_635F25,P4_direct_ext3_text_drift,portal16,하지만、　그　모빌아머를,8,18,E5180C1F,,0,,1,
635F46,scenario_635F25,P4_direct_ext3_text_drift,portal16,……세라를、　시그가,9,18,E518D0A0,,0,,1,
635F92,scenario_635F79,P4_direct_ext3_text_drift,portal16,세라를　해치고……,8,18,E51842B4,,0,,1,
635FAE,scenario_635F79,P4_direct_ext3_text_drift,portal16,또、　혼자　가버리다니！,16,18,E51842B5,,0,,1,
63603F,scenario_636025,P3_direct_ext3_control_adjacent_text_drift,portal16,무슨　일이　있어도……,8,18,E51842BB,,0,,2,0802
63607F,scenario_636073,P2_direct_ext3_exact_text,portal16,……윽！！,5,18,E518E491,,0,,2,
636087,scenario_636073,P3_direct_ext3_control_adjacent_text_drift,portal16,그、　그건……！！,7,18,E5180C9A,,0,,2,1728
63611A,scenario_63610F,P4_direct_ext3_text_drift,portal16,샤아가　마음에　들어해서、,9,18,E518D0A6,,0,,1,
636161,scenario_636156,P4_direct_ext3_text_drift,portal16,난　외모로　자넬　고른　게,16,18,E5189061,,0,,1,
63617C,scenario_636156,P3_direct_ext3_control_adjacent_text_drift,portal16,억지로　모습을　바꿀　필요는　없어。,18,18,E51842C3,,0,,2,0856
636205,scenario_6361F3,P4_direct_ext3_text_drift,portal16,앞으로　１주일이면、,8,18,E51842C7,,0,,1,
63622F,scenario_636222,P4_direct_ext3_text_drift,portal16,우릴　깔본　자들에게,11,18,E518D0AA,,0,,1,
636270,scenario_636252,P4_direct_ext3_text_drift,portal16,왜인진　몰라도、　시스템의,13,18,E518D0AB,,0,,1,
6362EA,scenario_6362CC,P4_direct_ext3_text_drift,portal16,에우고　녀석들을,6,18,E51842D0,,0,,1,
636342,scenario_636335,P4_direct_ext3_text_drift,portal16,……오히려、　반대야。,14,18,E5189064,,0,,1,
636387,scenario_63636A,P4_direct_ext3_text_drift,portal16,그리고、　그　녀석은　죽겠지。,11,18,E51842D6,,0,,1,
6363BC,scenario_6363A9,P4_direct_ext3_text_drift,portal16,특별히　감정이,8,18,E51891ED,,0,,1,
6363EB,scenario_6363DE,P4_direct_ext3_text_drift,portal16,그렇게　생각하도록,11,18,E51842DA,,0,,1,
636469,scenario_636457,P4_direct_ext3_text_drift,portal16,하지만、　언젠간　알게　돼。,10,18,E51842DF,,0,,2,
636476,scenario_636457,P4_direct_ext3_text_drift,portal16,네　손으로　시그를　죽이고……,13,18,E518D0AD,,0,,1,
636499,scenario_636457,P4_direct_ext3_text_drift,portal16,그　후　정신을　차린　넌,16,18,E51842E1,,0,,1,
6364B5,scenario_636457,P4_direct_ext3_text_drift,portal16,슬픔에　잠길까、,11,18,E51842E3,,0,,1,
6364E4,scenario_6364D6,P4_direct_ext3_text_drift,portal16,제가　마스터에게,9,18,E51842E5,,0,,1,
63654A,scenario_636539,P4_direct_ext3_text_drift,portal16,그런　얼굴을　보면。,11,18,E51842EA,,0,,1,
636587,scenario_636579,P4_direct_ext3_text_drift,portal16,널　사랑하는　건지、,8,18,E51842EC,,0,,1,
63659E,scenario_636579,P4_direct_ext3_text_drift,portal16,내일이면　알게　될까？,13,18,E51842EE,,0,,2,
6365AE,scenario_636579,P4_direct_ext3_text_drift,portal16,그　녀석과……,5,18,E51842EF,,0,,1,
63662C,scenario_63661E,P4_direct_ext3_text_drift,portal16,지금부터　우린　네오　지온군에,16,18,E518D0B0,,0,,1,
636647,scenario_63661E,P4_direct_ext3_text_drift,portal16,먼저　그레미군이다！,7,18,E51842F3,,0,,1,
636681,scenario_636669,P3_direct_ext3_control_adjacent_text_drift,portal16,후후、　우리한텐　잘됐군……,13,18,E51842F6,,0,,2,1728
6366DE,scenario_6366D1,P4_direct_ext3_text_drift,portal16,시마　가라하우！,6,18,E5182ABB,,0,,1,
63671A,scenario_6366F9,P4_direct_ext3_text_drift,portal16,받을　건　받았으니、,12,18,E51842FC,,0,,1,
636737,scenario_6366F9,P3_direct_ext3_control_adjacent_text_drift,portal16,……얘들아、　출격이다！！,13,18,E51842FE,,0,,2,1728
6367E9,scenario_6367C7,P2_direct_ext3_exact_text,portal16,…………전황을　세우고　다시！！,12,18,E518D0B1,,0,,2,
6367F8,scenario_6367C7,P4_direct_ext3_text_drift,portal16,내가　뉴타입　부대를,7,18,E5184307,,0,,1,
636849,scenario_63683B,P4_direct_ext3_text_drift,portal16,아까부터　내,5,18,E518C0C3,,0,,1,
63686C,scenario_636860,P4_direct_ext3_text_drift,portal16,쥬도와　있으면　기분　좋다는　걸,14,18,E5184377,,0,,1,
6368AD,scenario_63689F,P4_direct_ext3_text_drift,portal16,아까부터　내,5,18,E518C0C3,,0,,1,
6368D2,scenario_6368C4,P4_direct_ext3_text_drift,portal16,『쥬도와　있으면　기분,11,18,E5185365,,0,,1,
636959,scenario_63694E,P4_direct_ext3_text_drift,portal16,『플　투를……,6,18,E5184310,,0,,1,
636A0B,scenario_636A00,P4_direct_ext3_text_drift,portal16,내　방해를　하지　마！！,8,18,E5189073,,0,,1,
636A62,scenario_636A42,P2_direct_ext3_exact_text,portal16,쥬도　아시타！,6,18,E518437B,,0,,1,
636ACE,scenario_636AAC,P4_direct_ext3_text_drift,portal16,……지구잖아！！,8,18,E518500B,,0,,2,
636AD9,scenario_636AAC,P4_direct_ext3_text_drift,portal16,자비가의　피　따윈、,10,18,E5181BB6,,0,,1,
636AF7,scenario_636AAC,P4_direct_ext3_text_drift,portal16,지금은　그런　작은　것에,10,18,E5189077,,0,,1,
636B14,scenario_636AAC,P4_direct_ext3_text_drift,portal16,너처럼,4,18,E5189079,,0,,1,
636BBC,scenario_636BAB,P3_direct_ext3_control_adjacent_text_drift,portal16,녀석을　쓰러뜨려！　그러면……,13,18,E5183C3D,,0,,2,1728
636BFC,scenario_636BF1,P3_direct_ext3_control_adjacent_text_drift,portal16,그러니、　네　힘을　빌리겠다！,14,18,E5185014,,0,,2,1728
636C91,scenario_636C7C,P3_direct_ext3_control_adjacent_text_drift,portal16,자、　이리　와……,7,18,E518D0B9,,0,,2,1728
636CBA,scenario_636CA3,P3_direct_ext3_control_adjacent_text_drift,portal16,『자、　이리　와……』,9,18,E518D0BA,,0,,2,1728
636CE6,scenario_636CDB,P4_direct_ext3_text_drift,portal16,언제까지　홀려　있을　거냐！,8,18,E518501C,,0,,1,
636E74,scenario_636E5E,P4_direct_ext3_text_drift,portal16,리나를　잃고、　플까지　반역하다니……,19,18,E518502A,,0,,2,
636E8A,scenario_636E5E,P1_direct_ext3_exact_text_control_adjacent,portal16,……크윽！！,6,18,E5181013,,0,,2,1728
636F30,scenario_636F13,P4_direct_ext3_text_drift,portal16,그에게는　감사해야겠군。,15,18,E5180C21,,0,,1,
636FB0,scenario_636F92,P3_direct_ext3_control_adjacent_text_drift,portal16,얘들아、　철수해！！,13,18,E5189084,,0,,2,1728
63700C,scenario_637001,P2_direct_ext3_exact_text,portal16,이런……,6,18,E518A09C,00B1 045E 0093,3,,1,
637025,scenario_637001,P2_direct_ext3_exact_text,portal16,피의　숙명을　짊어진、　이　내가…,17,18,E518A09D,,0,,2,
637039,scenario_637001,P3_direct_ext3_control_adjacent_text_drift,portal16,이、이런　곳에서……！！,12,18,E5181D21,,0,,2,1728
637069,scenario_637060,P4_direct_ext3_text_drift,portal16,…………　미안해、　플루츠－。,8,18,E518D0BF,,0,,1,
637083,scenario_637060,P3_direct_ext3_control_adjacent_text_drift,portal16,……젠장！！,6,18,E5181037,,0,,2,1728
637182,scenario_637167,P3_direct_ext3_control_adjacent_text_drift,portal16,이만　물러가겠다！！,9,18,E5181D22,,0,,2,1728
6371DE,scenario_6371CA,P2_direct_ext3_exact_text,portal16,죄송합니다、　시마님！,8,18,E518D0C7,,0,,1,
637223,scenario_63720F,P2_direct_ext3_exact_text,portal16,적의　증원이　나오기　전에,13,18,E518A0A7,,0,,1,
63726C,scenario_637262,P2_direct_ext3_exact_text,portal16,미네바　님이　실종되었기　때문에,13,18,E518D0CA,,0,,1,
637299,scenario_637290,P2_direct_ext3_exact_text,portal16,…　…　그럼、　진짜　미네바　자비는,15,18,E518D0CB,,0,,1,
6372E0,scenario_6372D1,P4_direct_ext3_text_drift,portal16,지금은　미네바　자비의　행방을　찾는,16,18,E518D0CD,,0,,1,
637333,scenario_637314,P1_direct_ext3_exact_text_control_adjacent,portal16,하만　칸도　건재하다。,12,18,E518D0D1,,0,,2,0861
63734F,scenario_637345,P2_direct_ext3_exact_text,portal16,지금은　네오지온과의　싸움에,12,18,E518D0D2,,0,,1,
6373AB,scenario_6373A0,P3_direct_ext3_control_adjacent_text_drift,portal16,이런　곳에서　뭘　하고　있나？,6,18,E5182D0F,,0,,2,083B
637408,scenario_6373FD,P4_direct_ext3_text_drift,portal16,그녀를　쓰러뜨리는　건　내　역할이다。,13,18,E5189087,,0,,1,
637444,scenario_63742B,P3_direct_ext3_control_adjacent_text_drift,portal16,이놈은　내　역할이야。,10,18,E5185037,,0,,2,082B
637487,scenario_637461,P4_direct_ext3_text_drift,portal16,난　하만　칸을　쓰러뜨리고,13,18,E518503B,,0,,1,
637536,scenario_637525,P3_direct_ext3_control_adjacent_text_drift,portal16,네　기반은　전부　무너졌다。,13,18,E5185042,,0,,2,0858
63759C,scenario_63757E,P3_direct_ext3_control_adjacent_text_drift,portal16,각오해라、쥬도　아시타！！,12,18,E5183D2D,,0,,2,1728
6376E8,scenario_6376D7,P3_direct_ext3_control_adjacent_text_drift,portal16,모두의　힘이、　건담에！,9,18,E518D0D6,,0,,2,1728
637718,scenario_6376FE,P3_direct_ext3_control_adjacent_text_drift,portal16,이게、　뉴타입……,7,18,E5185051,,0,,2,1728
63773B,scenario_63772A,P3_direct_ext3_control_adjacent_text_drift,portal16,……싸움에서　죽은、　사람의　의지를！,17,18,E51891F0,,0,,2,1728
637A2E,scenario_637A0D,P4_direct_ext3_text_drift,portal16,가진　능력을　조화와　협력에　썼다면,21,18,E5185066,,0,,1,
637A82,scenario_637A69,P4_direct_ext3_text_drift,portal16,인간이　아직　중력에　끌려,12,18,E51891F1,,0,,1,
637B79,scenario_637B5D,P4_direct_ext3_text_drift,portal16,젊은　몸으로　네오　지온을,12,18,E518D0D7,,0,,1,
637BB8,scenario_637BA1,P4_direct_ext3_text_drift,portal16,결국　하만　칸도,9,18,E5181BB9,,0,,1,
637C42,scenario_637C23,P4_direct_ext3_text_drift,portal16,모처럼　왔으니、　너희는,9,18,E518507B,,0,,1,
637D75,scenario_637D62,P4_direct_ext3_text_drift,portal16,주변　부대가　모두、,14,18,E5185084,,0,,1,
637DF0,scenario_637DE7,P4_direct_ext3_text_drift,portal16,어때、　저　광경？,8,18,E5185088,,0,,2,
637DFB,scenario_637DE7,P4_direct_ext3_text_drift,portal16,싸움의　섬광이　별처럼　반짝여서,18,18,E5189098,,0,,1,
637E3D,scenario_637E30,P3_direct_ext3_control_adjacent_text_drift,portal16,이젠、　아무도　멈출　수　없어。,12,18,E518D0DD,,0,,2,0817
637E65,scenario_637E4F,P4_direct_ext3_text_drift,portal16,……그래。　이　피　웅덩이로　점철된,5,18,E5181A6F,,0,,1,
637E76,scenario_637E4F,P1_direct_ext3_exact_text_control_adjacent,portal16,……로렐라이의　파멸　우주다！！,9,18,E518C0B4,,0,,2,1728
637EE0,scenario_637ECD,P4_direct_ext3_text_drift,portal16,게다가、　액시즈에　남겨둔,10,18,E518508E,,0,,1,
637EF5,scenario_637ECD,P4_direct_ext3_text_drift,portal16,우선　브라이트　함장들을,8,18,E518D0E0,,0,,1,
637F0A,scenario_637ECD,P4_direct_ext3_text_drift,portal16,이대로면、　모두,5,18,E5185090,,0,,1,
637FD9,scenario_637FBD,P4_direct_ext3_text_drift,portal16,……조금씩이지만、,9,18,E5185097,,0,,1,
637FF2,scenario_637FBD,P4_direct_ext3_text_drift,portal16,머잖아、　전장　주변뿐　아니라,9,18,E518D0E5,,0,,1,
63800A,scenario_637FBD,P4_direct_ext3_text_drift,portal16,……아뇨、　계속　넓어진다면,16,18,E5185099,,0,,1,
638049,scenario_638030,P4_direct_ext3_text_drift,portal16,아니、　가능하다　해도、,11,18,E518D0E6,,0,,1,
63806E,scenario_638061,P4_direct_ext3_text_drift,portal16,하지만、　이대로,5,18,E518509C,,0,,1,
63807B,scenario_638061,P3_direct_ext3_control_adjacent_text_drift,portal16,저걸　멈출　방법은　없나？,11,18,E518509E,,0,,2,0867
6380A1,scenario_63808C,P4_direct_ext3_text_drift,portal16,첫째、　우린　저　모빌아머에,12,18,E51850A1,,0,,1,
638115,scenario_6380F8,P4_direct_ext3_text_drift,portal16,그보다、　둘이　저　병기에,17,18,E51850A4,,0,,1,
63815D,scenario_638154,P4_direct_ext3_text_drift,portal16,저　모빌아머　주변엔,10,18,E51850A5,,0,,1,
638185,scenario_63817A,P4_direct_ext3_text_drift,portal16,전원이　중위를　도와　모빌아머까지,15,18,E51890A3,,0,,1,
6381BE,scenario_6381A9,P4_direct_ext3_text_drift,portal16,의식을　강하게　붙들면　시스템의,14,18,E51850AA,,0,,1,
6381D9,scenario_6381A9,P4_direct_ext3_text_drift,portal16,그동안　중위를,9,18,E518D0EF,,0,,1,
638287,scenario_638275,P4_direct_ext3_text_drift,portal16,한명보다　두명이,10,18,E51850B2,,0,,1,
6382C0,scenario_6382B6,P4_direct_ext3_text_drift,portal16,마음은　무겁지만、,5,18,E518D0F2,,0,,1,
6382ED,scenario_6382DF,P4_direct_ext3_text_drift,portal16,내일　아침、　준비되는　대로,15,18,E518D0F3,,0,,1,
6383AB,scenario_6383A0,P4_direct_ext3_text_drift,portal16,네놈들、　뭘　꾸미고　있나！？,12,18,E51850B9,,0,,2,
6383BA,scenario_6383A0,P4_direct_ext3_text_drift,portal16,사람들을　미치게　해서、,8,18,E51850BA,,0,,1,
638429,scenario_63841A,P4_direct_ext3_text_drift,portal16,인간을　넘는　힘을　지니고도,14,18,E51890AA,,0,,1,
63846B,scenario_63844A,P4_direct_ext3_text_drift,portal16,카테고리Ｆ라　불리며、,10,18,E51850BF,,0,,1,
638480,scenario_63844A,P4_direct_ext3_text_drift,portal16,……세계의　멸망과　바꿔야,19,18,E51850C1,,0,,1,
6384CC,scenario_6384B3,P4_direct_ext3_text_drift,portal16,미친　건　이　세계야！！,13,18,E51850C5,,0,,2,
6384DC,scenario_6384B3,P4_direct_ext3_text_drift,portal16,세계가　우릴　무시하니까、,11,18,E51850C6,,0,,1,
638540,scenario_63852D,P4_direct_ext3_text_drift,portal16,……웃기지　마！！,6,18,E51850CB,,0,,2,
638591,scenario_638582,P4_direct_ext3_text_drift,portal16,세레인　익스페리를　못　지킨　걸,15,18,E51850CD,,0,,1,
6385AD,scenario_638582,P4_direct_ext3_text_drift,portal16,결국、　인간은　다　똑같아。,11,18,E518D0FA,,0,,1,
638615,scenario_6385F6,P4_direct_ext3_text_drift,portal16,……그렇게　끝내　고른　길이,17,18,E51850D1,,0,,1,
638636,scenario_6385F6,P3_direct_ext3_control_adjacent_text_drift,portal16,당신들과는　달라！！,10,18,E51890B0,,0,,2,1728
638676,scenario_638663,P4_direct_ext3_text_drift,portal16,……누가　옳은지、,13,18,E51850D4,,0,,1,
6386C0,scenario_6386B4,P4_direct_ext3_text_drift,portal16,전　부대、　시그　중위들을　도와,13,18,E518D0FC,,0,,1,
6386F1,scenario_6386E3,P4_direct_ext3_text_drift,portal16,중위들이　거기까지　뚫으면,13,18,E51850D8,,0,,1,
638726,scenario_638711,P4_direct_ext3_text_drift,portal16,우리가　시스템　방출에,10,18,E51850DA,,0,,1,
638765,scenario_638747,P4_direct_ext3_text_drift,portal16,시간도　중요하지만、,8,18,E51850DD,,0,,1,
638788,scenario_63877E,P3_direct_ext3_control_adjacent_text_drift,portal16,……그럼、　전투　개시！！,11,18,E5181C38,,0,,2,1728
63882A,scenario_638817,P3_direct_ext3_control_adjacent_text_drift,portal16,전　기체、소위　호위에　집중하라！！,15,18,E5180D91,,0,,2,1728
638854,scenario_638844,P4_direct_ext3_text_drift,portal16,전　기체、　적　섬멸에　집중해！！,17,18,E51850E6,,0,,2,
638868,scenario_638844,P4_direct_ext3_text_drift,portal16,방출이　더　강해지기　전에、,13,18,E51850E7,,0,,1,
6388B8,scenario_6388A5,P3_direct_ext3_control_adjacent_text_drift,portal16,전　기체、　중위를　호위해！！,15,18,E51850EA,,0,,2,1728
638909,scenario_6388F7,P4_direct_ext3_text_drift,portal16,아까와　달리　머리가　가벼워。,17,18,E51850EE,,0,,1,
63893F,scenario_638933,P4_direct_ext3_text_drift,portal16,시그　중위들의　활약으로、,11,18,E518D102,,0,,1,
63895C,scenario_638933,P3_direct_ext3_control_adjacent_text_drift,portal16,한번에　적을　섬멸한다！！,12,18,E51850F0,,0,,2,1728
638992,scenario_638986,P3_direct_ext3_control_adjacent_text_drift,portal16,늦은　건가……！！,12,18,E51850F3,,0,,2,1728
638A47,scenario_638A27,P4_direct_ext3_text_drift,portal16,그런　우리를　이기겠다니、,14,18,E51890BB,,0,,1,
638BAC,scenario_638BA3,P4_direct_ext3_text_drift,portal16,그　분노가、,7,18,E5185105,,0,,1,
638BC2,scenario_638BA3,P4_direct_ext3_text_drift,portal16,……어쩔　수　없군。,8,18,E5185107,,0,,1,
638FA4,scenario_638F8F,P4_direct_ext3_text_drift,portal16,설령　내가　쓰러져도……,11,18,E5181BBB,,0,,1,
639032,scenario_639012,P4_direct_ext3_text_drift,portal16,테라　스오노는……,8,18,E5180C24,,0,,1,
639195,scenario_63917B,P4_direct_ext3_text_drift,portal16,……싸움을　지켜볼　수조차　없어！,19,18,E5185137,,0,,2,
6391AB,scenario_63917B,P3_direct_ext3_control_adjacent_text_drift,portal16,정말　아무것도　안　해도　되나！？,15,18,E5185138,,0,,2,0861
639229,scenario_63920B,P4_direct_ext3_text_drift,portal16,오랫동안은　무리여도、,9,18,E518513D,,0,,1,
639252,scenario_639245,P4_direct_ext3_text_drift,portal16,중위들만　싸우게　두는　건,12,18,E518513E,,0,,1,
63928A,scenario_63926D,P4_direct_ext3_text_drift,portal16,……이번엔　우리가,9,18,E5185140,,0,,1,
6392ED,scenario_6392C6,P4_direct_ext3_text_drift,portal16,소수정예로　단숨에　돌입해、,15,18,E5185145,,0,,1,
63942C,scenario_639421,P4_direct_ext3_text_drift,portal16,네놈들、　뭘　꾸미고　있나！？,12,18,E518514B,,0,,2,
63943B,scenario_639421,P4_direct_ext3_text_drift,portal16,사람들을　미치게　해서、,8,18,E518514C,,0,,1,
6394A9,scenario_63949A,P4_direct_ext3_text_drift,portal16,인간을　넘는　힘을　지니고도,14,18,E51890CD,,0,,1,
6394EB,scenario_6394CA,P4_direct_ext3_text_drift,portal16,카테고리Ｆ라　불리며、,10,18,E5185152,,0,,1,
639500,scenario_6394CA,P4_direct_ext3_text_drift,portal16,……세계의　멸망과　바꿔야만,19,18,E5185154,,0,,1,
639543,scenario_63953A,P4_direct_ext3_text_drift,portal16,네가　돕는　자들은,11,18,E5185157,,0,,1,
63955A,scenario_63953A,P3_direct_ext3_control_adjacent_text_drift,portal16,아무렇지도　않아！！,9,18,E5185158,,0,,2,1728
63957E,scenario_63956B,P4_direct_ext3_text_drift,portal16,우릴　깔보던　녀석들이,12,18,E518D10F,,0,,1,
6395C0,scenario_6395AF,P4_direct_ext3_text_drift,portal16,안심해、　프로스트　형제도,13,18,E518515C,,0,,1,
63962C,scenario_639614,P4_direct_ext3_text_drift,portal16,조금만　봐주는　것으로,14,18,E5185161,,0,,1,
639664,scenario_639650,P4_direct_ext3_text_drift,portal16,그것만으로도　우리　고통을,12,18,E5185164,,0,,1,
639736,scenario_639727,P4_direct_ext3_text_drift,portal16,세레인　익스페리를　못　지킨　걸,15,18,E518516B,,0,,1,
639752,scenario_639727,P4_direct_ext3_text_drift,portal16,결국、　인간은　다　똑같아。,11,18,E518D112,,0,,1,
639790,scenario_639782,P3_direct_ext3_control_adjacent_text_drift,portal16,이런…　놈들에게……！！,11,18,E51890D2,,0,,2,1728
6397E1,scenario_6397D4,P4_direct_ext3_text_drift,portal16,지금까지의　모든　게　담긴、,11,18,E5185172,,0,,1,
6397F9,scenario_6397D4,P3_direct_ext3_control_adjacent_text_drift,portal16,우후후후후후……,6,18,E518E4C5,,0,,2,1728
63981B,scenario_639807,P4_direct_ext3_text_drift,portal16,１년전쟁에서　다　잃었다고,10,18,E5185174,,0,,1,
639831,scenario_639807,P3_direct_ext3_control_adjacent_text_drift,portal16,이렇게까지　다　빼앗아！！,17,18,E51890D6,,0,,2,1728
639862,scenario_63984F,P4_direct_ext3_text_drift,portal16,난、　지금이야말로　싸운다！！,12,18,E5185176,,0,,2,
639871,scenario_63984F,P4_direct_ext3_text_drift,portal16,이젠　아무것에도　얽매이지　않고！！,13,18,E5185177,,0,,1,
6398B0,scenario_639892,P4_direct_ext3_text_drift,portal16,후후……　웃기지　마。,15,18,E518517A,,0,,2,
6398C2,scenario_639892,P4_direct_ext3_text_drift,portal16,그　데라즈　말대로군……,13,18,E51890D7,,0,,2,
6398D2,scenario_639892,P4_direct_ext3_text_drift,portal16,성충이　되자마자、　죽어버리는……,12,18,E51890D8,,0,,2,
6398E1,scenario_639892,P4_direct_ext3_text_drift,portal16,결국、　우린……,9,18,E518517B,,0,,1,
639982,scenario_63995E,P4_direct_ext3_text_drift,portal16,그렇게　말했잖습니까！,8,18,E5185180,,0,,1,
639994,scenario_63995E,P3_direct_ext3_control_adjacent_text_drift,portal16,그런데……　으윽！！,8,18,E51890D9,,0,,2,1728
6399FA,scenario_6399F0,P4_direct_ext3_text_drift,portal16,대단한　장난감을　손에　넣고,11,18,E51890DA,,0,,1,
639A36,scenario_639A1C,P4_direct_ext3_text_drift,portal16,……신은　따로　있어。,10,18,E5185188,,0,,2,
639A43,scenario_639A1C,P4_direct_ext3_text_drift,portal16,사람을　심판하는、　인공의　신！,16,18,E5185189,,0,,1,
639ABB,scenario_639AB1,P3_direct_ext3_control_adjacent_text_drift,portal16,서、설마……,6,18,E5181D28,,0,,2,1728
639ADC,scenario_639AC9,P4_direct_ext3_text_drift,portal16,그녀는　마음을　되찾았어。,13,18,E5183D31,,0,,2,
639AEC,scenario_639AC9,P4_direct_ext3_text_drift,portal16,지금　그녀는　내　꼭두각시가　아니야。,16,18,E5184D32,,0,,1,
639B3C,scenario_639B32,P3_direct_ext3_control_adjacent_text_drift,portal16,정말　너야、　세라！？,12,18,E5185195,,0,,2,0805
639B7D,scenario_639B62,P4_direct_ext3_text_drift,portal16,……너희를　볼　면목이　없다며、,17,18,E5185198,,0,,1,
639BE0,scenario_639BD1,P4_direct_ext3_text_drift,portal16,증폭된　사이코웨이브　속에선,10,18,E518D114,,0,,1,
639C20,scenario_639C0F,P4_direct_ext3_text_drift,portal16,왜　너희가　시스템의,8,18,E518519C,,0,,1,
639C3C,scenario_639C0F,P4_direct_ext3_text_drift,portal16,너희는　시스템에,6,18,E51890E1,,0,,1,
639C7E,scenario_639C6F,P4_direct_ext3_text_drift,portal16,……즉、　세라가　너희를,11,18,E518519E,,0,,1,
639C9C,scenario_639C6F,P4_direct_ext3_text_drift,portal16,마음을　속박당한　상태에서도、,20,18,E518519F,,0,,1,
639CE0,scenario_639CD1,P4_direct_ext3_text_drift,portal16,너희는、　그런　그녀를,9,18,E51890E4,,0,,1,
639D46,scenario_639D29,P4_direct_ext3_text_drift,portal16,분노에　미쳐　날뛰다가、,12,18,E51851A5,,0,,1,
639D67,scenario_639D29,P4_direct_ext3_text_drift,portal16,그　광경을、,6,18,E51851A6,,0,,1,
639DCA,scenario_639DBB,P4_direct_ext3_text_drift,portal16,분노만으로는,7,18,E51851AB,,0,,1,
639E81,scenario_639E75,P4_direct_ext3_text_drift,portal16,거기　전개된　유닛은,9,18,E518747A,,0,,1,
639E99,scenario_639E75,P4_direct_ext3_text_drift,portal16,해제하지　않으면、　안에　못　들어가。,16,18,E5181041,,0,,2,
639EAC,scenario_639E75,P4_direct_ext3_text_drift,portal16,그리고、　해제　코드는,8,18,E5181ABC,,0,,1,
639ED7,scenario_639ECD,P4_direct_ext3_text_drift,portal16,안으로　들어가려면,9,18,E5181042,,0,,1,
639F14,scenario_639F08,P4_direct_ext3_text_drift,portal16,거기　전개된　유닛은,9,18,E518747A,,0,,1,
639F2C,scenario_639F08,P4_direct_ext3_text_drift,portal16,해제하지　않으면、　안에　못　들어가。,16,18,E5181041,,0,,2,
639F3F,scenario_639F08,P4_direct_ext3_text_drift,portal16,그리고、　해제　코드는,8,18,E5181ABC,,0,,1,
639F68,scenario_639F5E,P4_direct_ext3_text_drift,portal16,안으로　들어가려면,9,18,E5181042,,0,,1,
639FA8,scenario_639F9A,P4_direct_ext3_text_drift,portal16,난　예전부터,6,18,E51851AF,,0,,1,
639FC1,scenario_639F9A,P3_direct_ext3_control_adjacent_text_drift,portal16,오늘이야말로　널　죽여주마！！,13,18,E51851B0,,0,,2,1728
63A00C,scenario_639FF9,P4_direct_ext3_text_drift,portal16,왜、　너　같은　평범한　인간을、,14,18,E51851B3,,0,,1,
63A027,scenario_639FF9,P4_direct_ext3_text_drift,portal16,원래　내가……！！,10,18,E51851B5,,0,,1,
63A07A,scenario_63A05E,P4_direct_ext3_text_drift,portal16,능력은　예정대로　발휘됐지만、,15,18,E51851B8,,0,,1,
63A1A3,scenario_63A182,P4_direct_ext3_text_drift,portal16,인정받지　못한다고,10,18,E51851C1,,0,,1,
63A3F3,scenario_63A3E5,P4_direct_ext3_text_drift,portal16,뉴타입인　이　내가、,8,18,E51851CA,,0,,1,
63A406,scenario_63A3E5,P3_direct_ext3_control_adjacent_text_drift,portal16,올드타입　너희　따위에게！,10,18,E51851CC,,0,,2,1728
63A444,scenario_63A41D,P4_direct_ext3_text_drift,portal16,네놈의　패인은、,9,18,E51890F6,,0,,1,
63A473,scenario_63A468,P3_direct_ext3_control_adjacent_text_drift,portal16,이런　결말이라니……,8,18,E518D117,,0,,2,1728
63A4B9,scenario_63A4AE,P3_direct_ext3_control_adjacent_text_drift,portal16,인정할　것　같으냐아앗！！,14,18,E5181D2A,,0,,2,1728
63A57B,scenario_63A56E,P4_direct_ext3_text_drift,portal16,한번　저렇게　돼버리면,11,18,E51851D8,,0,,1,
63A597,scenario_63A56E,P4_direct_ext3_text_drift,portal16,멈출　방법은　단　하나……,12,18,E51851D9,,0,,2,
63A5A6,scenario_63A56E,P4_direct_ext3_text_drift,portal16,……파일럿째로,6,18,E51890F8,,0,,1,
63A5BE,scenario_63A56E,P4_direct_ext3_text_drift,portal16,너희가　할　수　있겠어……？,10,18,E51851DB,,0,,1,
63A5F8,scenario_63A5EF,P3_direct_ext3_control_adjacent_text_drift,portal16,난…　악역이니까……,12,18,E51851DE,,0,,2,1728
63A6A8,scenario_63A69B,P3_direct_ext3_control_adjacent_text_drift,portal16,이걸、　멈춰야…　해……,12,18,E51851E5,,0,,2,1728
63A77B,scenario_63A769,P4_direct_ext3_text_drift,portal16,빨리……,5,18,E5183D33,,0,,1,
63A85E,scenario_63A850,P3_direct_ext3_control_adjacent_text_drift,portal16,그걸로…　됐어……！！,8,18,E51851F3,,0,,2,1728
63AAA4,scenario_63AA97,P4_direct_ext3_text_drift,portal16,그렇게、　고민하고、　괴로워하고……,14,18,E51851FE,,0,,2,
63AAB5,scenario_63AA97,P3_direct_ext3_control_adjacent_text_drift,portal16,……그러니　내가　대신할게！,17,18,E51851FF,,0,,2,1728
63AC2E,scenario_63AC23,P4_direct_ext3_text_drift,portal16,세라를……,5,18,E518520A,,0,,1,
63AC7F,scenario_63AC75,P4_direct_ext3_text_drift,portal16,나를　죽여줘……,8,18,E51891FF,,0,,2,
63AC8A,scenario_63AC75,P3_direct_ext3_control_adjacent_text_drift,portal16,더는、　이런　광경을　보는　건……,13,18,E518520B,,0,,2,1728
63AD6D,scenario_63AD51,P4_direct_ext3_text_drift,portal16,미안을……,5,18,E5189201,,0,,1,
63AE15,scenario_63AE03,P4_direct_ext3_text_drift,portal16,무슨　일이　있어도、널　죽게　두는　건,13,18,E5182D18,,0,,1,
63AE31,scenario_63AE03,P1_direct_ext3_exact_text_control_adjacent,portal16,…………　살아있어、　세라！！,10,18,E518A0BD,,0,,2,1728
63AEB5,scenario_63AEA5,P1_direct_ext3_exact_text_control_adjacent,portal16,그것만으로、　어쩐지。,11,18,E518A0C2,,0,,2,1728
63B1D3,scenario_63B1C3,P3_direct_ext3_control_adjacent_text_drift,portal16,이렇게、　너를　만났으니까……,15,18,E5183C46,,0,,2,1728
63B8BE,scenario_63B8A1,P4_direct_ext3_text_drift,portal16,현재　드렌　대위의　캐멀　함대가,13,18,E5181BBE,,0,,1,
63B8DA,scenario_63B8A1,P4_direct_ext3_text_drift,portal16,우린　화이트　베이스　후방을　치고、,14,18,E5185214,,0,,1,
63B8FD,scenario_63B8A1,P4_direct_ext3_text_drift,portal16,또、　샤아　대령의　독립　제３００전대도,15,18,E5182BA6,,0,,1,
63B963,scenario_63B951,P4_direct_ext3_text_drift,portal16,『연방의　하얀　악마』도　있다。,18,18,E518521C,,0,,1,
63B9BE,scenario_63B9A1,P4_direct_ext3_text_drift,portal16,세레인　소위의　에르메스를,8,18,E518521F,,0,,1,
63B9D8,scenario_63B9A1,P4_direct_ext3_text_drift,portal16,일단　예정을　설명하자면、,11,18,E5181BC0,,0,,1,
63B9F1,scenario_63B9A1,P4_direct_ext3_text_drift,portal16,사이드５　근처　암초공역에서,11,18,E518D13D,,0,,1,
63BA63,scenario_63BA4E,P4_direct_ext3_text_drift,portal16,기체만　받는　일이라　해도、,13,18,E5185226,,0,,1,
63BA86,scenario_63BA4E,P3_direct_ext3_control_adjacent_text_drift,portal16,경계만은　게을리하지　마라。,16,18,E5185228,,0,,2,1728
63BABA,scenario_63BAA1,P4_direct_ext3_text_drift,portal16,솔로몬　요새의　도즐　중장은,10,18,E518522A,,0,,1,
63BADB,scenario_63BAA1,P4_direct_ext3_text_drift,portal16,본국의　증원이　거부된　탓도　있어、,17,18,E518522C,,0,,1,
63BB02,scenario_63BAA1,P4_direct_ext3_text_drift,portal16,그래서　우리가　돌격기동군　증원으로,13,18,E518522E,,0,,1,
63BB6E,scenario_63BB49,P4_direct_ext3_text_drift,portal16,……짐　타입의　모빌슈트도,11,18,E518D56D,,0,,1,
63BB89,scenario_63BB49,P4_direct_ext3_text_drift,portal16,또、　솔로몬　공략에는,9,18,E5181BC1,,0,,1,
63BBE2,scenario_63BBD2,P4_direct_ext3_text_drift,portal16,연방의　전력은　압도적이다。,10,18,E5185236,,0,,2,
63BBEF,scenario_63BBD2,P4_direct_ext3_text_drift,portal16,잘못하면、　우리가　도착하기　전에,14,18,E5185237,,0,,1,
63BC0F,scenario_63BBD2,P4_direct_ext3_text_drift,portal16,무슨　일에도　대응할　수　있게、,15,18,E5185238,,0,,1,
63BC5A,scenario_63BC37,P4_direct_ext3_text_drift,portal16,이　함대는　핵미사일을　장비했고、,15,18,E518523B,,0,,1,
63BC7B,scenario_63BC37,P4_direct_ext3_text_drift,portal16,이를　방치하면、　지온공국은,12,18,E518D144,,0,,1,
63BC9F,scenario_63BC37,P4_direct_ext3_text_drift,portal16,사이드６에　대한　핵공격은,15,18,E518D145,,0,,1,
63BD55,scenario_63BD3B,P4_direct_ext3_text_drift,portal16,모빌슈트도　최신예기라서,18,18,E5185246,,0,,1,
63BDCC,scenario_63BDA3,P4_direct_ext3_text_drift,portal16,적　주력은　레빌　장군의　우주함대다……,18,18,E518D148,,0,,2,
63BDE1,scenario_63BDA3,P4_direct_ext3_text_drift,portal16,별도로　루나２　함대도　요새공략에,20,18,E518524A,,0,,1,
63BE02,scenario_63BDA3,P4_direct_ext3_text_drift,portal16,그　목마……　화이트　베이스를중심으로、,14,18,E518524C,,0,,1,
63BE1E,scenario_63BDA3,P4_direct_ext3_text_drift,portal16,각　전함엔　짐급　모빌슈트、,14,18,E518524E,,0,,1,
63BE64,scenario_63BE57,P4_direct_ext3_text_drift,portal16,이　함대가　레빌　함대와　합류하면,14,18,E5185250,,0,,1,
63BE87,scenario_63BE57,P4_direct_ext3_text_drift,portal16,그래서　우린　연방군　공격에　앞서、,18,18,E5185252,,0,,1,
63BEAD,scenario_63BE57,P4_direct_ext3_text_drift,portal16,먼저　나와　라라아　슨　소위가,13,18,E5183BC9,,0,,1,
63BEC5,scenario_63BE57,P4_direct_ext3_text_drift,portal16,적　진형을　흐트러뜨리고、　ＭＳ대가,18,18,E518910D,,0,,1,
63BF60,scenario_63BF3C,P4_direct_ext3_text_drift,portal16,그들은　핵공격　중지를　모른　채、,19,18,E518D14D,,0,,1,
63BF8B,scenario_63BF3C,P4_direct_ext3_text_drift,portal16,우리　목적은　사이클롭스대의,13,18,E518525B,,0,,1,
63BFA4,scenario_63BF3C,P4_direct_ext3_text_drift,portal16,먼저　브라드　중령의　무사이가,11,18,E518525C,,0,,1,
63C028,scenario_63C015,P4_direct_ext3_text_drift,portal16,사이드６와의　중립협정　때문에、,18,18,E518D152,,0,,1,
63C04B,scenario_63C015,P4_direct_ext3_text_drift,portal16,그래서　사이클롭스대　구출은,12,18,E5185263,,0,,1,
63C068,scenario_63C015,P4_direct_ext3_text_drift,portal16,출격　예정　파일럿은、,9,18,E5185265,,0,,1,
63C07D,scenario_63C015,P1_direct_ext3_exact_text_control_adjacent,portal16,……이상이다。,6,18,E518100B,,0,,2,1728
63C0B7,scenario_63C091,P4_direct_ext3_text_drift,portal16,먼저、　현재　상황은……,14,18,E5185268,,0,,1,
63C0D8,scenario_63C091,P4_direct_ext3_text_drift,portal16,우리　솔라　레이로、,12,18,E518526A,,0,,1,
63C0F7,scenario_63C091,P4_direct_ext3_text_drift,portal16,잔존부대는　재집결을　마쳤고、,18,18,E518526B,,0,,1,
63C1BD,scenario_63C1A8,P4_direct_ext3_text_drift,portal16,우군과　잘　접촉할　수,8,18,E5185275,,0,,1,
63C1FD,scenario_63C1DC,P4_direct_ext3_text_drift,portal16,적은　솔로몬에　집결중인　연방함대。,12,18,E5185279,,0,,2,
63C20C,scenario_63C1DC,P4_direct_ext3_text_drift,portal16,아나벨　가토　소령의　활약으로、,15,18,E518527A,,0,,1,
63C230,scenario_63C1DC,P4_direct_ext3_text_drift,portal16,아직도　적　부대는　많다。,14,18,E518527B,,0,,2,
63C241,scenario_63C1DC,P4_direct_ext3_text_drift,portal16,특히　알비온이란　전함엔、,12,18,E518527C,,0,,1,
63C2F9,scenario_63C2D7,P4_direct_ext3_text_drift,portal16,이미　별동대　시마　함대가,12,18,E5185285,,0,,1,
63C317,scenario_63C2D7,P4_direct_ext3_text_drift,portal16,곧　콜로니는　낙하궤도에　진입한다。,13,18,E5185287,,0,,2,
63C327,scenario_63C2D7,P4_direct_ext3_text_drift,portal16,데라즈　플리트의　용사들이여！,14,18,E5185288,,0,,2,
63C338,scenario_63C2D7,P4_direct_ext3_text_drift,portal16,콜로니가　낙하궤도에　들　때까지,15,18,E5185289,,0,,1,
63C3A4,scenario_63C397,P4_direct_ext3_text_drift,portal16,그리프스에서　시험중인,8,18,E518528E,,0,,1,
63C3BB,scenario_63C397,P4_direct_ext3_text_drift,portal16,먼저　나와　아폴리、　로베르토가,10,18,E518528F,,0,,1,
63C3D1,scenario_63C397,P4_direct_ext3_text_drift,portal16,나머지는　아가마에서　대기한다。,12,18,E5185291,,0,,2,
63C3E0,scenario_63C397,P4_direct_ext3_text_drift,portal16,티탄즈와　접촉하면、,11,18,E5189203,,0,,1,
63C426,scenario_63C41A,P4_direct_ext3_text_drift,portal16,방금　티탄즈의　통보입니다만、,14,18,E5185294,,0,,1,
63C452,scenario_63C448,P4_direct_ext3_text_drift,portal16,……놈들　지시대로、,11,18,E5185296,,0,,1,
63C4BB,scenario_63C496,P3_direct_ext3_control_adjacent_text_drift,portal16,……지금은　따를　수밖에　없다。,15,18,E518529C,,0,,2,082B
63C4F4,scenario_63C4E2,P4_direct_ext3_text_drift,portal16,티탄즈에서는,5,18,E5183BCA,,0,,1,
63C50B,scenario_63C4E2,P4_direct_ext3_text_drift,portal16,우린　블랙스　준장과,9,18,E51852A0,,0,,1,
63C522,scenario_63C4E2,P4_direct_ext3_text_drift,portal16,우린　만일의　사태에　대비해、,12,18,E51852A1,,0,,1,
63C53E,scenario_63C4E2,P4_direct_ext3_text_drift,portal16,각　파일럿은　상황　발생시,16,18,E51852A3,,0,,1,
63C5B9,scenario_63C5A9,P4_direct_ext3_text_drift,portal16,홍콩에서　카라바와　합류해、,10,18,E51852A8,,0,,1,
63C5D2,scenario_63C5A9,P4_direct_ext3_text_drift,portal16,보급이　끝날　때까진、　각　승무원에게,15,18,E5183A1E,,0,,1,
63C62E,scenario_63C619,P4_direct_ext3_text_drift,portal16,아시아엔　티탄즈의,10,18,E51852AC,,0,,1,
63C68B,scenario_63C66C,P4_direct_ext3_text_drift,portal16,각자、　안심하고,7,18,E51852AF,,0,,1,
63C6A8,scenario_63C66C,P1_direct_ext3_exact_text_control_adjacent,portal16,……이상이다。,6,18,E518100B,,0,,2,1728
63C6D8,scenario_63C6B9,P4_direct_ext3_text_drift,portal16,현재　네오　지온함대는　아프리카에,16,18,E518D15F,,0,,1,
63C6F9,scenario_63C6B9,P4_direct_ext3_text_drift,portal16,적은　매우　큰　함대라、,16,18,E51852B2,,0,,1,
63C71C,scenario_63C6B9,P4_direct_ext3_text_drift,portal16,그래서　적　함대가　대기권에,12,18,E51852B3,,0,,1,
63C797,scenario_63C78D,P4_direct_ext3_text_drift,portal16,싸움은　두세　수　앞을　보고　하라고,22,18,E51852B8,,0,,1,
63C7F2,scenario_63C7E8,P4_direct_ext3_text_drift,portal16,네오　지온　함대의　전력은……,13,18,E518D160,,0,,2,
63C802,scenario_63C7E8,P4_direct_ext3_text_drift,portal16,기함　사다란을　중심으로、,9,18,E51852BB,,0,,1,
63C820,scenario_63C7E8,P4_direct_ext3_text_drift,portal16,각　함엔　직엄　모빌슈트가,13,18,E51852BD,,0,,1,
63C839,scenario_63C7E8,P3_direct_ext3_control_adjacent_text_drift,portal16,적　주력은　가자형　모빌슈트。,10,18,E518D162,,0,,2,082B
63C85B,scenario_63C849,P4_direct_ext3_text_drift,portal16,오히려　진짜　경계할　것은,11,18,E518911A,,0,,1,
63C885,scenario_63C875,P4_direct_ext3_text_drift,portal16,가자형은　변형능력이　있지만、,15,18,E518D163,,0,,1,
63C8A3,scenario_63C875,P4_direct_ext3_text_drift,portal16,한편　장교용　자쿠Ⅲ　등은,13,18,E51852C1,,0,,1,
63C90D,scenario_63C905,P4_direct_ext3_text_drift,portal16,우리가　향하는　곳은、,9,18,E5184BC7,,0,,1,
63C926,scenario_63C905,P4_direct_ext3_text_drift,portal16,에우고　본부　정보에　따르면……,14,18,E51852C7,,0,,2,
63C937,scenario_63C905,P4_direct_ext3_text_drift,portal16,이곳은　뉴타입　연구소로、,11,18,E51852C8,,0,,1,
63C971,scenario_63C954,P4_direct_ext3_text_drift,portal16,여기서　무슨　일이　있는지,17,18,E51852CC,,0,,1,
63C98D,scenario_63C954,P4_direct_ext3_text_drift,portal16,경우에　따라선　티탄즈와,8,18,E51852CE,,0,,1,
63C9A4,scenario_63C954,P3_direct_ext3_control_adjacent_text_drift,portal16,각자、　준비를　게을리하지　마라！,12,18,E518911D,,0,,2,1728
63C9D2,scenario_63C9BB,P4_direct_ext3_text_drift,portal16,먼저、　토레스。,6,18,E51852D1,,0,,1,
63CA0F,scenario_63C9F7,P4_direct_ext3_text_drift,portal16,그　방어에　많은　전력이,13,18,E51852D4,,0,,1,
63CA28,scenario_63C9F7,P4_direct_ext3_text_drift,portal16,현재　확인된　바로는、,11,18,E518D164,,0,,2,
63CA36,scenario_63C9F7,P4_direct_ext3_text_drift,portal16,모빌슈트대가　약　１개　사단。,15,18,E51852D6,,0,,1,
63CA5F,scenario_63C9F7,P4_direct_ext3_text_drift,portal16,또　뉴타입연구소의　시험기도,18,18,E51852D8,,0,,1,
63CAA7,scenario_63CA95,P4_direct_ext3_text_drift,portal16,티탄즈는　이　전력을　믿고,11,18,E51852DA,,0,,1,
63CAC5,scenario_63CA95,P4_direct_ext3_text_drift,portal16,우린　적의　감시망　틈을　타、,19,18,E51852DB,,0,,1,
63CAE3,scenario_63CA95,P3_direct_ext3_control_adjacent_text_drift,portal16,적이　대비하기　전에　기지를　함락한다。,19,18,E518911F,,0,,2,1728
63CB0C,scenario_63CAFE,P4_direct_ext3_text_drift,portal16,킬리만자로를　함락하면、,10,18,E51852DE,,0,,1,
63CB28,scenario_63CAFE,P4_direct_ext3_text_drift,portal16,각자　그럴　각오로,5,18,E5181BC4,,0,,1,
63CB75,scenario_63CB5C,P4_direct_ext3_text_drift,portal16,작전　전에　데려오면　좋겠지만、,17,18,E5189122,,0,,1,
63CBDF,scenario_63CBC0,P4_direct_ext3_text_drift,portal16,우린　이제　다카르로　가서、,11,18,E51852E6,,0,,1,
63CBFE,scenario_63CBC0,P4_direct_ext3_text_drift,portal16,적　목표는　다카르의　연방의회며、,13,18,E51852E7,,0,,1,
63CC1C,scenario_63CBC0,P4_direct_ext3_text_drift,portal16,각자、　언제든　전투하도록,13,18,E5189126,,0,,1,
63CCE9,scenario_63CCC7,P4_direct_ext3_text_drift,portal16,적　목표는　다카르의　연방의회며、,13,18,E5183D3B,,0,,1,
63CD07,scenario_63CCC7,P2_direct_ext3_exact_text,portal16,다행히　네오지온　함대는,13,18,E518D16E,,0,,1,
63CD29,scenario_63CCC7,P4_direct_ext3_text_drift,portal16,적이　전력을　세우기　전에　추격을　가해,18,18,E518D170,,0,,1,
63CE14,scenario_63CDFA,P2_direct_ext3_exact_text,portal16,생크　킹덤은　유럽　귀족과,8,18,E518A10B,,0,,1,
63CE32,scenario_63CDFA,P4_direct_ext3_text_drift,portal16,만일　생크　킹덤이　함락되면、,12,18,E5180DA0,,0,,1,
63CE50,scenario_63CDFA,P2_direct_ext3_exact_text,portal16,그러나　생크　킹덤에는　군대가　없고、,12,18,E518A10E,,0,,1,
63CEA6,scenario_63CE92,P4_direct_ext3_text_drift,portal16,독자　개발한　ＭＳ를　배치했고、,14,18,E5181BC5,,0,,1,
63CEC6,scenario_63CE92,P4_direct_ext3_text_drift,portal16,특히　지휘관용의　커스텀기는　성능도,18,18,E518D180,,0,,1,
63CF49,scenario_63CF2D,P3_direct_ext3_control_adjacent_text_drift,portal16,시그　중위의　시스쿠드도　그렇습니다！！,11,18,E5183D3E,,0,,2,0861
63CF7C,scenario_63CF66,P4_direct_ext3_text_drift,portal16,얼마　전부터　도몬　캇슈는,12,18,E518058F,,0,,1,
63CFAE,scenario_63CFA1,P2_direct_ext3_exact_text,portal16,네오　지온의　다카르　침공은,11,18,E5180591,,0,,1,
63CFEA,scenario_63CFDB,P4_direct_ext3_text_drift,portal16,선행한　크와트로　대위는　현재、,12,18,E5180594,,0,,1,
63D00A,scenario_63CFDB,P4_direct_ext3_text_drift,portal16,목적은、대위의　연설이　끝날　때까지,19,18,E518C5C7,,0,,1,
63D02F,scenario_63CFDB,P3_direct_ext3_control_adjacent_text_drift,portal16,토레스、　적　부대　정보를。,11,18,E51852F0,,0,,2,084B
63D048,scenario_63D040,P4_direct_ext3_text_drift,portal16,현재、다카르　부근에는　티탄즈의,13,18,E5180598,,0,,1,
63D063,scenario_63D040,P4_direct_ext3_text_drift,portal16,이들은　대위의　연설과　동시에,15,18,E51852F3,,0,,1,
63D085,scenario_63D040,P4_direct_ext3_text_drift,portal16,이들을　팝티머스　시로코가,11,18,E5189127,,0,,1,
63D0A0,scenario_63D040,P4_direct_ext3_text_drift,portal16,신형　모빌슈트도,5,18,E51852F5,,0,,1,
63D0E2,scenario_63D0B9,P3_direct_ext3_control_adjacent_text_drift,portal16,각자、　부탁한다！,6,18,E5182CF0,,0,,2,1728
63D102,scenario_63D0F3,P4_direct_ext3_text_drift,portal16,우리　목표는　다카르　의회를,12,18,E51852F9,,0,,1,
63D11F,scenario_63D0F3,P3_direct_ext3_control_adjacent_text_drift,portal16,토레스、　적　전력　정보를。,11,18,E51852FA,,0,,2,084B
63D138,scenario_63D130,P4_direct_ext3_text_drift,portal16,다카르를　점령한　네오　지온군은,16,18,E518D18C,,0,,1,
63D15B,scenario_63D130,P4_direct_ext3_text_drift,portal16,네오　지온　기함　사다란과　함께,16,18,E518D18D,,0,,1,
63D1E3,scenario_63D1C3,P4_direct_ext3_text_drift,portal16,힘든　싸움이　되겠지만、,8,18,E5185301,,0,,1,
63D27D,scenario_63D264,P3_direct_ext3_control_adjacent_text_drift,portal16,……아니、　그만두자。,8,18,E518C0CB,,0,,2,082B
63D295,scenario_63D28B,P4_direct_ext3_text_drift,portal16,젝스　마키스와의　싸움에、,11,18,E5186003,,0,,1,
63D2FA,scenario_63D2E1,P4_direct_ext3_text_drift,portal16,우주전력을　재편하고　있습니다。,11,18,E518D193,,0,,2,
63D308,scenario_63D2E1,P4_direct_ext3_text_drift,portal16,그　중심이　되는　건、,9,18,E5186007,,0,,1,
63D321,scenario_63D2E1,P4_direct_ext3_text_drift,portal16,현재　제단의　문이라는　우주요새입니다。,18,18,E518C5BE,,0,,2,
63D336,scenario_63D2E1,P4_direct_ext3_text_drift,portal16,티탄즈는　이　우주요새를　거점으로,10,18,E5186009,,0,,1,
63D39F,scenario_63D37D,P4_direct_ext3_text_drift,portal16,놈들이　전력을　재건하기　전에,11,18,E518D198,,0,,1,
63D3B8,scenario_63D37D,P3_direct_ext3_control_adjacent_text_drift,portal16,티탄즈와　결판을　낸다！,12,18,E518600D,,0,,2,1728
63D425,scenario_63D418,P3_direct_ext3_control_adjacent_text_drift,portal16,……아니、　그만두자。,8,18,E518C0CB,,0,,2,0868
63D450,scenario_63D446,P3_direct_ext3_control_adjacent_text_drift,portal16,무사히　돌아와、　도몬。,16,18,E518912E,,0,,2,1728
63D48F,scenario_63D46B,P4_direct_ext3_text_drift,portal16,이건、　우리에게도　기회다！,12,18,E5186016,,0,,2,
63D49E,scenario_63D46B,P4_direct_ext3_text_drift,portal16,하만과　그레미를　쓰러뜨리면、,14,18,E5186017,,0,,1,
63D4BF,scenario_63D46B,P4_direct_ext3_text_drift,portal16,네오　지온의　내분을　틈타、,17,18,E518D19C,,0,,1,
63D502,scenario_63D4E6,P4_direct_ext3_text_drift,portal16,여기에　와서、깅가남　함대라는,11,18,E51805A9,,0,,1,
63D51C,scenario_63D4E6,P4_direct_ext3_text_drift,portal16,사령관인　김　깅가남은　턴　엑스라고,15,18,E51805AB,,0,,1,
63D53B,scenario_63D4E6,P4_direct_ext3_text_drift,portal16,월광접　시스템을　갖춘　이　기체를,11,18,E5181048,,0,,1,
63D592,scenario_63D588,P4_direct_ext3_text_drift,portal16,깅가남함대　주력은　마히로라는,15,18,E518104B,,0,,1,
63D5AF,scenario_63D588,P4_direct_ext3_text_drift,portal16,우리가　쓰는　것에　비해、,11,18,E518C0CD,,0,,1,
63D5CA,scenario_63D588,P4_direct_ext3_text_drift,portal16,또　밴디트란　미사일　주무장,15,18,E518104D,,0,,1,
63D610,scenario_63D606,P4_direct_ext3_text_drift,portal16,그건　웃소　에빈의,8,18,E518D19E,,0,,1,
63D64F,scenario_63D62B,P4_direct_ext3_text_drift,portal16,이번　싸움은,6,18,E518601D,,0,,1,
63D661,scenario_63D62B,P4_direct_ext3_text_drift,portal16,각자、　어설트　버스터를,8,18,E518601E,,0,,1,
63D6A1,scenario_63D67C,P4_direct_ext3_text_drift,portal16,여기에　와서、깅가남　함대라는,11,18,E51805A9,,0,,1,
63D6BB,scenario_63D67C,P4_direct_ext3_text_drift,portal16,사령관인　김　깅가남은　턴　엑스라고,15,18,E51805AB,,0,,1,
63D6DA,scenario_63D67C,P4_direct_ext3_text_drift,portal16,월광접　시스템을　갖춘　이　기체를,11,18,E5181048,,0,,1,
63D731,scenario_63D727,P4_direct_ext3_text_drift,portal16,깅가남함대　주력은　마히로라는,15,18,E518104B,,0,,1,
63D74E,scenario_63D727,P4_direct_ext3_text_drift,portal16,우리가　쓰는　것에　비해、,11,18,E518C0CD,,0,,1,
63D769,scenario_63D727,P4_direct_ext3_text_drift,portal16,또　밴디트란　미사일　주무장,15,18,E518104D,,0,,1,
63D7AF,scenario_63D7A5,P4_direct_ext3_text_drift,portal16,그건　로랑의　∀건담으로,10,18,E518D1A0,,0,,1,
63D80E,scenario_63D7FB,P4_direct_ext3_text_drift,portal16,각자、　로랑이　당하지　않게、,8,18,E5189133,,0,,1,
63D841,scenario_63D829,P4_direct_ext3_text_drift,portal16,목표는　콜로니　레이저　파괴다。,14,18,E5181051,,0,,2,
63D852,scenario_63D829,P4_direct_ext3_text_drift,portal16,현재　하만　칸은　기함　사다란과,14,18,E5181052,,0,,1,
63D870,scenario_63D829,P4_direct_ext3_text_drift,portal16,하만을　지원해　콜로니　레이저를,14,18,E5181053,,0,,1,
63D89F,scenario_63D891,P4_direct_ext3_text_drift,portal16,먼저　우리　에우고　함대가,10,18,E5181054,,0,,1,
63D8BD,scenario_63D891,P4_direct_ext3_text_drift,portal16,티탄즈의　호위전력을,6,18,E518C0D3,,0,,1,
63D8D6,scenario_63D891,P4_direct_ext3_text_drift,portal16,그뒤　적의　경계가　느슨해지면,15,18,E5189180,,0,,1,
63D8F3,scenario_63D891,P4_direct_ext3_text_drift,portal16,콜로니　레이저를　무력화하고、,11,18,E518D1A1,,0,,1,
63D99A,scenario_63D98C,P4_direct_ext3_text_drift,portal16,그　건담이　『빛의　날개』를,15,18,E518D1A4,,0,,1,
63D9D4,scenario_63D9BC,P3_direct_ext3_control_adjacent_text_drift,portal16,이거、　골치아프군。,8,18,E5186029,,0,,2,082B
63DA1A,scenario_63D9FC,P3_direct_ext3_control_adjacent_text_drift,portal16,각자、　꼭　분투해주게！,10,18,E518602C,,0,,2,1728
63DA47,scenario_63DA2F,P4_direct_ext3_text_drift,portal16,목표는　콜로니　레이저　파괴다。,14,18,E5181051,,0,,2,
63DA58,scenario_63DA2F,P4_direct_ext3_text_drift,portal16,현재　하만　칸은　기함　사다란과,14,18,E5181052,,0,,1,
63DA76,scenario_63DA2F,P4_direct_ext3_text_drift,portal16,하만을　지원해　콜로니　레이저를,14,18,E5181053,,0,,1,
63DAA5,scenario_63DA97,P4_direct_ext3_text_drift,portal16,먼저　우리　에우고　함대가,10,18,E5181054,,0,,1,
63DAC3,scenario_63DA97,P4_direct_ext3_text_drift,portal16,티탄즈의　호위전력을,6,18,E518C0D3,,0,,1,
63DADC,scenario_63DA97,P4_direct_ext3_text_drift,portal16,그뒤　적의　경계가　느슨해지면,15,18,E5189180,,0,,1,
63DAF9,scenario_63DA97,P4_direct_ext3_text_drift,portal16,콜로니　레이저를　무력화하면,10,18,E51805AD,,0,,1,
63DB66,scenario_63DB59,P4_direct_ext3_text_drift,portal16,깅가남　함대의,5,18,E5180C31,,0,,1,
63DB74,scenario_63DB59,P4_direct_ext3_text_drift,portal16,그들이　그대로　물러날　거라곤,10,18,E518C0D7,,0,,1,
63DC23,scenario_63DC05,P4_direct_ext3_text_drift,portal16,그　콜로니　레이저의　위력으로,15,18,E518602F,,0,,1,
63DC46,scenario_63DC05,P4_direct_ext3_text_drift,portal16,콜로니　레이저를　네오　지온의,12,18,E518D1AB,,0,,1,
63DC64,scenario_63DC05,P4_direct_ext3_text_drift,portal16,무슨　수를　써서든　되찾아야　한다。,10,18,E518D1AD,,0,,2,
63DC71,scenario_63DC05,P4_direct_ext3_text_drift,portal16,그럼、토레스。,6,18,E51805C8,,0,,1,
63DC8E,scenario_63DC86,P4_direct_ext3_text_drift,portal16,이번　작전은、,7,18,E51805B3,,0,,1,
63DCA3,scenario_63DC86,P4_direct_ext3_text_drift,portal16,네오　지온에게서　콜로니　레이저를,13,18,E518D1AE,,0,,1,
63DCBD,scenario_63DC86,P4_direct_ext3_text_drift,portal16,콜로니　레이저는　이미,10,18,E5186033,,0,,1,
63DCD4,scenario_63DC86,P4_direct_ext3_text_drift,portal16,사용될　경우、　우리　쪽은,13,18,E5186034,,0,,1,
63DD3F,scenario_63DD2D,P4_direct_ext3_text_drift,portal16,적이　콜로니　레이저를　쓰기　전에,14,18,E518603A,,0,,1,
63DD5A,scenario_63DD2D,P4_direct_ext3_text_drift,portal16,각자、　그　각오로,6,18,E518603C,,0,,1,
63DD7D,scenario_63DD6F,P4_direct_ext3_text_drift,portal16,깅가남　함대의,5,18,E5180C31,,0,,1,
63DD8B,scenario_63DD6F,P4_direct_ext3_text_drift,portal16,그들이　그대로　물러날　거라곤,10,18,E518C0D7,,0,,1,
63DE33,scenario_63DE10,P4_direct_ext3_text_drift,portal16,양쪽　모두　거의　전　전력을　투입해、,14,18,E5186041,,0,,1,
63DE52,scenario_63DE10,P4_direct_ext3_text_drift,portal16,적은　강대해　힘든　싸움이겠지만,15,18,E5186043,,0,,1,
63DE72,scenario_63DE10,P4_direct_ext3_text_drift,portal16,이번　싸움에서　적을　단숨에　치고、,14,18,E5186045,,0,,1,
63DEC0,scenario_63DEB6,P4_direct_ext3_text_drift,portal16,이번　작전은　티탄즈와,13,18,E5186048,,0,,1,
63DEDE,scenario_63DEB6,P4_direct_ext3_text_drift,portal16,네오　지온　함대는　기함　사다란을,13,18,E5184BCD,,0,,1,
63DEF7,scenario_63DEB6,P4_direct_ext3_text_drift,portal16,중모빌슈트도　다수　배치됐습니다。,13,18,E5186049,,0,,2,
63DF07,scenario_63DEB6,P4_direct_ext3_text_drift,portal16,또한、티탄즈에는　시로코의,10,18,E51805B9,,0,,1,
63DFCC,scenario_63DFB1,P4_direct_ext3_text_drift,portal16,이번　싸움은、,7,18,E5186053,,0,,1,
63DFE2,scenario_63DFB1,P4_direct_ext3_text_drift,portal16,전원、어떻게든　콜로니・레이저를,10,18,E518C5E2,,0,,1,
63E022,scenario_63DFFF,P4_direct_ext3_text_drift,portal16,이건、　우리에게　기회다！,12,18,E5186057,,0,,2,
63E031,scenario_63DFFF,P4_direct_ext3_text_drift,portal16,이　틈에　양군을　격파하면,14,18,E5186058,,0,,1,
63E04C,scenario_63DFFF,P4_direct_ext3_text_drift,portal16,그럼、토레스。,6,18,E51805C8,,0,,1,
63E06B,scenario_63E061,P4_direct_ext3_text_drift,portal16,이번　작전은　네오　지온군　격파입니다。,19,18,E518D1B6,,0,,2,
63E081,scenario_63E061,P4_direct_ext3_text_drift,portal16,하만、　그레미군　모두　상당한,11,18,E518D1B7,,0,,1,
63E09D,scenario_63E061,P4_direct_ext3_text_drift,portal16,전황은　그레미군이　다소　유리한,13,18,E518605A,,0,,1,
63E0B5,scenario_63E061,P4_direct_ext3_text_drift,portal16,그래서、우리는,6,18,E51805BD,,0,,1,
63E18D,scenario_63E176,P4_direct_ext3_text_drift,portal16,모빌슈트　수는　많지만、,12,18,E5186066,,0,,1,
63E1B1,scenario_63E176,P4_direct_ext3_text_drift,portal16,다만　친위대엔　중모빌슈트가,18,18,E518D1B9,,0,,1,
63E1D2,scenario_63E176,P4_direct_ext3_text_drift,portal16,한편、　그레미군은……,12,18,E518913C,,0,,2,
63E1E1,scenario_63E176,P4_direct_ext3_text_drift,portal16,중모빌슈트　배치가　많아、,16,18,E518913D,,0,,1,
63E23E,scenario_63E226,P4_direct_ext3_text_drift,portal16,……하지만　이　싸움에　이기면、,15,18,E518606C,,0,,1,
63E259,scenario_63E226,P4_direct_ext3_text_drift,portal16,각자、　이게　마지막　싸움이라　생각하고,16,18,E518606D,,0,,1,
63E354,scenario_63E33A,P4_direct_ext3_text_drift,portal16,네오　지온　잔당은,12,18,E518D1BB,,0,,1,
63E380,scenario_63E376,P4_direct_ext3_text_drift,portal16,아마　하만도　또、,7,18,E5186079,,0,,1,
63E39C,scenario_63E376,P4_direct_ext3_text_drift,portal16,쥬도와　하만에겐,7,18,E518536C,,0,,1,
63E3B5,scenario_63E376,P4_direct_ext3_text_drift,portal16,그들은　서로　그　인연에,14,18,E5189143,,0,,1,
63E3D4,scenario_63E376,P3_direct_ext3_control_adjacent_text_drift,portal16,그　싸움엔　다른　사람이　끼면　안　돼。,20,18,E5189145,,0,,2,0861
63E454,scenario_63E435,P4_direct_ext3_text_drift,portal16,사이코웨이브　방출을　계속하며、,10,18,E518D1BC,,0,,1,
63E473,scenario_63E435,P4_direct_ext3_text_drift,portal16,각　사이드와　지구가　영향권에,15,18,E518D1BD,,0,,1,
63E48E,scenario_63E435,P4_direct_ext3_text_drift,portal16,이대로면　인류　전체가,9,18,E5186083,,0,,1,
63E4DE,scenario_63E4D4,P4_direct_ext3_text_drift,portal16,현재　방출되는　사이코웨이브는,11,18,E518D1C0,,0,,1,
63E4FA,scenario_63E4D4,P4_direct_ext3_text_drift,portal16,이　사이코웨이브에는,6,18,E518D1C1,,0,,1,
63E515,scenario_63E4D4,P4_direct_ext3_text_drift,portal16,우린　본체에　다가가는　것조차,15,18,E5186087,,0,,1,
63E531,scenario_63E4D4,P4_direct_ext3_text_drift,portal16,하지만、　다행히……,9,18,E518D1C2,,0,,2,
63E5AB,scenario_63E58D,P2_direct_ext3_exact_text,portal16,시그　중위、미안　소위！,10,18,E51805CB,,0,,1,
63E5E5,scenario_63E5DA,P4_direct_ext3_text_drift,portal16,이게　마지막　싸움이야！,11,18,E518608D,,0,,1,
63E60E,scenario_63E603,P4_direct_ext3_text_drift,portal16,……아니、　이제　와서　격식차리는　것도,15,18,E518914C,,0,,1,
63E62D,scenario_63E603,P4_direct_ext3_text_drift,portal16,……하지만　작전은　반드시　성공시킨다。,16,18,E518608F,,0,,2,
63E640,scenario_63E603,P4_direct_ext3_text_drift,portal16,이런　말　할　처진　아니지만、,11,18,E5186090,,0,,1,
63E6B5,scenario_63E692,P4_direct_ext3_text_drift,portal16,우린　연방군　외곽부대　론도벨로서,18,18,E5186094,,0,,1,
63E6ED,scenario_63E6E4,P4_direct_ext3_text_drift,portal16,적은　잔당　부대라고는　해도、,9,18,E51805D0,,0,,1,
63E708,scenario_63E6E4,P3_direct_ext3_control_adjacent_text_drift,portal16,방심하지　마！！,7,18,E51805D2,,0,,2,1728
63E727,scenario_63E71A,P4_direct_ext3_text_drift,portal16,버튼　재단에　의한　쿠데타　진압과,13,18,E51805D3,,0,,1,
63E743,scenario_63E71A,P4_direct_ext3_text_drift,portal16,현재　바톤재단　주력은,11,18,E518609D,,0,,1,
63E760,scenario_63E71A,P4_direct_ext3_text_drift,portal16,그들의　목적은　액시즈를　점거해、,13,18,E518D1C7,,0,,1,
63E780,scenario_63E71A,P4_direct_ext3_text_drift,portal16,이　액시즈　낙하를　막는　게、,17,18,E51860A0,,0,,1,
63E7C0,scenario_63E7A0,P4_direct_ext3_text_drift,portal16,그들은　자체개발　모빌슈트로,13,18,E51860A3,,0,,1,
63E7E1,scenario_63E7A0,P3_direct_ext3_control_adjacent_text_drift,portal16,각자、　정신　바짝　차려라！,17,18,E5189150,,0,,2,1728
63E820,scenario_63E7FD,P4_direct_ext3_text_drift,portal16,현재、크로스본　뱅가드의　급진파가,12,18,E51805D6,,0,,1,
63E83B,scenario_63E7FD,P4_direct_ext3_text_drift,portal16,어딘가로　도주중이다。,16,18,E51860A7,,0,,2,
63E84E,scenario_63E7FD,P4_direct_ext3_text_drift,portal16,마더　뱅가드를　추적하기　위해,12,18,E51860A8,,0,,1,
63E86F,scenario_63E7FD,P4_direct_ext3_text_drift,portal16,사용　가능한　전함은　넬　아가마와,13,18,E5180DA2,,0,,1,
63E8C6,scenario_63E8B8,P4_direct_ext3_text_drift,portal16,자비네　휘하　급진파는　독자개발,17,18,E518D1CE,,0,,1,
63E8E3,scenario_63E8B8,P4_direct_ext3_text_drift,portal16,ＥＭＳ－１０６　「바타라」라고　불리는,21,18,E51805DA,,0,,1,
63E907,scenario_63E8B8,P4_direct_ext3_text_drift,portal16,기동성과　범용성이　뛰어나、,19,18,E5189152,,0,,1,
63E952,scenario_63E932,P4_direct_ext3_text_drift,portal16,각자、　그　점을　감안해,11,18,E51860B0,,0,,1,
63E97F,scenario_63E973,P4_direct_ext3_text_drift,portal16,나를　구하려다가,10,18,E51860B2,,0,,1,
63EA8E,scenario_63EA76,P3_direct_ext3_control_adjacent_text_drift,portal16,사정을　알고　싶어！,7,18,E5180CAC,,0,,2,1728
63EB53,scenario_63EB4A,P4_direct_ext3_text_drift,portal16,아까부터　통신은　됐는데,9,18,E518D1D1,,0,,1,
63EC2B,scenario_63EC10,P4_direct_ext3_text_drift,portal16,도망치다　쫓기던　중에,17,18,E51860CD,,0,,1,
63EC76,scenario_63EC54,P4_direct_ext3_text_drift,portal16,좋아、　토레스！　전　부대에　전달！！,14,18,E51860D0,,0,,2,
63EC87,scenario_63EC54,P4_direct_ext3_text_drift,portal16,네오　지온부대를　격파하고、,13,18,E518D1D6,,0,,1,
63ED35,scenario_63ED28,P4_direct_ext3_text_drift,portal16,１년전쟁　때　너와　시뮬레이터로,10,18,E51860D6,,0,,1,
63ED9B,scenario_63ED89,P4_direct_ext3_text_drift,portal16,함께　싸우는　건　처음이지만、,15,18,E51860D9,,0,,1,
63EDF5,scenario_63EDDF,P4_direct_ext3_text_drift,portal16,뉴타입의　감이라는　것,9,18,E51805F4,,0,,1,
63EF55,scenario_63EF37,P4_direct_ext3_text_drift,portal16,올드타입에게　뉴타입급,8,18,E51860E7,,0,,1,
63EFA8,scenario_63EF82,P4_direct_ext3_text_drift,portal16,하지만　곧　그　인물이　죽고、,16,18,E518915C,,0,,1,
63EFDD,scenario_63EFD0,P4_direct_ext3_text_drift,portal16,네오　지온이　ＥＸＡＭ을　노리는　건,14,18,E518D1DA,,0,,1,
63F08A,scenario_63F06E,P4_direct_ext3_text_drift,portal16,하지만　네오　지온　사람들은,12,18,E518D1DB,,0,,1,
63F0C6,scenario_63F0BD,P4_direct_ext3_text_drift,portal16,진위는　몰라도、　네오　지온에,20,18,E518D1DC,,0,,1,
63F0F1,scenario_63F0BD,P4_direct_ext3_text_drift,portal16,……우리　론도벨이　마리온을,14,18,E51860F6,,0,,1,
63F12E,scenario_63F124,P4_direct_ext3_text_drift,portal16,하지만、나는……,7,18,E5181521,,0,,1,
63F16F,scenario_63F14C,P3_direct_ext3_control_adjacent_text_drift,portal16,……어떤가？,5,18,E5184CBD,,0,,2,0875
63F1A9,scenario_63F18A,P3_direct_ext3_control_adjacent_text_drift,portal16,다시　잘　부탁한다。,8,18,E5189160,,0,,2,086D
63F26C,scenario_63F262,P3_direct_ext3_control_adjacent_text_drift,portal16,이　느낌……　설마！？,11,18,E518610C,,0,,2,1728
63F2BF,scenario_63F2B3,P4_direct_ext3_text_drift,portal16,『그가　온다』는　말만　해서、,12,18,E5189161,,0,,1,
63F312,scenario_63F2F0,P4_direct_ext3_text_drift,portal16,만일을　위해、모빌　슈트　부대에는,10,18,E5181529,,0,,1,
63F3B5,scenario_63F3A5,P3_direct_ext3_control_adjacent_text_drift,portal16,그가……,4,18,E518152D,,0,,2,0861
63F43A,scenario_63F42C,P4_direct_ext3_text_drift,portal16,론도벨은　하늘을　떨어뜨리려　한다,16,18,E518611F,,0,,1,
63F46D,scenario_63F459,P3_direct_ext3_control_adjacent_text_drift,portal16,……내가　말살한다！！,11,18,E5186122,,0,,2,1728
63F4B3,scenario_63F4A6,P4_direct_ext3_text_drift,portal16,내가　반드시　당신을,10,18,E5189163,,0,,1,
63F4F9,scenario_63F4E5,P3_direct_ext3_control_adjacent_text_drift,portal16,그는　조종당하고　있어요！！,12,18,E5186129,,0,,2,0861
63F539,scenario_63F521,P4_direct_ext3_text_drift,portal16,제로　무라사메를,6,18,E5189165,,0,,1,
63F550,scenario_63F521,P3_direct_ext3_control_adjacent_text_drift,portal16,……전원、전투　개시！！,9,18,E5181537,,0,,2,1728
63F5B0,scenario_63F58F,P3_direct_ext3_control_adjacent_text_drift,portal16,정신차려！　제로！！,13,18,E5186133,,0,,2,0844
63F625,scenario_63F60A,P3_direct_ext3_control_adjacent_text_drift,portal16,고마워……。,5,18,E5186139,,0,,2,1728
63F64C,scenario_63F635,P3_direct_ext3_control_adjacent_text_drift,portal16,이젠　어쩔　수　없다、그걸　써！！,15,18,E518C5DA,,0,,2,1728
63F6B6,scenario_63F69D,P4_direct_ext3_text_drift,portal16,그때는　훨씬,7,18,E518613D,,0,,1,
63F6CE,scenario_63F69D,P3_direct_ext3_control_adjacent_text_drift,portal16,놈은　아직　완전하지　않아！！,10,18,E518613E,,0,,2,1728
63F6F2,scenario_63F6E3,P4_direct_ext3_text_drift,portal16,놈은　모습만　같을　뿐、,12,18,E518613F,,0,,1,
63F715,scenario_63F6E3,P4_direct_ext3_text_drift,portal16,아인이　죽은　지금、　놈들　기술론,16,18,E5186141,,0,,1,
63F756,scenario_63F73F,P4_direct_ext3_text_drift,portal16,전　기체！！,4,18,E5186143,,0,,1,
63F76D,scenario_63F73F,P3_direct_ext3_control_adjacent_text_drift,portal16,놈을　완전히　파괴한다！！,12,18,E5186145,,0,,2,1728
63F7E9,scenario_63F7DC,P4_direct_ext3_text_drift,portal16,원래　있던　곳으로……,10,18,E518614A,,0,,1,
63F819,scenario_63F80C,P4_direct_ext3_text_drift,portal16,정말！　싫은　걸,10,18,E518614D,,0,,1,
63F86D,scenario_63F856,P3_direct_ext3_control_adjacent_text_drift,portal16,사라져！　테라　스오노！！,16,18,E5186150,,0,,2,1728
63F8D9,scenario_63F8CA,P4_direct_ext3_text_drift,portal16,모빌슈트는　모함으로　돌아와！,11,18,E5186155,,0,,1,
63F92B,scenario_63F91A,P4_direct_ext3_text_drift,portal16,예전　힘을　냈다면,15,18,E518916A,,0,,1,
63F95B,scenario_63F94D,P4_direct_ext3_text_drift,portal16,티탄즈는　저걸　완성하려고,16,18,E518916B,,0,,1,
63F99D,scenario_63F980,P4_direct_ext3_text_drift,portal16,하지만、　어쨌든,7,18,E518615D,,0,,1,
63FA29,scenario_63FA1C,P4_direct_ext3_text_drift,portal16,아무래도　오늘　그건,10,18,E518916E,,0,,1,
63FA40,scenario_63FA1C,P3_direct_ext3_control_adjacent_text_drift,portal16,며칠은　잠자리가　뒤숭숭하겠군。,22,18,E5186163,,0,,2,0802
63FA89,scenario_63FA6B,P4_direct_ext3_text_drift,portal16,무엇보다　지금　내겐　시그가　있으니까。,15,18,E518D1E5,,0,,2,
63FA9B,scenario_63FA6B,P4_direct_ext3_text_drift,portal16,……또、　구해줄　거지？,13,18,E5186167,,0,,1,
63FACB,scenario_63FAC0,P3_direct_ext3_control_adjacent_text_drift,portal16,몇번이고　구해줄게。,12,18,E5189170,,0,,2,0805
63FB4A,scenario_63FB2F,P3_direct_ext3_control_adjacent_text_drift,portal16,자、　떨어져　떨어져！！,13,18,E518616E,,0,,2,0802
63FB88,scenario_63FB6E,P4_direct_ext3_text_drift,portal16,그럼、　자。,6,18,E5186171,,0,,1,
63FBBF,scenario_63FBB1,P4_direct_ext3_text_drift,portal16,그래도、괜찮아！,8,18,E5181547,,0,,1,
63FBDB,scenario_63FBB1,P3_direct_ext3_control_adjacent_text_drift,portal16,가자、　시그！！,8,18,E518C0DB,,0,,2,0802
63FC10,scenario_63FC02,P4_direct_ext3_text_drift,portal16,역시、　이런　싸움도,8,18,E5186175,,0,,1,
63FD86,scenario_63FD70,P4_direct_ext3_text_drift,portal16,울어도　되고、　화내도　돼。,16,18,E5189177,,0,,1,
63FDAD,scenario_63FD70,P3_direct_ext3_control_adjacent_text_drift,portal16,내가　시그를　받쳐줄게……,12,18,E518D1EC,,0,,2,0802
