priority,address,bundle_id,runtime_status,recommended_action,sheet_jp,sheet_ko,current_static_text,expected_if_18_is_control,only_leading_ko_diff_vs_sheet,current_payload_hex,direct_18_E518,source_payload_hex,nul_run,next_control,control_adjacent_08_17,predecessor_address,predecessor_text,next_dialogue_address,next_dialogue_text,status,confidence
P3_direct_ext3_control_adjacent_text_drift,600036,scenario_600019,unverified,confirm_current_text_then_rehome,……我々に敵対するつもりがないのか？,……우리에게 적대할 생각이 없는 건가？,こ……우리에게　적대할　생각은　없나？,……우리에게　적대할　생각은　없나？,,18E5181BD40101010101010101010101010101,True,18F1916A710CF211F1CB4020F21BF526050E1D,2,0861,True,600027,기다리고　있을　줄　알았는데……,60004E,설마、　항복이라도　하겠다는　건가……？,quarantine,unresolved
P4_direct_ext3_text_drift,60007E,scenario_600067,unverified,review_translation_and_runtime_by_bundle,アグリッパ・メンテナ－という人物が,아그리파 멘테너라는 인물이,こ아그리파　멘테너라는　인물이　우리들과의,아그리파　멘테너라는　인물이　우리들과의,,18E51839EA010101010101,True,18FCA92AFC84F664F02017,1,,,600070,문레이스　측에서　통신입니다！！,60008A,우리와의　회담을　요구하고　있습니다！！,quarantine,unresolved
P2_direct_ext3_exact_text,600119,scenario_600105,unverified,second_batch_representative_runtime_test,アグリッパ・メンテナ－の真意を,아그리파 멘테너의 진의를,こ아그리파　멘테너의　진의를,아그리파　멘테너의　진의를,True,18E518B0CF010101010101,True,18FCA92AFC8405E084DD15,1,,,600105,……제안에　응하도록　하죠。,600125,확인해야　합니다。,quarantine,unresolved
P4_direct_ext3_text_drift,600165,scenario_60014E,unverified,review_translation_and_runtime_by_bundle,私はラ－ディッシュでディアナ女王を,나는 라디시로 디아나 여왕을,こ나는　라디쉬로　디아나　여왕을,나는　라디쉬로　디아나　여왕을,,18E518C5E5010101010101,True,184108FE5716F8E7F48615,1,,,600157,넬　아가마를　부탁합니다。,600171,아그리파에게　직접　모셔　가겠습니다！,quarantine,unresolved
P2_direct_ext3_exact_text,6001A9,scenario_600190,unverified,second_batch_representative_runtime_test,その間の指揮はヘンケン中佐、,"그동안의 지휘는 헨켄 중령,",こ그동안의　지휘는　헨켄　중령、,그동안의　지휘는　헨켄　중령、,True,18E518B0D70101010101010101,True,18F4239905F13108F986F4CA07,1,,,60019A,만일에　대비해　여기　남겨　두겠습니다。,6001B7,당신에게　맡기고　싶습니다。,quarantine,unresolved
P1_direct_ext3_exact_text_control_adjacent,60022E,scenario_600222,unverified,high_priority_batch_after_anchor_pass,では、ハリ－中尉の同行を許可する。,"그럼, 해리 중위의 동행을 허가한다.",こ그럼、　해리　중위의　동행을　허가한다。,그럼、　해리　중위의　동행을　허가한다。,True,18E518B0DF010101010101010101010101,True,18F26107F7BBF55905F2B515F030F1CB0A,2,085B,True,600222,……어쩔　수　없군。,600244,……알겠다！,quarantine,unresolved
P4_direct_ext3_text_drift,6002DA,scenario_6002C7,unverified,review_translation_and_runtime_by_bundle,彼の者が表に出れば、戦乱がさらに拡大する,그자가 전면에 나서면 전란이 더욱 확대된다는,こ그가　나서면　전란은　더　커진다。,그가　나서면　전란은　더　커진다。,,18E5183BDE0101010101010101010101010101010101,True,1895059F17E1FD0C6FF03E07F36017F3570CF4D0F1CB,1,,,6002C7,어째서　김　깅가남을　움직였나！,6002F1,그것은　그대도　잘　알고　있을　터인데！,quarantine,unresolved
P2_direct_ext3_exact_text,600326,scenario_600308,unverified,second_batch_representative_runtime_test,それに、ギンガナムの好き勝手なやり方には,게다가 깅가남의 제멋대로인 방식에는,こ게다가　깅가남의　제멋대로인　방식에는,게다가　깅가남의　제멋대로인　방식에는,True,18E518B0EE010101010101010101010101,True,18F5AC07FCD505E09E32F386F81B7DF467,1,,,600319,어쩔　수　없는　일이었습니다。,600338,저도　정말　곤란을　겪고　있었습니다……,quarantine,unresolved
P4_direct_ext3_text_drift,600358,scenario_60034E,unverified,review_translation_and_runtime_by_bundle,そのような、あいまいな態度が,그러한 애매한 태도가,こ그러한　애매한　태도가　사태를　더욱,그러한　애매한　태도가　사태를　더욱,,18E5181A2A01010101010101,True,18FC4D071F0421F27BF25817,1,,,60034E,……윽！！,600365,사태를　더욱　악화시키고　있지　않나！！,quarantine,unresolved
P2_direct_ext3_exact_text,6003D7,scenario_6003C3,unverified,second_batch_representative_runtime_test,この場でおとなしく降伏すれば良し！,이 자리에서 얌전히 항복하면 좋다！,こ이　자리에서　얌전히　항복하면　좋다！,이　자리에서　얌전히　항복하면　좋다！,True,18E518B0F8010101010101010101010101,True,18F362BDF28013F52424F256F7DDCA1203,2,,,6003C3,잘　들어라、　에우고라는　놈들！！,6003EA,こ그렇지　않으면　이　자리에　있는,quarantine,unresolved
P2_direct_ext3_exact_text,6003EA,scenario_6003C3,unverified,second_batch_representative_runtime_test,さもなくば、この場にいる,그렇지 않으면 이 자리에 있는,こ그렇지　않으면　이　자리에　있는,그렇지　않으면　이　자리에　있는,True,18E518B0F901010101010101,True,18252006244907F362BDF61D,1,,,6003D7,こ이　자리에서　얌전히　항복하면　좋다！,6003F7,네놈들의　지휘관을　처형하겠다！！,quarantine,unresolved
P1_direct_ext3_exact_text_control_adjacent,600455,scenario_60044B,unverified,high_priority_batch_after_anchor_pass,こ、こんなこと、ギンガナムには……！,"이, 이런 짓, 깅가남에게는……！",こ이、　이런　짓、　깅가남에게는……！,이、　이런　짓、　깅가남에게는……！,True,18E518B0FF01010101010101,True,181807FBDD07FCD5F467F60C,2,1728,True,60044B,오오……！！,60046D,이런　일은　명령하지　않았다！,quarantine,unresolved
P4_direct_ext3_text_drift,6004F4,scenario_6004DB,unverified,review_translation_and_runtime_by_bundle,本当はクワトロ大尉あたりが来てくれれば,사실은 크와트로 대위 같은 사람이 와주었으면,こ크와트로　대위가　왔더라면,크와트로　대위가　왔더라면,,18E518499D01010101010101010101010101,True,18F26408FB96F08E1F11F21B9B0B241BF03E,1,,,6004E5,처음이었던가、　브라이트　중령。,600507,인질의　가치도　더　높아졌을　텐데……,quarantine,unresolved
P2_direct_ext3_exact_text,600547,scenario_60052C,unverified,second_batch_representative_runtime_test,手元が狂って頭に当たってしまうかも,조준이 어긋나서 머리에 맞아버릴지도,こ조준이　어긋나서　머리에　맞아버릴지도,조준이　어긋나서　머리에　맞아버릴지도,True,18E518B10C0101010101010101010101010101010101,True,1872E08817E112F156E1060CE014F3760B1221F1D820,1,,,60053B,난　사격이　별로　능숙하지　않거든……,60055E,모르니까　말이야、　후후후。,quarantine,unresolved
P4_direct_ext3_text_drift,600661,scenario_600647,unverified,review_translation_and_runtime_by_bundle,ブライト艦長たちが,브라이트 함장 일행이,こ브라이트　함장들이,브라이트　함장들이,,18E5182C300101,True,18F97EF4FAF758,1,,,600652,백색　궁전에서　통신입니다！！,600669,회견장에서　탈출했다고！！,quarantine,unresolved
P2_direct_ext3_exact_text,6006D4,scenario_6006B7,unverified,second_batch_representative_runtime_test,ネェル・ア－ガマは,넬 아가마는,こ넬　아가마는,넬　아가마는,True,18E518B0A90101,True,18F5962AFB7808,1,,,6006C7,브라이트　중령　일행을　구출한다！,6006DC,전속력으로　백색　궁전을　향해라！！,quarantine,unresolved
P2_direct_ext3_exact_text,6006EC,scenario_6006B7,unverified,second_batch_representative_runtime_test,マザ－・バンガ－ドは,마더 뱅가드는,こ마더　뱅가드는,마더　뱅가드는,True,18E518B1230101,True,18F5942AFCD208,1,,,6006DC,전속력으로　백색　궁전을　향해라！！,6006F4,넬　아가마를　엄호하라！！,quarantine,unresolved
P1_direct_ext3_exact_text_control_adjacent,60074C,scenario_600735,unverified,high_priority_batch_after_anchor_pass,ここに、ブライト中佐たちはいる！！,여기에 브라이트 중령 일행이 있다！！,こ여기에　브라이트　중령　일행이　있다！！,여기에　브라이트　중령　일행이　있다！！,True,18E518B12901010101010101,True,18F79E07F97EF4CAFC95F044,2,1728,True,60073F,이　건물까지　전진시켜라！,600762,……로랑　군！！,quarantine,unresolved
P4_direct_ext3_text_drift,6007C1,scenario_6007B7,unverified,review_translation_and_runtime_by_bundle,君はネオ・ジオンの者だろう？,너는 네오 지온의 사람이겠지？,こ자넨　네오　지온　사람이지？,자넨　네오　지온　사람이지？,,18E5181C450101010101010101,True,186108F1002AF7AB059FF5AE1D,1,,,6007B7,……대체　무슨　일이지？,6007CF,왜　우릴　돕는　거지？,quarantine,unresolved
P1_direct_ext3_exact_text_control_adjacent,60081B,scenario_600805,unverified,high_priority_batch_after_anchor_pass,……さあ、来い！,"……자, 와라！",こ……자、　와라！,……자、　와라！,True,18E518B13501010101,True,18F191F32B079B0403,2,1728,True,600812,얼마든지　설명해　주지。,60082B,앗！　기、　기다리게나……,quarantine,unresolved
P1_direct_ext3_exact_text_control_adjacent,60085F,scenario_600840,unverified,high_priority_batch_after_anchor_pass,……さあ、ディアナ様、こちらへ。,"……자, 디아나 님, 이쪽으로.",こ……자、　디아나　님、　이쪽으로。,……자、　디아나　님、　이쪽으로。,True,18E518B1390101010101010101,True,18F191F32B07F8E78B07FB0E0A,2,0845,True,600851,지금은　여기서　벗어나는　게　급선무다。,600871,……브라이트　함장。,quarantine,unresolved
P4_direct_ext3_text_drift,6008B0,scenario_600894,unverified,review_translation_and_runtime_by_bundle,ラ－ディッシュの乗員たちも,라디시의 승무원들도,こ라디쉬의　승무원들도,라디쉬의　승무원들도,,18E518C5EA010101,True,18FE5705F533F765,1,,,60089D,이　앞에　밖으로　나갈　해치가　있다。,6008B9,거기서　기다리고　있다。,quarantine,unresolved
P2_direct_ext3_exact_text,60091A,scenario_600909,unverified,second_batch_representative_runtime_test,ブライト艦長は乗員の方々を,브라이트 함장은 승무원들을,こ브라이트　함장은　승무원들을,브라이트　함장은　승무원들을,True,18E518B14401010101010101,True,18F97EF4FA08F533057D7115,1,,,600909,제게　생각이　있습니다！！,600927,모아　두십시오！,quarantine,unresolved
P4_direct_ext3_text_drift,600A59,scenario_600A48,unverified,review_translation_and_runtime_by_bundle,……いえ、とにかく、,"……아니요, 어쨌든,",こ……아니요、　어쨌든、　지금은　적을,……아니요、　어쨌든、　지금은　적을,,18E5181A8701010101,True,18F191F25407FB0107,1,,,600A48,자세한　사정은　저도　아직……,600A63,지금은　적을　물리치는　게　먼저입니다。,quarantine,unresolved
P1_direct_ext3_exact_text_control_adjacent,600A72,scenario_600A48,unverified,high_priority_batch_after_anchor_pass,そちらと合流します。,그쪽과 합류하겠습니다.,こ그쪽과　합류하겠습니다。,그쪽과　합류하겠습니다。,True,18E518B155010101,True,18F9E4F4E9F6700A,2,1728,True,600A63,지금은　적을　물리치는　게　먼저입니다。,600A84,그럼、　브라이트　중령。,quarantine,unresolved
P1_direct_ext3_exact_text_control_adjacent,600AE1,scenario_600AD7,unverified,high_priority_batch_after_anchor_pass,そちらの方はよろしいですか！？,그쪽은 괜찮으십니까！？,こ그쪽은　괜찮으십니까！？,그쪽은　괜찮으십니까！？,True,18E518B15C0101010101010101,True,18223BF0597D08F9EBF8AAF040,2,1728,True,600AD7,디아나　여왕！,600AFA,……네。,quarantine,unresolved
P4_direct_ext3_text_drift,600B04,scenario_600AFA,unverified,review_translation_and_runtime_by_bundle,すでにラ－ディッシュのモビルス－ツは,이미 라디시의 모빌슈트는,こ이미　라디쉬의　모빌슈트는,이미　라디쉬의　모빌슈트는,,18E518C5E701010101,True,18F86BFE5705FD7908,1,,,600AFA,……네。,600B0E,이쪽으로　옮겨　두었습니다。,quarantine,unresolved
P1_direct_ext3_exact_text_control_adjacent,600B96,scenario_600B7B,unverified,high_priority_batch_after_anchor_pass,……目に物見せてやる！,……본때를 보여주마！,こ……본때를　보여주마！,……본때를　보여주마！,True,18E518B1640101010101010101,True,18F191B10CE05F8AF55E3A0F03,2,1728,True,600B84,디아나　님을　업신여기다니！,600BAD,……좋아！,quarantine,unresolved
P2_direct_ext3_exact_text,600BD8,scenario_600BCB,unverified,second_batch_representative_runtime_test,よりによって、このフォン・シティで,하필이면 이 폰 시티에서,こ하필이면　이　폰　시티에서,하필이면　이　폰　시티에서,True,18E518B168010101010101010101,True,18F488FA7807F362F7042AF89416,1,,,600BCB,오오……　이　무슨　일인가！！,600BE7,전투가　시작되다니！！,quarantine,unresolved
P2_direct_ext3_exact_text,600C17,scenario_600C02,unverified,second_batch_representative_runtime_test,困るっていうならギンガナムを止めるなり,곤란하다면 깅가남을 막든가,こ곤란하다면　깅가남을　막든가,곤란하다면　깅가남을　막든가,True,18E518B16B01010101010101010101010101,True,18E1680FF15604F830FCD515E027F4190627,1,,,600C02,정말이지、　쓸모없는　남자네……,600C2A,에우고를　붙잡든가　할　것이지,quarantine,unresolved
P4_direct_ext3_text_drift,600D1F,scenario_600D14,unverified,review_translation_and_runtime_by_bundle,こっ、こ、こ、こ、,"이, 이, 이, 이,",こ이、　이、　이、　이、　이　나를、　주、,이、　이、　이、　이、　이　나를、　주、,,18E5182A290101010101,True,18F35907180718071807,1,,,600D14,……히익！！,600D2A,이　몸을、　죽이려는　거냐！？,quarantine,unresolved
P1_direct_ext3_exact_text_control_adjacent,600D74,scenario_600D58,unverified,high_priority_batch_after_anchor_pass,……さびしくはならないはずだよ。,……외롭지는 않을 거야.,こ……외롭지는　않을　거야。,……외롭지는　않을　거야。,True,18E518B17F010101010101010101010101,True,18F19125E0511224F09EF5D00874F5500A,2,1728,True,600D66,네　곁으로　갈　거다……,600D91,……그럼、　작별이다。,quarantine,unresolved
P2_direct_ext3_exact_text,600DE5,scenario_600DDB,unverified,second_batch_representative_runtime_test,エゥ－ゴのみんなには,에우고 일행에게는,こ에우고　일행에게는,에우고　일행에게는,True,18E518B1850101,True,18F8E305F8E608,1,,,600DDB,……자、　그럼。,600DED,조금　더　우리와　놀아줘야겠지。,quarantine,unresolved
P1_direct_ext3_exact_text_control_adjacent,600EE3,scenario_600ED4,unverified,high_priority_batch_after_anchor_pass,そ、そんな……！！,"그, 그럴 수가……！！",こ그、　그럴　수가……！！,그、　그럴　수가……！！,True,18E518B0B0010101,True,182207F823F60C03,2,1728,True,600ED4,필、　필　소령님！？,600EF5,아앗！！,quarantine,unresolved
P2_direct_ext3_exact_text,600F93,scenario_600F83,unverified,second_batch_representative_runtime_test,ボクはロ－ラでも,저는 로라도 아니고,こ저는　로라도　아니고,저는　로라도　아니고,True,18E518B195010101,True,18F27908F61FF25E,1,,,600F83,……제정신이　아니군요！！,600F9C,당신의　인형도　아니에요！！,quarantine,unresolved
P1_direct_ext3_exact_text_control_adjacent,601179,scenario_601170,unverified,high_priority_batch_after_anchor_pass,かくなる上は……！！,이렇게 된 이상……！！,こ이렇게　된　이상……！！,이렇게　된　이상……！！,True,18E518B1A9010101,True,18FB9E9D08F60C03,2,1728,True,601170,하하하하핫！！,60118B,저건！？,quarantine,unresolved
P2_direct_ext3_exact_text,6011B8,scenario_6011A3,unverified,second_batch_representative_runtime_test,このブラックド－ルで全てを破壊し、,"이 블랙 돌로 모든 것을 파괴하고,",こ이　블랙　돌로　모든　것을　파괴하고、,이　블랙　돌로　모든　것을　파괴하고、,True,18E518B1AD01010101010101010101010101,True,18F362842E513D4410381686F38CF1CC1207,1,,,6011B0,나　하나뿐……,6011CB,내　왕국을　세워　보이겠다！！,quarantine,unresolved
P1_direct_ext3_exact_text_control_adjacent,6012A5,scenario_601298,unverified,high_priority_batch_after_anchor_pass,愚かな……！,어리석군……！,こ어리석군……！,어리석군……！,True,18E518B1B80101,True,18E179F135F60C,2,1728,True,601298,……구엔　라인포드。,6012B6,……아인！！,quarantine,unresolved
P1_direct_ext3_exact_text_control_adjacent,6012D9,scenario_6012CC,unverified,high_priority_batch_after_anchor_pass,いいかげん、うっとうしいんだよ！！,"적당히 좀 해, 거추장스럽다고！！",こ적당히　좀　해、　거추장스럽다고！！,적당히　좀　해、　거추장스럽다고！！,True,18E518B1BB010101010101010101,True,18FBF807F1EB1314F45CF784F044,2,1728,True,6012CC,또　너냐！！,6012F3,……사라져　버려！！,quarantine,unresolved
P2_direct_ext3_exact_text,601334,scenario_601327,unverified,second_batch_representative_runtime_test,このデスパ－ダだって,이 데스파다도,こ이　데스파다도,이　데스파다도,True,18E518B1C00101,True,18F362FCF8F649,1,,,601327,그게　어쨌다는　거야！！,60133C,파워업했어！！,quarantine,unresolved
P1_direct_ext3_exact_text_control_adjacent,601347,scenario_601327,unverified,high_priority_batch_after_anchor_pass,おまえなんかに負けるもんか！！,너 같은 놈한테 질까 보냐！！,こ너　같은　놈한테　질까　보냐！！,너　같은　놈한테　질까　보냐！！,True,18E518B1C2010101010101010101,True,18F70CF9A0E04FF4A220190EF044,2,1728,True,60133C,파워업했어！！,601361,……아니。,quarantine,unresolved
P1_direct_ext3_exact_text_control_adjacent,60136B,scenario_601361,unverified,high_priority_batch_after_anchor_pass,もう二度と……,이제 두 번 다시……,こ이제　두　번　다시……,이제　두　번　다시……,True,18E518B1C3010101,True,18F29BF52113F191,2,1728,True,601361,……아니。,60137F,나는！,quarantine,unresolved
P3_direct_ext3_control_adjacent_text_drift,601394,scenario_60137F,unverified,confirm_current_text_then_rehome,偽りの力で戦っているキサマにはな！！,거짓된 힘으로 싸우고 있는 네놈에게는 말이다！！,こ거짓　힘으로　싸우는　네놈은！！,거짓　힘으로　싸우는　네놈은！！,,18E518B1C6010101010101010101010101,True,18E4E1F22C571639F920F736F46706F044,2,1728,True,601387,네놈에게　당하지　않겠다！！,6013AF,끝이다、　아인！！,quarantine,unresolved
P2_direct_ext3_exact_text,60154C,scenario_60153B,unverified,second_batch_representative_runtime_test,たのむから、思い出してくれ！！,부탁이니까 기억해 내줘！！,こ부탁이니까　기억해　내줘！！,부탁이니까　기억해　내줘！！,True,18E518B1DA010101010101,True,18FBE70794046FF906F044,1,,,60153B,……아니야！　그게　아니라고！！,601558,나는　너의……,quarantine,unresolved
P2_direct_ext3_exact_text,6015E4,scenario_6015CB,unverified,second_batch_representative_runtime_test,アナタの事も記憶しています。,당신에 대해서도 기억하고 있습니다.,こ당신에　대해서도　기억하고　있습니다。,당신에　대해서도　기억하고　있습니다。,True,18E518B1E3010101010101,True,18F80905AB20F33DFCC20A,2,,,6015D8,브라드　중령의　딸이군요。,6015F1,こ보통　소녀답지　않은　행동거지에、　과거,quarantine,unresolved
P4_direct_ext3_text_drift,6015F1,scenario_6015CB,unverified,review_translation_and_runtime_by_bundle,普通の少女らしからぬ振る舞いに、,"보통 소녀답지 않은 행동거지에,",こ보통　소녀답지　않은　행동거지에、　과거,보통　소녀답지　않은　행동거지에、　과거,,18E51827850101010101010101010101010101,True,18F0C905F41D1CF4311CCBE1610FE317F27C07,1,,,6015E4,こ당신에　대해서도　기억하고　있습니다。,601605,예전의　저는　감명받은　듯합니다。,quarantine,unresolved
P3_direct_ext3_control_adjacent_text_drift,601633,scenario_601623,unverified,confirm_current_text_then_rehome,そこまで覚えていて、どうして！？,"그것까지 기억하고 있으면서, 어째서！？",こ그것까지　기억하면서、　어째서！？,그것까지　기억하면서、　어째서！？,,18E5181BD5010101010101010101,True,18FB10E041F11EF27507F900F040,2,0804,True,601623,어째서인가요、　세라　씨！！,601646,말할　필요도　없는　일입니다。,quarantine,unresolved
P2_direct_ext3_exact_text,601656,scenario_601646,unverified,second_batch_representative_runtime_test,現在の私にとっては、,"현재의 저에게 있어서는,",こ현재의　저에게　있어서는、,현재의　저에게　있어서는、,True,18E518B1E9010101,True,18F3200541FC3507,1,,,601646,말할　필요도　없는　일입니다。,60165F,마스터를　섬기는　것이　최고의　사명。,quarantine,unresolved
P4_direct_ext3_text_drift,601671,scenario_601646,unverified,review_translation_and_runtime_by_bundle,アナタ方との記憶は,당신들과의 기억은,こ당신들과의　기억은　단순한　과거의,당신들과의　기억은　단순한　과거의,,18E5183A8501010101,True,18F8097DF17FF33D08,1,,,60165F,마스터를　섬기는　것이　최고의　사명。,60167B,사실에　지나지　않습니다。,quarantine,unresolved
P4_direct_ext3_text_drift,6016C2,scenario_6016B6,unverified,review_translation_and_runtime_by_bundle,彼女との関係は忘れるんだ！,그녀와의 관계는 잊게！,こ그녀와의　관계는　잊게！　더　이상,그녀와의　관계는　잊게！　더　이상,,18E5183A830101010101010101,True,18F383F17FF44F08E15BFA5B03,1,,,6016B6,시그　중위！！,6016D0,그녀는　예전의　그녀가　아닐세！！,quarantine,unresolved
P1_direct_ext3_exact_text_control_adjacent,6016E1,scenario_6016B6,unverified,high_priority_batch_after_anchor_pass,そうしなければ君が死ぬぞ！！,그렇지 않으면 자네가 죽어！！,こ그렇지　않으면　자네가　죽어！！,그렇지　않으면　자네가　죽어！！,True,18E518B1F00101010101,True,18FE2A6117ADF09DF044,2,1728,True,6016D0,그녀는　예전의　그녀가　아닐세！！,6016F2,그건　무리라고요！！,quarantine,unresolved
P1_direct_ext3_exact_text_control_adjacent,60173B,scenario_60171D,unverified,high_priority_batch_after_anchor_pass,撃てるわけないじゃないですか！！,쏠 수 있을 리가 없잖아요！！,こ쏠　수　있을　리가　없잖아요！！,쏠　수　있을　리가　없잖아요！！,True,18E518B1F5010101010101,True,187BF39031F891FE5DF044,2,082B,True,60172E,그녀는　그　세라　씨라고요！,60174B,그렇지　않으면　너희가　죽는다。,quarantine,unresolved
P4_direct_ext3_text_drift,6017CD,scenario_6017C1,unverified,review_translation_and_runtime_by_bundle,このディアナの名を冠する部隊の指揮官が,이 디아나의 이름을 딴 부대의 지휘관이,こ디아나　이름을　딴　부대　지휘관이,디아나　이름을　딴　부대　지휘관이,,18E51849A70101010101010101010101010101,True,18F362F8E705E02815E428F1CBF42805F59F17,1,,,6017C1,필・아카만！！,6017E1,왜　깅가남을　따라　날　거역하는가！？,quarantine,unresolved
P4_direct_ext3_text_drift,6017FC,scenario_6017F3,unverified,review_translation_and_runtime_by_bundle,我々は地球のことばかりを考え、月の民を,"저희들은 지구만을 생각하고, 달의 백성을",こ저희들은　지구만을　생각하고、　달을,저희들은　지구만을　생각하고、　달을,,18E518B1FE0101010101010101010101010101010101,True,186A7108F570F5E4490EF237E04D2B07E07705E1A115,1,,,6017F3,디아나　님！,601813,등한시하는　폐하의　뜻에는……,quarantine,unresolved
P3_direct_ext3_control_adjacent_text_drift,601826,scenario_6017F3,unverified,confirm_current_text_then_rehome,ついていけないと申しておるのです！！,따라갈 수 없다고 말씀드리는 것입니다！！,こ따라갈　수　없다고　말씀드렸습니다！！,따라갈　수　없다고　말씀드렸습니다！！,,18E5183BDF01010101010101010101010101,True,18F69704F89113E0EFF413350F05F27DF044,2,0845,True,601813,등한시하는　폐하의　뜻에는……,60183D,………………,quarantine,unresolved
P2_direct_ext3_exact_text,6018C4,scenario_6018B3,unverified,second_batch_representative_runtime_test,我らの行動はすベて陛下に,저희들의 행동은 모두 폐하께서,こ저희들의　행동은　모두　폐하께서,저희들의　행동은　모두　폐하께서,True,18E518B2090101010101010101,True,186AF059F2C0081EDE0BF2320C,1,,,6018B3,……그만두십시오、　폐하！,6018D2,생각을　바꾸시게　하려던　것뿐입니다。,quarantine,unresolved
P1_direct_ext3_exact_text_control_adjacent,6018E6,scenario_6018B3,unverified,high_priority_batch_after_anchor_pass,決して他意はございません！,결코 다른 뜻은 없습니다！,こ결코　다른　뜻은　없습니다！,결코　다른　뜻은　없습니다！,True,18E518B20B01010101010101010101,True,18E019F413E0EDDD08D3E006F99203,2,0845,True,6018D2,생각을　바꾸시게　하려던　것뿐입니다。,6018FA,……필이여。,quarantine,unresolved
P4_direct_ext3_text_drift,601905,scenario_6018FA,unverified,review_translation_and_runtime_by_bundle,ギム・ギンガナムはタ－ンＸを持ち出し、,"기임 깅가남은 턴 엑스를 들고나가,",こ김　깅가남은　턴　엑스를　들고나가、,김　깅가남은　턴　엑스를　들고나가、,,18E518B20D01010101010101010101010101,True,18F1B82AFCD508F85CE04E15E0123B6F1207,1,,,6018FA,……필이여。,601918,세상을　혼란에　빠뜨리려　합니다。,quarantine,unresolved
P4_direct_ext3_text_drift,601929,scenario_6018FA,unverified,review_translation_and_runtime_by_bundle,これも……また私の犯した罪であります。,이것도…… 또한 내가 저지른 죄입니다.,こ이것도……　내가　저지른　죄입니다。,이것도……　내가　저지른　죄입니다。,,18E5184BDA01010101010101010101010101,True,18F634F191F1944105E370F41BE1DDFC1D0A,2,,,601918,세상을　혼란에　빠뜨리려　합니다。,60193D,こ그를　몰아내는　데　힘을　빌려　줘。,quarantine,unresolved
P3_direct_ext3_control_adjacent_text_drift,60193D,scenario_6018FA,unverified,confirm_current_text_then_rehome,彼を駆逐するために力を貸してほしい。,그를 구축하기 위해 힘을 빌려주었으면 한다.,こ그를　몰아내는　데　힘을　빌려　줘。,그를　몰아내는　데　힘을　빌려　줘。,,18E5181BD6010101010101010101,True,189515F1A4FC335715E0D9FC5D0A,2,085E,True,601929,こ이것도……　내가　저지른　죄입니다。,601950,오오……！！,quarantine,unresolved
P2_direct_ext3_exact_text,60195A,scenario_601950,unverified,second_batch_representative_runtime_test,そのようなお言葉を陛下からのご命令として,그러한 말씀을 폐하의 명령으로서,こ그러한　말씀을　폐하의　명령으로서,그러한　말씀을　폐하의　명령으로서,True,18E518B21101010101010101010101,True,18FC4D35F53C15F232F9A2F1D5F80C,1,,,601950,오오……！！,60196A,받고　싶었습니다……폐하！,quarantine,unresolved
P3_direct_ext3_control_adjacent_text_drift,601B12,scenario_601B07,unverified,confirm_current_text_then_rehome,タ、タ－ンＸの月光蝶が……！！,"턴, 턴엑스의 월광접이……！！",こ터、　턴Ｘ의　월광접이……！！,터、　턴Ｘ의　월광접이……！！,,18E5184AB5010101010101010101,True,183007F85CE04E05F67C17F60C03,2,1728,True,601B07,……뭐라고！？,601B2C,……좋아、　지금이다！！,quarantine,unresolved
P3_direct_ext3_control_adjacent_text_drift,601B3A,scenario_601B2C,unverified,confirm_current_text_then_rehome,全機、タ－ンＸに攻撃を集中せよ！！,"전 기체, 턴엑스에 공격을 집중해라！！",こ전　기체、　턴엑스에　공격　집중！！,전　기체、　턴엑스에　공격　집중！！,,18E5180C3D01010101010101010101010101,True,18F56D07F85CE04E0CF35A15F334F557F044,2,1728,True,601B2C,……좋아、　지금이다！！,601B56,이、　이놈……！！,quarantine,unresolved
P2_direct_ext3_exact_text,601CCE,scenario_601CC1,unverified,second_batch_representative_runtime_test,……そうだな。,……그렇군.,こ……그렇군。,……그렇군。,True,18E518B22F01,True,18F191FA050A,2,,,601CC1,올바　프로스트인가……,601CD6,こ직격은　면했다만、　데몬스트레이션의　역,quarantine,unresolved
P4_direct_ext3_text_drift,601CD6,scenario_601CC1,unverified,review_translation_and_runtime_by_bundle,直撃は逃したが、デモンストレ－ションの,"직격은 면했다만, 데몬스트레이션의",こ직격은　면했다만、　데몬스트레이션의　역,직격은　면했다만、　데몬스트레이션의　역,,18E51829ED0101010101010101010101010101010101,True,18F20F08E015F41B170773F4C12F3E33102DE0BF1A05,1,,,601CCE,こ……그렇군。,601CED,역할은　충분히　했겠지。,quarantine,unresolved
P4_direct_ext3_text_drift,601D3B,scenario_601D26,unverified,review_translation_and_runtime_by_bundle,ティタ－ンズかネオ・ジオンが,티탄즈나 네오 지온이,こ티탄즈나　네오　지온이　그것과　동등한,티탄즈나　네오　지온이　그것과　동등한,,18E5184A030101010101,True,18FDC40EF1002AF7AB17,1,,,601D26,１년　전쟁　때　기렌이　쓴　솔라　레이。,601D46,병기를　사용한　것이　분명해。,quarantine,unresolved
P2_direct_ext3_exact_text,601DA5,scenario_601D98,unverified,second_batch_representative_runtime_test,また会えたとは……,다시 만나게 될 줄이야……,こ다시　만나게　될　줄이야……,다시　만나게　될　줄이야……,True,18E5183C50010101,True,18F194C1F8CEF191,1,,,601D98,오랜만이군、　샤아。,601DAE,이런　인연이　신기하진　않군。,quarantine,unresolved
P4_direct_ext3_text_drift,601E0B,scenario_601DF7,unverified,review_translation_and_runtime_by_bundle,これに対抗するため、,"이에 대항하기 위해,",こ이에　맞서기　위해、,이에　맞서기　위해、,,18E5180B36010101,True,18F62EF1A2FB9B07,1,,,601DFE,콜로니　레이저를　완성했다。,601E14,우린　네오　지온과　손잡는다。,quarantine,unresolved
P2_direct_ext3_exact_text,601E5A,scenario_601E43,unverified,second_batch_representative_runtime_test,まさか、ネオ・ジオンと手を組むとは,"설마 네오 지온과 손을 잡을 줄이야,",こ설마　네오　지온과　손을　잡을　줄이야、,설마　네오　지온과　손을　잡을　줄이야、,True,18E518B243010101010101010101010101,True,18F84507F1002AF7AB137215E0B68CF17E,1,,,601E51,웡・리！！,601E6C,에우고　상층부는　무슨　생각을……,quarantine,unresolved
P2_direct_ext3_exact_text,601E92,scenario_601E80,unverified,second_batch_representative_runtime_test,先ほどは人質になっていた者を,조금 전에는 인질이 되었던 자를,こ조금　전에는　인질이　되었던　자를,조금　전에는　인질이　되었던　자를,True,18E518B246010101010101010101,True,18E01AF16A08F078FB76F26A9F15,1,,,601E80,그렇게　우리를　못　믿겠나？,601EA1,구해　주기도　했지……。,quarantine,unresolved
P4_direct_ext3_text_drift,601EEB,scenario_601EC9,unverified,review_translation_and_runtime_by_bundle,ハマ－ン・カ－ンとてグレミ－・トトという,하만 칸으로서도 그레미 토토라는,こ하만　칸으로서도　그레미　토토라는　적을,하만　칸으로서도　그레미　토토라는　적을,,18E518392501010101010101010101,True,18FA292AF58D130BF9C72AF19CF664,1,,,601ED9,우리만　싸우기엔　위험이　너무　크다。,601EFB,젖혀두고　아군이　되어　주겠다는거다。,quarantine,unresolved
P4_direct_ext3_text_drift,601F0F,scenario_601EC9,unverified,review_translation_and_runtime_by_bundle,それ相応の礼をもってネオ・ジオンを,그에 상응하는 예의를 갖추고 네오 지온을,こ그에　상응하는　예의를　갖추고　네오,그에　상응하는　예의를　갖추고　네오,,18E518B24C01010101010101010101010101,True,18F422E03DE07F05E1F1F9ADF1002AF7AB15,1,,,601EFB,젖혀두고　아군이　되어　주겠다는거다。,601F22,맞이해야　하지　않겠나！？,quarantine,unresolved
P2_direct_ext3_exact_text,601F53,scenario_601F45,unverified,second_batch_representative_runtime_test,とにかく、これは決定事項なのだ。,"어쨌든, 이것은 결정 사항이다.",こ어쨌든、　이것은　결정　사항이다。,어쨌든、　이것은　결정　사항이다。,True,18E518B250010101010101,True,18FB0107F630FA55F7430A,2,,,601F45,이제　됐소、　크와트로　대위！！,601F60,こ네오　지온과의　공동　작전을　전제로,quarantine,unresolved
P2_direct_ext3_exact_text,601F60,scenario_601F45,unverified,second_batch_representative_runtime_test,ネオ・ジオンとの共同作戦を前提に,네오 지온과의 공동 작전을 전제로,こ네오　지온과의　공동　작전을　전제로,네오　지온과의　공동　작전을　전제로,True,18E518B251010101010101010101,True,18F1002AF7ABF17FF8F615F2BA0C,1,,,601F53,こ어쨌든、　이것은　결정　사항이다。,601F6F,콜로니　레이저를　공략한다。,quarantine,unresolved
P2_direct_ext3_exact_text,601F7C,scenario_601F45,unverified,second_batch_representative_runtime_test,ブライト中佐もそのつもりで,브라이트 중령도 그럴 생각으로,こ브라이트　중령도　그럴　생각으로,브라이트　중령도　그럴　생각으로,True,18E518B253010101,True,18F97EF4CA20FD43,1,,,601F6F,콜로니　레이저를　공략한다。,601F85,준비를　진행하게！,quarantine,unresolved
P2_direct_ext3_exact_text,601FA6,scenario_601F9C,unverified,second_batch_representative_runtime_test,ネオ・ジオンと手を組むと聞いたが、,"네오 지온과 손을 잡는다고 들었는데,",こ네오　지온과　손을　잡는다고　들었는데、,네오　지온과　손을　잡는다고　들었는데、,True,18E518B2550101010101010101010101010101,True,18F1002AF7AB137215E0B68C13E013F26A1707,1,,,601F9C,……브라이트！,601FBA,그게　사실인가？,quarantine,unresolved
P2_direct_ext3_exact_text,601FE7,scenario_601FDA,unverified,second_batch_representative_runtime_test,なんでハマ－ンなんかと,왜 하만 같은 녀석하고,こ왜　하만　같은　녀석하고,왜　하만　같은　녀석하고,True,18E518B2590101,True,18F856FA29F99F,1,,,601FDA,……농담이지！？,601FEF,함께　싸워야　하는　거야！,quarantine,unresolved
P4_direct_ext3_text_drift,602041,scenario_602033,unverified,review_translation_and_runtime_by_bundle,あんなヤツらと手を組んでたら,저런 녀석들과 손을 잡고 있으면,こ저런　녀석들과　손을　잡고　있으면　언제,저런　녀석들과　손을　잡고　있으면　언제,,18E51816B101010101010101010101,True,18F5F3F2D4F0567215E0B6F222111C,1,,,602033,……난　싫어！,602051,언제　뒤에서　총을　맞을지　몰라！,quarantine,unresolved
P4_direct_ext3_text_drift,602088,scenario_602077,unverified,review_translation_and_runtime_by_bundle,……あのハマ－ンという人は,……그 하만이라는 사람은,こ……그　하만이라는　사람은　배신을,……그　하만이라는　사람은　배신을,,18E5181A86010101010101,True,18F191F3DAFA29F6645008,1,,,602077,이건　제　사견입니다만……,602094,일삼을　인물로는　보이지　않습니다。,quarantine,unresolved
P4_direct_ext3_text_drift,6020DA,scenario_6020B8,unverified,review_translation_and_runtime_by_bundle,それを差し置いて、,"그것을 제쳐두고,",こ그것을　제쳐두고、　그녀는　우리들의,그것을　제쳐두고、　그녀는　우리들의,,18E5181A5F010101010101,True,18F5B5E2A812E085F27507,1,,,6020CB,그　사람도　적을　안고　있답니다。,6020E6,편을　들어주려는　것입니다。,quarantine,unresolved
P4_direct_ext3_text_drift,6020F6,scenario_6020B8,unverified,review_translation_and_runtime_by_bundle,あの人にはあの人なりの,그 사람에게는 그 사람 나름대로의,こ그　사람에게는　그　사람　나름대로의　이,그　사람에게는　그　사람　나름대로의　이,,18E518374201010101010101,True,18F3DA50F467F3DA5006F22C,1,,,6020E6,편을　들어주려는　것입니다。,602103,이유가　있는　것　같습니다만……,quarantine,unresolved
P2_direct_ext3_exact_text,602186,scenario_60217E,unverified,second_batch_representative_runtime_test,ティタ－ンズのコロニ－・レ－ザ－は,티탄즈의 콜로니 레이저는,こ티탄즈의　콜로니　레이저는,티탄즈의　콜로니　레이저는,True,18E518B26F0101010101,True,18FDC405FA7D2AF91508,1,,,60217E,예。,602191,반드시　막아야　합니다。,quarantine,unresolved
P4_direct_ext3_text_drift,60226E,scenario_602255,unverified,review_translation_and_runtime_by_bundle,女王として手をこまねいて,여왕으로서 팔짱을 끼고,こ여왕으로서　손놓고,여왕으로서　손놓고,,18E5182C3401010101010101,True,18F486F80C721518214DF275,1,,,602264,관여하고　있습니다。,60227B,보고만　있을　수는　없습니다。,quarantine,unresolved
P2_direct_ext3_exact_text,6022B2,scenario_60229B,unverified,second_batch_representative_runtime_test,女王の申し出、,"여왕의 제안,",こ여왕의　제안、,여왕의　제안、,True,18E518B28101010101,True,18F48605E0EF126F07,1,,,6022AB,……알겠습니다。,6022BC,받아들이도록　하겠습니다。,quarantine,unresolved
P2_direct_ext3_exact_text,602343,scenario_602330,unverified,second_batch_representative_runtime_test,さすがに二度目ともなると、,"과연 두 번째가 되고 보니,",こ과연　두　번째가　되고　보니、,과연　두　번째가　되고　보니、,True,18E518B287010101010101,True,18F98CF775F17AF5141307,1,,,602330,……여럿이　고민해도　마찬가지다。,60234F,뼈저리게　느끼는군……,quarantine,unresolved
P2_direct_ext3_exact_text,602388,scenario_602370,unverified,second_batch_representative_runtime_test,……ううん。,……아니.,こ……아니。,……아니。,True,18E518B0B201,True,18F191F7950A,1,,,60237D,충격일　거라　생각하지만……,60238F,나도　충격이었으니까。,quarantine,unresolved
P1_direct_ext3_exact_text_control_adjacent,60239B,scenario_602370,unverified,high_priority_batch_after_anchor_pass,あのセラさんがまるでロボ……,그 세라 씨가 마치 로봇처럼……,こ그　세라　씨가　마치　로봇처럼……,그　세라　씨가　마치　로봇처럼……,True,18E518B28C0101010101010101,True,18F3DAF429F727F6B33C98F191,2,0802,True,60238F,나도　충격이었으니까。,6023AD,……그만해！！,quarantine,unresolved
P1_direct_ext3_exact_text_control_adjacent,6023F2,scenario_6023E7,unverified,high_priority_batch_after_anchor_pass,言いすぎ……だね。,말이 너무 심했……네.,こ말이　너무　심했……네。,말이　너무　심했……네。,True,18E518B290010101010101,True,187A041EE04CF191F54B0A,2,0802,True,6023E7,……미안해。,602402,………………,quarantine,unresolved
P1_direct_ext3_exact_text_control_adjacent,6024FC,scenario_6024DF,unverified,high_priority_batch_after_anchor_pass,ララァが死んだあの日からな。,라라아 가 죽었던 그날부터 말이지.,こ라라아　가　죽었던　그날부터　말이지。,라라아　가　죽었던　그날부터　말이지。,True,18E518B29C010101010101010101,True,18F7F017ADF22EF3DAE06CF67D0A,2,082B,True,6024F0,지금도……　그리고　예전에도。,60250F,………윽！,quarantine,unresolved
P2_direct_ext3_exact_text,602566,scenario_602555,unverified,second_batch_representative_runtime_test,どちらにせよ過去のことだ。,어차피 지나간 일이다.,こ어차피　지나간　일이다。,어차피　지나간　일이다。,True,18E518B2A0010101,True,18FD66F36CF9970A,2,,,602555,더는　말하지　마라、　샤아。,602570,こ네가　말한　대로、,quarantine,unresolved
P2_direct_ext3_exact_text,602570,scenario_602555,unverified,second_batch_representative_runtime_test,オマエが言うように、,"네가 말한 대로,",こ네가　말한　대로、,네가　말한　대로、,True,18E518B2A10101010101,True,18F68F177A14F49E0C07,1,,,602566,こ어차피　지나간　일이다。,60257B,돌아갈　수　없는、　옛날　일이야……。,quarantine,unresolved
P4_direct_ext3_text_drift,602669,scenario_60265C,unverified,review_translation_and_runtime_by_bundle,おかしい……あのあたりに,이상하군…… 그 근처에,こ이상하군……　그　근처에　격납고는,이상하군……　그　근처에　격납고는,,18E5181A8F010101,True,1835F671F191FD8E,1,,,60265C,……건담이라고！？,602672,격납고는　없을　텐데……,quarantine,unresolved
P2_direct_ext3_exact_text,60269F,scenario_602682,unverified,second_batch_representative_runtime_test,では、戦いが終わったら,"그럼, 전투가 끝나면",こ그럼、　전투가　끝나면,그럼、　전투가　끝나면,True,18E518B2AD010101010101,True,18F2610739F25AE010F943,1,,,602691,그건　조사해　둘　필요가　있겠군……,6026AB,그　근처에　사람을　보내　보자。,quarantine,unresolved
P5_non_direct_native_or_other,6026B3,scenario_602682,unverified,do_not_autofix_static_false_positive_possible,ロラン！,로랑！,こ로랑！,로랑！,True,18F6C203,,18F6C203,1,,,6026AB,그　근처에　사람을　보내　보자。,6026B8,그　모빌슈트는　나중에　봐도　된다！！,quarantine,unresolved
P1_direct_ext3_exact_text_control_adjacent,6026C7,scenario_602682,unverified,high_priority_batch_after_anchor_pass,今は戦いに専念してくれ！,지금은 전투에 전념해 다오！,こ지금은　전투에　전념해　다오！,지금은　전투에　전념해　다오！,True,18E518B2B0010101010101,True,18760839F27CF4ABF90603,2,0883,True,6026B8,그　모빌슈트는　나중에　봐도　된다！！,6026D7,네、　옛！！,quarantine,unresolved
P1_direct_ext3_exact_text_control_adjacent,602788,scenario_60276C,unverified,high_priority_batch_after_anchor_pass,ロランは戦闘を継続してくれ！,로랑은 전투를 계속해 다오！,こ로랑은　전투를　계속해　다오！,로랑은　전투를　계속해　다오！,True,18E518B2B601010101010101,True,18F6C208F33715F165F90603,2,0883,True,602777,누군가에게　확인해　보자。,602799,네、　옛！！,quarantine,unresolved
P4_direct_ext3_text_drift,602824,scenario_602811,unverified,review_translation_and_runtime_by_bundle,技術者に調ベさせたが、月光蝶のように,"기술자에게 조사하도록 했으나, 월광접처럼",こ기술진이　조사했지만、　월광접처럼,기술진이　조사했지만、　월광접처럼,,18E51849BD0101010101010101,True,18F7F70CE0C0FC2C07F67CFA17,1,,,602818,그　기체엔　월광접이　없습니다。,602832,위험한　것은　탑재되지　않은　듯합니다。,quarantine,unresolved
P2_direct_ext3_exact_text,602861,scenario_60284D,unverified,second_batch_representative_runtime_test,おそらく、これからの戦いは,"아마도, 앞으로의 전투는",こ아마도、　앞으로의　전투는,아마도、　앞으로의　전투는,True,18E518B2C301010101,True,18FAA707FC1939F27F,1,,,602856,당신들이　사용해　주십시오。,60286B,더욱　치열해질　테니까요……,quarantine,unresolved
P4_direct_ext3_text_drift,602882,scenario_602878,unverified,review_translation_and_runtime_by_bundle,この先ティタ－ンズやネオ・ジオンと,앞으로 티탄즈나 네오 지온을 상대로,こ앞으로　티탄즈와　네오　지온에,앞으로　티탄즈와　네오　지온에,,18E518379C010101010101010101,True,18F362E01AFDC43AF1002AF7AB13,1,,,602878,……그렇군요。,602891,맞서려면　전력은　많을수록　좋습니다。,quarantine,unresolved
P5_non_direct_native_or_other,6028A4,scenario_602878,unverified,do_not_autofix_static_false_positive_possible,ありがたくいただいておきます。,감사히 받아두겠습니다.,こ감사히　받아두겠습니다。,감사히　받아두겠습니다。,True,18F93601,,18FEF20A,2,1728,True,602891,맞서려면　전력은　많을수록　좋습니다。,6028B3,여기는　마더　뱅가드！,quarantine,unresolved
P4_direct_ext3_text_drift,60291B,scenario_602912,unverified,review_translation_and_runtime_by_bundle,コロニ－・レ－ザ－の狙いを,콜로니 레이저의 조준을,こ콜로니　레이저의　조준을　좁히지,콜로니　레이저의　조준을　좁히지,,18E5181A91010101010101,True,18FA7D2AF91505E129F293,1,,,602912,과연……,602927,못하게끔、　전력을　분산시켰는가。,quarantine,unresolved
P1_direct_ext3_exact_text_control_adjacent,602988,scenario_60296D,unverified,high_priority_batch_after_anchor_pass,己の無力さを思い知らせてやる！,자신의 무력함을 깨닫게 해 주마！,こ자신의　무력함을　깨닫게　해　주마！,자신의　무력함을　깨닫게　해　주마！,True,18E518B2D40101010101010101010101,True,18E16405A457F3639404C8F5BA3A0F03,2,1728,True,60297F,어디　덤벼　보아라！,6029A2,브라이트　함장님……！！,quarantine,unresolved
P2_direct_ext3_exact_text,6029C8,scenario_6029B8,unverified,second_batch_representative_runtime_test,……だが、,"……하지만,",こ……하지만、,……하지만、,True,18E518B2D701,True,18F191F53807,1,,,6029B8,하만이　직접　출격한　것인가……,6029CF,여기서　물러설　수는　없다！,quarantine,unresolved
P1_direct_ext3_exact_text_control_adjacent,6029E1,scenario_6029B8,unverified,high_priority_batch_after_anchor_pass,作戦を開始するぞ！！,작전을 개시한다！！,こ작전을　개시한다！！,작전을　개시한다！！,True,18E518B2D90101010101,True,18F1E315F4B2F771F044,2,084B,True,6029CF,여기서　물러설　수는　없다！,6029F0,……알겠습니다！！,quarantine,unresolved
P2_direct_ext3_exact_text,602A21,scenario_602A0F,unverified,second_batch_representative_runtime_test,各艦は全速で,각 함선은 전속력으로,こ각　함선은　전속력으로,각　함선은　전속력으로,True,18E518B2DC0101,True,18F13F08F58316,1,,,602A1A,개시한다！,602A29,콜로니　레이저를　향해라！！,quarantine,unresolved
P2_direct_ext3_exact_text,602A58,scenario_602A39,unverified,second_batch_representative_runtime_test,とにかく、懐に飛びこんで,"어쨌든, 품 안으로 뛰어들어",こ어쨌든、　품　안으로　뛰어들어,어쨌든、　품　안으로　뛰어들어,True,18E518B2E0010101010101010101,True,18FB0107E2DA0CE16FE05118F222,1,,,602A48,콜로니　레이저가　날아온다！,602A67,피해를　입혀라！！,quarantine,unresolved
P2_direct_ext3_exact_text,602A95,scenario_602A7C,unverified,second_batch_representative_runtime_test,コロニ－・レ－ザ－を攻撃するのはいいが,콜로니 레이저를 공격하는 것은 좋으나,こ콜로니　레이저를　공격하는　것은　좋으나,콜로니　레이저를　공격하는　것은　좋으나,True,18E518B2E30101010101010101010101,True,18FA7D2AF91515F35AF1CBF44BF25317,1,,,602A83,이번　작전은　콜로니　레이저　탈취다！,602AA6,격파만은　하지　마라！！,quarantine,unresolved
P4_direct_ext3_text_drift,602AB1,scenario_602A7C,unverified,review_translation_and_runtime_by_bundle,難しい注文だとは思うが、,"어려운 요구라는 것은 알지만,",こ어려운　요구라는　것은　알지만、　여러분,어려운　요구라는　것은　알지만、　여러분,,18E518185801010101010101010101,True,18E22EF45CE24AE36FF81494F1DA07,1,,,602AA6,격파만은　하지　마라！！,602AC1,너희라면　반드시　해낼　수　있다！！,quarantine,unresolved
P1_direct_ext3_exact_text_control_adjacent,602ACE,scenario_602A7C,unverified,high_priority_batch_after_anchor_pass,……頼んだぞ！！,……부탁한다！！,こ……부탁한다！！,……부탁한다！！,True,18E518B2E701010101,True,18F191E075F772F044,2,1728,True,602AC1,너희라면　반드시　해낼　수　있다！！,602AE1,콜로니　레이저　조사　준비를！！,quarantine,unresolved
P4_direct_ext3_text_drift,602CDA,scenario_602CBF,unverified,review_translation_and_runtime_by_bundle,Ｖ２の光の翼で、,"V2의 빛의 날개로,",こＶ２의　빛의　날개로、　이번에야말로,Ｖ２의　빛의　날개로、　이번에야말로,,18E5181A6E010101010101,True,18F16F05E02A05E23E1607,1,,,602CC9,턴Ｘ는　제가　상대하겠습니다！,602CE6,그　녀석을　해치우겠습니다！！,quarantine,unresolved
P1_direct_ext3_exact_text_control_adjacent,602DD1,scenario_602DBE,unverified,high_priority_batch_after_anchor_pass,おのれ……っ！！,이놈……！！,こ이놈……！！,이놈……！！,True,18E518B309010101,True,18F871F19109F044,2,1728,True,602DBE,네、　네놈　같은　애송이　따위가……！,602DE3,해냈다……！！,quarantine,unresolved
P1_direct_ext3_exact_text_control_adjacent,602E75,scenario_602E6C,unverified,high_priority_batch_after_anchor_pass,月光蝶である！！,월광접이다！！,こ월광접이다！！,월광접이다！！,True,18E518B0B30101,True,18F67CF79CF044,2,1728,True,602E6C,크크크크……！,602E86,뭐야！？　……으악！！,quarantine,unresolved
P4_direct_ext3_text_drift,602F07,scenario_602EF3,unverified,review_translation_and_runtime_by_bundle,あれだけ痛めつけておけば,저 정도로 타격을 입혀 놓으면,こ저　정도로　타격을　입혀　놓으면　더　이,저　정도로　타격을　입혀　놓으면　더　이,,18E51836FB01010101010101,True,18FAB3E1E747F0810B35F49D,1,,,602EF3,순조롭게　끝났군……。,602F14,이제　월광접은　못　쓰겠지。,quarantine,unresolved
P1_direct_ext3_exact_text_control_adjacent,602FD3,scenario_602FB7,unverified,high_priority_batch_after_anchor_pass,生かしてはおけない！！,살려둘 수는 없다！！,こ살려둘　수는　없다！！,살려둘　수는　없다！！,True,18E518B3200101010101,True,18CEF678F08CF891F044,2,0857,True,602FC1,너는　전투　의지를　낳는　근원이다！！,602FE2,……윽！,quarantine,unresolved
P5_non_direct_native_or_other,603048,scenario_603039,unverified,do_not_autofix_static_false_positive_possible,いや……,아니……,こ아니……,아니……,True,18F5C5F093,,18F28CF191,2,1728,True,603039,누구지？　포우……？,603057,샤아　대령님……,quarantine,unresolved
P4_direct_ext3_text_drift,603094,scenario_603079,unverified,review_translation_and_runtime_by_bundle,でも、このシミュレ－タ－には,"하지만, 이 시뮬레이터에는",こ하지만、　이　시뮬레이터에는　사이코뮤가,하지만、　이　시뮬레이터에는　사이코뮤가,,18E51819FE0101010101,True,18F25E07F362FE52F467,1,,,603080,샤아　대령님께　칭찬을　듣다니……,60309F,프로그램되어　있지　않습니다。,quarantine,unresolved
P2_direct_ext3_exact_text,6030B0,scenario_603079,unverified,second_batch_representative_runtime_test,サイコミュが使えれば,사이코뮤를 쓸 수 있다면,こ사이코뮤를　쓸　수　있다면,사이코뮤를　쓸　수　있다면,True,18E518B32B01010101,True,18FCEF17E0012BF03E,1,,,60309F,프로그램되어　있지　않습니다。,6030BA,더　잘　싸울　수　있을　텐데……,quarantine,unresolved
P2_direct_ext3_exact_text,603183,scenario_603177,unverified,second_batch_representative_runtime_test,どうしてシャアが,왜 샤아가,こ왜　샤아가,왜　샤아가,True,18E518B33401,True,18F900F7F117,1,,,603177,어째서야、　샤아！？,60318A,지구에　가야만　하는　거야！？,quarantine,unresolved
P2_direct_ext3_exact_text,6031FF,scenario_6031DD,unverified,second_batch_representative_runtime_test,……っ！！,……윽！！,こ……윽！！,……윽！！,True,18E518B54E01,True,18F19109F044,2,,,6031EF,그래서　이　액시즈를　떠나려는……,603207,こ설마　샤아는　아직도,quarantine,unresolved
P2_direct_ext3_exact_text,603207,scenario_6031DD,unverified,second_batch_representative_runtime_test,まさか、シャアはまだ,설마 샤아는 아직도,こ설마　샤아는　아직도,설마　샤아는　아직도,True,18E518B33A010101,True,18F84507F7F1F7AA,1,,,6031FF,こ……윽！！,603210,라라아를……,quarantine,unresolved
P1_direct_ext3_exact_text_control_adjacent,60326F,scenario_603266,unverified,high_priority_batch_after_anchor_pass,い、今のは……,"방, 방금 그것은……",こ방、　방금　그것은……,방、　방금　그것은……,True,18E518B33F010101,True,18040776F44BF191,2,1728,True,603266,으윽……,603281,……내　꿈？,quarantine,unresolved
P3_direct_ext3_control_adjacent_text_drift,6032C3,scenario_6032B0,unverified,confirm_current_text_then_rehome,よくもずけずけと人の心の中に入る！,감히 제멋대로 타인의 마음속을 들여다보다니！,こ남의　마음에　멋대로　들어오다니！,남의　마음에　멋대로　들어오다니！,,18E5181BD701010101010101010101010101,True,18F61974287428135005E00B05520CBF0F03,2,1728,True,6032B0,나를　망설이게　한　건　네놈이냐！！,6032E1,……부끄러운　줄　알아라、　속물！！,quarantine,unresolved
P1_direct_ext3_exact_text_control_adjacent,603307,scenario_6032F7,unverified,high_priority_batch_after_anchor_pass,ボクたちは……！！,우리들은……！！,こ우리들은……！！,우리들은……！！,True,18E518B345010101,True,18F279F762F60C03,2,1728,True,6032F7,기다려、　하만　칸！！,603319,그만둬、　하만！！,quarantine,unresolved
P4_direct_ext3_text_drift,603325,scenario_603319,unverified,review_translation_and_runtime_by_bundle,今の光景をアナタも見たんだろ！？,방금 전의 광경은 당신도 보았잖아！？,こ방금　광경、　당신도　봤잖아！？,방금　광경、　당신도　봤잖아！？,,18E5184AD10101010101010101010101,True,187605F35F15F809208A11F22E42F040,1,,,603319,그만둬、　하만！！,603336,우리는　서로　이해할　수　있어！,quarantine,unresolved
P2_direct_ext3_exact_text,6033A5,scenario_603399,unverified,second_batch_representative_runtime_test,やはりオマエは,역시 너는,こ역시　너는,역시　너는,True,18E518B34C01,True,18F66CF68F08,1,,,603399,하만　칸！！,6033AC,살아서는　안되는　인간이야！！,quarantine,unresolved
P5_non_direct_native_or_other,603403,scenario_6033F7,unverified,do_not_autofix_static_false_positive_possible,……………,……………,こ……………,……………,True,18F617F191,,18F617F191,2,,,6033F7,……하만！！,60340A,こ놓쳐버렸는가……,quarantine,unresolved
P1_direct_ext3_exact_text_control_adjacent,60340A,scenario_6033F7,unverified,high_priority_batch_after_anchor_pass,逃がしたのか……,놓쳐버렸는가……,こ놓쳐버렸는가……,놓쳐버렸는가……,True,18E518B350010101,True,18E01517FB99F191,2,1728,True,603403,こ……………,60341C,에너지　반응　감소！！,quarantine,unresolved
P2_direct_ext3_exact_text,60342A,scenario_60341C,unverified,second_batch_representative_runtime_test,コロニ－・レ－ザ－の動力遮断に,콜로니 레이저의 동력 차단에,こ콜로니　레이저의　동력　차단에,콜로니　레이저의　동력　차단에,True,18E518B352010101010101010101,True,18FA7D2AF91505AA57E3CAE1280C,1,,,60341C,에너지　반응　감소！！,603439,성공했습니다！！,quarantine,unresolved
P2_direct_ext3_exact_text,60344F,scenario_603446,unverified,second_batch_representative_runtime_test,今のうちにコロニ－・レ－ザ－を,지금 틈을 타 콜로니 레이저를,こ지금　틈을　타　콜로니　레이저를,지금　틈을　타　콜로니　레이저를,True,18E518B3550101010101,True,1876FAA1FA7D2AF91515,1,,,603446,좋아！！,60345A,제압한다！！,quarantine,unresolved
P1_direct_ext3_exact_text_control_adjacent,6034BB,scenario_6034AA,unverified,high_priority_batch_after_anchor_pass,ハマ－ンさまはどこにおられる！？,하만 님은 어디에 계시는가！？,こ하만　님은　어디에　계시는가！？,하만　님은　어디에　계시는가！？,True,18E518B35A0101010101010101,True,18FA29F34FF988351CF047F040,2,1728,True,6034B1,콜로니　레이저가！！,6034CF,……안　됩니다！,quarantine,unresolved
P2_direct_ext3_exact_text,603512,scenario_603507,unverified,second_batch_representative_runtime_test,よし、残るはギンガナム隊だけだ！,"좋아, 남은 것은 깅가남 부대뿐이다！",こ좋아、　남은　것은　깅가남　부대뿐이다！,좋아、　남은　것은　깅가남　부대뿐이다！,True,18E518B35F010101010101010101,True,18F49007E01FF3FCFCD554F86E03,2,,,603507,철수했나……,603522,こ각　기체는　콜로니　레이저를　지키면서,quarantine,unresolved
P2_direct_ext3_exact_text,603522,scenario_603507,unverified,second_batch_representative_runtime_test,各機、コロニ－レ－ザ－を守りつつ,각 기체는 콜로니 레이저를 지키면서,こ각　기체는　콜로니　레이저를　지키면서,각　기체는　콜로니　레이저를　지키면서,True,18E518B36001010101010101,True,18F11107FE8E15E03B274040,1,,,603512,こ좋아、　남은　것은　깅가남　부대뿐이다！,60352F,적　부대를　섬멸하라！！,quarantine,unresolved
P1_direct_ext3_exact_text_control_adjacent,603582,scenario_60356A,unverified,high_priority_batch_after_anchor_pass,コロニ－・レ－ザ－を制圧する！！,콜로니 레이저를 제압한다！！,こ콜로니　레이저를　제압한다！！,콜로니　레이저를　제압한다！！,True,18E518B3640101010101010101,True,18FA7D2AF91515F32EF1CBF044,2,084B,True,603574,콜로니　레이저에　접현시켜라！！,603594,……알겠습니다！！,quarantine,unresolved
P1_direct_ext3_exact_text_control_adjacent,6035D9,scenario_6035CF,unverified,high_priority_batch_after_anchor_pass,みんな、よくやってくれた！！,"모두, 아주 잘해 주었다！！",こ모두、　아주　잘해　주었다！！,모두、　아주　잘해　주었다！！,True,18E518B367010101010101010101,True,18F7C407F497F2A20B24F02CF044,2,1728,True,6035CF,작전　성공인가！！,6035F1,……뭐지！？,quarantine,unresolved
P2_direct_ext3_exact_text,60360D,scenario_6035FF,unverified,second_batch_representative_runtime_test,ティタ－ンズの艦隊が,티탄즈의 함대가,こ티탄즈의　함대가,티탄즈의　함대가,True,18E518B3690101,True,18FDC405F50117,1,,,6035FF,그라나다에서　긴급　통신입니다！,603615,이쪽으로　향하고　있답니다！,quarantine,unresolved
P4_direct_ext3_text_drift,60372D,scenario_60370D,unverified,review_translation_and_runtime_by_bundle,モビルス－ツ隊で敵の出足を止め、,"모빌슈트 부대로 적의 진격을 저지하고,",こ모빌슈트　부대로　적의　진격을　저지하고,모빌슈트　부대로　적의　진격을　저지하고,,18E518B37901010101010101010101,True,18FD7954167F056FE09315E0274707,1,,,603720,상대하려면　그　방법뿐이다。,60373D,콜로니　레이저로　단숨에　친다……,quarantine,unresolved
P4_direct_ext3_text_drift,60374D,scenario_60370D,unverified,review_translation_and_runtime_by_bundle,ハヤトとべラ君はそのつもりでいてくれ。,하야토와 베라 군은 그럴 생각으로 대비해 주게.,こ하야토와　베라　군은　준비해　두게。,하야토와　베라　군은　준비해　두게。,,18E5183BE10101010101010101010101,True,18F59D13F00261F7A44020F227FA660A,2,,,60373D,콜로니　레이저로　단숨에　친다……,60375F,こ아마도　이것이　마지막　전투가　될　것이,quarantine,unresolved
P4_direct_ext3_text_drift,60375F,scenario_60370D,unverified,review_translation_and_runtime_by_bundle,おそらくこれが最後の戦いになるだろう。,아마도 이것이 마지막 전투가 될 것이네.,こ아마도　이것이　마지막　전투가　될　것이,아마도　이것이　마지막　전투가　될　것이,,18E518B37C0101010101010101010101,True,18FAA7F622F4090539F27CF514F5AE0A,1,,,60374D,こ하야토와　베라　군은　준비해　두게。,603770,둘　다、　부탁한다。,quarantine,unresolved
P3_direct_ext3_control_adjacent_text_drift,603806,scenario_6037EE,unverified,confirm_current_text_then_rehome,大尉とあの人との間に何があったかを！,대위님과 그 사람 사이에 무슨 일이 있었는지를！,こ대위와　그　사이엔　무슨　일이　있었나！,대위와　그　사이엔　무슨　일이　있었나！,,18E5182BC10101010101010101010101,True,18F08EF5BD50F17F990C9AFB6D0E1503,2,082B,True,6037FF,봤습니다……！,60381B,……윽！！　카미유……,quarantine,unresolved
P2_direct_ext3_exact_text,603841,scenario_60382F,unverified,second_batch_representative_runtime_test,ハマ－ン・カ－ンがあんな風になって,하만 칸이 저런 식으로 되어버린 것은,こ하만　칸이　저런　식으로　되어버린　것은,하만　칸이　저런　식으로　되어버린　것은,True,18E518B38801010101010101,True,18FA292AF58DF9B6E173FB76,1,,,60382F,변명은　듣지　않겠습니다。,60384E,대위、　당신　탓입니다！！,quarantine,unresolved
P2_direct_ext3_exact_text,603894,scenario_60387F,unverified,second_batch_representative_runtime_test,アナタはハマ－ン・カ－ンと,당신은 하만 칸과,こ당신은　하만　칸과,당신은　하만　칸과,True,18E518B38D0101010101,True,18F80908FA292AF58D13,1,,,60388E,대위……,60389F,다시　한번　이야기를　나눠야　합니다。,quarantine,unresolved
P2_direct_ext3_exact_text,6038DF,scenario_6038BE,unverified,second_batch_representative_runtime_test,そう言ったのは、大尉！,"그렇게 말한 건, 대위님！",こ그렇게　말한　건、　대위님！,그렇게　말한　건、　대위님！,True,18E518B3910101010101,True,18F4267AF98307F08E03,1,,,6038CC,인류는　변해　갈　수　있다……,6038EA,당신　아니었습니까！！,quarantine,unresolved
P4_direct_ext3_text_drift,6038F2,scenario_6038BE,unverified,review_translation_and_runtime_by_bundle,なのに、大尉は過去に囚われて,"그런데도, 대위님은 과거에 얽매여",こ그런데도、　대위님은　과거에　얽매여　타,그런데도、　대위님은　과거에　얽매여　타,,18E51847ED01010101010101010101,True,18F74407F08E08F36C0CE2F8F2420B,1,,,6038EA,당신　아니었습니까！！,603902,사람과의　교류를　거부하고　있어요……,quarantine,unresolved
P4_direct_ext3_text_drift,603912,scenario_6038BE,unverified,review_translation_and_runtime_by_bundle,それじゃ、大尉が批判する重力に魂を,"그렇다면 대위님이 비판하는, 중력에 영혼을",こ그럼　대위가　비판한、　중력에,그럼　대위가　비판한、　중력에,,18E51819B201010101010101010101010101010101,True,18F422F2D207F08E17E3E4E170F1CBF0C00CE1FE15,1,,,603902,사람과의　교류를　거부하고　있어요……,603928,붙잡힌　사람들과　다를　게　없잖아요！？,quarantine,unresolved
P2_direct_ext3_exact_text,60399C,scenario_60398F,unverified,second_batch_representative_runtime_test,ハマ－ンがああなってしまったのは,하만이 그렇게 되어버린 것은,こ하만이　그렇게　되어버린　것은,하만이　그렇게　되어버린　것은,True,18E518B39A0101010101010101,True,18FA2917F3C6F5200BFAEBF44B,1,,,60398F,……확실히　그렇군。,6039AA,내게　책임이　있다고　할　수　있겠지。,quarantine,unresolved
P4_direct_ext3_text_drift,6039B6,scenario_60398F,unverified,review_translation_and_runtime_by_bundle,ならば、彼女をかつてのような心優しい,"그렇다면, 그녀를 과거처럼 마음씨 착했던",こ그렇다면、　예전의　상냥한　그녀로,그렇다면、　예전의　상냥한　그녀로,,18E5184AD201010101010101010101010101,True,18F67707F38315FB73F49E06E00BE0D5F45C,1,,,6039AA,내게　책임이　있다고　할　수　있겠지。,6039C9,사람으로　되돌리는　게　내　의무다。,quarantine,unresolved
P2_direct_ext3_exact_text,6039DB,scenario_60398F,unverified,second_batch_representative_runtime_test,はたして可能かどうかはわからんが、,"과연 가능할지는 모르겠다만,",こ과연　가능할지는　모르겠다만、,과연　가능할지는　모르겠다만、,True,18E518B39E01010101010101010101,True,18FB75F4F30EF8980831F124191707,1,,,6039C9,사람으로　되돌리는　게　내　의무다。,6039EB,해보겠네……　카미유。,quarantine,unresolved
P2_direct_ext3_exact_text,6039F8,scenario_60398F,unverified,second_batch_representative_runtime_test,ハマ－ンともうー度話をして、,"하만과 다시 한번 대화하여,",こ하만과　다시　한번　대화하여、,하만과　다시　한번　대화하여、,True,18E518B3A00101010101010101,True,18FA29F17A14F013E02EF60107,1,,,6039EB,해보겠네……　카미유。,603A18,크와트로　대위……！！,quarantine,unresolved
P2_direct_ext3_exact_text,603A5E,scenario_603A54,unverified,second_batch_representative_runtime_test,明日の戦いはどの陣営にとっても,내일의 전투는 어느 진영에게나,こ내일의　전투는　어느　진영에게나,내일의　전투는　어느　진영에게나,True,18E518B3A6010101010101010101,True,18F2310539F27FF087F4F4FB3720,1,,,603A54,……있어。,603A6D,최후의　결전이　될　거야……,quarantine,unresolved
P1_direct_ext3_exact_text_control_adjacent,603A7B,scenario_603A54,unverified,high_priority_batch_after_anchor_pass,……必ずヤツは介入してくる。,……반드시 녀석은 개입해 올 것이다.,こ……반드시　녀석은　개입해　올　것이다。,……반드시　녀석은　개입해　올　것이다。,True,18E518B3A8010101010101010101,True,18F191E00D74F2D408F532F9070A,2,0809,True,603A6D,최후의　결전이　될　거야……,603A8E,………………,quarantine,unresolved
P3_direct_ext3_control_adjacent_text_drift,603AD1,scenario_603AC4,unverified,confirm_current_text_then_rehome,彼女が出てきたらどうするの、アナタは？,"그녀가 나타면 어떻게 할 생각이야, 당신은？",こ그녀가　나오면　어쩔　거야、　당신은？,그녀가　나오면　어쩔　거야、　당신은？,,18E5181BD8010101010101010101010101,True,18F383176F0B32111CFA740507F809081D,2,0802,True,603AC4,……있잖아、　시그？,603AE7,……글쎄。,quarantine,unresolved
P3_direct_ext3_control_adjacent_text_drift,603AF3,scenario_603AE7,unverified,confirm_current_text_then_rehome,オレがあいつを殺すか……,내가 그 녀석을 죽이거나……,こ내가　그녀를　죽이거나……,내가　그녀를　죽이거나……,,18E5182C37010101010101,True,18F430FD21E00CF1E0F191,2,0809,True,603AE7,……글쎄。,603B03,……시그！？,quarantine,unresolved
P4_direct_ext3_text_drift,603B29,scenario_603B12,unverified,review_translation_and_runtime_by_bundle,実際に出会ってみないことには,실제로 맞닥뜨려 보기 전에는,こ실제로　만나보지　않으면,실제로　만나보지　않으면,,18E5180CB701010101010101010101,True,18F3BC0CF15BF15669F5261813F467,1,,,603B1E,이　나를　죽일지。,603B39,뭐라　말할　수　없어……。,quarantine,unresolved
P5_non_direct_native_or_other,603B43,scenario_603B12,unverified,do_not_autofix_static_false_positive_possible,………………,………………,こ………………,………………,True,18F617F617,,18F617F617,2,1728,True,603B39,뭐라　말할　수　없어……。,6043E1,우주세기　００７９년　１２월　중순。,quarantine,unresolved
P3_direct_ext3_control_adjacent_text_drift,604492,scenario_60447D,unverified,confirm_current_text_then_rehome,……ん、『中尉』？,"……음, '중위'？",こ……응、『중위』？,……응、『중위』？,,18E5182C3B0101010101,True,18F19119F4B5F559661D,2,080A,True,604486,내게　용건이란……,6044A1,오늘부로　내린　인사　명령이다。,quarantine,unresolved
P4_direct_ext3_text_drift,6044B2,scenario_6044A1,unverified,review_translation_and_runtime_by_bundle,本日をもってシグ・ウェドナ－少尉は,오늘부로 시그 웨드너 소위는,こ오늘부로　시그・웨드너　소위는,오늘부로　시그・웨드너　소위는,,18E5181D470101010101010101,True,18F2B3F9ADF50B2AFD0AF39D08,1,,,6044A1,오늘부로　내린　인사　명령이다。,6044C0,중위로　승진한다。,quarantine,unresolved
P4_direct_ext3_text_drift,6044CA,scenario_6044A1,unverified,review_translation_and_runtime_by_bundle,新編の戦隊でモビルス－ツ隊を,신편 전대에서 모빌슈트 부대를,こ신편　전대에서　모빌슈트대를,신편　전대에서　모빌슈트대를,,18E5184C590101010101010101,True,18E021E1B305F33316FD795415,1,,,6044C0,중위로　승진한다。,6044D8,지휘해　싸우게　될　거다。,quarantine,unresolved
P4_direct_ext3_text_drift,604545,scenario_604530,unverified,review_translation_and_runtime_by_bundle,いくら若いとはいえ、オマエさんだって,"아무리 젊다고는 하나, 자네 역시",こ아무리　젊어도、자네도,아무리　젊어도、자네도,,18E5181C510101010101010101010101,True,18F889E26CF7D4F25407F68FF366F649,1,,,604530,그렇게　겸손할　필요는　없지。,604556,북미　격전을　헤쳐　왔다。,quarantine,unresolved
P3_direct_ext3_control_adjacent_text_drift,60456A,scenario_604530,unverified,confirm_current_text_then_rehome,実力なら十分にある。,실력이라면 충분히 있어.,こ실력은　충분하다。,실력은　충분하다。,,18E5183C5A0101010101,True,18F2B9F515F08BF8BA0A,2,0801,True,604556,북미　격전을　헤쳐　왔다。,604579,하아……。,quarantine,unresolved
P4_direct_ext3_text_drift,60459D,scenario_604586,unverified,review_translation_and_runtime_by_bundle,我が軍が連邦に対して戦力の建て直しを,아군이 연방에 대항해 전력을 재정비하려는,こ아군이　연방에　대항해　전력을,아군이　연방에　대항해　전력을,,18E518C0FD0101010101010101010101010101010101,True,186A178F17F4250CE01BF413F38705E2D60BE066F3FB,1,,,604586,뭐、　다른　사정도　있어서　말이지。,6045B4,꾀하고　있는　건　알고　있겠지？,quarantine,unresolved
P2_direct_ext3_exact_text,6045F8,scenario_6045D2,unverified,second_batch_representative_runtime_test,そのためのデ－タを収集するのに,그것을 위한 데이터를 수집하는 데,こ그것을　위한　데이터를　수집하는　데,그것을　위한　데이터를　수집하는　데,True,18E518C102010101010101010101,True,18FCF1F5D215E0C6E091F1CB050C,1,,,6045E3,정식　채용이라는　게　있어서　말이지……,604607,우리　부대가　뽑힌　거다。,quarantine,unresolved
P2_direct_ext3_exact_text,604658,scenario_604639,unverified,second_batch_representative_runtime_test,で、そのニュ－タイプというのが,"그래서, 그 뉴타입들이라는 게",こ그래서、　그　뉴타입들이라는　게,그래서、　그　뉴타입들이라는　게,True,18E518C108010101010101,True,181607F423FD6CF6640517,1,,,60464C,우수한　뉴타입들이라더군。,604664,너와　비슷한　나이대라서　말이지……。,quarantine,unresolved
P4_direct_ext3_text_drift,604675,scenario_604639,unverified,review_translation_and_runtime_by_bundle,同世代ならうまく彼らとも付合っていける,동세대라면 그들과도 잘 어울릴 수 있을,こ동세대라면　그들과도　잘　어울릴　수　있,동세대라면　그들과도　잘　어울릴　수　있,,18E518C10A0101010101010101010101010101010101,True,18D0E03CE0F2F515F6AB95F05620E063B4F15604F4A2,1,,,604664,너와　비슷한　나이대라서　말이지……。,60468C,시그　중위에게　대장을　맡기려는……,quarantine,unresolved
P4_direct_ext3_text_drift,6046B1,scenario_6046A2,unverified,review_translation_and_runtime_by_bundle,ブラ－ド中佐は自分にモビルス－ツ隊を,브라드 중령님은 저에게 모빌슈트 부대를,こ브라드　중령님은　저에게　모빌슈트　부대,브라드　중령님은　저에게　모빌슈트　부대,,18E518C10D0101010101010101,True,18F94AF4CA08F48A0CFD795415,1,,,6046A2,자、　잠깐만요！！,6046BF,지휘하라고만　하신　게　아니라……,quarantine,unresolved
P3_direct_ext3_control_adjacent_text_drift,6046CF,scenario_6046A2,unverified,confirm_current_text_then_rehome,ニュ－タイプたちの面倒まで見ろと！？,뉴타입들의 뒤치다꺼리까지 맡기시는 겁니까！？,こ뉴타입들까지　돌보란　말입니까！？,뉴타입들까지　돌보란　말입니까！？,,18E518C10F0101010101010101010101,True,18FD6CF761E0B1E011F19D8A4213F040,2,080A,True,6046BF,지휘하라고만　하신　게　아니라……,6046E4,어이，,quarantine,unresolved
P2_direct_ext3_exact_text,6046FA,scenario_6046E4,unverified,second_batch_representative_runtime_test,できるだけ彼らとうまくやってくれと,가능한 한 그들과 잘 지내 달라고,こ가능한　한　그들과　잘　지내　달라고,가능한　한　그들과　잘　지내　달라고,True,18E518C1110101010101010101010101,True,18F64FF53D95F056F6ABF2A20B241B13,1,,,6046EB,그렇게　심각하게　생각하지　마。,60470B,뜻일　뿐이야。,quarantine,unresolved
P4_direct_ext3_text_drift,604716,scenario_6046E4,unverified,review_translation_and_runtime_by_bundle,隊員とのコミュニケ－ションは,대원과의 소통은,こ대원과의　의사소통은,대원과의　의사소통은,,18E5184C5B01010101010101010101010101,True,1854E016F17F5E647860E022102DE0BF1A08,1,,,60470B,뜻일　뿐이야。,604729,대장의　임무　중　하나잖아？,quarantine,unresolved
P4_direct_ext3_text_drift,60479A,scenario_604789,unverified,review_translation_and_runtime_by_bundle,『敵パトロ－ル部隊と遭遇。,『적 정찰 부대와 조우.,こ『적　정찰　부대와　조우。　지급히,『적　정찰　부대와　조우。　지급히,,18E5181A7D010101010101,True,18687FFC08F42813F1D70A,1,,,604789,플라나간　셔틀에서　긴급　통신입니다！,6047A6,즉시　지원군　파견　요망』……이상！！,quarantine,unresolved
P3_direct_ext3_control_adjacent_text_drift,604819,scenario_6047F4,unverified,confirm_current_text_then_rehome,他は、まだ……,다른 기체들은 아직……,こ다른　건、아직……,다른　건、아직……,,18E5182C3E01010101,True,18E0ED0807F195F191,2,0801,True,604803,중위　기체는　정비가　끝났지만……,604827,상관없다！　한　기면　충분해！！,quarantine,unresolved
P2_direct_ext3_exact_text,60486A,scenario_60484D,unverified,second_batch_representative_runtime_test,シグ・ウェドナ－中尉、,"시그 웨드너 중위,",こ시그　웨드너　중위、,시그　웨드너　중위、,True,18E518C12301010101,True,18F50B2AFD0AF55907,1,,,60485A,기다리고만　있을　순　없잖아요！,604874,우군　부대　구조를　위해　출격합니다！！,quarantine,unresolved
P2_direct_ext3_exact_text,6048B3,scenario_6048A9,unverified,second_batch_representative_runtime_test,……やれやれ。,……이런 이런.,こ……이런　이런。,……이런　이런。,True,18E518C12601,True,18F191F9FB0A,1,,,6048A9,……………。,6048BA,성급한　녀석이군……,quarantine,unresolved
P2_direct_ext3_exact_text,6048C3,scenario_6048A9,unverified,second_batch_representative_runtime_test,しかし、つい今の今まで,하지만 바로 방금 전까지,こ하지만　바로　방금　전까지,하지만　바로　방금　전까지,True,18E518C128010101010101,True,18F82807F04F760576F19D,1,,,6048BA,성급한　녀석이군……,6048CF,대장　얘기를　싫어하더니、,quarantine,unresolved
P2_direct_ext3_exact_text,6048E0,scenario_6048A9,unverified,second_batch_representative_runtime_test,まだ顔も合わせてない部下の,아직 얼굴도 보지 못한 부하의,こ아직　얼굴도　보지　못한　부하의,아직　얼굴도　보지　못한　부하의,True,18E518C12A010101010101010101,True,18F195E0AC20B4F868F526F37805,1,,,6048CF,대장　얘기를　싫어하더니、,6048EF,구하러　뛰쳐나가다니……,quarantine,unresolved
P2_direct_ext3_exact_text,604901,scenario_6048A9,unverified,second_batch_representative_runtime_test,……意外に隊長職も,……의외로 대장직이,こ……의외로　대장직이,……의외로　대장직이,True,18E518C12C010101010101,True,18F191F0D20CF0CAE33920,1,,,6048EF,구하러　뛰쳐나가다니……,604924,어떤가、　그렇게　생각하지　않나？,quarantine,unresolved
P4_direct_ext3_text_drift,6049C7,scenario_6049B0,unverified,review_translation_and_runtime_by_bundle,フラナガンのシャトルだな！？,플래너건의 셔틀이 맞나！？,こ플라나간의　셔틀이　맞나！？,플라나간의　셔틀이　맞나！？,,18E518C1360101010101,True,18FCFA05FBA3F549F040,1,,,6049BB,시그　웨드너　중위다！！,6049D2,구조하러　왔다！！,quarantine,unresolved
P2_direct_ext3_exact_text,6049DB,scenario_6049B0,unverified,second_batch_representative_runtime_test,もうすぐ本隊が到着する。,곧 본대가 도착할 것이다.,こ곧　본대가　도착할　것이다。,곧　본대가　도착할　것이다。,True,18E518C138010101010101,True,18FA37F27217F323F1CB0A,1,,,6049D2,구조하러　왔다！！,6049E7,그때까지　어떻게든　버텨라！,quarantine,unresolved
P1_direct_ext3_exact_text_control_adjacent,604A99,scenario_604A89,unverified,high_priority_batch_after_anchor_pass,ハッチを開けてくれ。出るぞ！！,해치를 열어다오. 나가겠다！！,こ해치를　열어다오。　나가겠다！！,해치를　열어다오。　나가겠다！！,True,18E518C1430101010101010101,True,18F6A715CDF9850A6FF3EFF044,2,0891,True,604A89,……그렇다면　문제없겠군。,604AAB,아、　이봐！！,quarantine,unresolved
P2_direct_ext3_exact_text,604AC9,scenario_604ABF,unverified,second_batch_representative_runtime_test,ずいぶん頼りない動きだが……,상당히 불안정한 움직임인데……,こ상당히　불안정한　움직임인데……,상당히　불안정한　움직임인데……,True,18E518C145010101010101010101,True,18FB6CE07527F526AAF4F217F191,1,,,604ABF,……뭐지？,604AD8,설마　저게　플라나간의　뉴타입인가？,quarantine,unresolved
P5_non_direct_native_or_other,604AE7,scenario_604ABF,unverified,do_not_autofix_static_false_positive_possible,………………,………………,こ………………,………………,True,18F617F617,,18F617F617,2,,,604AD8,설마　저게　플라나간의　뉴타입인가？,604AEE,こ……이봐、　거기　돔！！,quarantine,unresolved
P1_direct_ext3_exact_text_control_adjacent,604AEE,scenario_604ABF,unverified,high_priority_batch_after_anchor_pass,……おい、そこのドム！！,"……이봐, 거기 돔！！",こ……이봐、　거기　돔！！,……이봐、　거기　돔！！,True,18E518C14701010101010101,True,18F191F24507F61A443FF044,2,1728,True,604AE7,こ………………,604B01,……윽！,quarantine,unresolved
P2_direct_ext3_exact_text,604B0A,scenario_604B01,unverified,second_batch_representative_runtime_test,あまりでかい声で怒鳴らないでくれ。,너무 큰 소리로 소리치지 말아줘.,こ너무　큰　소리로　소리치지　말아줘。,너무　큰　소리로　소리치지　말아줘。,True,18E518C1480101010101010101010101010101,True,18F76F16F148E1C516E157E3DFF5D016241B0A,1,,,604B01,……윽！,604B1E,귀가　멀　줄　알았다고。,quarantine,unresolved
P4_direct_ext3_text_drift,604B41,scenario_604B37,unverified,review_translation_and_runtime_by_bundle,それより、ＭＳなんか持ち出して,"그보다, 모빌슈트 같은 걸 끌고 나와서",こ그보다、　모빌슈트　같은　걸　끌고,그보다、　모빌슈트　같은　걸　끌고,,18E518C14B010101010101010101,True,18FBA507F3A3F853E0123B6FF413,1,,,604B37,……그런　건　아무래도　좋아。,604B50,뭘　할　셈이지？,quarantine,unresolved
P2_direct_ext3_exact_text,604B8D,scenario_604B84,unverified,second_batch_representative_runtime_test,ああ……,그래……,こ그래……,그래……,True,18E518C14F,True,18F3C6F191,1,,,604B84,………………,604B93,하나　묻겠는데……　실전　경험은？,quarantine,unresolved
P3_direct_ext3_control_adjacent_text_drift,604BCB,scenario_604BA8,unverified,confirm_current_text_then_rehome,実戦は……これから経験するところだ。,실전은…… 이제부터 경험하려던 참이다.,こ실전은……　이제부터　겪어야　하지。,실전은……　이제부터　겪어야　하지。,,18E5180C400101010101010101010101,True,18F30308F191F9FDF449F77418420D0A,2,1728,True,604BB5,시뮬레이션이라면　지겨울　만큼　했어。,604BE7,………………,quarantine,unresolved
P2_direct_ext3_exact_text,604C50,scenario_604C31,unverified,second_batch_representative_runtime_test,オレが実際にやってみせるから、,"내가 직접 보여줄 테니까,",こ내가　직접　보여줄　테니까、,내가　직접　보여줄　테니까、,True,18E518C15801010101010101,True,18F43017F3BC0CFD77F12407,1,,,604C44,조금　가르쳐　주지。,604C5D,머리에　잘　새겨　둬！,quarantine,unresolved
P4_direct_ext3_text_drift,604C83,scenario_604C76,unverified,review_translation_and_runtime_by_bundle,こうやって敵に隣接して行うのが直接攻撃。,이렇게 적에게 인접하여 행하는 것이 직접 공격.,こ이렇게　적에게　인접하여　행하는　것이,이렇게　적에게　인접하여　행하는　것이,,18E518C15B0101010101010101010101,True,18FC657F0CF33CF4136B140517F90A0A,1,,,604C76,먼저　적　공격이다。,604C94,이게　공격의　기본이다。,quarantine,unresolved
P2_direct_ext3_exact_text,604CDA,scenario_604CCD,unverified,second_batch_representative_runtime_test,ビ－ムサ－べルやヒ－トホ－ク、,"빔 사벨이나 히트 호크,",こ빔　사벨이나　히트　호크、,빔　사벨이나　히트　호크、,True,18E518626C010101010101010101010101,True,18F6A06510F0033AE095103EE092103D07,1,,,604CCD,이게　’근접’。,604CEC,클로　등을　이용한　격투전이다！,quarantine,unresolved
P4_direct_ext3_text_drift,604DF3,scenario_604DCD,unverified,review_translation_and_runtime_by_bundle,だが、『近接』にはーつ弱点がある。,"하지만, 『근접』에는 한 가지 약점이 있다.",こ『근접』엔　약점이　하나　있다。,『근접』엔　약점이　하나　있다。,,18E5181BD9010101010101010101010101,True,18F538F4B5F56B66F4678240F4BBF5870A,2,,,604DE2,확실히　노림수는　나쁘지　않아……,604E06,こ그건……,quarantine,unresolved
P5_non_direct_native_or_other,604E06,scenario_604DCD,unverified,do_not_autofix_static_false_positive_possible,それは……,그것은……,こ그건……,그건……,,18F05EF093,,18F5ADF191,2,1728,True,604DF3,こ『근접』엔　약점이　하나　있다。,604E15,공격　속도가　느리다는　거다！！,quarantine,unresolved
P4_direct_ext3_text_drift,604F41,scenario_604F16,unverified,review_translation_and_runtime_by_bundle,もっとも、必ず成功するわけではないから,"다만, 반드시 성공한다는 보장은 없으므로",こ다만、　반드시　성공하는　건　아니니,다만、　반드시　성공하는　건　아니니,,18E518628301010101010101010101,True,18FAC807E00D74F2C8F77D28FC2B1C,1,,,604F2D,상관없이　’선제공격’　가능。,604F51,믿고　싸우는　건　신중해야　하지만。,quarantine,unresolved
P4_direct_ext3_text_drift,604F63,scenario_604F16,unverified,review_translation_and_runtime_by_bundle,……と、まあこんなところだ。,……대충 이런 식이다.,こ……대충　이런　식이다。　나머지는,……대충　이런　식이다。　나머지는,,18E5183AA4010101010101010101,True,18F1911307F181F5C81318420D0A,1,,,604F51,믿고　싸우는　건　신중해야　하지만。,604F72,직접　시험해　보며　익히면　된다。,quarantine,unresolved
P4_direct_ext3_text_drift,604F9C,scenario_604F91,unverified,review_translation_and_runtime_by_bundle,『近接』と『射撃』,『근접』과 『사격』,こ『근접』과　『사격』　상황에　따라　이,『근접』과　『사격』　상황에　따라　이,,18E5183A370101010101,True,1868F56B661368F15C66,1,,,604F91,……알겠다。,604FA7,상황에　맞게　나눠　쓰는　거군。,quarantine,unresolved
P2_direct_ext3_exact_text,604FEA,scenario_604FE0,unverified,second_batch_representative_runtime_test,じゃあ、戦闘開始だ。,"그럼, 전투 개시다.",こ그럼、　전투　개시다。,그럼、　전투　개시다。,True,18E518C047010101,True,18F66707F9130D0A,1,,,604FE0,……좋아。,604FF3,지원을　부탁한다。,quarantine,unresolved
P1_direct_ext3_exact_text_control_adjacent,605035,scenario_60502B,unverified,high_priority_batch_after_anchor_pass,じゃあ、戦闘開始だ。,"그럼, 전투 개시다.",こ그럼、　전투　개시다。,그럼、　전투　개시다。,True,18E518C047010101,True,18F66707F9130D0A,2,1728,True,60502B,……좋아。,605047,전투에는　또　하나,quarantine,unresolved
P4_direct_ext3_text_drift,60505D,scenario_605047,unverified,review_translation_and_runtime_by_bundle,それが、『ＩＤコマンド』だ。,"그것이, 『ID 커맨드』이다.",こ그것이、　『ＩＤ　커맨드』이다。,그것이、　『ＩＤ　커맨드』이다。,,18E518C16401010101010101,True,18F5A4F4B5F54FFAD7660D0A,2,,,605053,중요한　요소가　있다。,60506B,こ이것은　그　캐릭터　특유의　능력으로、,quarantine,unresolved
P2_direct_ext3_exact_text,60506B,scenario_605047,unverified,second_batch_representative_runtime_test,これは、そのキャラクタ－特有の能力で、,"이것은 그 캐릭터 특유의 능력으로,",こ이것은　그　캐릭터　특유의　능력으로、,이것은　그　캐릭터　특유의　능력으로、,True,18E518628F010101010101010101010101,True,18F63007F423FD93E150E1E305F0D31607,1,,,60505D,こ그것이、　『ＩＤ　커맨드』이다。,60507D,전투　능력을　올릴　수　있다。,quarantine,unresolved
P1_direct_ext3_exact_text_control_adjacent,60508C,scenario_605047,unverified,high_priority_batch_after_anchor_pass,例えば、オレの場合はこれだ。,"예를 들어, 내 경우에는 이것이다.",こ예를　들어、　내　경우에는　이것이다。,예를　들어、　내　경우에는　이것이다。,True,18E51862910101010101010101010101,True,18E18BF0E007F43005F30C08F36D0D0A,2,1728,True,60507D,전투　능력을　올릴　수　있다。,6050A6,……격추한다！！,quarantine,unresolved
P4_direct_ext3_text_drift,6050E0,scenario_6050BB,unverified,review_translation_and_runtime_by_bundle,ＩＤコマンドを使用するためには,ID 커맨드를 사용하기 위해서는,こＩＤ　커맨드를　사용하기　위해서는,ＩＤ　커맨드를　사용하기　위해서는,,18E5186295010101010101,True,18F54FFAD715F439FC3308,1,,,6050D1,명중률이　각각　올라간다。,6050EC,’ＳＰ’를　소비해야　하지만、,quarantine,unresolved
P4_direct_ext3_text_drift,605101,scenario_6050BB,unverified,review_translation_and_runtime_by_bundle,その分、戦闘で大きな修正を受けられる。,그만큼 전투에서 큰 보정을 받게 된다.,こ그만큼　전투에서　큰　보정을　받는다。,그만큼　전투에서　큰　보정을　받는다。,,18E5184BDE01010101010101010101010101010101,True,18F423A307F337165CF4ECF17C15E009281CF0470A,2,,,6050EC,’ＳＰ’를　소비해야　하지만、,605118,こ전투　외에도　ＨＰ를　회복하거나、　그,quarantine,unresolved
P4_direct_ext3_text_drift,605118,scenario_6050BB,unverified,review_translation_and_runtime_by_bundle,戦闘以外にも、ＨＰを回復したり、,"전투 외에도 HP를 회복하거나,",こ전투　외에도　ＨＰ를　회복하거나、　그,전투　외에도　ＨＰ를　회복하거나、　그,,18E5182A0D01010101010101010101010101,True,18F337C4E0D8F46207F0C815F54EF41B2707,1,,,605101,こ그만큼　전투에서　큰　보정을　받는다。,60512B,특수　효과를　지닌　것도　있다。,quarantine,unresolved
P4_direct_ext3_text_drift,605140,scenario_6050BB,unverified,review_translation_and_runtime_by_bundle,『ＩＤコマンド』を的確に使用すること。,『ID 커맨드』를 적절한 타이밍에 사용하는 것.,こ『ＩＤ　커맨드』를　정확히　써라。,『ＩＤ　커맨드』를　정확히　써라。,,18E5184AD3010101010101010101010101010101,True,1868F54FFAD76615E048E0050CF439F1CB18130A,1,,,60512B,특수　효과를　지닌　것도　있다。,60516E,한　기씩　싸우면　불리하겠군……,quarantine,unresolved
P1_direct_ext3_exact_text_control_adjacent,605183,scenario_60516E,unverified,high_priority_batch_after_anchor_pass,『スタック』を組んで戦う！,『스택』을 구성해서 싸운다！,こ『스택』을　구성해서　싸운다！,『스택』을　구성해서　싸운다！,True,18E518629D0101010101010101,True,1868FA076615E0B6F222391403,2,1728,True,60516E,한　기씩　싸우면　불리하겠군……,605197,스택？,quarantine,unresolved
P4_direct_ext3_text_drift,6051C1,scenario_6051A2,unverified,review_translation_and_runtime_by_bundle,『Ｓサイズ』のユニットは３機まで。,『S 사이즈』의 유닛은 3기까지.,こ『Ｓ　사이즈』의　유닛은　３기까지。,『Ｓ　사이즈』의　유닛은　３기까지。,,18E518C165010101010101010101010101,True,1868E169F7216605FB8A08E07180F19D0A,1,,,6051B5,상태를　’스택’이라　한다。,6051D3,’Ｍ　사이즈’라면　２기까지　가능하다。,quarantine,unresolved
P4_direct_ext3_text_drift,6051E6,scenario_6051A2,unverified,review_translation_and_runtime_by_bundle,『スタック』を組めば同時に移動や戦闘が,『스택』을 짜면 동시에 이동 및 전투가,こ『스택』을　짜면　이동과　전투를,『스택』을　짜면　이동과　전투를,,18E5181ACD0101010101010101010101010101,True,1868FA076615E0B6F407F2ED0CF1C23AF33717,1,,,6051D3,’Ｍ　사이즈’라면　２기까지　가능하다。,6051FA,가능하니　한　기보다　유리하다。,quarantine,unresolved
P1_direct_ext3_exact_text_control_adjacent,605231,scenario_605210,unverified,high_priority_batch_after_anchor_pass,で、どうやって組めば良い？,"그렇다면, 어떻게 구성하면 되지？",こ그렇다면、　어떻게　구성하면　되지？,그렇다면、　어떻게　구성하면　되지？,True,18E518C16801010101010101,True,181607FCE7E0B6F407CA041D,2,1728,True,60521F,짜자는　거군……　알겠다！,605244,유닛을　같은　칸에　옮기면　된다。,quarantine,unresolved
P2_direct_ext3_exact_text,60525A,scenario_605244,unverified,second_batch_representative_runtime_test,オレがそっちに移動するから,내가 그쪽으로 이동할 테니,こ내가　그쪽으로　이동할　테니,내가　그쪽으로　이동할　테니,True,18E518C1690101010101,True,18F43017F9DCF1C2F916,1,,,605244,유닛을　같은　칸에　옮기면　된다。,605265,거기서　대기하고　있어　줘。,quarantine,unresolved
P2_direct_ext3_exact_text,6052A5,scenario_605294,unverified,second_batch_representative_runtime_test,じゃあ、この『スタック』とかいうので,"그럼, 이 『스택』인가 하는 것으로",こ그럼、　이　『스택』인가　하는　것으로,그럼、　이　『스택』인가　하는　것으로,True,18E51862A6010101010101010101,True,18F66707F36268FA0766FA480516,1,,,605294,그렇군……　간단하네。,6052B4,남은　적을　쓸어버릴까！！,quarantine,unresolved
P4_direct_ext3_text_drift,605362,scenario_60534A,unverified,review_translation_and_runtime_by_bundle,確かに実戦経験はなかったが、,"확실히 실전 경험은 없었지만,",こ확실히　실전　경험은　없었지만、　비행,확실히　실전　경험은　없었지만、　비행,,18E5184A260101010101010101,True,18E005F134FA65F09EF6AE1707,1,,,60534A,실제로　네　발목을　잡진　않았잖아？,605370,비행　시간이라면　２천　시간　이상이다。,quarantine,unresolved
P4_direct_ext3_text_drift,605383,scenario_60534A,unverified,review_translation_and_runtime_by_bundle,私に足りないのは戦場での経験だけ……,나에게 부족한 건 전장에서의 경험뿐……,こ내게　부족한　건　전투　경험뿐……,내게　부족한　건　전투　경험뿐……,,18E51839A0010101010101010101010101010101,True,18410CE09327F526F44BF31EF269F449F53DF191,1,,,605370,비행　시간이라면　２천　시간　이상이다。,605398,그것도　이번　전투로　요령을　익혔다。,quarantine,unresolved
P4_direct_ext3_text_drift,6053C8,scenario_6053BF,unverified,review_translation_and_runtime_by_bundle,フラナガン機関のＮＴと聞いてたから,플래너건 기관의 뉴타입이라고 들었기에,こ플라나간　기관의　뉴타입이라길래,플라나간　기관의　뉴타입이라길래,,18E518335B0101010101010101010101,True,18FCFAF3CF05F56E13E013F275F3671C,1,,,6053BF,하하하핫！！,6053D9,어떤　엘리트인가　했더니……,quarantine,unresolved
P4_direct_ext3_text_drift,6053E9,scenario_6053BF,unverified,review_translation_and_runtime_by_bundle,初陣でそれだけの減らず口をたたけるとは,첫 출전에서 그 정도로 거침없이 입을 놀리다니,こ첫　출전부터　그렇게　큰소리치다니,첫　출전부터　그렇게　큰소리치다니,,18E518530401010101010101010101010101,True,18F07116FBEBE1F3F04BE104151111F68908,1,,,6053D9,어떤　엘리트인가　했더니……,6053FC,배짱　하나는　대단하군！,quarantine,unresolved
P4_direct_ext3_text_drift,60542B,scenario_605410,unverified,review_translation_and_runtime_by_bundle,ごたくを並ベているヒマがあったら,쓸데없는 소리나 늘어놓을 틈이 있다면,こ떠들　시간이　있으면,떠들　시간이　있으면,,18E51892220101010101010101010101,True,18D3112415E287DE0BF290F192FB6D1C,1,,,605410,내　배짱　얘기는　됐고。,60543C,적　한　기라도　격추하지　그래？,quarantine,unresolved
P3_direct_ext3_control_adjacent_text_drift,605464,scenario_605451,unverified,confirm_current_text_then_rehome,じゃあ、さっそく……,"그럼, 조속히……",こ그럼　바로……,그럼　바로……,,18E5189223010101,True,18F66707FADBF191,2,1728,True,60545A,확실히　그　말이　맞군。,605476,기왕　말　나온　김에、　『간접』　공격도,quarantine,unresolved
P4_direct_ext3_text_drift,605491,scenario_605476,unverified,review_translation_and_runtime_by_bundle,『間接』は離れたところから敵にダメ－ジを,『간접』은 멀리 떨어진 곳에서 적에게 피해를,こ『간접』은　멀리서　적에게　피해를,『간접』은　멀리서　적에게　피해를,,18E51833E80101010101010101010101010101,True,1868F0146608E065F02C1318F8407F0CFB1315,1,,,60548A,설명해　두지。,6054A5,줄　수　있는　공격이다。,quarantine,unresolved
P4_direct_ext3_text_drift,6054AF,scenario_605476,unverified,review_translation_and_runtime_by_bundle,大口径の射撃武器や、サイコミュ兵器などが,대구경 사격 무기나 사이코뮤 병기 등이,こ대구경　무기나　사이코뮤　병기　등이,대구경　무기나　사이코뮤　병기　등이,,18E5189225010101010101010101010101010101,True,185CE104E3B405F15CF12F3A07FCEFF4BFF51F17,1,,,6054A5,줄　수　있는　공격이다。,6054C4,이에　해당한다。,quarantine,unresolved
P4_direct_ext3_text_drift,6054CC,scenario_605476,unverified,review_translation_and_runtime_by_bundle,『間接』の利点は離れた所からの攻撃だから,『간접』의 이점은 원거리 공격이기에,こ『간접』의　장점은　원거리　공격이라,『간접』의　장점은　원거리　공격이라,,18E51853FA01010101010101010101010101010101,True,1868F0146605F3C908E065F02CE018F67EF35AF825,1,,,6054C4,이에　해당한다。,6054E2,반격을　받지　않는다는　점이지만……,quarantine,unresolved
P4_direct_ext3_text_drift,6055D3,scenario_6055AA,unverified,review_translation_and_runtime_by_bundle,ただし『散開』した場合、,다만 『산개』했을 경우에는,こ다만　『산개』하면、,다만　『산개』하면、,,18E51853FC01010101010101,True,18F6FC68F1DD66F41BF30C07,1,,,6055BF,『산개』로　공격을　피할　수　있다。,6055E0,스택이　흩어져　버린다。,quarantine,unresolved
P4_direct_ext3_text_drift,6055EF,scenario_6055AA,unverified,review_translation_and_runtime_by_bundle,つまり、相手に『散開』を選ばせる,"요컨대, 상대에게 『산개』를 강제하도록",こ즉、　상대가　『산개』를　고르게　하면,즉、　상대가　『산개』를　고르게　하면,,18E51843F4010101010101010101010101,True,18F64007F3D50C68F1DD6615E10549F556,1,,,6055E0,스택이　흩어져　버린다。,605601,스택을　무너뜨릴　수　있다는　거다。,quarantine,unresolved
P4_direct_ext3_text_drift,605614,scenario_6055AA,unverified,review_translation_and_runtime_by_bundle,……と、いうわけで,"……그리하여,",こ……그런　이유로、,……그런　이유로、,,18E51853FD0101010101,True,18F19113070414312816,1,,,605601,스택을　무너뜨릴　수　있다는　거다。,60561F,적　ＭＳ의　스택을　무너뜨렸다。,quarantine,unresolved
P4_direct_ext3_text_drift,605669,scenario_605659,unverified,review_translation_and_runtime_by_bundle,ちょうどいいな、,"마침 잘 되었군,",こ마침　잘됐군、,마침　잘됐군、,,18E518922A,True,18FDBE0607,1,,,605659,남은　건　한　기뿐인가……,60566F,『포획』을　시험해　보자。,quarantine,unresolved
P4_direct_ext3_text_drift,60567B,scenario_605659,unverified,review_translation_and_runtime_by_bundle,『捕獲』というのはその名の通り、,"『포획』이란 그 이름 그대로,",こ『포획』은　이름　그대로、,『포획』은　이름　그대로、,,18E51833ED01010101010101010101,True,1868F4B866FCF2F423E02805AE2707,1,,,60566F,『포획』을　시험해　보자。,60568B,적　유닛을　붙잡는　커맨드다。,quarantine,unresolved
P4_direct_ext3_text_drift,60569E,scenario_605659,unverified,review_translation_and_runtime_by_bundle,敵ユニットの『捕獲』に成功すれば、,"적 유닛의 『포획』에 성공하면,",こ적　유닛　『포획』에　성공하면、,적　유닛　『포획』에　성공하면、,,18E51843F601010101010101010101,True,187FFB8A0568F4B8660CF2C8F7DD07,1,,,60568B,적　유닛을　붙잡는　커맨드다。,6056AE,그　유닛은　우리　것이　된다。,quarantine,unresolved
P4_direct_ext3_text_drift,6056BC,scenario_605659,unverified,review_translation_and_runtime_by_bundle,『捕獲』のための条件は２つ……,『포획』을 위한 조건은 두 가지……,こ『포획』　조건은　두　가지……,『포획』　조건은　두　가지……,,18E51833EE0101010101010101010101,True,1868F4B866F86505F16308E02640F191,2,,,6056AE,그　유닛은　우리　것이　된다。,605734,이걸로　준비　완료다。,quarantine,unresolved
P4_direct_ext3_text_drift,605741,scenario_605734,unverified,review_translation_and_runtime_by_bundle,あとはウィンドゥを開いて,이후에는 창을 열고,こ이제　창을　열고,이제　창을　열고,,18E51843F701010101010101,True,18F64477461A449215CDF275,1,,,605734,이걸로　준비　완료다。,60574E,『포획』　커맨드를　실행하면　된다。,quarantine,unresolved
P4_direct_ext3_text_drift,60575E,scenario_605734,unverified,review_translation_and_runtime_by_bundle,とりあえず、今回はこのまま,"우선, 이번에는 이 상태로",こ일단　이번에는　이대로,일단　이번에는　이대로,,18E51854020101010101,True,18FC2207F2EBF88C2121,1,,,60574E,『포획』　커맨드를　실행하면　된다。,605769,『포획』을　실행해　보자。,quarantine,unresolved
P4_direct_ext3_text_drift,6057C4,scenario_6057B3,unverified,review_translation_and_runtime_by_bundle,本当は敵のＨＰ残量に応じて『捕獲』の,사실은 적의 잔여 HP 수준에 따라 『포획』의,こ실제로는　적　ＨＰ에　따라　『포획』의,실제로는　적　ＨＰ에　따라　『포획』의,,18E51843FA0101010101010101010101010101010101,True,18F264087F05F0C8E01FE2400CE07FF2DA68F4B86605,1,,,6057B3,……뭐、　이런　식이다。,6057DB,성공률도　달라져……　이번엔　서비스다。,quarantine,unresolved
P4_direct_ext3_text_drift,6057F0,scenario_6057B3,unverified,review_translation_and_runtime_by_bundle,『捕獲』したジムは機体ストックに送られる,『포획』한 짐은 기체 보관함으로 이송된다.,こ『포획』한　짐은　기체　보관함으로,『포획』한　짐은　기체　보관함으로,,18E51854040101010101010101010101010101010101,True,1868F4B866F41BF48108F0182F3E513D0CE17F1CF047,1,,,6057DB,성공률도　달라져……　이번엔　서비스다。,605807,간다。　백스테이지에서　확인해라。,quarantine,unresolved
P4_direct_ext3_text_drift,605813,scenario_6057B3,unverified,review_translation_and_runtime_by_bundle,さて……,그럼……,こ자……,자……,,18E51843FB,True,18F345F191,1,,,605807,간다。　백스테이지에서　확인해라。,605819,이제　적은　정리된　모양이군。,quarantine,unresolved
P4_direct_ext3_text_drift,605824,scenario_6057B3,unverified,review_translation_and_runtime_by_bundle,敵の後続がこないうちにここを離れよう。,적의 후속 부대가 오기 전에 이곳을 떠나자.,こ적　증원이　오기　전에　여길　떠나자。,적　증원이　오기　전에　여길　떠나자。,,18E518923001010101010101,True,187F05F091FED5E065F5C70A,1,,,605819,이제　적은　정리된　모양이군。,605840,예、　알겠습니다。,quarantine,unresolved
P5_non_direct_native_or_other,605880,scenario_605877,unverified,do_not_autofix_static_false_positive_possible,これは……,이것은……,こ이건……,이건……,,18F0CFF093,,18F630F191,1,,,605877,……음？,605886,전투　중에　통신할　수　있나？,quarantine,unresolved
P2_direct_ext3_exact_text,6058AB,scenario_605898,unverified,second_batch_representative_runtime_test,これが『交信』コマンドだ。,이것이 『교신』 커맨드이다.,こ이것이　『교신』　커맨드이다。,이것이　『교신』　커맨드이다。,True,18E51862EA010101010101,True,18F62268F29D66FAD70D0A,2,,,605898,아직　설명하지　않았군。,6058B8,こ특정　캐릭터들끼리　인접시키면……,quarantine,unresolved
P2_direct_ext3_exact_text,6058B8,scenario_605898,unverified,second_batch_representative_runtime_test,特定のキャラクタ－同士を隣接させると……,특정 캐릭터들끼리 인접시키면……,こ특정　캐릭터들끼리　인접시키면……,특정　캐릭터들끼리　인접시키면……,True,18E518C17801010101010101010101010101,True,18E150E07605FD93F2B015F33CF82C13F191,2,,,6058AB,こ이것이　『교신』　커맨드이다。,6058CC,こ메뉴에　『교신』　커맨드가,quarantine,unresolved
P2_direct_ext3_exact_text,6058CC,scenario_605898,unverified,second_batch_representative_runtime_test,メニュ－に『交信』のコマンドが,메뉴에 『교신』 커맨드가,こ메뉴에　『교신』　커맨드가,메뉴에　『교신』　커맨드가,True,18E51862EB010101010101010101,True,18B96078100C68F29D6605FAD717,1,,,6058B8,こ특정　캐릭터들끼리　인접시키면……,6058DB,표시될　때가　있다。,quarantine,unresolved
P4_direct_ext3_text_drift,6058E8,scenario_605898,unverified,review_translation_and_runtime_by_bundle,場合にもよるが、友軍ユニットや敵軍の,"상황에 따라 다르지만, 아군 유닛이나 적군의",こ상황에　따라　아군이나　적군에도,상황에　따라　아군이나　적군에도,,18E5181AD1010101010101010101010101,True,18F30CF462230F1707F177FB8A3AF1FF05,1,,,6058DB,표시될　때가　있다。,6058FA,유닛과도　’교신’할　수　있다。,quarantine,unresolved
P4_direct_ext3_text_drift,60590B,scenario_605898,unverified,review_translation_and_runtime_by_bundle,『交信』すると行動終了になるが、,"『교신』을 하면 행동이 종료되나,",こ『교신』을　하면　행동이　종료되나、　이,『교신』을　하면　행동이　종료되나、　이,,18E51847D9010101010101010101,True,1868F29D66F774F2C0F4ADFB8E07,1,,,6058FA,유닛과도　’교신’할　수　있다。,605993,……그렇군。,quarantine,unresolved
P4_direct_ext3_text_drift,605A0F,scenario_6059FC,unverified,review_translation_and_runtime_by_bundle,敵の後続がこないうちにここを離れよう。,적의 후속 부대가 오기 전에 이곳을 떠나자.,こ적　증원이　오기　전에　떠나자。,적　증원이　오기　전에　떠나자。,,18E51829BD01010101010101,True,187F05F091FED5E065F5C70A,1,,,605A04,이제　적은　정리된　것　같군。,605A1C,둘　다、　따라올　수　있지？,quarantine,unresolved
P2_direct_ext3_exact_text,605A6D,scenario_605A62,unverified,second_batch_representative_runtime_test,戦闘に加えて新兵のお守じゃあ,전투에다 신병 뒤치다꺼리까지 하느라,こ전투에다　신병　뒤치다꺼리까지　하느라,전투에다　신병　뒤치다꺼리까지　하느라,True,18E51862FB01010101010101010101010101,True,18F3370CE101F11EE021E036F444E03BF667,1,,,605A62,수고했네、　중위。,605A80,상당히　피곤했겠군？,quarantine,unresolved
P4_direct_ext3_text_drift,605AA0,scenario_605A91,unverified,review_translation_and_runtime_by_bundle,あのフラナガン機関のパイロット、,그 플래너건 기관의 파일럿은,こ그　플라나간　기관　파일럿은,그　플라나간　기관　파일럿은,,18E5181AD2010101010101,True,18F3DAFCFAF3CF05FD0B07,1,,,605A91,아뇨、　그　정도는……。,605AAC,첫　전투답지　않은　활약이었고……,quarantine,unresolved
P4_direct_ext3_text_drift,605AF3,scenario_605AEB,unverified,review_translation_and_runtime_by_bundle,フラナガンのシャトルから,플래너건의 셔틀로부터,こ플라나간의　셔틀로부터　접안　허가를,플라나간의　셔틀로부터　접안　허가를,,18E5184A5E010101,True,18FCFA05FBA3F124,1,,,605AEB,함장！,605AFC,접현　허가를　요청하는　통신입니다。,quarantine,unresolved
P1_direct_ext3_exact_text_control_adjacent,605B29,scenario_605B11,unverified,high_priority_batch_after_anchor_pass,私と中尉は直接出迎えに行く。,나와 중위가 직접 마중 나가겠다.,こ나와　중위가　직접　마중　나가겠다。,나와　중위가　직접　마중　나가겠다。,True,18E51863040101010101010101,True,184113F55908FA3BF0F96B240A,2,0891,True,605B18,그럼　접현　허가를　내줘。,605B3B,……예。,quarantine,unresolved
P4_direct_ext3_text_drift,605B9B,scenario_605B83,unverified,review_translation_and_runtime_by_bundle,私が部隊長を務めるブラ－ド中佐だ。,내가 부대장을 맡고 있는 브라드 중령이다.,こ내가　부대장을　맡고　있는　브라드,내가　부대장을　맡고　있는　브라드,,18E5186309010101010101010101010101,True,184117F428B015E06FF419F94AF4CA0D0A,1,,,605B94,뉴타입이지？,605BAD,어서　와、　어……,quarantine,unresolved
P2_direct_ext3_exact_text,605BDC,scenario_605BCF,unverified,second_batch_representative_runtime_test,堅苦しいのは苦手なんでな、,"딱딱한 건 질색이라 말이죠,",こ딱딱한　건　질색이라　말이죠、,딱딱한　건　질색이라　말이죠、,True,18E518630D010101010101010101,True,18E43AE108F45CF44BF3BBF8EC07,1,,,605BCF,세레인　익스페리　소위。,605BEB,세라라고　불러　줘。,quarantine,unresolved
P5_non_direct_native_or_other,605BF5,scenario_605BCF,unverified,do_not_autofix_static_false_positive_possible,よろしくたのむ。,잘 부탁드립니다.,こ부탁한다。,부탁한다。,,18F5B401,,18FE470A,2,1728,True,605BEB,세라라고　불러　줘。,605C00,………………,quarantine,unresolved
P1_direct_ext3_exact_text_control_adjacent,605C62,scenario_605C59,unverified,high_priority_batch_after_anchor_pass,言っとくが、隊内恋愛は……,"말해두지만, 부대 내 연애는……",こ말해두지만、　부대　내　연애는……,말해두지만、　부대　내　연애는……,True,18E518C17C01010101010101,True,187AF15AF0DF07FB3E08F191,2,0801,True,605C59,반했나？,605C73,그러니까、　아무것도　아니라고……！！,quarantine,unresolved
P2_direct_ext3_exact_text,605CDA,scenario_605CBD,unverified,second_batch_representative_runtime_test,いわば、人類の未来を担う,말하자면 인류의 미래를 짊어질,こ말하자면　인류의　미래를　짊어질,말하자면　인류의　미래를　짊어질,True,18E51863170101010101010101,True,18F60607F00B05F05115E2B714,1,,,605CCA,최고　수준의　뉴타입　능력자……,605CE8,귀중한　인재입니다！,quarantine,unresolved
P4_direct_ext3_text_drift,605CF2,scenario_605CBD,unverified,review_translation_and_runtime_by_bundle,そんな方を卑小な欲望の対象にするなど、,"그런 분을 비열한 욕망의 대상으로 삼다니,",こ그런　분을　비열한　욕망의　대상으로,그런　분을　비열한　욕망의　대상으로,,18E51863190101010101010101010101010101,True,18F8237D15E25EE1A206F4CD05F183F9BC3607,1,,,605CE8,귀중한　인재입니다！,605D06,용납될　리　없지　않습니까！,quarantine,unresolved
P2_direct_ext3_exact_text,605D74,scenario_605D62,unverified,second_batch_representative_runtime_test,セレイン少尉と同じく,세레인 소위님과 마찬가지로,こ세레인　소위님과　마찬가지로,세레인　소위님과　마찬가지로,True,18E518631F01010101,True,18F912F39D13D04C24,1,,,605D62,저는　아인　레비　상사입니다！,605D7E,플라나간　기관에서　파견됐습니다！,quarantine,unresolved
P2_direct_ext3_exact_text,605DDF,scenario_605DD3,unverified,second_batch_representative_runtime_test,おい、シグ。,"이봐, 시그.",こ이봐、　시그。,이봐、　시그。,True,18E518C17D0101,True,18F24507F50B0A,1,,,605DD3,아아、　잘　부탁하네。,605DE7,너도　인사해라。,quarantine,unresolved
P2_direct_ext3_exact_text,605E4F,scenario_605E44,unverified,second_batch_representative_runtime_test,まあ、そのことについては,"뭐, 그 건에 대해서는",こ뭐、　그　건에　대해서는,뭐、　그　건에　대해서는,True,18E518632B010101010101,True,18F18107F4231813F9A108,1,,,605E44,……앗차。,605E5B,더　묻지　말아　주게。,quarantine,unresolved
P2_direct_ext3_exact_text,605E6A,scenario_605E44,unverified,second_batch_representative_runtime_test,こいつなりの事情ってのが,이 녀석 나름대로 사정이라는 게,こ이　녀석　나름대로　사정이라는　게,이　녀석　나름대로　사정이라는　게,True,18E518632D01010101010101,True,18F72D06F22CF330F1560517,1,,,605E5B,더　묻지　말아　주게。,605E77,있는　모양이니。,quarantine,unresolved
P2_direct_ext3_exact_text,605E9E,scenario_605E84,unverified,second_batch_representative_runtime_test,名前についてはいずれ聞かせてもらうとして,이름에 대해서는 차차 듣기로 하고,こ이름에　대해서는　차차　듣기로　하고,이름에　대해서는　차차　듣기로　하고,True,18E5186331010101010101010101010101010101,True,18F48DF9A1F08A741BE013F13C0B201CF1F1F413,1,,,605E90,뭐、　사람마다　다르지。,605EB3,부탁한다。,quarantine,unresolved
P2_direct_ext3_exact_text,605F0B,scenario_605F02,unverified,second_batch_representative_runtime_test,君は……初対面の相手を,너는…… 초면인 상대를,こ너는……　초면인　상대를,너는……　초면인　상대를,True,18E518633301010101010101010101,True,186108F191E139E01BE0B105F3D515,1,,,605F02,………………,605F1B,갑자기　애칭으로　부르는　건가？,quarantine,unresolved
P1_direct_ext3_exact_text_control_adjacent,605F49,scenario_605F2D,unverified,high_priority_batch_after_anchor_pass,……何か問題があるのか？,……무슨 문제라도 있는 건가？,こ……무슨　문제라도　있는　건가？,……무슨　문제라도　있는　건가？,True,18E51863370101010101,True,18F1919A0EF499FC171D,2,0801,True,605F3B,인사는　이미　끝냈다。,605F58,아니……,quarantine,unresolved
P1_direct_ext3_exact_text_control_adjacent,605F75,scenario_605F6B,unverified,high_priority_batch_after_anchor_pass,それで、オレに何か？,"그래서, 나한테 무슨 용건이지？",こ그래서、　나한테　무슨　용건이지？,그래서、　나한테　무슨　용건이지？,True,18E518633A0101010101,True,18F5A807F4300C9A0E1D,2,0803,True,605F6B,……괜찮아。,605F84,하나　묻고　싶은　게　있었어。,quarantine,unresolved
P2_direct_ext3_exact_text,605F96,scenario_605F84,unverified,second_batch_representative_runtime_test,さっき、隊内恋愛がどうとか話していたが、,"아까 부대 내 연애가 어떻고 하던데,",こ아까　부대　내　연애가　어떻고　하던데、,아까　부대　내　연애가　어떻고　하던데、,True,18E518C180010101010101010101010101,True,18F5C607FB3E17F09BF18DE02EFB441707,1,,,605F84,하나　묻고　싶은　게　있었어。,605FA8,그게　대체　무슨　뜻이지？,quarantine,unresolved
P2_direct_ext3_exact_text,605FBC,scenario_605FB2,unverified,second_batch_representative_runtime_test,あ……い、言っておくが、,"아…… 마, 말해두지만,",こ아……　마、　말해두지만、,아……　마、　말해두지만、,True,18E518633D0101010101,True,181FF19104077AFBBD07,1,,,605FB2,………윽！？,605FC7,내가　당신에게　반했다거나、　그런……,quarantine,unresolved
P2_direct_ext3_exact_text,606016,scenario_60600A,unverified,second_batch_representative_runtime_test,それはとても残念なことだ。,그것참 유감스러운 일이군.,こ그것참　유감스러운　일이군。,그것참　유감스러운　일이군。,True,18E51863420101010101,True,18F5ADF831F213FB640A,2,,,60600A,뭐야、　아닌가。,606022,こ나는　줄곧　시설에서　자랐기　때문에,quarantine,unresolved
P2_direct_ext3_exact_text,606022,scenario_60600A,unverified,second_batch_representative_runtime_test,私はずっと施設育ちだったから,나는 줄곧 시설에서 자랐기 때문에,こ나는　줄곧　시설에서　자랐기　때문에,나는　줄곧　시설에서　자랐기　때문에,True,18E51863430101010101010101,True,184108F6E6F41CE1EA3BFAF71C,1,,,606016,こ그것참　유감스러운　일이군。,606030,연애라는　걸　해　본　적이　없다。,quarantine,unresolved
P2_direct_ext3_exact_text,606040,scenario_60600A,unverified,second_batch_representative_runtime_test,シグは優秀な兵士だから,시그는 우수한 병사니까,こ시그는　우수한　병사니까,시그는　우수한　병사니까,True,18E518C181010101010101,True,18F50B08F4C006F49FF825,1,,,606030,연애라는　걸　해　본　적이　없다。,60604C,상대로　손색없다고　생각했는데……,quarantine,unresolved
P4_direct_ext3_text_drift,606093,scenario_606074,unverified,review_translation_and_runtime_by_bundle,その点、戦術眼を備えたシグなら,그 점에서 전술안을 갖춘 시그라면,こ그　점、전술적　안목이　있는　시그라면,그　점、전술적　안목이　있는　시그라면,,18E5181C540101010101010101010101010101,True,18F423E1130739E1A6E50215C5F136F50BF515,1,,,606086,진흙탕이　된다고　들었다。,6060A7,철수　타이밍은　잘　알겠지？,quarantine,unresolved
P2_direct_ext3_exact_text,6060C3,scenario_6060BA,unverified,second_batch_representative_runtime_test,恋愛するとか、つき合うというのは,"연애를 한다거나, 사귄다는 것은",こ연애를　한다거나、　사귄다는　것은,연애를　한다거나、　사귄다는　것은,True,18E518634701010101010101010101,True,18F14EF7740E074032B4F1F104F636,1,,,6060BA,………………,6060D3,그런　게　아닌　것　같은데……,quarantine,unresolved
P1_direct_ext3_exact_text_control_adjacent,606141,scenario_606126,unverified,high_priority_batch_after_anchor_pass,邪魔したな。,방해했군.,こ방해했군。,방해했군。,True,18E518634C01,True,18F287F5D70A,2,1728,True,60612F,그럼　브라드　중령에게라도　물어보지。,606153,………………,quarantine,unresolved
P3_direct_ext3_control_adjacent_text_drift,60615C,scenario_606153,unverified,confirm_current_text_then_rehome,つ、疲れる……相手だ。,"기, 기운 빠지게 만드는…… 상대군.",こ피、피곤한……상대다。,피、피곤한……상대다。,,18E5184C5E0101010101010101,True,184007E297F047F191F3D50D0A,2,1728,True,606153,………………,606173,늦었군、　중위。,quarantine,unresolved
P2_direct_ext3_exact_text,6061CF,scenario_6061B3,unverified,second_batch_representative_runtime_test,先ほどアイン曹長から,조금 전 아인 하사로부터,こ조금　전　아인　하사로부터,조금　전　아인　하사로부터,True,18E5186353010101010101,True,18E01AF16AF5DCF159F124,1,,,6061C3,곧　본론으로　들어가지。,6061DB,그라나다의　명령서를　받았다。,quarantine,unresolved
P1_direct_ext3_exact_text_control_adjacent,6061ED,scenario_6061B3,unverified,high_priority_batch_after_anchor_pass,「木馬」追撃に参加せよとのことだ。,「목마」 추격에 참가하라는 내용이다.,こ「목마」　추격에　참가하라는　내용이다。,「목마」　추격에　참가하라는　내용이다。,True,18E5186355010101010101010101010101,True,18E045F202E043F0AE0CF2BEF557FD220A,2,0801,True,6061DB,그라나다의　명령서를　받았다。,606203,목마라고요！？,quarantine,unresolved
P2_direct_ext3_exact_text,60622B,scenario_60621E,unverified,second_batch_representative_runtime_test,連邦の木馬がグラナダに向けて,연방의 목마가 그라나다를 향해,こ연방의　목마가　그라나다를　향해,연방의　목마가　그라나다를　향해,True,18E51863590101010101010101,True,18F42505F20217FAD00CD5F493,1,,,60621E,……그렇다。,606239,항해　중이라는　정보가　들어왔다。,quarantine,unresolved
P2_direct_ext3_exact_text,606246,scenario_60621E,unverified,second_batch_representative_runtime_test,現在、友軍のキャメル艦隊が,현재 우군인 캐멀 함대가,こ현재　우군인　캐멀　함대가,현재　우군인　캐멀　함대가,True,18E518635B01010101010101,True,18F32007F17705FB4EF50117,1,,,606239,항해　중이라는　정보가　들어왔다。,606253,앞을　가로막으려　하고　있다。,quarantine,unresolved
P4_direct_ext3_text_drift,606262,scenario_60621E,unverified,review_translation_and_runtime_by_bundle,「赤い彗星」のニュ－タイプ部隊も,「붉은 혜성」의 뉴타입 부대도,こ「붉은　혜성」의　뉴타입　부대도　배후에,「붉은　혜성」의　뉴타입　부대도　배후에,,18E51836B50101010101010101010101,True,18E045E08004F012E04305FD6CF42820,1,,,606253,앞을　가로막으려　하고　있다。,606273,뒤에서　목마를　추격　중이라더군。,quarantine,unresolved
P2_direct_ext3_exact_text,606282,scenario_60621E,unverified,second_batch_representative_runtime_test,我々はキャメル艦隊と合流して,우리는 캐멀 함대와 합류하여,こ우리는　캐멀　함대와　합류하여,우리는　캐멀　함대와　합류하여,True,18E518635F0101010101010101,True,186A7108FB4EF50113F4E9F413,1,,,606273,뒤에서　목마를　추격　중이라더군。,6062A3,목마라면、,quarantine,unresolved
P2_direct_ext3_exact_text,6062E7,scenario_6062C0,unverified,second_batch_representative_runtime_test,……正直な話、成功するかどうかは,……솔직히 말해 성공 확률은,こ……솔직히　말해　성공　확률은,……솔직히　말해　성공　확률은,True,18E51863640101010101010101010101,True,18F191F3E806E02E07F2C8F76EF89808,1,,,6062D2,우리가　목마를　격파할　수　있다지만……,6062F8,반반이라고　봐야겠지。,quarantine,unresolved
P2_direct_ext3_exact_text,606304,scenario_6062C0,unverified,second_batch_representative_runtime_test,いかんせん、こちらの,안타깝게도 이쪽의,こ안타깝게도　이쪽의,안타깝게도　이쪽의,True,18E518C18501,True,18FCB907FB14,1,,,6062F8,반반이라고　봐야겠지。,60630B,뉴타입은　실전　경험이　부족하다。,quarantine,unresolved
P4_direct_ext3_text_drift,606318,scenario_6062C0,unverified,review_translation_and_runtime_by_bundle,戦力になるかどうかは中尉の指揮次第だ。,전력이 될지 어떨지는 중위의 지휘에 달렸다.,こ전력이　될지　어떨지는　중위의　지휘에,전력이　될지　어떨지는　중위의　지휘에,,18E518636701010101010101010101010101,True,18F387F8860EF89808F55905F131F1690D0A,1,,,60630B,뉴타입은　실전　경험이　부족하다。,60632B,……부탁한다。,quarantine,unresolved
P2_direct_ext3_exact_text,606367,scenario_606352,unverified,second_batch_representative_runtime_test,中尉には部隊運営のことについて,중위에게 부대 운영에 관해서,こ중위에게　부대　운영에　관해서,중위에게　부대　운영에　관해서,True,18E518636B01010101010101010101,True,18F559F467F428E0E7E326F5E4F9A1,1,,,60635A,그리고　이건　덤이지만、,606377,조금　설명해　두지。,quarantine,unresolved
P2_direct_ext3_exact_text,6063C1,scenario_60639A,unverified,second_batch_representative_runtime_test,部隊運用については,부대 운영에 대해서는,こ부대　운영에　대해서는,부대　운영에　대해서는,True,18E518636F01010101,True,18F428E0E7C9F9A108,1,,,6063AD,대장으로　일하게　될　테니까。,6063CB,꼭　알아　두는　게　좋을　거다。,quarantine,unresolved
P4_direct_ext3_text_drift,6063DD,scenario_60639A,unverified,review_translation_and_runtime_by_bundle,というわけで、まずは基本的なところを,"그런 의미에서, 우선 기본적인 부분부터",こ그런　의미에서、　우선　기본적인　부분부,그런　의미에서、　우선　기본적인　부분부,,18E518C1870101010101010101,True,18FD9007F84FF7690613184215,1,,,6063CB,꼭　알아　두는　게　좋을　거다。,6063EB,차례대로　설명하지。,quarantine,unresolved
P2_direct_ext3_exact_text,6063F7,scenario_60639A,unverified,second_batch_representative_runtime_test,このバックステ－ジでは部隊の編成や,이 백스테이지에서는 부대 편성 및,こ이　백스테이지에서는　부대　편성　및,이　백스테이지에서는　부대　편성　및,True,18E518C1880101010101010101,True,18F362FE35F261F42805F4BE3A,1,,,6063EB,차례대로　설명하지。,606405,모빌슈츠　보급　등을　한다。,quarantine,unresolved
P2_direct_ext3_exact_text,6064EE,scenario_6064D3,unverified,second_batch_representative_runtime_test,ここでは次ステ－ジの情報を,여기서는 다음 스테이지의 정보를,こ여기서는　다음　스테이지의　정보를,여기서는　다음　스테이지의　정보를,True,18E5186380010101010101,True,18FA3DE08CFAAB05F4A615,1,,,6064E2,’임무／전황’이다。,6064FA,확인할　수　있다。,quarantine,unresolved
P2_direct_ext3_exact_text,606501,scenario_6064D3,unverified,second_batch_representative_runtime_test,あらかじめ敵の力がわかっていれば,사전에 적의 전력을 파악하고 있다면,こ사전에　적의　전력을　파악하고　있다면,사전에　적의　전력을　파악하고　있다면,True,18E51863820101010101010101,True,18FC117F05571731F6B104F03E,1,,,6064FA,확인할　수　있다。,60650F,대처도　쉬워진다。,quarantine,unresolved
P4_direct_ext3_text_drift,60651B,scenario_6064D3,unverified,review_translation_and_runtime_by_bundle,また、ステ－ジによっては、,"또한 스테이지에 따라서는,",こ또한　스테이지에　따라서는、　예컨대,또한　스테이지에　따라서는、　예컨대,,18E5184A6801010101,True,18F19407FAABFBD007,1,,,60650F,대처도　쉬워진다。,606525,예를　들어　전함　하나만　출격한다든가、,quarantine,unresolved
P2_direct_ext3_exact_text,606587,scenario_60657A,unverified,second_batch_representative_runtime_test,これはトレ－ニングステ－ジへ,이것은 트레이닝 스테이지로,こ이것은　트레이닝　스테이지로,이것은　트레이닝　스테이지로,True,18E518638B01,True,18F630FED991,1,,,60657A,다음은　’정찰’。,60658E,가게　하는　커맨드다。,quarantine,unresolved
P4_direct_ext3_text_drift,6065BE,scenario_6065A7,unverified,review_translation_and_runtime_by_bundle,イべントは全く無く、戦闘だけ。,"이벤트는 전혀 없고, 오직 전투만 수행한다.",こ이벤트는　없고、　전투뿐이다。,이벤트는　없고、　전투뿐이다。,,18E5183BE4010101010101010101,True,18F9F4088624A42407F337F53D0A,2,,,6065B4,전투하는　스테이지다。,6065CE,こ경험치를　쌓거나、　적　유닛을,quarantine,unresolved
P2_direct_ext3_exact_text,6065CE,scenario_6065A7,unverified,second_batch_representative_runtime_test,経験値を稼いだり、敵ユニットを,"경험치를 쌓거나, 적 유닛을",こ경험치를　쌓거나、　적　유닛을,경험치를　쌓거나、　적　유닛을,True,18E518638F0101010101010101010101,True,18F449E30115E2C5040D27077FFB8A15,1,,,6065BE,こ이벤트는　없고、　전투뿐이다。,6065DF,포획하는　게　주목적이지。,quarantine,unresolved
P2_direct_ext3_exact_text,6065ED,scenario_6065A7,unverified,second_batch_representative_runtime_test,パイロットのレべルが上がれば,파일럿의 레벨이 상승하면,こ파일럿의　레벨이　상승하면,파일럿의　레벨이　상승하면,True,18E5186391010101010101,True,18FD0B05F8C0179D17F03E,1,,,6065DF,포획하는　게　주목적이지。,6065F9,전투도　쉬워질　테고、,quarantine,unresolved
P4_direct_ext3_text_drift,606606,scenario_6065A7,unverified,review_translation_and_runtime_by_bundle,捕獲した敵モビルス－ツを使って,포획한 적 모빌슈트를 활용해,こ포획한　적　모빌슈트를　활용해　더욱,포획한　적　모빌슈트를　활용해　더욱,,18E5182A300101010101010101,True,18F4B8F41B7FFD7915E001F156,1,,,6065F9,전투도　쉬워질　테고、,606647,다음은　’진격’、,quarantine,unresolved
P4_direct_ext3_text_drift,606666,scenario_606647,unverified,review_translation_and_runtime_by_bundle,ー度『進撃』を行ってしまったら、,"일단 『진격』을 해버리고 나면,",こ한번　『진격』하면　클리어　전까지,한번　『진격』하면　클리어　전까지,,18E51829BF01010101010101010101,True,18F01368F3B466156BF156FAEB1C07,1,,,606653,다음　스테이지로　가는　커맨드다。,606676,클리어　전엔　편성・개발을　못　한다。,quarantine,unresolved
P4_direct_ext3_text_drift,606686,scenario_606647,unverified,review_translation_and_runtime_by_bundle,『進撃』前には全ての準備を終えておくこと,『진격』 전에는 모든 준비를 마쳐둘 것.,こ『진격』　전에는　모든　준비를　마쳐둘,『진격』　전에는　모든　준비를　마쳐둘,,18E518639A0101010101010101010101010101010101,True,1868F3B46696F46786F397F0D815E010F11E35241813,1,,,606676,클리어　전엔　편성・개발을　못　한다。,60669D,이게　철칙이다。,quarantine,unresolved
P4_direct_ext3_text_drift,6066C4,scenario_6066AC,unverified,review_translation_and_runtime_by_bundle,ここではモビルス－ツや、,여기서는 모빌슈트 및,こ여기서는　모빌슈트　및　모빌슈트,여기서는　모빌슈트　및　모빌슈트,,18E5184A930101,True,18FA3DFD793A07,1,,,6066AC,다음은　’편성’의　’보급’　커맨드다。,6066CC,모빌슈츠　개발용　부품을　살　수　있다。,quarantine,unresolved
P2_direct_ext3_exact_text,6066DC,scenario_6066AC,unverified,second_batch_representative_runtime_test,購入は補給ポイントを使って行う。,구매에는 보급 포인트가 필요하다네.,こ구매에는　보급　포인트가　필요하다네。,구매에는　보급　포인트가　필요하다네。,True,18E518639E0101010101010101010101,True,18F0C108F2B2F8CA15E001F1566B140A,2,,,6066CC,모빌슈츠　개발용　부품을　살　수　있다。,6066EE,こ보급　포인트는　스테이지를　클리어할　때,quarantine,unresolved
P2_direct_ext3_exact_text,6066EE,scenario_6066AC,unverified,second_batch_representative_runtime_test,補給ポイントはステ－ジクリア時に,보급 포인트는 스테이지를 클리어할 때,こ보급　포인트는　스테이지를　클리어할　때,보급　포인트는　스테이지를　클리어할　때,True,18E518639F0101010101,True,18F2B2F8CA08FE3BB70C,1,,,6066DC,こ구매에는　보급　포인트가　필요하다네。,6066F9,일정량이　지급된다。,quarantine,unresolved
P4_direct_ext3_text_drift,606706,scenario_6066AC,unverified,review_translation_and_runtime_by_bundle,使えるポイントは限られているから、,"사용할 수 있는 포인트가 제한되어 있으니,",こ사용할　수　있는　포인트가　제한되어,사용할　수　있는　포인트가　제한되어,,18E51863A1010101010101010101010101,True,18E001F0BBF8CA08E11BF792F290F12407,1,,,6066F9,일정량이　지급된다。,606718,낭비는　금물이다。,quarantine,unresolved
P2_direct_ext3_exact_text,606780,scenario_606772,unverified,second_batch_representative_runtime_test,ここでは、部隊が所持しているパイロットや,여기서는 부대가 소지 중인 파일럿과,こ여기서는　부대가　소지　중인　파일럿과,여기서는　부대가　소지　중인　파일럿과,True,18E51863A7010101010101010101,True,18FA3D07F42817F1B5FB54FD0B3A,1,,,606772,다음은　’목록’。,60678F,모빌슈츠、　부품을　볼　수　있다。,quarantine,unresolved
P4_direct_ext3_text_drift,60679B,scenario_606772,unverified,review_translation_and_runtime_by_bundle,パイロットの能力やＩＤコマンド、,"파일럿의 능력이나 ID 커맨드,",こ파일럿　능력、　ＩＤ　커맨드、,파일럿　능력、　ＩＤ　커맨드、,,18E5183AE101010101010101,True,18FD0B05F0D33AF54FFAD707,1,,,60678F,모빌슈츠、　부품을　볼　수　있다。,6067A8,기체　성능도　여기서　확인할　수　있다。,quarantine,unresolved
P2_direct_ext3_exact_text,6067B6,scenario_606772,unverified,second_batch_representative_runtime_test,で、それぞれの能力を把握できたら、,"그렇게 각각의 능력을 파악했다면,",こ그렇게　각각의　능력을　파악했다면、,그렇게　각각의　능력을　파악했다면、,True,18E51863AB010101010101010101010101010101,True,181607F4226E1B05F0D315E446E1FF1632111C07,1,,,6067A8,기체　성능도　여기서　확인할　수　있다。,6067CB,그다음은　’배속’이다。,quarantine,unresolved
P2_direct_ext3_exact_text,6067E9,scenario_6067DD,unverified,second_batch_representative_runtime_test,ここではモビルス－ツへの搭乗や、,여기서는 모빌슈트의 탑승 조율 및,こ여기서는　모빌슈트의　탑승　조율　및,여기서는　모빌슈트의　탑승　조율　및,True,18E51863AE010101010101,True,18FA3DFD79F577F4EA3A07,1,,,6067DD,’배속’　커맨드。,6067F5,전함에　탑재한다。,quarantine,unresolved
P4_direct_ext3_text_drift,606801,scenario_6067DD,unverified,review_translation_and_runtime_by_bundle,次ステ－ジで出撃できるのはここで戦艦に,다음 스테이지에 출격시킬 수 있는 건 전함에,こ다음　스테이지에　출격시킬　수　있는　건,다음　스테이지에　출격시킬　수　있는　건,,18E51863B0010101010101010101010101,True,18E08CFAAB16F164F64FF44BF79DF2C40C,1,,,6067F5,전함에　탑재한다。,606813,탑재한　기체와　파일럿뿐이다。,quarantine,unresolved
P4_direct_ext3_text_drift,606821,scenario_6067DD,unverified,review_translation_and_runtime_by_bundle,今は全員出撃が可能だが、メンバ－が,"지금은 전원 출격이 가능한 상태이나, 대원이",こ지금은　전원　출격　가능하지만、,지금은　전원　출격　가능하지만、,,18E5181AD50101010101010101010101,True,187608F508F16417F4F3F53807FA1E17,1,,,606813,탑재한　기체와　파일럿뿐이다。,606832,늘면　그렇게　할　수　없게　된다。,quarantine,unresolved
P4_direct_ext3_text_drift,606846,scenario_6067DD,unverified,review_translation_and_runtime_by_bundle,誰を出撃させて誰を控えに回すか……,누구를 출격시키고 누구를 대기로 돌릴 것인가……,こ누굴　출격시키고　누굴　대기시킬지……,누굴　출격시키고　누굴　대기시킬지……,,18E51863B40101010101010101010101010101010101,True,18E02B15F16425F55EE02B15E425F0F9E025F1E0F191,2,,,606832,늘면　그렇게　할　수　없게　된다。,606882,다음은　’개발　플랜’。,quarantine,unresolved
P4_direct_ext3_text_drift,606892,scenario_606882,unverified,review_translation_and_runtime_by_bundle,ここでは、手持ちの機体とパ－ツから,여기서는 현재 보유 기체와 파츠를 통해,こ보유　기체와　파츠를　바탕으로,보유　기체와　파츠를　바탕으로,,18E5182AC00101010101010101010101,True,18FA3D0772E0123B05F01813F834F124,1,,,606882,다음은　’개발　플랜’。,6068A3,개발　가능한　기체를　확인한다。,quarantine,unresolved
P4_direct_ext3_text_drift,6068B9,scenario_606882,unverified,review_translation_and_runtime_by_bundle,で、開発可能な機体がわかったら、,"그렇게 개발 가능한 기체를 파악했다면,",こ개발할　기체를　정했다면、,개발할　기체를　정했다면、,,18E5181AD601010101010101010101,True,181607F4B0F4F306F01817F8D21C07,1,,,6068A3,개발　가능한　기체를　확인한다。,6068C9,다음　’개조’에서　실제　개발을　한다。,quarantine,unresolved
P2_direct_ext3_exact_text,606909,scenario_6068E1,unverified,second_batch_representative_runtime_test,「改造」は機体とパ－ツを組み合わせて,「개조」는 기체와 파츠를 결합하여,こ「개조」는　기체와　파츠를　결합하여,「개조」는　기체와　파츠를　결합하여,True,18E51863BE010101010101010101010101010101,True,18E045F37BE04308F01813F83415E0B669B4F868,1,,,6068F1,’개조’와　’강화’가　있다。,60691E,신형　기체를　개발하는　커맨드다。,quarantine,unresolved
P4_direct_ext3_text_drift,60692A,scenario_6068E1,unverified,review_translation_and_runtime_by_bundle,例えば「ザクⅡＦ」と「カスタムパ－ツ」を,예를 들어 「자쿠 II F」에 「커스텀 파츠」를,こ「자쿠ＩＩＦ」와　「커스텀　파츠」,「자쿠ＩＩＦ」와　「커스텀　파츠」,,18E5183AE30101010101010101010101010101010101010101,True,18E18BF0E0E045F06BE275E2B3E04313E045F8F5F834E04315,1,,,60691E,신형　기체를　개발하는　커맨드다。,606944,조합하면　’자쿠　ＩＩ　ＦＺ’가　된다。,quarantine,unresolved
P4_direct_ext3_text_drift,60695D,scenario_6068E1,unverified,review_translation_and_runtime_by_bundle,ー方、「強化」はすでに持っている機体の,"반면, 「강화」는 이미 보유하고 있는 기체의",こ반면、　「강화」는　이미　보유하고　있는,반면、　「강화」는　이미　보유하고　있는,,18E518C18D01010101010101010101010101,True,18F02BF4B7F168E043F9B0E012F920F01805,1,,,606944,조합하면　’자쿠　ＩＩ　ＦＺ’가　된다。,606970,능력을　올리는　커맨드다。,quarantine,unresolved
P4_direct_ext3_text_drift,6069F5,scenario_6069E8,unverified,review_translation_and_runtime_by_bundle,ここでは機体を分解して,여기서는 기체를 해체하여,こ여기서는　기체를　해체하여　소체,여기서는　기체를　해체하여　소체,,18E5182A810101010101,True,18FA3DF01815F064F413,1,,,6069E8,다음은　’분해’。,606A00,베이스　기체와　부품으로　나눈다。,quarantine,unresolved
P4_direct_ext3_text_drift,606A11,scenario_6069E8,unverified,review_translation_and_runtime_by_bundle,つまり『改造』前の状態に戻すわけだな。,즉 『개조』 이전 상태로 환원시키는 셈이지.,こ즉　『개조』　전　상태로　되돌린다。,즉　『개조』　전　상태로　되돌린다。,,18E5184BDF010101010101010101010101010101,True,18F64068F37B669605F20C0CE042F1C9F491060A,2,,,606A00,베이스　기체와　부품으로　나눈다。,606A27,こ불필요한　기체는　『처분』보다,quarantine,unresolved
P4_direct_ext3_text_drift,606A27,scenario_6069E8,unverified,review_translation_and_runtime_by_bundle,不要な機体ができたら『処分』ではなくて,필요 없는 기체가 생긴다면 『처분』하기보다,こ불필요한　기체는　『처분』보다,불필요한　기체는　『처분』보다,,18E5183AE401010101010101010101010101,True,18798106F018171632111C68F48B66F9F60B,1,,,606A11,こ즉　『개조』　전　상태로　되돌린다。,606A3A,여기서　’분해’하는　것도　방법이다。,quarantine,unresolved
P4_direct_ext3_text_drift,606A4C,scenario_6069E8,unverified,review_translation_and_runtime_by_bundle,機体は役に立たなくても改造用パ－ツなら,기체 본체는 쓸모가 없더라도 개조용 파츠는,こ기체가　쓸모없어도　개조　파츠는,기체가　쓸모없어도　개조　파츠는,,18E5184ADE01010101010101010101010101010101,True,18F01808E0E90CE00EF37AF0F220F37BC9F834F515,1,,,606A3A,여기서　’분해’하는　것도　방법이다。,606A62,쓸　수　있는　경우가　있으니까。,quarantine,unresolved
P4_direct_ext3_text_drift,606A87,scenario_606A77,unverified,review_translation_and_runtime_by_bundle,デ－タ－の『セ－ブ』『ロ－ド』、,"데이터의 『세이브』, 『로드』,",こ데이터의　『세이브』、　『로드』、　그리,데이터의　『세이브』、　『로드』、　그리,,18E5182A680101010101010101010101,True,18F5D21005687C1084F21E3C10446607,1,,,606A77,마지막은　’시스템’　커맨드。,606A98,’도감’　확인은　여기서　한다。,quarantine,unresolved
P2_direct_ext3_exact_text,606ACC,scenario_606AB3,unverified,second_batch_representative_runtime_test,まあ、あとは実際に操作して、,"뭐, 나머지는 실제 조작해 보며",こ뭐、　나머지는　실제　조작해　보며,뭐、　나머지는　실제　조작해　보며,True,18E51863D5010101010101010101,True,18F18107F644F3BC0CF4DAF41307,1,,,606AC2,설명은　끝이다。,606ADB,여러　가지　시험해　보면　된다。,quarantine,unresolved
P4_direct_ext3_text_drift,606B02,scenario_606AF3,unverified,review_translation_and_runtime_by_bundle,……というか、,"……그보다,",こ……그보다、　조금　전　이야기만으로,……그보다、　조금　전　이야기만으로,,18E5184A810101,True,18F191F6640E07,1,,,606AF3,아뇨、　이제　충분합니다。,606B0A,아까　얘기만으로도　머리가　꽉　차서……,quarantine,unresolved
P2_direct_ext3_exact_text,606B28,scenario_606B20,unverified,second_batch_representative_runtime_test,まあ、いきなり全部を詰めこむわけにも,"뭐, 느닷없이 전부 다 주입할 수는",こ뭐、　느닷없이　전부　다　주입할　수는,뭐、　느닷없이　전부　다　주입할　수는,True,18E51863DA01010101010101010101010101,True,18F18107FA5DF04E15E21D47188C31F49820,1,,,606B20,하하하하핫！,606B3B,없는　노릇이지……。,quarantine,unresolved
P2_direct_ext3_exact_text,606B46,scenario_606B20,unverified,second_batch_representative_runtime_test,……ま、あとは実際にやりながら,"……뭐, 나중에 실전 속에서 다루며",こ……뭐、　나중에　실전　속에서　다루며,……뭐、　나중에　실전　속에서　다루며,True,18E51863DC01010101010101010101,True,18F1912107F644F3BC0C3A2706171C,1,,,606B3B,없는　노릇이지……。,606B56,차차　익히면　된다。,quarantine,unresolved
P2_direct_ext3_exact_text,606B90,scenario_606B7A,unverified,second_batch_representative_runtime_test,例のニュ－タイプが,예의 뉴타입이,こ예의　뉴타입이,예의　뉴타입이,True,18E51863E00101,True,18E18B05FD6C17,1,,,606B83,플라나간　기관에서　연락입니다。,606B98,브라드　전대에　합류했답니다。,quarantine,unresolved
P1_direct_ext3_exact_text_control_adjacent,606BB5,scenario_606BAB,unverified,high_priority_batch_after_anchor_pass,で、命令は伝えたのだな？,"그래서, 명령은 전했겠지？",こ그래서、　명령은　전했겠지？,그래서、　명령은　전했겠지？,True,18E51863E2010101010101010101,True,181607F1D508E154F13605F5491D,2,0891,True,606BAB,……그런가。,606BC8,……예。,quarantine,unresolved
P4_direct_ext3_text_drift,606BD2,scenario_606BC8,unverified,review_translation_and_runtime_by_bundle,明日１８００時に木馬と接触の予定。,내일 1800시에 목마와 접촉할 예정입니다.,こ내일　１８００시、　목마와　접촉한다。,내일　１８００시、　목마와　접촉한다。,,18E5183AE50101010101010101010101010101,True,18F231CFF21FE01EB70CF20213F06105F53A0A,1,,,606BC8,……예。,606BE6,샤아　대령도　향하고　있습니다。,quarantine,unresolved
P4_direct_ext3_text_drift,606C2D,scenario_606C1F,unverified,review_translation_and_runtime_by_bundle,あのガンダムとかいうＭＳのパイロットが,그 건담이라 불리는 MS의 파일럿이,こ그　건담이라　불리는　ＭＳ의　파일럿이,그　건담이라　불리는　ＭＳ의　파일럿이,,18E518C1900101010101010101,True,18F3DAF90DFA48F3A305FD0B17,1,,,606C1F,목마와　접촉……인가。,606C3B,소문대로　뉴타입이라면……,quarantine,unresolved
P3_direct_ext3_control_adjacent_text_drift,606C49,scenario_606C1F,unverified,confirm_current_text_then_rehome,両者の接触は何らかの変化をもたらすはず。,두 사람의 접촉은 모종의 변화를 가져올 터.,こ둘의　접촉은　변화를　가져올　거다。,둘의　접촉은　변화를　가져올　거다。,,18E5181BDB01010101010101010101010101010101,True,18F3E105F061089A1CF12EF4FE1520111C1E08740A,2,1728,True,606C3B,소문대로　뉴타입이라면……,606C6A,자、　어떻게　흘러갈까……,quarantine,unresolved
P2_direct_ext3_exact_text,606C94,scenario_606C87,unverified,second_batch_representative_runtime_test,ガ、ガンダムだ……！,"거, 건담이다……！",こ거、　건담이다……！,거、　건담이다……！,True,18E518C191010101,True,184807F90D0DF60C,1,,,606C87,스와멜이！！,606C9D,그　하얀　녀석이다……！！,quarantine,unresolved
P4_direct_ext3_text_drift,606CC2,scenario_606CB5,unverified,review_translation_and_runtime_by_bundle,あの白いモビルス－ツが……！,그 하얀 모빌슈트가……！,こ그　하얀　모빌슈트가……！　녀석이,그　하얀　모빌슈트가……！　녀석이,,18E5183AA6010101010101,True,18F3DAE07B04FD7917F60C,1,,,606CB5,드렌　대위！！,606CCE,이쪽으로　오고　있습니다！！,quarantine,unresolved
P2_direct_ext3_exact_text,606D47,scenario_606D39,unverified,second_batch_representative_runtime_test,敵は木馬とあの白いヤツだ！,적은 목마와 저 하얀 녀석이다！,こ적은　목마와　저　하얀　녀석이다！,적은　목마와　저　하얀　녀석이다！,True,18E51863F2010101010101010101,True,187F08F202F5BDE07B04F2D40D03,1,,,606D39,……오、　고맙다！！,606D56,저　하얀　녀석……　건담을　조심해라！！,quarantine,unresolved
P1_direct_ext3_exact_text_control_adjacent,606D7B,scenario_606D6F,unverified,high_priority_batch_after_anchor_pass,シグ中尉！　準備はいいな！？,시그 중위！ 준비는 되었겠지！？,こ시그　중위！　준비는　되었겠지！？,시그　중위！　준비는　되었겠지！？,True,18E518C1940101010101010101,True,18F50BF5590301F0D8FB52F040,2,1728,True,606D6F,……알겠다！,606D94,여기는　시그　중위。,quarantine,unresolved
P4_direct_ext3_text_drift,606E3F,scenario_606E32,unverified,review_translation_and_runtime_by_bundle,あと数分で「赤い彗星」が到着する！！,앞으로 수 분 내로 「붉은 혜성」이 도착한다！！,こ곧　「붉은　혜성」이　도착한다！！,곧　「붉은　혜성」이　도착한다！！,,18E5184ADF010101010101010101010101010101010101,True,18F3D9E0D6A316E045E08004F012E04317F323F1CBF044,1,,,606E32,좋아、　전투　개시다！！,606E57,그때까지　’목마’를　놓치지　마라！,quarantine,unresolved
P4_direct_ext3_text_drift,606ED6,scenario_606EBD,unverified,review_translation_and_runtime_by_bundle,ムサイの相手はカイとハヤトに任せて,무사이의 상대는 카이와 하야토에게 맡기고,こ무사이의　상대는　카이와　하야토에게　맡,무사이의　상대는　카이와　하야토에게　맡,,18E51864030101010101010101010101,True,18F6C305F3D508F1D413F59D0CD8F55E,1,,,606EC7,뒤에서　모빌슈츠　부대가　온다！,606EE7,화이트　베이스를　지켜라！！,quarantine,unresolved
P2_direct_ext3_exact_text,606F02,scenario_606EFA,unverified,second_batch_representative_runtime_test,あのモビルス－ツたちをホワイトべ－スに,그 모빌슈트들을 화이트 베이스에,こ그　모빌슈트들을　화이트　베이스에,그　모빌슈트들을　화이트　베이스에,True,18E51864050101010101,True,18F3DAFD79F767FE5A0C,1,,,606EFA,알겠습니다！,606F0D,접근시키지　않으면　되는　거죠！,quarantine,unresolved
P1_direct_ext3_exact_text_control_adjacent,606F45,scenario_606F29,unverified,high_priority_batch_after_anchor_pass,……見てろよ！！,……두고 봐라！！,こ……두고　봐라！！,……두고　봐라！！,True,18E518640701010101,True,18F1918A0B4223F044,2,1728,True,606F35,저　정도　적은　밀어낼　수　있을　거야！,606F58,……해내　보이겠어！！,quarantine,unresolved
P2_direct_ext3_exact_text,607038,scenario_607023,unverified,second_batch_representative_runtime_test,「白い悪魔」って呼ばれてるのは,「하얀 사신」이라 불리는 건,こ「하얀　사신」이라　불리는　건,「하얀　사신」이라　불리는　건,True,18E5186411010101010101010101010101010101,True,18E045E07B04F39AE043F156E070F310F390F44B,1,,,607023,흐음……　확실히　힘이　느껴지는군。,60704D,괜한　소리는　아닌가　보군……,quarantine,unresolved
P2_direct_ext3_exact_text,607071,scenario_60705C,unverified,second_batch_representative_runtime_test,女の人……？,여자……？,こ여자……？,여자……？,True,18E51864130101,True,18970550F1911D,1,,,607063,누、　누구야……　이　적은？,607079,지온의　뉴타입인가！？,quarantine,unresolved
P2_direct_ext3_exact_text,6070A0,scenario_607089,unverified,second_batch_representative_runtime_test,「白い悪魔」クンには恨みはないんだが、,"「하얀 사신」 군에게 원한은 없다만,",こ「하얀　사신」　군에게　원한은　없다만、,「하얀　사신」　군에게　원한은　없다만、,True,18E518641501010101010101010101010101010101,True,18E045E07B04F39AE0433D1AF467E1A869FCE91707,1,,,607092,내게　그　힘이　있는　모양이군。,6070B6,이것도　임무의　일부라서　말이지……,quarantine,unresolved
P1_direct_ext3_exact_text_control_adjacent,6070C2,scenario_607089,unverified,high_priority_batch_after_anchor_pass,……悪いが、やらせてもらう！,"……미안하지만, 처리하겠다！",こ……미안하지만、　처리하겠다！,……미안하지만、　처리하겠다！,True,18E518641701010101010101,True,18F191E00FF25A073AFD7F03,2,1728,True,6070B6,이것도　임무의　일부라서　말이지……,6070D8,대、　대단하군……！,quarantine,unresolved
P2_direct_ext3_exact_text,6070E3,scenario_6070D8,unverified,second_batch_representative_runtime_test,これが、実戦で鍛えられた,이것이 실전으로 단련된,こ이것이　실전으로　단련된,이것이　실전으로　단련된,True,18E518641901010101010101,True,18F62207F30316E4A32BF790,1,,,6070D8,대、　대단하군……！,6070F0,뉴타입의　힘이라는　건가……！,quarantine,unresolved
P4_direct_ext3_text_drift,607128,scenario_607117,unverified,review_translation_and_runtime_by_bundle,それに、仮にも私は上官なんだから、,"게다가 어쨌든 난 자네의 상관이니까,",こ그리고　난　네　상관이니、,그리고　난　네　상관이니、,,18E5182AC4010101010101010101010101,True,18F5AC07E24DF46241089DE081F9E01C07,1,,,607117,……아인은　너무　과장이　심해。,60713A,적어도　계급은　붙여　부르면　좋겠는데。,quarantine,unresolved
P1_direct_ext3_exact_text_control_adjacent,607206,scenario_6071EA,unverified,high_priority_batch_after_anchor_pass,……以上、通信終わりだ。,"……이상, 통신 종료다.",こ……이상、　통신　종료다。,……이상、　통신　종료다。,True,18E51864290101010101010101,True,18F191F3D107F15EE010F6260A,2,0830,True,6071FA,이대로　전투를　계속하겠다。,607221,……아、　이봐！,quarantine,unresolved
P1_direct_ext3_exact_text_control_adjacent,60726A,scenario_607258,unverified,high_priority_batch_after_anchor_pass,あの白いヤツをー気に叩く！,저 하얀 녀석을 단숨에 몰아치겠다！,こ저　하얀　녀석을　단숨에　몰아치겠다！,저　하얀　녀석을　단숨에　몰아치겠다！,True,18E518625C0101010101010101010101,True,18F3DAE07B04F2D415F09C0CE18A2403,2,1728,True,60725E,조금씩　싸워선　끝이　없다。,607281,……이봐！？,quarantine,unresolved
P1_direct_ext3_exact_text_control_adjacent,6072B8,scenario_6072A6,unverified,high_priority_batch_after_anchor_pass,あの白いヤツをー気に叩く！,저 하얀 녀석을 단숨에 몰아치겠다！,こ저　하얀　녀석을　단숨에　몰아치겠다！,저　하얀　녀석을　단숨에　몰아치겠다！,True,18E518625C0101010101010101010101,True,18F3DAE07B04F2D415F09C0CE18A2403,2,1728,True,6072AC,조금씩　싸워선　끝이　없다。,6072CF,뭐、　뭐라고！？,quarantine,unresolved
P2_direct_ext3_exact_text,60738C,scenario_607377,unverified,second_batch_representative_runtime_test,よし！　今だ！！,좋아！ 지금이다！！,こ좋아！　지금이다！！,좋아！　지금이다！！,True,18E5182C4101010101,True,18F4900301760DF044,1,,,607377,하얀　녀석이　움직임을　멈췄나！！,607396,전　기、　하얀　녀석을　공격해！！,quarantine,unresolved
P2_direct_ext3_exact_text,6073BD,scenario_6073B2,unverified,second_batch_representative_runtime_test,あっ、あれを！,"아, 저것을！",こ아、　저것을！,아、　저것을！,True,18E518625E0101,True,18F3D607F6DD03,1,,,6073B2,……잠깐만요！,6073C5,세라…　아니、　세레인　소위가……！！,quarantine,unresolved
P2_direct_ext3_exact_text,6073E6,scenario_6073DD,unverified,second_batch_representative_runtime_test,あっ、あれを！,"아, 저것을！",こ아、　저것을！,아、　저것을！,True,18E518625E0101,True,18F3D607F6DD03,1,,,6073DD,잠깐만요！,6073EE,세레인　소위의　엘메스가……！！,quarantine,unresolved
P2_direct_ext3_exact_text,60742A,scenario_60741A,unverified,second_batch_representative_runtime_test,この感じは……ううっ！！,이 느낌은…… 으으윽！！,こ이　느낌은……　으으윽！！,이　느낌은……　으으윽！！,True,18E518643E0101010101010101,True,18F362E044F2D6F191F78DF044,1,,,607421,뭐、　뭐지！？,607438,아、　머리가……！！,quarantine,unresolved
P2_direct_ext3_exact_text,607484,scenario_60746E,unverified,second_batch_representative_runtime_test,『戻りなさい……,『돌아가거라……,こ『돌아가거라……,『돌아가거라……,True,18E5186441010101,True,1868E042F9A5F191,1,,,60746E,『그곳은　당신이　갈　곳이　아니야』,60748D,당신이　본래　있어야　할　곳으로……』,quarantine,unresolved
P2_direct_ext3_exact_text,6074C8,scenario_6074BE,unverified,second_batch_representative_runtime_test,初めて名前だけで呼んでくれたな。,처음으로 이름만 불러 주었군.,こ처음으로　이름만　불러　주었군。,처음으로　이름만　불러　주었군。,True,18E51864440101010101010101010101,True,18E139F3F7F48DF86FE070FA72F37A0A,1,,,6074BE,……안녕。,6074D9,……기쁘다。,quarantine,unresolved
P4_direct_ext3_text_drift,60750A,scenario_6074FB,unverified,review_translation_and_runtime_by_bundle,ちょっと衝撃で気を失ってたみたいだが、,"잠깐 충격으로 기절해 있었던 모양이다만,",こ충격에　잠깐　기절했지만、,충격에　잠깐　기절했지만、,,18E5184AE0010101010101010101010101010101,True,18F9ABE3E37B16A015E05DF15611691104F53807,1,,,6074FB,괜찮다니……　뭐가？,60751F,다친　곳도　없고　기체도　움직여。,quarantine,unresolved
P2_direct_ext3_exact_text,6075BC,scenario_6075A0,unverified,second_batch_representative_runtime_test,とにかく、私は無事だ。,어쨌든 난 무사하다.,こ어쨌든　난　무사하다。,어쨌든　난　무사하다。,True,18E51864520101010101,True,18FB01074108F2040D0A,1,,,6075AF,이보다　기쁜　일은　없겠지。,6075C7,이대로　전투를　계속한다！！,quarantine,unresolved
P1_direct_ext3_exact_text_control_adjacent,60760F,scenario_607600,unverified,high_priority_batch_after_anchor_pass,あ、いや……今は大佐でしたな。,"아, 아니…… 지금은 대령이셨지.",こ아、　아니……　지금은　대령이셨지。,아、　아니……　지금은　대령이셨지。,True,18E518645601010101010101010101,True,181F07F28CF1917608F05DF7A9060A,2,1728,True,607600,오！　샤아　소령！！,60762A,후후……　여전하군、　드렌。,quarantine,unresolved
P4_direct_ext3_text_drift,60767D,scenario_607666,unverified,review_translation_and_runtime_by_bundle,これで木馬包囲の条件は整った！,이것으로 목마 포위의 조건은 갖춰졌다！,こ이걸로　목마　포위　조건은　갖춰졌다！,이걸로　목마　포위　조건은　갖춰졌다！,,18E5180C420101010101010101010101,True,18F62DF202F17D05F16308E09CF15003,2,,,60766F,적을　잘　붙잡아　두었군。,60768F,こ나는　모빌슈트로　포위를　마무리하겠다！,quarantine,unresolved
P4_direct_ext3_text_drift,60768F,scenario_607666,unverified,review_translation_and_runtime_by_bundle,私はモビルス－ツで包囲の仕上げをする！！,나는 모빌슈트로 포위를 마무리하겠다！！,こ나는　모빌슈트로　포위를　마무리하겠다！,나는　모빌슈트로　포위를　마무리하겠다！,,18E518C19E0101010101010101010101,True,184108FD7916F17D05F173A1F849F044,1,,,60767D,こ이걸로　목마　포위　조건은　갖춰졌다！,6076A0,건담은　내가　상대하겠다！,quarantine,unresolved
P1_direct_ext3_exact_text_control_adjacent,6076C3,scenario_6076B6,unverified,high_priority_batch_after_anchor_pass,準備はいいか？,준비는 되었나？,こ준비는　되었나？,준비는　되었나？,True,18E518645D010101,True,18F0D8F08A040E1D,2,1728,True,6076B6,……그리고　라라아。,6076D5,……네、　대령。,quarantine,unresolved
P2_direct_ext3_exact_text,607701,scenario_6076E5,unverified,second_batch_representative_runtime_test,実戦というのは,실전이란 것은,こ실전이란　것은,실전이란　것은,True,18E5186461,True,18F303FCF2,1,,,6076F3,긴장하지　말고　침착하게　싸워라。,607707,드라마처럼　멋진　게　아니다。,quarantine,unresolved
P4_direct_ext3_text_drift,607719,scenario_6076E5,unverified,review_translation_and_runtime_by_bundle,実戦の感触というものを,실전의 감각이라는 것을,こ실전의　감각이라는　것을　몸으로　직접,실전의　감각이라는　것을　몸으로　직접,,18E51819F4010101,True,18F30305F2EFFD80,1,,,607707,드라마처럼　멋진　게　아니다。,607722,몸으로　느껴라……　넌　할　수　있어。,quarantine,unresolved
P3_direct_ext3_control_adjacent_text_drift,60775A,scenario_607739,unverified,confirm_current_text_then_rehome,だいじょうぶです、大佐……やってみせます,"괜찮습니다, 대령님…… 해 보이겠습니다.",こ괜찮습니다、　대령……　해내겠습니다。,괜찮습니다、　대령……　해내겠습니다。,,18E5183BE5010101010101010101010101,True,18FDD7F27D07F05DF191F2A20B6934211E,2,0834,True,60774B,거둬　주신　거죠？,607770,기대하고　있다……　라라아。,quarantine,unresolved
P2_direct_ext3_exact_text,60779E,scenario_607796,unverified,second_batch_representative_runtime_test,アポリ－、ロべルト！,"아폴리, 로베르트！",こ아폴리、　로베르트！,아폴리、　로베르트！,True,18E51864680101,True,18FB4907FB6E03,1,,,607796,좋아！,6077A6,둘은　라라아를　지원해라！,quarantine,unresolved
P2_direct_ext3_exact_text,6077E9,scenario_6077DB,unverified,second_batch_representative_runtime_test,……間違いない！,……틀림없어！,こ……틀림없어！,……틀림없어！,True,18E518646C010101,True,18F191F083F60A03,2,,,6077DB,저　붉은　모빌슈츠……,6077F3,こ저기에는　캬스발　오빠가,quarantine,unresolved
P2_direct_ext3_exact_text,6077F3,scenario_6077DB,unverified,second_batch_representative_runtime_test,あれにはキャスバル兄さんが,저기에는 캬스발 오빠가,こ저기에는　캬스발　오빠가,저기에는　캬스발　오빠가,True,18E518646D010101010101,True,18F3E5F467FC1AE002F727,1,,,6077E9,こ……틀림없어！,6077FF,타고　계신　거야！！,quarantine,unresolved
P5_non_direct_native_or_other,607830,scenario_607812,unverified,do_not_autofix_static_false_positive_possible,………………,………………,こ………………,………………,True,18F617F617,,18F617F617,2,1728,True,60781F,아직　군을　안　그만뒀군……！！,60783F,큭……！！,quarantine,unresolved
P2_direct_ext3_exact_text,607849,scenario_60783F,unverified,second_batch_representative_runtime_test,まずいな、このままでは挟み撃ちだ！,"곤란하군, 이대로라면 협공을 당한다！",こ곤란하군、　이대로라면　협공을　당한다！,곤란하군、　이대로라면　협공을　당한다！,True,18E51864710101010101010101,True,18F9BB07FD3FE368697B3B0D03,2,,,60783F,큭……！！,607858,こ출력　올려！　적　전선을　돌파한다！！,quarantine,unresolved
P4_direct_ext3_text_drift,607858,scenario_60783F,unverified,review_translation_and_runtime_by_bundle,機関出力上げろ！　敵戦線を突破する！！,기관 출력 올려라！ 적 전선을 돌파한다！！,こ출력　올려！　적　전선을　돌파한다！！,출력　올려！　적　전선을　돌파한다！！,,18E5184BE0010101010101010101010101,True,18FC5CF11003017FF32F15F3D8F1CBF044,2,,,607849,こ곤란하군、　이대로라면　협공을　당한다！,60786B,こＭＳ대는　전력으로,quarantine,unresolved
P4_direct_ext3_text_drift,60786B,scenario_60783F,unverified,review_translation_and_runtime_by_bundle,モビルス－ツ隊は,모빌슈트 부대는,こＭＳ대는　전력으로,ＭＳ대는　전력으로,,18E5180C01,True,18FD795408,1,,,607858,こ출력　올려！　적　전선을　돌파한다！！,607871,화이트　베이스를　지원하라！！,quarantine,unresolved
P1_direct_ext3_exact_text_control_adjacent,60789C,scenario_607884,unverified,high_priority_batch_after_anchor_pass,各機、木馬を逃がすな！,"전 기체, 목마를 놓치지 마라！",こ전　기체、　목마를　놓치지　마라！,전　기체、　목마를　놓치지　마라！,True,18E518647501010101010101,True,18F11107F20215E015F5FC03,2,1728,True,60788B,목마　녀석、　도망치려는　건가！！,6078B2,아르테이시아……,quarantine,unresolved
P4_direct_ext3_text_drift,6078BB,scenario_6078B2,unverified,review_translation_and_runtime_by_bundle,以前、軍を抜けるように言ったはずが,이전에 군을 그만두라고 말했을 터인데,こ전에　군을　떠나라　했는데、,전에　군을　떠나라　했는데、,,18E5182AC50101010101010101010101010101,True,18F2DE078F15E119F4A2F49E0C7AF150087417,1,,,6078B2,아르테이시아……,6078CF,설마　연방의　장교가　될　줄이야……,quarantine,unresolved
P4_direct_ext3_text_drift,60790A,scenario_6078E0,unverified,review_translation_and_runtime_by_bundle,軍人となって地球連邦の敵になって……,군인이 되어 지구 연방의 적이 되고……,こ군인이　되어　지구　연방의　적이　되고…,군인이　되어　지구　연방의　적이　되고…,,18E518647A0101010101010101,True,18F02EFAFAF987057FFB76F191,1,,,6078F7,갚겠다며　나를　떠났는데……,607918,이건　앞뒤가　맞지　않잖아요！？,quarantine,unresolved
P4_direct_ext3_text_drift,607938,scenario_607926,unverified,review_translation_and_runtime_by_bundle,が、連邦の旧へい化した体制のために,하지만 연방의 구태의연하게 고착화된 체제 때문에,こ하지만　낡은　연방　체제　탓에,하지만　낡은　연방　체제　탓에,,18E5184AE101010101010101010101010101,True,181707F42505E28BF580E0D2F41BF30BFA80,1,,,607926,아버지의　원수는　반드시　갚는다。,60794B,뉴타입이　전쟁　도구가　되고　있다。,quarantine,unresolved
P4_direct_ext3_text_drift,607959,scenario_607926,unverified,review_translation_and_runtime_by_bundle,……そんな現状を,……그런 현상을,こ……그런　현실을,……그런　현실을,,18E5183C5F010101,True,18F191F823F2F315,1,,,60794B,뉴타입이　전쟁　도구가　되고　있다。,607962,나는　외면할　수　없다。,quarantine,unresolved
P2_direct_ext3_exact_text,607992,scenario_607975,unverified,second_batch_representative_runtime_test,兄さんはー人で,오빠는 혼자서,こ오빠는　혼자서,오빠는　혼자서,True,18E5186482010101,True,18E002F731F04616,1,,,60797E,오빠、　대체　무슨　생각이야！？,60799B,뭔가　하려는　것　같지만、,quarantine,unresolved
P4_direct_ext3_text_drift,6079AB,scenario_607975,unverified,review_translation_and_runtime_by_bundle,ニュ－タイプひとりの独善的な世づくりを,뉴타입 한 명의 독선적인 세상 만들기를,こ뉴타입　한　명의　독선적인　세상,뉴타입　한　명의　독선적인　세상,,18E518648401010101010101010101010101,True,18FD6CF5FA05F105E04806E03CE14B24F237,1,,,60799B,뭔가　하려는　것　같지만、,6079BE,바꾸려　해서는　안　돼요！！,quarantine,unresolved
P4_direct_ext3_text_drift,6079E0,scenario_6079CC,unverified,review_translation_and_runtime_by_bundle,ニュ－タイプがニュ－タイプとして,뉴타입이 뉴타입으로서,こ뉴타입이　뉴타입으로서　태어날　수,뉴타입이　뉴타입으로서　태어날　수,,18E5181A74010101,True,18FD6C17FD6CF80C,1,,,6079CC,나는　그렇게　오만하지　않다。,6079E9,태어날　길을　만들고　싶을　뿐이다。,quarantine,unresolved
P2_direct_ext3_exact_text,607A21,scenario_607A0B,unverified,second_batch_representative_runtime_test,私はお前の兄、,"나는 네 오빠인,",こ나는　네　오빠인、,나는　네　오빠인、,True,18E518648901010101,True,1841F08C9605E00207,1,,,607A0B,……내가　가면을　쓰는　이유를　아나？,607A2B,캐스발　다이쿤이　아니다。,quarantine,unresolved
P2_direct_ext3_exact_text,607A35,scenario_607A0B,unverified,second_batch_representative_runtime_test,シャア・アズナブルだ。,샤아 아즈나블이다.,こ샤아　아즈나블이다。,샤아　아즈나블이다。,True,18E518C1A3010101,True,18F7F12AFBC40D0A,1,,,607A2B,캐스발　다이쿤이　아니다。,607A3E,과거를　버린　남자다！,quarantine,unresolved
P2_direct_ext3_exact_text,607A99,scenario_607A8D,unverified,second_batch_representative_runtime_test,モビルス－ツの不調が発生。,모빌슈트의 오작동이 발생.,こ모빌슈트의　오작동이　발생。,모빌슈트의　오작동이　발생。,True,18E5186490010101010101,True,18FD790579E0C017F0FB0A,1,,,607A8D,……여기는　세이라。,607AA5,……후퇴합니다。,quarantine,unresolved
P4_direct_ext3_text_drift,607AF4,scenario_607AD3,unverified,review_translation_and_runtime_by_bundle,それは、私のザビ家打倒を阻むものになる。,그것은 나의 자비가 타도를 가로막는 장애물이 될 뿐이다.,こ그건　내　자비가　타도를　막게　된다。,그건　내　자비가　타도를　막게　된다。,,18E51864940101010101010101010101010101010101,True,18F5AD074105F055E0B4E174E01115E165F869F8860A,2,,,607AE3,내　적이　된　건　유쾌하지　않군……,607B0C,こ특별히　원한이　있는　것은　아니다만……,quarantine,unresolved
P2_direct_ext3_exact_text,607B0C,scenario_607AD3,unverified,second_batch_representative_runtime_test,別段恨みがあるわけではないが……,특별히 원한이 있는 것은 아니다만……,こ특별히　원한이　있는　것은　아니다만……,특별히　원한이　있는　것은　아니다만……,True,18E5186495010101010101010101010101,True,18E090E2A2E1A869F5873128F9E517F191,1,,,607AF4,こ그건　내　자비가　타도를　막게　된다。,607B1E,……각오해라！！,quarantine,unresolved
P2_direct_ext3_exact_text,607BAC,scenario_607BA2,unverified,second_batch_representative_runtime_test,ガンダムをやられるわけにはいかん！,건담이 파괴당하게 둘 수는 없다！,こ건담이　파괴당하게　둘　수는　없다！,건담이　파괴당하게　둘　수는　없다！,True,18E518C1A70101010101010101010101,True,18F90D153A1CF04731F498F08AF11D03,1,,,607BA2,아무로！！,607BBD,후퇴한다！！,quarantine,unresolved
P1_direct_ext3_exact_text_control_adjacent,607BE6,scenario_607BDD,unverified,high_priority_batch_after_anchor_pass,あのパイロット……,저 파일럿……,こ저　파일럿……,저　파일럿……,True,18E518649B0101,True,18F3DAFD0BF191,2,1728,True,607BDD,………………,607BF4,……왜　그러지、　라라아？,quarantine,unresolved
P5_non_direct_native_or_other,607C1F,scenario_607C0A,unverified,do_not_autofix_static_false_positive_possible,………………,………………,こ………………,………………,True,18F617F617,,18F617F617,2,1728,True,607C14,아무것도　아니에요、　괜찮아요。,607C2E,……윽！？,quarantine,unresolved
P2_direct_ext3_exact_text,607CE2,scenario_607CD5,unverified,second_batch_representative_runtime_test,貴様もいっぱしの指揮官面に,너도 제법 어엿한 지휘관 꼴을,こ너도　제법　어엿한　지휘관　꼴을,너도　제법　어엿한　지휘관　꼴을,True,18E518C1AB0101010101,True,18F1C0FD33F59FE0B10C,1,,,607CD5,……브라이트　중위인가。,607CED,나기　시작했군……,quarantine,unresolved
P2_direct_ext3_exact_text,607CF9,scenario_607CD5,unverified,second_batch_representative_runtime_test,……結構なことだな。,……바람직한 일이지.,こ……바람직한　일이지。,……바람직한　일이지。,True,18E51864A4010101,True,18F191F4FBFCB50A,2,,,607CED,나기　시작했군……,607D03,こ우리와　그쪽이　적　부대를　협공한다。,quarantine,unresolved
P2_direct_ext3_exact_text,607D03,scenario_607CD5,unverified,second_batch_representative_runtime_test,我々とそちらとで、敵部隊を挟撃する。,우리와 그쪽이 적 부대를 협공한다.,こ우리와　그쪽이　적　부대를　협공한다。,우리와　그쪽이　적　부대를　협공한다。,True,18E51864A501010101010101010101,True,186A71FDE007F65B15E3687BF1CB0A,1,,,607CF9,こ……바람직한　일이지。,607D13,……할　수　있겠나？,quarantine,unresolved
P1_direct_ext3_exact_text_control_adjacent,607D75,scenario_607D5A,unverified,high_priority_batch_after_anchor_pass,……全機、後退せよ！,"……전 기체, 후퇴하라！",こ……전　기체、　후퇴하라！,……전　기체、　후퇴하라！,True,18E51864AB010101010101,True,18F191F56D07F0A7F55703,2,1728,True,607D67,포기할　수밖에　없나……！！,607D8A,음、　도망친　건가……？,quarantine,unresolved
P4_direct_ext3_text_drift,607DEB,scenario_607DDC,unverified,review_translation_and_runtime_by_bundle,今の撒退ぶりで、,"지금 물러나는 모습을 보니,",こ지금　퇴각하는　모습을　보면、,지금　퇴각하는　모습을　보면、,,18E5184C6101010101,True,187605F238B5F22707,1,,,607DDC,……아니、　추격하지　않는다。,607DF5,저들의　의도는　드러났다。,quarantine,unresolved
P4_direct_ext3_text_drift,607E02,scenario_607DDC,unverified,review_translation_and_runtime_by_bundle,……ここはー時後退だ。後方で戦力を再編し,……일단은 후퇴한다. 후방에서 전력을 재정비하고,こ……일단　후퇴해　전열을　정비한다。,……일단　후퇴해　전열을　정비한다。,,18E5181ADC010101010101010101010101010101,True,18F191F79FF0A8F0A70D0AF0FD16F38715F23D12,1,,,607DF5,저들의　의도는　드러났다。,607E17,키시리아　소장의　지시를　받는다。,quarantine,unresolved
P4_direct_ext3_text_drift,607E69,scenario_607E61,unverified,review_translation_and_runtime_by_bundle,グラナダへの突破を図っていたにしては、,"그라나다 돌파를 시도하고 있었던 것치고는,",こ그라나다　돌파를　노린　것치곤、,그라나다　돌파를　노린　것치곤、,,18E5183AE80101010101010101010101,True,18FAD0F577F3D815E20CF926F7BC0807,1,,,607E61,옛。,607E7A,목마의　후퇴가　너무　순순합니다。,quarantine,unresolved
P4_direct_ext3_text_drift,607E90,scenario_607E61,unverified,review_translation_and_runtime_by_bundle,おそらく、敵は木馬をオトリにしてこちらの,아마도 적은 목마를 미끼로 삼아 아군의,こ아마도　적은　목마를　미끼로　삼아,아마도　적은　목마를　미끼로　삼아,,18E51864B801010101010101010101,True,18FAA7077F08F20215F82AF7BCFB14,1,,,607E7A,목마의　후퇴가　너무　순순합니다。,607EA0,우리　전력을　유도하려는　겁니다。,quarantine,unresolved
P2_direct_ext3_exact_text,607EBD,scenario_607EB4,unverified,second_batch_representative_runtime_test,しかし、そうなると木馬がグラナダを,하지만 그렇게 되면 목마가 그라나다를,こ하지만　그렇게　되면　목마가　그라나다를,하지만　그렇게　되면　목마가　그라나다를,True,18E51864BA01010101010101010101,True,18F82807F426F51413F20217FAD015,1,,,607EB4,그렇군……,607ECD,노렸다는　것도　수상하군……,quarantine,unresolved
P2_direct_ext3_exact_text,607F0B,scenario_607EFC,unverified,second_batch_representative_runtime_test,場合によっては貴公らにソロモンへ,상황에 따라서는 자네들이 솔로몬으로,こ상황에　따라서는　자네들이　솔로몬으로,상황에　따라서는　자네들이　솔로몬으로,True,18E51864BF01010101010101,True,18F30CFBD0F07DF057F9D991,1,,,607EFC,음……　나도　그렇게　생각한다。,607F18,지원　보내게　될지도　모른다。,quarantine,unresolved
P2_direct_ext3_exact_text,607F29,scenario_607EFC,unverified,second_batch_representative_runtime_test,今の内に戦力を整えておけ。,이 틈에 전력을 정비해 두게나.,こ이　틈에　전력을　정비해　두게나。,이　틈에　전력을　정비해　두게나。,True,18E51864C0010101010101010101,True,187605E0CE0CF38715E09CFAFB0A,2,,,607F18,지원　보내게　될지도　모른다。,607F39,こ완성된　엘메스가,quarantine,unresolved
P2_direct_ext3_exact_text,607F39,scenario_607EFC,unverified,second_batch_representative_runtime_test,完成したエルメスが,완성된 엘메스가,こ완성된　엘메스가,완성된　엘메스가,True,18E51864C1010101,True,18F08DF41BF95617,1,,,607F29,こ이　틈에　전력을　정비해　두게나。,607F42,자네들　쪽에　가도록　준비해　두겠다。,quarantine,unresolved
P4_direct_ext3_text_drift,607FE0,scenario_607FBF,unverified,review_translation_and_runtime_by_bundle,……いいだろう。,……그렇게 하도록 하지.,こ……그렇게　하도록　하지。　도즐　중장에,……그렇게　하도록　하지。　도즐　중장에,,18E5181A0101,True,18F191FC7D0A,1,,,607FCD,자네　부관을　맡았던　사람이지。,607FE7,도즐　중장에게는　내가　말해　두지。,quarantine,unresolved
P4_direct_ext3_text_drift,608044,scenario_60802F,unverified,review_translation_and_runtime_by_bundle,私のところのララァ・スン少尉と、そちらの,"나의 부하인 라라아 슨 소위와, 그쪽의",こ나의　부하인　라라아　슨　소위와、　그쪽,나의　부하인　라라아　슨　소위와、　그쪽,,18E51864D0010101010101010101010101010101,True,18410513184205F7F02AF086F39D1307223BF059,1,,,60802F,ＭＡ－０８　엘메스다。,608059,세레인　소위가　사용하게　된다。,quarantine,unresolved
P2_direct_ext3_exact_text,6080B4,scenario_608097,unverified,second_batch_representative_runtime_test,少尉には工場の方へ来ていただいて,소위님께서 직접 공장으로 오셔서,こ소위님께서　직접　공장으로　오셔서,소위님께서　직접　공장으로　오셔서,True,18E51864D601010101010101010101010101,True,18F39DF467E22DBD057D919B0BF26A0DF275,1,,,6080A3,사이코뮤　조정에　시간이　걸려서……,6080C7,조정에　입회해　주셨으면　합니다。,quarantine,unresolved
P4_direct_ext3_text_drift,608126,scenario_60811A,unverified,review_translation_and_runtime_by_bundle,お許しいただけるなら、我々が,"허락해 주신다면, 저희가",こ허락해　주신다면、　저희가　소위의,허락해　주신다면、　저희가　소위의,,18E5181A850101010101010101010101,True,1835E068F45CF371F4A2F515076A7117,1,,,60811A,……어떻습니까、　대령,608137,소위의　기체를　가지러　가겠습니다만……,quarantine,unresolved
P4_direct_ext3_text_drift,60816A,scenario_60814E,unverified,review_translation_and_runtime_by_bundle,ただ、連邦軍の動向次第だが……我々は,"다만, 연방군의 동향에 따라…… 우리는",こ다만、　연방군의　동향에　따라……　우리,다만、　연방군의　동향에　따라……　우리,,18E51864DF01010101010101010101010101,True,18F37107F72A05F442F169F538F1916A7108,1,,,608157,기체　인수는　자네들에게　맡기지。,60817D,솔로몬에　파견될　수도　있다。,quarantine,unresolved
P3_direct_ext3_control_adjacent_text_drift,60818F,scenario_60814E,unverified,confirm_current_text_then_rehome,なるベく早く機体を持ち帰って欲しい。,가능한 한 신속히 기체를 인도해 오게나.,こ최대한　빨리　기체를　가져와　줘。,최대한　빨리　기체를　가져와　줘。,,18E5182BC5010101010101010101010101010101010101,True,18F514DE24E06E24F01815E0123BE0ABF156E19FF45C0A,2,080A,True,60817D,솔로몬에　파견될　수도　있다。,6081AB,……알겠습니다。,quarantine,unresolved
P4_direct_ext3_text_drift,608211,scenario_608207,unverified,review_translation_and_runtime_by_bundle,どうやら新型機の,아무래도 신형 기체,こ아무래도　신형　기체　인수를　위해,아무래도　신형　기체　인수를　위해,,18E5182A5901,True,18F9DAF80F05,1,,,608207,……예。,608218,인수하러　가는　모양입니다。,quarantine,unresolved
P2_direct_ext3_exact_text,6082AC,scenario_608287,unverified,second_batch_representative_runtime_test,ここで終了です。,여기서 종료됩니다.,こ여기서　종료됩니다。,여기서　종료됩니다。,True,18E51864EB010101,True,18F79DF4ADF27D0A,2,,,60829D,모노아이　건담즈　샘플판은,6082B6,こ이후　전개되는　스토리는、,quarantine,unresolved
P2_direct_ext3_exact_text,6082B6,scenario_608287,unverified,second_batch_representative_runtime_test,この後のスト－リ－は、,"이후 전개되는 스토리는,",こ이후　전개되는　스토리는、,이후　전개되는　스토리는、,True,18E51864EC01010101010101,True,18F362AF052F3E10F4D90807,1,,,6082AC,こ여기서　종료됩니다。,6082C3,제품판에서　즐겨　주세요。,quarantine,unresolved
P2_direct_ext3_exact_text,6082D6,scenario_608287,unverified,second_batch_representative_runtime_test,プレイしていただき,플레이해 주셔서,こ플레이해　주셔서,플레이해　주셔서,True,18E51864EE010101,True,186CF138FB440D32,1,,,6082C3,제품판에서　즐겨　주세요。,6082DF,감사합니다。,quarantine,unresolved
P2_direct_ext3_exact_text,608307,scenario_6082F7,unverified,second_batch_representative_runtime_test,こんな図体の大きな機体なのに、,"이처럼 덩치가 거대한 기체인데도,",こ이처럼　덩치가　거대한　기체인데도、,이처럼　덩치가　거대한　기체인데도、,True,18E51864F101010101010101010101,True,18F5C8E20CBB055CF4ECF018F74407,1,,,6082F7,……응、　좋은　기체야。,608317,내　손발처럼　움직여　줘。,quarantine,unresolved
P2_direct_ext3_exact_text,608354,scenario_608332,unverified,second_batch_representative_runtime_test,その機体に搭載されたサイコミュ、,"그 기체에 탑재된 사이코뮤,",こ그　기체에　탑재된　사이코뮤、,그　기체에　탑재된　사이코뮤、,True,18E51864F50101010101010101,True,18F423F0180CF4CFF833FCEF07,1,,,608341,소위가　생각한　대로　움직이는　겁니다。,608362,사이코　커뮤니케이터는……,quarantine,unresolved
P4_direct_ext3_text_drift,608374,scenario_608332,unverified,review_translation_and_runtime_by_bundle,少尉の精神波を感知し、その内容を機体制御,"소위님의 정신파를 감지해, 그 신호를 기체 제어용",こ소위의　정신파를　감지해、,소위의　정신파를　감지해、,,18E5183AE9010101010101010101010101010101010101,True,18F39D05F377E30815E044C81207F423F10B15F018F388,1,,,608362,사이코　커뮤니케이터는……,60838C,용　ＯＳ로　전달하는　장치니까요。,quarantine,unresolved
P4_direct_ext3_text_drift,60839F,scenario_608332,unverified,review_translation_and_runtime_by_bundle,エルメスに搭載されているビットは,엘메스에 탑재된 비트는,こ엘메스에　탑재된　비트는　미노프스키,엘메스에　탑재된　비트는　미노프스키,,18E5182A4401010101010101,True,18F9560CF4CFFC7B56513E08,1,,,60838C,용　ＯＳ로　전달하는　장치니까요。,6083AC,미노프스키　통신을　응용해……,quarantine,unresolved
P4_direct_ext3_text_drift,6083E8,scenario_6083C3,unverified,review_translation_and_runtime_by_bundle,この辺りは我が軍の制空圏内といっても、,"이 부근은 아군의 제해권(제공권) 내라고는 하나,",こ이곳도　아군　제공권이지만、,이곳도　아군　제공권이지만、,,18E5184AE40101010101010101010101010101010101,True,18F362E2EDF22D6A178F05E0CCE1C2E0C1E0CEFBD807,1,,,6083DA,경계를　늦추지는　마。,6083FF,상당히　변두리　지역이야。,quarantine,unresolved
P3_direct_ext3_control_adjacent_text_drift,60840D,scenario_6083C3,unverified,confirm_current_text_then_rehome,敵軍と遭遇しないとも限らないんだぞ。,적군과 언제 조우할지 장담할 수 없단 말이다.,こ적군과　마주칠　수도　있다고。,적군과　마주칠　수도　있다고。,,18E5180C43010101010101010101010101,True,18F1FF13F1D7F74EF17AE11BF5D0F7720A,2,1728,True,6083FF,상당히　변두리　지역이야。,608425,아……　죄、　죄송합니다！,quarantine,unresolved
P2_direct_ext3_exact_text,608479,scenario_60845C,unverified,second_batch_representative_runtime_test,アイン・レヴィ曹長はニュ－タイプ能力に,아인 레비 하사는 뉴타입 능력은,こ아인　레비　하사는　뉴타입　능력은,아인　레비　하사는　뉴타입　능력은,True,18E5183AEA010101010101010101,True,18F5DC2AF76BF15908FD6CF0D30C,1,,,608468,사이코뮤를　자유자재로　다룹니다。,608488,떨어지지만　기계　지식이　깊습니다。,quarantine,unresolved
P2_direct_ext3_exact_text,6084A1,scenario_60845C,unverified,second_batch_representative_runtime_test,キシリア閣下が高い期待を,키시리아 각하께서 각별한 기대를,こ키시리아　각하께서　각별한　기대를,키시리아　각하께서　각별한　기대를,True,18E518650501010101010101,True,18F932F0E417E0AD04F30515,1,,,608488,떨어지지만　기계　지식이　깊습니다。,6084AE,거시는　이유도　알　것　같군요。,quarantine,unresolved
P4_direct_ext3_text_drift,6084FD,scenario_6084ED,unverified,review_translation_and_runtime_by_bundle,で、目標の,"그래서, 목표물인",こ그래서、목표인,그래서、목표인,,18E5180CC401,True,181607F17505,1,,,6084ED,그렇군……　정보대로다。,608504,뉴타입이란　게　저건가？,quarantine,unresolved
P1_direct_ext3_exact_text_control_adjacent,608530,scenario_608516,unverified,high_priority_batch_after_anchor_pass,間違いありません。,틀림없습니다.,こ틀림없습니다。,틀림없습니다。,True,18E518650E0101,True,18F08304FBB90A,2,0854,True,608527,모빌아머로　되어　있습니다。,60853C,……좋아。,quarantine,unresolved
P1_direct_ext3_exact_text_control_adjacent,608553,scenario_60853C,unverified,high_priority_batch_after_anchor_pass,パイロットは殺すな！,파일럿은 사살하지 마라！,こ파일럿은　사살하지　마라！,파일럿은　사살하지　마라！,True,18E518651001010101,True,18FD0B08E00CF1D103,2,1728,True,608545,전　기、　저　모빌아머를　노려라！,608566,세레인　소위、　아인　상사、,quarantine,unresolved
P1_direct_ext3_exact_text_control_adjacent,60857D,scenario_608566,unverified,high_priority_batch_after_anchor_pass,相手の数が多すぎる……逃げるぞ！,상대 수가 너무 많다…… 도망친다！,こ상대　수가　너무　많다……　도망친다！,상대　수가　너무　많다……　도망친다！,True,18E518651301010101010101010101010101,True,18F3D505E0D617E0B9F674F191E015F82103,2,1728,True,608574,즉시　귀환해라！,608599,이렇게　많은　적을　상대하고,quarantine,unresolved
P3_direct_ext3_control_adjacent_text_drift,6085B6,scenario_608599,unverified,confirm_current_text_then_rehome,ここは戦うしか！,여기선 싸울 수밖에 없습니다！,こ여기선　싸울　수밖에！,여기선　싸울　수밖에！,,18E5181C59010101,True,18F79F3914F43103,2,1728,True,6085A7,도망치는　건　무리입니다！！,6085C5,이봐、　시그！,quarantine,unresolved
P2_direct_ext3_exact_text,6085EA,scenario_6085DB,unverified,second_batch_representative_runtime_test,せっかく新型機を受領したんだ。,"기왕 신형 기체를 인도받았는데,",こ기왕　신형　기체를　인도받았는데、,기왕　신형　기체를　인도받았는데、,True,18E5186516010101010101,True,18FA0BF80F15F094FA240A,1,,,6085DB,나도　시그　의견에　찬성이다。,6085F6,조금은　써　봐야지。,quarantine,unresolved
P2_direct_ext3_exact_text,60865A,scenario_608647,unverified,second_batch_representative_runtime_test,だが、いいか！,"단, 명심해라！",こ단、　명심해라！,단、　명심해라！,True,18E51870020101,True,18F53807F89E03,2,,,608647,에잇、　어쩔　수　없군……　응전한다！,608663,こ이번　전투의　목표는　적　격파가,quarantine,unresolved
P4_direct_ext3_text_drift,608663,scenario_608647,unverified,review_translation_and_runtime_by_bundle,この戦いの目標は,이번 전투의 목표는,こ이번　전투의　목표는　적　격파가,이번　전투의　목표는　적　격파가,,18E5181A8201010101,True,18F36239F27EF17508,1,,,60865A,こ단、　명심해라！,60866D,적　격파가　아니라　우리　생존이다！,quarantine,unresolved
P1_direct_ext3_exact_text_control_adjacent,60867E,scenario_608647,unverified,high_priority_batch_after_anchor_pass,誰ー人として、やられるんじゃあないぞ！,누구　사람으로서　할　수　없잖아！,こ누구　사람으로서　할　수　없잖아！,누구　사람으로서　할　수　없잖아！,True,18E51892F70101010101010101010101,True,18F862F80C073A1CF04719F667F7F503,2,1728,True,60866D,적　격파가　아니라　우리　생존이다！,608698,좋아、　지금이다！……　쏴라！！,quarantine,unresolved
P1_direct_ext3_exact_text_control_adjacent,608730,scenario_608724,unverified,high_priority_batch_after_anchor_pass,だめ……いけないわ、少尉！,"안 돼…… 피해야 해요, 소위님！",こ안　돼……　피해야　해요、　소위님！,안　돼……　피해야　해요、　소위님！,True,18E518C1BA010101010101,True,180D47F191FBFA07F39D03,2,1728,True,608724,세레인　소위가……！,608745,……설마　매복이라니。,quarantine,unresolved
P4_direct_ext3_text_drift,608755,scenario_608745,unverified,review_translation_and_runtime_by_bundle,たかだかモビルア－マ－ー体に,고작 모빌아머 1기를 나포하겠다고,こ고작　모빌아머　１기를　나포하겠다고,고작　모빌아머　１기를　나포하겠다고,,18E518700A010101,True,18F95CFDFD82BB0C,1,,,608745,……설마　매복이라니。,60875E,이렇게까지　하다니……,quarantine,unresolved
P1_direct_ext3_exact_text_control_adjacent,6087B9,scenario_608795,unverified,high_priority_batch_after_anchor_pass,……行けっ！,……공격해라！,こ……공격해라！,……공격해라！,True,18E518700F0101,True,18F1916BF49203,2,1728,True,6087A4,세　기로　쓰러뜨리겠다고！？,6087CA,역시　이렇게　나오는군……,quarantine,unresolved
P5_non_direct_native_or_other,608820,scenario_608815,unverified,do_not_autofix_static_false_positive_possible,あ……,아……,こ아……,아……,True,18FD9801,,181FF191,2,1728,True,608815,으、　아……,608830,아아아아아－－！！,quarantine,unresolved
P2_direct_ext3_exact_text,6088BD,scenario_6088AB,unverified,second_batch_representative_runtime_test,あ、頭が……,"머, 머리가……",こ머、　머리가……,머、　머리가……,True,18E5187018010101,True,181F07E10617F191,1,,,6088B3,이、　이게　뭐야！？,6088C6,깨질　것……　같아……！,quarantine,unresolved
P2_direct_ext3_exact_text,6089EF,scenario_6089E3,unverified,second_batch_representative_runtime_test,この感じ……,이 느낌……,こ이　느낌……,이　느낌……,True,18E5187024010101,True,18F362E0444CF191,1,,,6089E3,뭐、　뭐지……！？,6089F8,분노와　증오가　퍼져　가……？,quarantine,unresolved
P2_direct_ext3_exact_text,608A33,scenario_608A24,unverified,second_batch_representative_runtime_test,ふふ……,후후……,こ후후……,후후……,True,18E5186261,True,18F312F191,1,,,608A24,호오、　이　파동은……,608A39,재미있는　일이　되어　가는군。,quarantine,unresolved
P2_direct_ext3_exact_text,608A93,scenario_608A7E,unverified,second_batch_representative_runtime_test,ふふふふふ……,후후후후후……,こ후후후후후……,후후후후후……,True,18E518F29E01,True,18FA225BF191,2,,,608A86,너도　느끼고　있나？,608A9B,こ후후후……하아핫핫핫하！,quarantine,unresolved
P4_direct_ext3_text_drift,608A9B,scenario_608A7E,unverified,review_translation_and_runtime_by_bundle,ふふふ……はぁ－っはっはっは！,후후후…… 하하하하하하하！,こ후후후……하아핫핫핫하！,후후후……하아핫핫핫하！,,18E518E49301010101010101010101,True,18F87FF191F0881009F098F0980803,1,,,608A93,こ후후후후후……,608AAB,정말　훌륭하군！！,quarantine,unresolved
P2_direct_ext3_exact_text,608AB5,scenario_608A7E,unverified,second_batch_representative_runtime_test,やるではないか、地球の蛮人どもも！,"제법이로군, 지구의 야만인 녀석들도！",こ제법이로군、　지구의　야만인　녀석들도！,제법이로군、　지구의　야만인　녀석들도！,True,18E518702A010101010101010101,True,18FE4107F57005E43350F07C2003,2,,,608AAB,정말　훌륭하군！！,608AC5,こ자、　그렇게　생각하지　않나……！？,quarantine,unresolved
P1_direct_ext3_exact_text_control_adjacent,608AC5,scenario_608A7E,unverified,high_priority_batch_after_anchor_pass,なあ、そうは思わんか……！？,"자, 그렇게 생각하지 않나……！？",こ자、　그렇게　생각하지　않나……！？,자、　그렇게　생각하지　않나……！？,True,18E518702B01010101010101,True,18F52707F6A594F5A6F60C1D,2,082B,True,608AB5,こ제법이로군、　지구의　야만인　녀석들도！,608AE4,………………,quarantine,unresolved
P2_direct_ext3_exact_text,608B49,scenario_608B3F,unverified,second_batch_representative_runtime_test,だが、彼女が関係している,"다만, 그녀가 연관되어 있다는",こ다만、　그녀가　연관되어　있다는,다만、　그녀가　연관되어　있다는,True,18E518702F010101010101,True,18F53807F38317F44FFB54,1,,,608B3F,……모르겠어。,608B55,こ점만큼은　확실하다。,quarantine,unresolved
P2_direct_ext3_exact_text,608B55,scenario_608B3F,unverified,second_batch_representative_runtime_test,とだけは間違いない。,점만큼은 확실하다.,こ점만큼은　확실하다。,점만큼은　확실하다。,True,18E518703001010101,True,1813F874F083F60A0A,2,,,608B49,こ다만、　그녀가　연관되어　있다는,608B60,こ그녀를　제정신으로　되돌려　놓을　수만,quarantine,unresolved
P4_direct_ext3_text_drift,608B60,scenario_608B3F,unverified,review_translation_and_runtime_by_bundle,彼女さえ正気に戻せれば、,"그녀를 제정신으로 되돌려 놓을 수만 있다면,",こ그녀를　제정신으로　되돌려　놓을　수만,그녀를　제정신으로　되돌려　놓을　수만,,18E5187031010101010101010101,True,18F383F332F3B50CE04234F03E07,1,,,608B55,こ점만큼은　확실하다。,608B6F,어쩌면……,quarantine,unresolved
P1_direct_ext3_exact_text_control_adjacent,608BA1,scenario_608B97,unverified,high_priority_batch_after_anchor_pass,しっかりするんだ！！,정신 차려라！！,こ정신　차려라！！,정신　차려라！！,True,18E51870350101,True,18FB9CF957F044,2,0803,True,608B97,세라！！,608BAD,………………,quarantine,unresolved
P4_direct_ext3_text_drift,608C20,scenario_608C07,unverified,review_translation_and_runtime_by_bundle,そんなワケのわからないモノに振り回される,"그런 이해할 수 없는 장치에 휘둘려 버리는 건,",こ그런　이해할　수　없는　장치에　휘둘려,그런　이해할　수　없는　장치에　휘둘려,,18E518703C01010101010101010101010101,True,18F823F15D05FCAFF52B0CE16127E025F841,1,,,608C17,어디로　간　거야！！,608C33,세라답지　않잖아……！,quarantine,unresolved
P2_direct_ext3_exact_text,608C40,scenario_608C07,unverified,second_batch_representative_runtime_test,……だから、セラ！！,"……그러니, 세라！！",こ……그러니、　세라！！,……그러니、　세라！！,True,18E518703E0101010101,True,18F191F82507F429F044,1,,,608C33,세라답지　않잖아……！,608C4B,제정신으로　돌아와……　부탁이야！！,quarantine,unresolved
P4_direct_ext3_text_drift,608CC5,scenario_608CBB,unverified,review_translation_and_runtime_by_bundle,私が覚えてるのはジムに取りつかれて,내가 기억하고 있는 건 짐에게 둘러싸여,こ내가　기억하고　있는　건　짐에게　둘러싸,내가　기억하고　있는　건　짐에게　둘러싸,,18E518704301010101010101010101010101,True,184117E041F11EF70DF4810CD627400EF032,1,,,608CBB,……모르겠어。,608CD8,당할　뻔한　것까지는　기억해。,quarantine,unresolved
P2_direct_ext3_exact_text,608CE8,scenario_608CBB,unverified,second_batch_representative_runtime_test,その後のことはほとんど覚えてない。,그 뒤의 일들은 거의 기억나지 않아.,こ그　뒤의　일들은　거의　기억나지　않아。,그　뒤의　일들은　거의　기억나지　않아。,True,18E518704501010101010101010101,True,18F423AFF9498E131936E041FB800A,1,,,608CD8,당할　뻔한　것까지는　기억해。,608CF8,어렴풋이　기억나긴　하는데……,quarantine,unresolved
P2_direct_ext3_exact_text,608D47,scenario_608D3E,unverified,second_batch_representative_runtime_test,……いや、もう言うな。,"……아니, 더는 말하지 마라.",こ……아니、　더는　말하지　마라。,……아니、　더는　말하지　마라。,True,18E518704801010101010101,True,18F191F28C07F29B7AF1F40A,2,,,608D3E,세라……,608D55,こ지금은　살아남는　것만을　궁리해라。,quarantine,unresolved
P2_direct_ext3_exact_text,608D55,scenario_608D3E,unverified,second_batch_representative_runtime_test,今は、生き残ることだけを考えるんだ。,지금은 살아남는 것만을 궁리해라.,こ지금은　살아남는　것만을　궁리해라。,지금은　살아남는　것만을　궁리해라。,True,18E518704901010101010101010101010101,True,18760807CE32E01F0F1813F878E04DF9810A,2,,,608D47,こ……아니、　더는　말하지　마라。,608D69,こ방금　전　사건에　대해서는　안전하게,quarantine,unresolved
P4_direct_ext3_text_drift,608D69,scenario_608D3E,unverified,review_translation_and_runtime_by_bundle,さっきの事については,방금 전 사건에 대해서는,こ방금　전　사건에　대해서는　안전하게,방금　전　사건에　대해서는　안전하게,,18E5182A230101,True,18F9FFABF9A108,1,,,608D55,こ지금은　살아남는　것만을　궁리해라。,608D71,살아남은　뒤　생각하면　돼。,quarantine,unresolved
P2_direct_ext3_exact_text,608DA0,scenario_608D8C,unverified,second_batch_representative_runtime_test,今はシグの,지금은 시그의,こ지금은　시그의,지금은　시그의,True,18E518C1BE01,True,187608F50B05,1,,,608D8C,그래……　확실히　네　말이　맞아。,608DA7,말대로　따르도록　하자。,quarantine,unresolved
P1_direct_ext3_exact_text_control_adjacent,608DEC,scenario_608DDF,unverified,high_priority_batch_after_anchor_pass,セレイン……いや、セラを助ける！！,"세레인…… 아니, 세라를 구한다！！",こ세레인……　아니、　세라를　구한다！！,세레인……　아니、　세라를　구한다！！,True,18E518704D010101010101010101010101,True,18F912F191F28C07F42915E000F4A2F044,2,1728,True,608DDF,그거야　뻔하지……,608E07,핫！　꽤나　애먹고,quarantine,unresolved
P1_direct_ext3_exact_text_control_adjacent,608E1E,scenario_608E07,unverified,high_priority_batch_after_anchor_pass,あのバスク・オムが、ザマぁないな！,그 바스크 옴도 참 꼴불견이로군！,こ그　바스크　옴도　참　꼴불견이로군！,그　바스크　옴도　참　꼴불견이로군！,True,18E51870500101010101010101010101,True,18F3DAF66B2AF4321707F05283F7F903,2,1728,True,608E16,있는　모양이군……,608E38,말이　지나치군、　야잔　게이블！,quarantine,unresolved
P2_direct_ext3_exact_text,608E73,scenario_608E65,unverified,second_batch_representative_runtime_test,あいつらを倒して、例のニュ－タイプと,"저 녀석들을 쓸어버리고, 그 뉴타입과",こ저　녀석들을　쓸어버리고、　그　뉴타입과,저　녀석들을　쓸어버리고、　그　뉴타입과,True,18E51870540101010101010101010101,True,18F7CDF072E011F41307E18B05FD6C13,1,,,608E65,……그래、　짖지　마라。,608E84,기체를　확보하면　되는　거지？,quarantine,unresolved
P1_direct_ext3_exact_text_control_adjacent,608E96,scenario_608E65,unverified,high_priority_batch_after_anchor_pass,言われるまでもなくやってやるさ！,지시받지 않아도 처리해 주마！,こ지시받지　않아도　처리해　주마！,지시받지　않아도　처리해　주마！,True,18E51870560101010101010101010101,True,187AF6D8F19D200624F2A20B3A0F2503,2,1728,True,608E84,기체를　확보하면　되는　거지？,608EB0,음！　저　붉은　겔구그는　설마……,quarantine,unresolved
P2_direct_ext3_exact_text,608EE0,scenario_608ED7,unverified,second_batch_representative_runtime_test,あのなあ……,자네 말일세……,こ자네　말일세……,자네　말일세……,True,18E51870580101,True,18F3DAF527F191,2,,,608ED7,………………,608EE9,こ눈을　어디다　달고　다녀！！,quarantine,unresolved
P4_direct_ext3_text_drift,608EE9,scenario_608ED7,unverified,review_translation_and_runtime_by_bundle,どこに目ぇつけてるんだよっ！！,대체 눈을 어디다 달고 다니는 건가！！,こ눈을　어디다　달고　다녀！！,눈을　어디다　달고　다녀！！,,18E5183AEB010101010101010101,True,18F802B1B8F081F390F78409F044,1,,,608EE0,こ자네　말일세……,608EF8,같은　겔구그라도　전혀　다르잖아！！！,quarantine,unresolved
P2_direct_ext3_exact_text,608F3B,scenario_608F2E,unverified,second_batch_representative_runtime_test,その通りだ……,바로 그 말대로다……,こ바로　그　말대로다……,바로　그　말대로다……,True,18E518705D010101,True,18F423AEF223F191,1,,,608F35,알아보는군！！,608F44,나는　조니　라이덴　소령。,quarantine,unresolved
P2_direct_ext3_exact_text,608F51,scenario_608F2E,unverified,second_batch_representative_runtime_test,人呼んで、「真紅の稲妻」！！,"사람들이 부르길, 「진홍의 번개」！！",こ사람들이　부르길、　「진홍의　번개」！！,사람들이　부르길、　「진홍의　번개」！！,True,18E518C1C2010101010101010101010101,True,1850E070F222F4B7F54105F247E043F044,2,,,608F44,나는　조니　라이덴　소령。,608F64,こ지온에서　빨강이　제일　어울리는　남자！,quarantine,unresolved
P3_direct_ext3_control_adjacent_text_drift,608F64,scenario_608F2E,unverified,confirm_current_text_then_rehome,ジオンでイチバン赤の似合う男だ！,지온에서 가장 붉은색이 잘 어울리는 남자지！,こ지온에서　빨강이　제일　어울리는　남자！,지온에서　빨강이　제일　어울리는　남자！,,18E5180C440101010101010101010101,True,18F7AB16F8F9E08005F24814E06B0D03,2,1728,True,608F51,こ사람들이　부르길、　「진홍의　번개」！！,608F80,그라나다　키시리아　각하의　명령이다。,quarantine,unresolved
P1_direct_ext3_exact_text_control_adjacent,608FC9,scenario_608FB7,unverified,high_priority_batch_after_anchor_pass,キム、クラビッツ！用意はいいな！！,"킴, 크라비츠！ 준비는 되었나！！",こ킴、　크라비츠！　준비는　되었나！！,킴、　크라비츠！　준비는　되었나！！,True,18E518C1C40101010101010101010101,True,18623F073D2E56514B03F4C8FB52F044,2,0890,True,608FB7,인사는　살아난　뒤에　해。,608FDE,……알겠다！,quarantine,unresolved
P5_non_direct_native_or_other,609054,scenario_609044,unverified,do_not_autofix_static_false_positive_possible,よし！,좋아！,こ좋아！,좋아！,True,18FEFE01,,18F49003,1,,,609044,아무래도　정리된　모양이군。,609059,후속이　오기　전에　여기서　빠져나간다！,quarantine,unresolved
P4_direct_ext3_text_drift,60911E,scenario_609100,unverified,review_translation_and_runtime_by_bundle,死の危険にさらされた少尉の感情を,죽음의 위협에 직면한 소위의 심리 상태를,こ죽음　앞의　소위　감정을,죽음　앞의　소위　감정을,,18E5183AED0101010101010101010101,True,18AD05F10A0CF357F833F39D05F31615,1,,,609111,너무　민감하게　한　모양입니다。,60912F,사이코뮤가　받아　버렸습니다。,quarantine,unresolved
P4_direct_ext3_text_drift,60913B,scenario_609100,unverified,review_translation_and_runtime_by_bundle,そうした不安や敵意を、,"그러한 불안이나 적개심을,",こ그러한　불안이나　적개심을、　사이코뮤의,그러한　불안이나　적개심을、　사이코뮤의,,18E51839FA0101010101,True,18F8E0F3C53AF1931507,1,,,60912F,사이코뮤가　받아　버렸습니다。,609146,사이코뮤　피드백이　증폭한……,quarantine,unresolved
P4_direct_ext3_text_drift,609158,scenario_609100,unverified,review_translation_and_runtime_by_bundle,後はその繰返し……ひらたく言ってしまえば,이후 이를 반복하는…… 단순화해서 설명드리자면,こ그게　반복된　겁니다……,그게　반복된　겁니다……,,18E5184AE701010101010101010101010101010101,True,18AFF7A4F3AC12F191E0391C11247AF1561221F0E0,1,,,609146,사이코뮤　피드백이　증폭한……,60916E,마이크　하울링과　같은　현상입니다。,quarantine,unresolved
P4_direct_ext3_text_drift,609236,scenario_609213,unverified,review_translation_and_runtime_by_bundle,先ほどの戦いを元に調整しなおしましたから,방금 전의 전투 데이터를 토대로 재차 조정했으니,こ방금　전투를　토대로　재조정했으니,방금　전투를　토대로　재조정했으니,,18E5182ACC010101010101010101010101010101,True,18E01AF8A339F293E0880CF3C1F41035F8E1F124,1,,,609225,사이코뮤가　과민　반응했을　뿐입니다。,60924B,이제　괜찮을　겁니다。,quarantine,unresolved
P4_direct_ext3_text_drift,6092AE,scenario_609282,unverified,review_translation_and_runtime_by_bundle,セレイン・イクスぺリ少尉があれに乗るのは,세레인 익스페리 소위가 저 기체에 탑승하는 건,こ세레인　익스페리　소위가　저　기체에　탑,세레인　익스페리　소위가　저　기체에　탑,,18E51870860101010101010101010101,True,18F9122AFC79F39D17F3E50CE07CF70D,1,,,60929A,ＮＴ　병기를　운용하려　모인　겁니다。,6092BF,이미　결정된　사항입니다。,quarantine,unresolved
P4_direct_ext3_text_drift,609349,scenario_609327,unverified,review_translation_and_runtime_by_bundle,それよりシグ。,"그보다, 시그.",こ그보다、　시그。　한　가지　부탁,그보다、　시그。　한　가지　부탁,,18E5181A9601,True,18FBA5F50B0A,1,,,60933A,의무장도　보증했어。,609350,한　가지　부탁하고　싶은　게　있어。,quarantine,unresolved
P4_direct_ext3_text_drift,609423,scenario_609407,unverified,review_translation_and_runtime_by_bundle,……誰かに抱きとめててもらわないと,……누군가가 나를 단단히 잡아주지 않으면,こ……누군가가　나를　단단히　잡아주지　않,……누군가가　나를　단단히　잡아주지　않,,18E518709A0101010101010101010101010101,True,18F191E02BF134E2333213F3F70B201CF88013,1,,,609412,다른　존재가　되어　버릴　것　같아서……,609437,견딜　수　없을　것　같아。,quarantine,unresolved
P1_direct_ext3_exact_text_control_adjacent,609477,scenario_609464,unverified,high_priority_batch_after_anchor_pass,……けど、違うんだ。,"……그렇지만, 그게 아니야.",こ……그렇지만、　그게　아니야。,……그렇지만、　그게　아니야。,True,18E518709E0101010101,True,18F191F49607DAF7AF0A,2,1728,True,609464,『동요한　것처럼　보이지　않는다』고？,609488,………？,quarantine,unresolved
P4_direct_ext3_text_drift,609503,scenario_6094DC,unverified,review_translation_and_runtime_by_bundle,外の世界なんて見たこともないし、,"외부 세계라곤 구경조차 해본 적이 없고,",こ외부　세계라곤　구경조차　해본　적이　없,외부　세계라곤　구경조차　해본　적이　없,,18E51870A3010101010101010101010101,True,18E0D805F448F8558A1118F17AF5261207,1,,,6094F2,눈을　떠　보니　플라나간　시설이었어。,609515,다른　사람과　접한　적도　거의　없어。,quarantine,unresolved
P2_direct_ext3_exact_text,609529,scenario_6094DC,unverified,second_batch_representative_runtime_test,人間である前に,평범한 인간이기 이전에,こ평범한　인간이기　이전에,평범한　인간이기　이전에,True,18E51870A40101,True,18F0A2F79C960C,1,,,609515,다른　사람과　접한　적도　거의　없어。,609531,’플라나간의　뉴타입’인　거야,quarantine,unresolved
P1_direct_ext3_exact_text_control_adjacent,60953C,scenario_6094DC,unverified,high_priority_batch_after_anchor_pass,……私は。,……나는.,こ……나는。,……나는。,True,18E51870A601,True,18F19141080A,2,0801,True,609531,’플라나간의　뉴타입’인　거야,609547,이제　됐어！　그만해！！,quarantine,unresolved
P4_direct_ext3_text_drift,6095B5,scenario_6095A8,unverified,review_translation_and_runtime_by_bundle,この名前がどうしてつけられたか,이 성씨가 도대체 무슨 연유로 붙여졌는지,こ이　성씨가　도대체　무슨　연유로,이　성씨가　도대체　무슨　연유로,,18E51870AD0101010101010101,True,18F362F48D17F900F081F7900E,1,,,6095A8,……세레인　익스페리야。,6095C3,시그는　알고　있어？,quarantine,unresolved
P2_direct_ext3_exact_text,6095CE,scenario_6095A8,unverified,second_batch_representative_runtime_test,……簡単なもじりさ。,……간단한 약어 말장난일세.,こ……간단한　약어　말장난일세。,……간단한　약어　말장난일세。,True,18E51870AE010101010101,True,18F191F0A606204C27250A,2,,,6095C3,시그는　알고　있어？,6095DB,こ플라나간　기관에서　탄생한,quarantine,unresolved
P4_direct_ext3_text_drift,6095DB,scenario_6095A8,unverified,review_translation_and_runtime_by_bundle,フラナガン機関で生まれた,플래너건 기관에서 탄생한,こ플라나간　기관에서　탄생한,플라나간　기관에서　탄생한,,18E51870AF0101010101,True,18FCFAF3CF16CEF1A711,1,,,6095CE,こ……간단한　약어　말장난일세。,6095E6,Ｘ　넘버　실험체。,quarantine,unresolved
P2_direct_ext3_exact_text,6095EF,scenario_6095A8,unverified,second_batch_representative_runtime_test,で、エクスぺリメントをもじって,"그래서,　경험을　바탕으로",こ그래서、　경험을　바탕으로,그래서、　경험을　바탕으로,True,18E51892FB010101010101010101010101,True,181607583D2FE0B353B91A3E15204CF156,1,,,6095E6,Ｘ　넘버　실험체。,609601,’익스페리’……　단순하지？,quarantine,unresolved
P4_direct_ext3_text_drift,6096A3,scenario_609682,unverified,review_translation_and_runtime_by_bundle,震えて、怯えている人は、,"부들부들 떨며 겁에 질려 있는 사람은,",こ부들부들　떨며　겁에　질려　있는,부들부들　떨며　겁에　질려　있는,,18E51870B90101010101010101,True,18E4EDF11E07E311FB58500807,1,,,609693,이　따뜻한　몸은　대체　뭐지！？,6096B1,대체　누구야？,quarantine,unresolved
P2_direct_ext3_exact_text,6096EB,scenario_6096D1,unverified,second_batch_representative_runtime_test,だから……,그러니까……,こ그러니까……,그러니까……,True,18E51806E4,True,18F825F191,1,,,6096DC,얼마든지、　원하는　만큼　빌려줄게。,6096F1,그런　말은　하지　마……,quarantine,unresolved
P1_direct_ext3_exact_text_control_adjacent,609709,scenario_609700,unverified,high_priority_batch_after_anchor_pass,……シ…グ。,……시… 그.,こ……시…그。,……시…그。,True,18E518D5390101,True,18F1912D024F0A,2,1728,True,609700,………………,60971A,………………,quarantine,unresolved
P4_direct_ext3_text_drift,609789,scenario_60977C,unverified,review_translation_and_runtime_by_bundle,人が悪いなアインは。,심술궂군요 아인은.,こ심술궂군요　아인은。　거기　있을　거면,심술궂군요　아인은。　거기　있을　거면,,18E5184A16010101010101,True,185017E00FF27BF5DC080A,1,,,60977C,……곤란하군。,609795,있으면　있다고　말이라도　해　주지……,quarantine,unresolved
P1_direct_ext3_exact_text_control_adjacent,6097B8,scenario_6097AD,unverified,high_priority_batch_after_anchor_pass,あれは本気なんですか？,방금 전 이야기는 진심입니까？,こ방금　전　이야기는　진심입니까？,방금　전　이야기는　진심입니까？,True,18E51870C4010101,True,18F6D2F21AFD101D,2,0803,True,6097AD,그보다、　세라。,6097C5,……진심？,quarantine,unresolved
P2_direct_ext3_exact_text,6097EF,scenario_6097E1,unverified,second_batch_representative_runtime_test,私はシグに惹かれている。,나는 시그에게 끌리고 있어.,こ나는　시그에게　끌리고　있어。,나는　시그에게　끌리고　있어。,True,18E518C1CC010101010101,True,184108F50B0CE2E2FC600A,1,,,6097E1,……아아、　진심이다。,6097FB,그건　틀림없다고　생각해。,quarantine,unresolved
P4_direct_ext3_text_drift,60981C,scenario_609809,unverified,review_translation_and_runtime_by_bundle,フラナガンで最も優秀な,플래너건에서 가장 우수하다고,こ플라나간에서　가장　우수하다고,플라나간에서　가장　우수하다고,,18E51870C90101010101,True,18FCFA16E04020F4C006,1,,,609810,하지만　그는　올드타입이잖아요！,609827,뉴타입이라　불리는　당신에게……,quarantine,unresolved
P3_direct_ext3_control_adjacent_text_drift,609841,scenario_609838,unverified,confirm_current_text_then_rehome,それ以上言ったら本気で怒るぞ。,그 이상 입을 놀리면 진심으로 화낼 거다.,こ그　이상　말하면　정말　화낼　거야。,그　이상　말하면　정말　화낼　거야。,,18E5184BE20101010101010101010101,True,18F422F3D17AF70FF21A16E157F3EF0A,2,0806,True,609838,아인！！,609856,하、　하지만　세라……,quarantine,unresolved
P2_direct_ext3_exact_text,609878,scenario_609867,unverified,second_batch_representative_runtime_test,私があいつに惹かれるのは、,"내가 그 녀석에게 끌리는 이유는,",こ내가　그　녀석에게　끌리는　이유는、,내가　그　녀석에게　끌리는　이유는、,True,18E51870CE010101010101010101,True,184117F7CD0CE2E20EF047F44B07,1,,,609867,’하지만’도　’그렇지만’도　없어！,609887,시그가　시그이기　때문이야。,quarantine,unresolved
P2_direct_ext3_exact_text,609892,scenario_609867,unverified,second_batch_representative_runtime_test,シグがニュ－タイプでもオ－ルドタイプでも,시그가 뉴타입이든 올드타입이든 간에,こ시그가　뉴타입이든　올드타입이든　간에,시그가　뉴타입이든　올드타입이든　간에,True,18E518C1CE01010101010101,True,18F50B17FD6CF25EFE0CF25E,1,,,609887,시그가　시그이기　때문이야。,60989F,내겐　아무　상관　없어。,quarantine,unresolved
P1_direct_ext3_exact_text_control_adjacent,6098CB,scenario_6098BC,unverified,high_priority_batch_after_anchor_pass,だったら、もう話すことはないな。,"그렇다면, 더는 대화할 가치가 없군.",こ그렇다면、　더는　대화할　가치가　없군。,그렇다면、　더는　대화할　가치가　없군。,True,18E51870D10101010101010101,True,18FB0A07F29BE02EF588FA250A,2,0806,True,6098BC,네　얘기는　그게　전부인가？,6098DD,아、　세라……！,quarantine,unresolved
P2_direct_ext3_exact_text,609901,scenario_6098F8,unverified,second_batch_representative_runtime_test,ボクじゃ……,저로는……,こ저로는……,저로는……,True,18E51870D30101,True,18F279F2D2F191,2,,,6098F8,세라……,60990A,こ……저로는　안　되는　건가요？,quarantine,unresolved
P2_direct_ext3_exact_text,60990A,scenario_6098F8,unverified,second_batch_representative_runtime_test,……ボクじゃだめなんですか？,……저로는 안 되는 건가요？,こ……저로는　안　되는　건가요？,……저로는　안　되는　건가요？,True,18E51870D401010101010101,True,18F191F279F2D20D47FD101D,2,,,609901,こ저로는……,609918,こ………………,quarantine,unresolved
P5_non_direct_native_or_other,609918,scenario_6098F8,unverified,do_not_autofix_static_false_positive_possible,………………,………………,こ………………,………………,True,18F617F617,,18F617F617,2,1728,True,60990A,こ……저로는　안　되는　건가요？,609927,오랜만이군、　붉은　혜성。,quarantine,unresolved
P2_direct_ext3_exact_text,60995F,scenario_60994E,unverified,second_batch_representative_runtime_test,私の部下たちを助けてくれたそうだな,내 부하들을 구해주었다고 들었네.,こ내　부하들을　구해주었다고　들었네。,내　부하들을　구해주었다고　들었네。,True,18E51870D80101010101010101,True,184105F378F767E000FC92FA05,1,,,60994E,오、　조니　라이덴　소령……,60996D,……감사　인사를　하지。,quarantine,unresolved
P4_direct_ext3_text_drift,609998,scenario_60997F,unverified,review_translation_and_runtime_by_bundle,本日よりＪ・ライデン少佐はシャア大佐の,금일부로 조니 라이덴 소령은 샤아 대령의,こ오늘부터　조니　라이덴　소령은,오늘부터　조니　라이덴　소령은,,18E5181AE401010101010101010101010101,True,18F2B3F488E2B92AFB9FF3F308F7F1F05D05,1,,,609987,해야　할　일을　했을　뿐이야。,6099AB,독립　제３００전대와　함께　행동하라……,quarantine,unresolved
P2_direct_ext3_exact_text,6099BF,scenario_60997F,unverified,second_batch_representative_runtime_test,キシリア閣下からのご命令だ。,키시리아 각하의 직속 명령일세.,こ키시리아　각하의　직속　명령일세。,키시리아　각하의　직속　명령일세。,True,18E51870DC010101010101,True,18F932F0E4F9A2F1D50D0A,1,,,6099AB,독립　제３００전대와　함께　행동하라……,6099CB,한동안　신세　좀　지지。,quarantine,unresolved
P2_direct_ext3_exact_text,609A12,scenario_609A00,unverified,second_batch_representative_runtime_test,……ソロモンへ向かえとのことだ。,……솔로몬으로 향하라는 지시일세.,こ……솔로몬으로　향하라는　지시일세。,……솔로몬으로　향하라는　지시일세。,True,18E51870E101010101010101,True,18F191F9D991D50E2BFD220A,1,,,609A00,그리고　키시리아　각하께서　또　하나。,609A1F,연방이　움직이기　시작한　모양이다。,quarantine,unresolved
P4_direct_ext3_text_drift,609A2C,scenario_609A00,unverified,review_translation_and_runtime_by_bundle,ドズル中将は「返り討ちにする」と,"도즐　중장은　""돌려　준다""고",こ도즐　중장은　”돌려　준다”고　의기양양,도즐　중장은　”돌려　준다”고　의기양양,,18E51836C70101010101010101010101010101,True,18F89CF4A808E045E05B27E1363BF5DDE04313,1,,,609A1F,연방이　움직이기　시작한　모양이다。,609A40,기세는　올리지만　전력이　부족하다。,quarantine,unresolved
P4_direct_ext3_text_drift,609A53,scenario_609A00,unverified,review_translation_and_runtime_by_bundle,なんでも、ソロモンからの補給要請を,"듣자 하니, 솔로몬의 보급 요청을",こ듣자　하니、　솔로몬의　보급　요청을　기,듣자　하니、　솔로몬의　보급　요청을　기,,18E51837E0010101010101010101,True,18F8C507F9D9F67EF2B281E37D15,1,,,609A40,기세는　올리지만　전력이　부족하다。,609A62,기렌　총수가　묵살했다더군……,quarantine,unresolved
P5_non_direct_native_or_other,609A83,scenario_609A78,unverified,do_not_autofix_static_false_positive_possible,まさか……,설마……,こ설마……,설마……,True,18FF59F191,,18F845F191,2,1728,True,609A78,기렌　총수가？,609A94,……아니、　지금은　쓸데없는　걸,quarantine,unresolved
P4_direct_ext3_text_drift,609AB2,scenario_609A94,unverified,review_translation_and_runtime_by_bundle,本国から援軍が派遣されない以上、,"본국으로부터 증원이 파견되지 않는 한,",こ본국으로부터　증원이　파견되지　않는　한,본국으로부터　증원이　파견되지　않는　한,,18E51870E7010101010101010101010101,True,18F1C3F124F2E817F3EAF35BF526F3D107,1,,,609AA5,생각할　때가　아니군。,609AC4,솔로몬　함락은　피할　수　없다。,quarantine,unresolved
P2_direct_ext3_exact_text,609AD0,scenario_609A94,unverified,second_batch_representative_runtime_test,ー刻も早くソロモンに向かい、,"한시라도 빨리 솔로몬으로 향하여,",こ한시라도　빨리　솔로몬으로　향하여、,한시라도　빨리　솔로몬으로　향하여、,True,18E51870E9010101010101010101,True,18F0B020E06E24F9D90CD5F14807,1,,,609AC4,솔로몬　함락은　피할　수　없다。,609ADF,우군을　구출해야　한다。,quarantine,unresolved
P2_direct_ext3_exact_text,609B40,scenario_609B28,unverified,second_batch_representative_runtime_test,あの時はナマイキなことを,그 당시 건방진 소리를,こ그　당시　건방진　소리를,그　당시　건방진　소리를,True,18E51870EF01010101,True,18F3DAB708FA33FB56,1,,,609B32,중위님을　만났을　때　일입니다。,609B4A,죄송했습니다。,quarantine,unresolved
P3_direct_ext3_control_adjacent_text_drift,609B66,scenario_609B57,unverified,confirm_current_text_then_rehome,別に気にするほどのことじゃない。,별로 개의치 않아도 좋네.,こ별로　신경　쓸　일도　아니야。,별로　신경　쓸　일도　아니야。,,18E5184C65010101010101010101,True,18E0900CA0F5DDF8A31813F8DF0A,2,0806,True,609B57,……아아、　그　얘기인가。,609B79,………………,quarantine,unresolved
P2_direct_ext3_exact_text,609BD4,scenario_609BB0,unverified,second_batch_representative_runtime_test,けど、中尉は危険をかえりみずに,하지만 중위님은 위험을 무릅쓰고,こ하지만　중위님은　위험을　무릅쓰고,하지만　중위님은　위험을　무릅쓰고,True,18E5181AE50101010101010101010101,True,18F49607F55908F10A150E2B2769740C,1,,,609BC2,저는　허둥대기만　했는데……,609BE5,나아가　그녀의　마음을　되찾아　주셨죠。,quarantine,unresolved
P3_direct_ext3_control_adjacent_text_drift,609C3A,scenario_609C28,unverified,confirm_current_text_then_rehome,ここから全員で生きて帰って,이곳에서 우리 전원이 살아서 돌아가야 비로소 의미가 있지.,こ여기서　모두　살아　돌아가야,여기서　모두　살아　돌아가야,,18E51870F80101010101010101,True,18FB28F50816CEF4EFE0ABF156,1,084C,True,609C28,……그　얘기는　아직　이르다。,609C85,가자、　아인！,quarantine,unresolved
P4_direct_ext3_text_drift,609CEA,scenario_609CD5,unverified,review_translation_and_runtime_by_bundle,ソロモンが陥落し、,"솔로몬이 함락되었고,",こ솔로몬이　함락되고、,솔로몬이　함락되고、,,18E5180CC7010101,True,18F9D917F15F1207,1,,,609CDF,그라나다에서　긴급　통신입니다！,609CF3,도즐　중장이　전사했다는……！,quarantine,unresolved
P4_direct_ext3_text_drift,609D34,scenario_609D2A,unverified,review_translation_and_runtime_by_bundle,ああ、だいじょう…ぶ、さ……,"아,　괜찮아…　부,　사…",こ아아、괜찮…아……,아아、괜찮…아……,,18E5182C4801010101010101010101,True,18F3C6070D044C891402B50725F191,1,,,609D2A,가토……인가。,609D44,목숨…은　말이지……,quarantine,unresolved
P4_direct_ext3_text_drift,609D50,scenario_609D2A,unverified,review_translation_and_runtime_by_bundle,だが、腕を、やられちまった……,"하지만, 한쪽 팔을 쓸 수 없게 되었어……",こ하지만、　팔을　당해버렸어……,하지만、　팔을　당해버렸어……,,18E5181AE6010101010101010101010101,True,18F53807E25315073A1C1B3BF19911F191,1,,,609D44,목숨…은　말이지……,609D62,이제　파일럿은……　그만둬야겠군。,quarantine,unresolved
P2_direct_ext3_exact_text,609D75,scenario_609D2A,unverified,second_batch_representative_runtime_test,すまない、ガト－,"미안하다, 가토.",こ미안하다、　가토。,미안하다、　가토。,True,18E518710701,True,18F8C807F58C,2,,,609D62,이제　파일럿은……　그만둬야겠군。,609D7D,こ뒷일을……　부탁하네……！！,quarantine,unresolved
P1_direct_ext3_exact_text_control_adjacent,609D7D,scenario_609D2A,unverified,high_priority_batch_after_anchor_pass,あとを……たのむ……！！,뒷일을…… 부탁하네……！！,こ뒷일을……　부탁하네……！！,뒷일을……　부탁하네……！！,True,18E5187108010101010101,True,18F3D915F191F6C8F60C03,2,1728,True,609D75,こ미안하다、　가토。,609D92,이놈들……！！,quarantine,unresolved
P4_direct_ext3_text_drift,609D9C,scenario_609D92,unverified,review_translation_and_runtime_by_bundle,ドズル閣下を手にかけただけでは,도즐 각하를 시해한 것만으로는,こ도즐　각하를　시해한　것만으로는　모자라,도즐　각하를　시해한　것만으로는　모자라,,18E51826B10101010101010101,True,18F89CF0E415720C0EF48FFA58,1,,,609D92,이놈들……！！,609DAA,내　친구　케리까지……！！,quarantine,unresolved
P4_direct_ext3_text_drift,609E18,scenario_609DF3,unverified,review_translation_and_runtime_by_bundle,現在、友軍のムサイは損傷し、,"현재 우군의 무사이 함대는 대파되어,",こ현재、우군의　무사이는　손상되어、,현재、우군의　무사이는　손상되어、,,18E5181C5D010101010101010101,True,18F32007F17705F6C308F0A51207,1,,,609E04,모빌슈츠　부대는　가토　대위를　따르라！,609E27,전투력이　거의　남지　않았다！,quarantine,unresolved
P4_direct_ext3_text_drift,609E35,scenario_609DF3,unverified,review_translation_and_runtime_by_bundle,大尉と共に敵追撃部隊を攻撃せよ！,소령과 힘을 합쳐 적 추격 부대를 공격하라！,こ대위와　함께　추격대를　공격하라！,대위와　함께　추격대를　공격하라！,,18E51806D801010101010101010101010101,True,18F08E13E07D0C7FF0AEF42815F35AF55703,1,,,609E27,전투력이　거의　남지　않았다！,609E48,무사이를　최대한　많이　탈출시켜라！,quarantine,unresolved
P4_direct_ext3_text_drift,609E89,scenario_609E63,unverified,review_translation_and_runtime_by_bundle,我が友ケリィ、そして……,"내 벗인 켈리, 그리고……",こ내　벗인　케리、　그리고……　도즐,내　벗인　케리、　그리고……　도즐,,18E5181A8901010101010101,True,186A17E0E0F5DF07F787F191,1,,,609E74,수많은　영령들에게　보답하기　위해……,609E96,도즐　각하의　원통함을　풀기　위해……！,quarantine,unresolved
P3_direct_ext3_control_adjacent_text_drift,609EA9,scenario_609E63,unverified,confirm_current_text_then_rehome,我が怒りの刃……受けるがいい！！,내 서슬 푸른 분노의 칼날을…… 받아라！！,こ내　분노의　칼날……　받아라！！,내　분노의　칼날……　받아라！！,,18E5180C45010101010101010101010101,True,186A17E157F22CE4F3F191E009FC30F044,2,1728,True,609E96,도즐　각하의　원통함을　풀기　위해……！,609EC4,………윽！？,quarantine,unresolved
P2_direct_ext3_exact_text,609EED,scenario_609ED6,unverified,second_batch_representative_runtime_test,あ、悪夢だ……,"아, 악몽이로군……",こ아、　악몽이로군……,아、　악몽이로군……,True,18E518711A010101,True,181F07F34A0DF191,2,,,609EE1,고작　한　발에　이럴　수가……！,609EF7,こ솔로몬……　의……,quarantine,unresolved
P2_direct_ext3_exact_text,609EF7,scenario_609ED6,unverified,second_batch_representative_runtime_test,ソロモン…の……,솔로몬…… 의……,こ솔로몬……　의……,솔로몬……　의……,True,18E518711B0101,True,18F9D90205F191,2,,,609EED,こ아、　악몽이로군……,609F00,こ악…몽……윽！！,quarantine,unresolved
P3_direct_ext3_control_adjacent_text_drift,609F00,scenario_609ED6,unverified,confirm_current_text_then_rehome,悪…夢……っ！！,악…… 몽……！！,こ악…몽……윽！！,악…몽……윽！！,,18E518E494010101010101,True,18E00F02E1F5F19109F044,2,1728,True,609EF7,こ솔로몬……　의……,609F15,흥……,quarantine,unresolved
P4_direct_ext3_text_drift,609F1E,scenario_609F15,unverified,review_translation_and_runtime_by_bundle,……なんと他愛のない！,……이 얼마나 하잘것없는가！,こ……참　시시하군！,……참　시시하군！,,18E5182AD20101010101010101,True,18F191F857E0EDE10905F52603,1,,,609F15,흥……,609F2C,갑옷에　소매　스치듯　끝나는군！！,quarantine,unresolved
P4_direct_ext3_text_drift,609F56,scenario_609F46,unverified,review_translation_and_runtime_by_bundle,……モビルス－ツ隊、発進！,"……모빌슈트 부대, 출격！",こ……모빌슈트　부대、　출격！　퇴각하고,……모빌슈트　부대、　출격！　퇴각하고,,18E5184A750101010101,True,18F191FD795407F0D603,1,,,609F46,이제　도로와대를　지원한다！,609F61,후퇴　중인　우군　부대를　지원하라！！,quarantine,unresolved
P4_direct_ext3_text_drift,609FBA,scenario_609F9A,unverified,review_translation_and_runtime_by_bundle,その貴官直々に出向いてもらえるとは,그 귀관이 직접 조력하러 방문해 주다니,こ그　귀관이　직접　조력하러　방문해,그　귀관이　직접　조력하러　방문해,,18E51871240101010101010101010101010101,True,18F423F01AE066710CF126F275201CF0BBF17E,1,,,609FB0,익히　들어　알고　있었다……,609FCE,……정말　감사할　따름이군！,quarantine,unresolved
P4_direct_ext3_text_drift,609FFD,scenario_609FDE,unverified,review_translation_and_runtime_by_bundle,……それに、高名というならば,"……그리고 명성으로 논하자면,",こ……그리고　명성으로　논하자면、　귀관에,……그리고　명성으로　논하자면、　귀관에,,18E5184A2801010101010101,True,18F191F5AC07F04DF664F677,1,,,609FF0,나는　일개　파일럿일　뿐이다。,60A00A,자네야말로　그　이름을　물려받아야지。,quarantine,unresolved
P2_direct_ext3_exact_text,60A01C,scenario_609FDE,unverified,second_batch_representative_runtime_test,大尉のすさまじい戦いぶり……,소령의 가공할 만한 전장 장악력……,こ소령의　가공할　만한　전장　장악력……,소령의　가공할　만한　전장　장악력……,True,18E518712A010101010101010101,True,18F08E051EF34F4C0439F793F191,2,,,60A00A,자네야말로　그　이름을　물려받아야지。,60A02C,こ분명　이　전투가　끝나면、,quarantine,unresolved
P4_direct_ext3_text_drift,60A02C,scenario_609FDE,unverified,review_translation_and_runtime_by_bundle,きっと、この戦いが終わった後、連邦の,"분명 이번 전투가 막을 내린 뒤, 연방의",こ분명　이　전투가　끝나면、,분명　이　전투가　끝나면、,,18E5182AD30101010101010101010101010101,True,1832F15A07F36239F25AE010F7E7AF07F42505,1,,,60A01C,こ소령의　가공할　만한　전장　장악력……,60A040,병사들이　자네　이야기를　하겠지……,quarantine,unresolved
P2_direct_ext3_exact_text,60A052,scenario_609FDE,unverified,second_batch_representative_runtime_test,さしずめ……そう、,"이를테면…… 그래,",こ이를테면……　그래、,이를테면……　그래、,True,18E518712D010101,True,18FB07F191F42607,1,,,60A040,병사들이　자네　이야기를　하겠지……,60A06C,그　’붉은　혜성’에게,quarantine,unresolved
P2_direct_ext3_exact_text,60A08A,scenario_60A06C,unverified,second_batch_representative_runtime_test,……共にジオン公国のために,……함께 지온 공국을 수호하기 위해,こ……함께　지온　공국을　수호하기　위해,……함께　지온　공국을　수호하기　위해,True,18E518C1D801010101010101,True,18F191E07D0CF7ABF281FA80,1,,,60A07C,그런　말까지　듣다니……,60A097,끝까지　싸우지　않겠나……　지크　지온！,quarantine,unresolved
P1_direct_ext3_exact_text_control_adjacent,60A0B4,scenario_60A0AB,unverified,high_priority_batch_after_anchor_pass,……あ、ああ。,"……아, 그래.",こ……아、　그래。,……아、　그래。,True,18E5186266010101,True,18F1911F07F3C60A,1,1719,True,60A0AB,……………,60A0D1,아직도　목마에서　내리지　않았다니……,quarantine,unresolved
P4_direct_ext3_text_drift,60A0F8,scenario_60A0EF,unverified,review_translation_and_runtime_by_bundle,この戦争で……いいえ、それ以前から,"이 전쟁으로…… 아니요, 그전부터 이미",こ이　전쟁으로……　아니요、　그전부터　이,이　전쟁으로……　아니요、　그전부터　이,,18E5187133010101010101010101010101,True,18F362F30F16F191F89D07F422F2DEF124,1,,,60A0EF,………………,60A10A,인류의　혁신은　시작됐어……,quarantine,unresolved
P4_direct_ext3_text_drift,60A118,scenario_60A0EF,unverified,review_translation_and_runtime_by_bundle,兄さんが手を下さなくても、ニュ－タイプ,"오빠가 살생을 저지르지 않아도, 뉴타입",こ오빠가　손을　쓰지　않아도、,오빠가　손을　쓰지　않아도、,,18E5183AF50101010101010101010101,True,18E002F7277215A52506F0F22007FD6C,1,,,60A10A,인류의　혁신은　시작됐어……,60A129,각성으로　사람들은　변해　갈　거야。,quarantine,unresolved
P3_direct_ext3_control_adjacent_text_drift,60A158,scenario_60A13F,unverified,confirm_current_text_then_rehome,だからオ－ルドタイプはせん滅するのだ！,그렇기에 올드타입은 깡그리 도륙해 없애는 것이다！,こ그러니　올드타입은　섬멸하는　거다！,그러니　올드타입은　섬멸하는　거다！,,18E518748D0101010101010101,True,18F825FE0C08F551E08AFA2F03,2,0841,True,60A14A,모르는　사람이　있는　거지……,60A16A,윽！　옛것이　모두,quarantine,unresolved
P4_direct_ext3_text_drift,60A188,scenario_60A16A,unverified,review_translation_and_runtime_by_bundle,兄さん、アナタは,"오빠, 당신은 지금",こ오빠、당신은,오빠、당신은,,18E5181C5E01010101,True,18E002F36607F80908,1,,,60A17A,악한　것은　아니잖아요！！,60A192,아버지의　뜻을　잘못　받아들였어요！,quarantine,unresolved
P4_direct_ext3_text_drift,60A1FE,scenario_60A1E1,unverified,review_translation_and_runtime_by_bundle,「真紅の稲妻」……と言えば,「진홍의 번개」……라고 소개하면,こ「진홍의　번개」라　하면,「진홍의　번개」라　하면,,18E5184C680101010101010101010101,True,18E045F54105F247E043F191137AF0E0,1,,,60A1F3,나는　조니　라이덴。,60A20F,알아보겠나？,quarantine,unresolved
P4_direct_ext3_text_drift,60A22C,scenario_60A21D,unverified,review_translation_and_runtime_by_bundle,「赤い彗星」だけでなく「真紅の稲妻」まで,「붉은 혜성」뿐만 아니라 「진홍의 번개」마저,こ「붉은　혜성」뿐만　아니라　「진홍의　번,「붉은　혜성」뿐만　아니라　「진홍의　번,,18E51871420101010101010101010101010101010101010101,True,18E045E08004F012E043F86F0624E045F54105F247E043F19D,1,,,60A21D,오、　자네가　그……！！,60A246,달려와　주다니！！,quarantine,unresolved
P4_direct_ext3_text_drift,60A255,scenario_60A21D,unverified,review_translation_and_runtime_by_bundle,貴官らの助力に恥じぬよう、不肖この私も,"귀관들의 헌신적인 구원에 해가 되지 않도록, 일개 나 역시",こ귀관들의　도움에　부끄럽지　않게、　나도,귀관들의　도움에　부끄럽지　않게、　나도,,18E5187144010101010101010101010101010101010101,True,18F01AF059E000570CE18E4CCBF49E0779E4E2F3624120,1,,,60A246,달려와　주다니！！,60A26D,목숨을　걸고　추격을　막겠다！,quarantine,unresolved
P4_direct_ext3_text_drift,60A29A,scenario_60A288,unverified,review_translation_and_runtime_by_bundle,オレは『ジオンでイチバン赤が似合う』,나는 단지 『지온에서 붉은색이 가장 제 색깔인』,こ나는　단지　『지온에서　붉은색이　가장,나는　단지　『지온에서　붉은색이　가장,,18E518C1DB010101010101010101010101,True,18F4300868F7AB16F8F9E08017F2481466,1,,,60A288,이봐……　그렇게　긴장하지　마。,60A2AC,평범한　파일럿일　뿐이야。,quarantine,unresolved
P3_direct_ext3_control_adjacent_text_drift,60A36A,scenario_60A361,unverified,confirm_current_text_then_rehome,（……なぜ「赤」？）,(……대체 왜 '붉은색'이지？),こ（……왜「붉은색」이지？）,（……왜「붉은색」이지？）,,18E5181C5F010101010101010101,True,18F8BBF522E045E080E0431DE10D,2,1728,True,60A361,음………,60A382,이렇게　같은　전장에　나오는　건,quarantine,unresolved
P4_direct_ext3_text_drift,60A3C9,scenario_60A3B8,unverified,review_translation_and_runtime_by_bundle,ここでどっちが赤にふさわしいか,여기서 서로 중 누가 붉은색에 더 걸맞은 인재인지,こ여기서　누가　더　붉은색에,여기서　누가　더　붉은색에,,18E5182AD501010101010101010101,True,18F79D36093B17E0800C5B2531F68B,1,,,60A3C0,어떤가、　샤아　대령？,60A3D9,승부해　보는　건？,quarantine,unresolved
P2_direct_ext3_exact_text,60A422,scenario_60A416,unverified,second_batch_representative_runtime_test,「真紅の稲妻」の手並み……,「진홍의 번개」의 전장 장악 능력……,こ「진홍의　번개」의　전장　장악　능력……,「진홍의　번개」의　전장　장악　능력……,True,18E51871550101010101010101010101,True,18E045F54105F247E04305F1BB69F191,1,,,60A416,아아、　나도　그렇다。,60A433,구경해　보도록　하지。,quarantine,unresolved
P4_direct_ext3_text_drift,60A46A,scenario_60A45E,unverified,review_translation_and_runtime_by_bundle,どうやら、彼はずいぶんと「赤」に,아무래도 그는 유독 「붉은색」에 관해,こ아무래도　그는　꽤「붉은색」에,아무래도　그는　꽤「붉은색」에,,18E5181C6001010101010101010101,True,18F9DA079508FCFBE045E080E0430C,1,,,60A45E,라이덴　소령　말이다。,60A47A,こ집착이　있는　모양이군。,quarantine,unresolved
P3_direct_ext3_control_adjacent_text_drift,60A47A,scenario_60A45E,unverified,confirm_current_text_then_rehome,だわりを持っているようだ。,신비를　가지고　있는　것　같다.,こ집착이　있는　모양이군。,집착이　있는　모양이군。,,18E5182C4C0101010101010101,True,18F553F237E012F920F49E0D0A,2,080F,True,60A46A,こ아무래도　그는　꽤「붉은색」에,60A48C,그거라면　별로……,quarantine,unresolved
P4_direct_ext3_text_drift,60A4CB,scenario_60A49F,unverified,review_translation_and_runtime_by_bundle,ライデン少佐を見て,라이덴 소령을 마주하고,こ라이덴　소령을　보고,라이덴　소령을　보고,,18E5183C69010101,True,18FB9FF3F3158A0B,1,,,60A4B9,그렇게　붉은색에　집착하진　않는다。,60A4D4,붉은　혜성으로　착각하지만……,quarantine,unresolved
P4_direct_ext3_text_drift,60A4EA,scenario_60A49F,unverified,review_translation_and_runtime_by_bundle,別に『真紅の稲妻がマイナ－だから』と,단순히 『진홍의 번개가 인지도가 좀 떨어져서』,こ『진홍의　번개가　덜　유명해서』가,『진홍의　번개가　덜　유명해서』가,,18E5181AEA0101010101010101010101010101,True,18E0900C68F54105F2471737294310F8256613,1,,,60A4D4,붉은　혜성으로　착각하지만……,60A4FE,그런　건　아니니……　신경　쓰지　마。,quarantine,unresolved
P4_direct_ext3_text_drift,60A529,scenario_60A520,unverified,review_translation_and_runtime_by_bundle,（あ、赤に……,"(빨, 빨간색에……",こ（빨、　빨강에……,（빨、　빨강에……,,18E5183AF70101010101,True,18E10C1F07E0800CF191,1,,,60A520,………………,60A534,붉은색에　뭔가　있는　건가……！？）,quarantine,unresolved
P1_direct_ext3_exact_text_control_adjacent,60A6EC,scenario_60A6CB,unverified,high_priority_batch_after_anchor_pass,これより、攻撃を開始する！,지금부터 포격을 개시한다！,こ지금부터　포격을　개시한다！,지금부터　포격을　개시한다！,True,18E518717301010101010101,True,18FAE007F35A15F4B2F1CB03,2,1728,True,60A6DF,지정　지점에　도착했다！,60A704,몬시아、　베이트、　아델！,quarantine,unresolved
P4_direct_ext3_text_drift,60A7CF,scenario_60A7B9,unverified,review_translation_and_runtime_by_bundle,サイド３から来ました！,사이드 3에서 급파되었습니다！,こ사이드　３에서　급파되었습니다！　대령님,사이드　３에서　급파되었습니다！　대령님,,18E5183A03010101010101,True,18F723E071F1249BF7A703,1,,,60A7C4,샤아　아즈나블　대령이시죠？,60A7DB,대령　부대를　지원하겠습니다！！,quarantine,unresolved
P4_direct_ext3_text_drift,60A81B,scenario_60A80B,unverified,review_translation_and_runtime_by_bundle,脱出部隊には私の姉がいるんです！,철수 퇴각 부대에 제 언니가 타고 있습니다！,こ탈출　부대에　제　언니가　있습니다！,탈출　부대에　제　언니가　있습니다！,,18E5182C4E010101010101010101010101,True,18F25BF428F4674105E2F6F628F2221E03,1,,,60A80B,……전투가　끝난　뒤에　말하죠！,60A82D,……그럼！,quarantine,unresolved
P4_direct_ext3_text_drift,60A8B5,scenario_60A8AC,unverified,review_translation_and_runtime_by_bundle,なぜ……いえ、聞くまでもないことね,"어째서…… 아냐, 굳이 구차하게 들을 것도 없겠군.",こ왜……　아니、　물을　필요도　없군。,왜……　아니、　물을　필요도　없군。,,18E5184AF301010101010101010101010101,True,18F522F191F25407E01324F19DF5BE18134D,1,,,60A8AC,……윽！,60A8C8,당신도　뉴타입이니까……,quarantine,unresolved
P2_direct_ext3_exact_text,60A8D5,scenario_60A8AC,unverified,second_batch_representative_runtime_test,……アナタはハマ－ン・カ－ン。,……당신은 하만 칸.,こ……당신은　하만　칸。,……당신은　하만　칸。,True,18E518718701010101010101,True,18F191F80908FA292AF58D0A,1,,,60A8C8,당신도　뉴타입이니까……,60A8E2,그리고　당신도　대령을……,quarantine,unresolved
P4_direct_ext3_text_drift,60A8FD,scenario_60A8F3,unverified,review_translation_and_runtime_by_bundle,大佐の心は、今はアナタを向いている。,"대령님의 마음은, 지금 당신을 애처롭게 가리키고 있어.",こ대령님의　마음은　지금　당신을　향해요。,대령님의　마음은　지금　당신을　향해요。,,18E5187189010101010101010101010101,True,18F05D05E00B08077608F80915D5FA280A,1,,,60A8F3,……네。,60A90F,하지만　저는　지지　않을　거예요……！,quarantine,unresolved
P4_direct_ext3_text_drift,60A962,scenario_60A951,unverified,review_translation_and_runtime_by_bundle,侍従長のマハラジャ・カ－ンの娘……,시종장이신 마하라자 칸의 딸……,こ시종장이신　마하라자　칸의　딸……　그렇,시종장이신　마하라자　칸의　딸……　그렇,,18E51849F9010101010101010101010101,True,18E399E14AB005FC752AF58D05E285F191,1,,,60A951,저예요、　하만　칸입니다。,60A974,이렇게　말하면　아시겠어요？,quarantine,unresolved
P4_direct_ext3_text_drift,60A9A2,scenario_60A984,unverified,review_translation_and_runtime_by_bundle,確か、ご幼少のころに,"기억하기로, 자네가 아주 코흘리개였을 무렵",こ분명　어릴　적에,분명　어릴　적에,,18E51807680101010101010101,True,18E0050E07D3E373880518420C,1,,,60A998,……네、　물론이죠。,60A9B0,한　번　만난　적이　있지요。,quarantine,unresolved
P4_direct_ext3_text_drift,60A9E4,scenario_60A9C6,unverified,review_translation_and_runtime_by_bundle,初めてあった時、私は感じました。,"처음 대면했을 때, 저는 불현듯 느꼈습니다.",こ처음　만났을　때、　전　느꼈어요。,처음　만났을　때、　전　느꼈어요。,,18E518719101010101010101010101010101,True,18E139F3F7F3D611B7074108E0444CF7A70A,1,,,60A9D3,조금도　변하지　않았군요。,60A9F7,얼마나　외롭고　슬픈　사람일까　하고……,quarantine,unresolved
P4_direct_ext3_text_drift,60AA32,scenario_60AA21,unverified,review_translation_and_runtime_by_bundle,よし！　我々もこの場を離れるぞ！,좋아！ 우리 부대 역시 여기서 철수한다！,こ좋아！　우리도　여길　떠난다！,좋아！　우리도　여길　떠난다！,,18E5181AEC0101010101010101010101,True,18F49003016A71F8AEBD15E065F6CB03,1,,,60AA21,우군　부대는　후퇴에　성공했군……,60AA43,전　기、　이　우주역에서　이탈하라！,quarantine,unresolved
P1_direct_ext3_exact_text_control_adjacent,60AA90,scenario_60AA70,unverified,high_priority_batch_after_anchor_pass,……この宙域より離脱する！,……이 해역에서 급히 퇴각한다！,こ……이　해역에서　급히　퇴각한다！,……이　해역에서　급히　퇴각한다！,True,18E518719A010101010101010101,True,18F191F362F208F488F509F1CB03,2,1728,True,60AA84,드렌、　전　부대에　통지해라！,60AAA5,……알겠습니다！,quarantine,unresolved
P4_direct_ext3_text_drift,60AB1C,scenario_60AB04,unverified,review_translation_and_runtime_by_bundle,ソロモンから避難した民間人に、,"솔로몬 구역에서 긴급 탈출한 민간인 피난민 중에,",こ솔로몬에서　피난한　민간인　중에、,솔로몬에서　피난한　민간인　중에、,,18E5182C4F01010101010101010101,True,18F9D9F124E209E22EF41BF8270C07,1,,,60AB0D,우군　무사이대에서　통신입니다。,60AB2C,우리　부대　관계자가　있다는데……,quarantine,unresolved
P2_direct_ext3_exact_text,60AB3D,scenario_60AB04,unverified,second_batch_representative_runtime_test,なんでも、ブラ－ド中佐の,"얼핏 소문으로는, 브라드 중령님의",こ얼핏　소문으로는、　브라드　중령님의,얼핏　소문으로는、　브라드　중령님의,True,18E518749301010101,True,18F8C507F94AF4CA05,1,,,60AB2C,우리　부대　관계자가　있다는데……,60AB47,가족이라고　합니다。,quarantine,unresolved
P3_direct_ext3_control_adjacent_text_drift,60AC93,scenario_60AC78,unverified,confirm_current_text_then_rehome,……けど、なんでソロモンなんかに？,"……그건 그렇다 치고, 애초에 왜 솔로몬 따위에 거주했던 거지？",こ……그런데　왜　솔로몬에？,……그런데　왜　솔로몬에？,,18E51871B40101010101010101,True,18F191F49607F856F9D9F9A01D,2,0801,True,60AC8B,있었다니……,60ACA5,그　아이의　어머니는,quarantine,unresolved
P4_direct_ext3_text_drift,60ACE0,scenario_60ACC4,unverified,review_translation_and_runtime_by_bundle,その侍女に選ばれたってことは、,"그런 마님의 직속 시녀로 차출되었다는 건,",こ그　시녀로　뽑혔다는　건、,그　시녀로　뽑혔다는　건、,,18E51871B8010101010101010101,True,18F423F1210CE105F6E1F8DA0807,1,,,60ACD4,도즐　중장의　부인이잖아요！,60ACEF,중령의　부인도　명문가　출신인가……,quarantine,unresolved
P4_direct_ext3_text_drift,60AD1D,scenario_60AD05,unverified,review_translation_and_runtime_by_bundle,妻の実家には頼りたくないと言って,처가의 위세에 기대어 연명하고 싶지 않다며,こ처가에　기대긴　싫다며,처가에　기대긴　싫다며,,18E51871BB010101010101010101010101010101,True,18E1E205E031E0B4F467E0752711F789137AF156,1,,,60AD05,그　얘기는　중령　앞에서　하지　마。,60AD32,일부러　돌격기동군에　들어갔으니까……,quarantine,unresolved
P3_direct_ext3_control_adjacent_text_drift,60AD55,scenario_60AD47,unverified,confirm_current_text_then_rehome,久しぶりだね……元気してた！？,되게 오랜만이야…… 밥은 잘 먹고 다녔어！？,こ오랜만이네……　잘　지냈어！？,오랜만이네……　잘　지냈어！？,,18E5180C46010101010101010101010101,True,18E13312B5F2234DF191F278F41311F040,2,0801,True,60AD47,아、　시그！！,60AD6B,……아아。,quarantine,unresolved
P2_direct_ext3_exact_text,60AD75,scenario_60AD6B,unverified,second_batch_representative_runtime_test,ミアンの方は,미안 쪽 상태는,こ미안　쪽　상태는,미안　쪽　상태는,True,18E51871BD01,True,18F6DB057D08,1,,,60AD6B,……아아。,60AD7C,그렇지　않은　것　같지만。,quarantine,unresolved
P2_direct_ext3_exact_text,60ADD9,scenario_60ADD0,unverified,second_batch_representative_runtime_test,……うう。,……으윽.,こ……으윽。,……으윽。,True,18E51871C301,True,18F191F1D00A,2,,,60ADD0,………………,60ADE1,こ으아아아아앙！,quarantine,unresolved
P2_direct_ext3_exact_text,60ADE1,scenario_60ADD0,unverified,second_batch_representative_runtime_test,うあぁぁぁぁ－んっ！,으아아아아앙！,こ으아아아아앙！,으아아아아앙！,True,18E51871C40101010101,True,1814F3C4F75F10F22603,1,,,60ADD9,こ……으윽。,60ADEC,시그으으！　엄마가……　엄마가！！,quarantine,unresolved
P4_direct_ext3_text_drift,60AE42,scenario_60AE20,unverified,review_translation_and_runtime_by_bundle,あの二人が仲良くしてくれるのはいいが、,"저 두 어린것들이 돈독하게 지내는 것 자체는 좋으나,",こ둘이　사이좋은　건　좋지만、,둘이　사이좋은　건　좋지만、,,18E51871C7010101010101010101010101,True,18F3DAF4F717F2A924FCE6F44BF2531707,1,,,60AE34,시그　앞에서는　엉엉　우는군。,60AE54,부모로선　참　복잡한　심정이군……,quarantine,unresolved
P4_direct_ext3_text_drift,60AE79,scenario_60AE6B,unverified,review_translation_and_runtime_by_bundle,アイツがあんな女たらしだったとは……,저 자식이 저런 대단한 바람둥이(카사노바) 기질을 지녔을 줄이야……,こ그　녀석이　저런　바람둥이였다니……,그　녀석이　저런　바람둥이였다니……,,18E518749501010101010101010101,True,18F5ECF9B697111CF416F70108F191,1,,,60AE6B,……나도　같은　생각이다。,60AE89,제법　질투가　나는군。,quarantine,unresolved
P4_direct_ext3_text_drift,60AEC5,scenario_60AEB1,unverified,review_translation_and_runtime_by_bundle,我々ドロワ隊は、脱出した兵たちを連れて,저희 도로와 선단은 탈출한 잔존 병력을 인솔하여,こ도로와대는　탈출병을　데리고,도로와대는　탈출병을　데리고,,18E5181AEE0101010101010101010101010101,True,186A71F5BB540807F25BF41BE036F76790F032,1,,,60AEB1,샤아　대령께　작별　인사를。,60AED9,사이드　３으로　귀환하게　됐습니다。,quarantine,unresolved
P3_direct_ext3_control_adjacent_text_drift,60AEFF,scenario_60AEE9,unverified,confirm_current_text_then_rehome,……貴官の武運を祈らせてもらおう。,……귀관의 전장에 늘 무운이 깃들기를 축원하겠소.,こ……귀관의　무운을　빌겠소。,……귀관의　무운을　빌겠소。,,18E51871CF01010101010101010101010101,True,18F191F01A05F15115E36DF5BA201CF2440A,2,080F,True,60AEF1,그럼　건강하시길……　대위。,60AF16,본국에　돌아가면　나는　본국　부대로,quarantine,unresolved
P4_direct_ext3_text_drift,60AF36,scenario_60AF16,unverified,review_translation_and_runtime_by_bundle,共に武運に恵まれれば、,"서로 생이 닿고 하늘의 무운이 지탱해 준다면,",こ서로　무운이　따른다면、,서로　무운이　따른다면、,,18E5184AF6010101010101010101,True,18E07D0CF1510CE3B3F1A7F03E07,1,,,60AF2A,편입되게　될　테지……,60AF45,전장에서　다시　만날　수도　있겠군。,quarantine,unresolved
P3_direct_ext3_control_adjacent_text_drift,60AF59,scenario_60AF16,unverified,confirm_current_text_then_rehome,大佐もご健勝で……では。,대령님도 영광이 함께하기를…… 그럼 이만.,こ대령도　건강하시길……　그럼。,대령도　건강하시길……　그럼。,,18E5181BE00101010101010101,True,18F05DF285F04216F191F2610A,2,1728,True,60AF45,전장에서　다시　만날　수도　있겠군。,60AF70,싫어！！,quarantine,unresolved
P4_direct_ext3_text_drift,60AFA0,scenario_60AF91,unverified,review_translation_and_runtime_by_bundle,ここにいたら危険なんだ！,이 수라장 해역에 머무는 건 파멸을 자초할 뿐이야！,こ여기　있으면　위험해！,여기　있으면　위험해！,,18E5183AFC010101010101,True,18F79EF26A1CF10AF85403,1,,,60AF91,떼쓰지　마라！！,60AFAC,얌전히　말을　들어……,quarantine,unresolved
P4_direct_ext3_text_drift,60AFF2,scenario_60AFE6,unverified,review_translation_and_runtime_by_bundle,お見苦しいところを見せて,부끄러운 추태를 눈앞에 보이고 말아,こ보기　흉한　모습을　보여,보기　흉한　모습을　보여,,18E5180CD10101010101010101,True,18358AE108F6921842158AF55E,1,,,60AFE6,아、　대령……！,60B000,죄송합니다……,quarantine,unresolved
P1_direct_ext3_exact_text_control_adjacent,60B04E,scenario_60B043,unverified,high_priority_batch_after_anchor_pass,……それで、お嬢さんの名前は？,"……그래, 아가씨 이름이 무엇인가？",こ……그래、　아가씨　이름이　무엇인가？,……그래、　아가씨　이름이　무엇인가？,True,18E51871E201010101010101010101,True,18F191F5A80735E33DF730F48D081D,2,080A,True,60B043,그렇군、　그런　거였나。,60B062,……네？,quarantine,unresolved
P4_direct_ext3_text_drift,60B0EB,scenario_60B0DA,unverified,review_translation_and_runtime_by_bundle,母上を亡くされたばかりで,어머님을 가슴에 묻은 지 얼마 지나지 않아,こ어머님을　잃은　직후라,어머님을　잃은　직후라,,18E5184AF7010101010101010101,True,18E1BC9D15E1E924F833490EF227,1,,,60B0DA,자네　사정은　나도　알고　있네。,60B0FA,불안한　것도　잘　알고　있네……,quarantine,unresolved
P2_direct_ext3_exact_text,60B108,scenario_60B0DA,unverified,second_batch_representative_runtime_test,……だがな、ミアン君。,"……그렇지만 말일세, 미안 양.",こ……그렇지만　말일세、　미안　양。,……그렇지만　말일세、　미안　양。,True,18E51871E90101010101,True,18F191F61407F6DB610A,2,,,60B0FA,불안한　것도　잘　알고　있네……,60B114,こ여긴　전장이고、,quarantine,unresolved
P4_direct_ext3_text_drift,60B114,scenario_60B0DA,unverified,review_translation_and_runtime_by_bundle,ここは戦場で,이곳은 적과 목숨을 구걸하는 전선이며,こ여긴　전장이고、,여긴　전장이고、,,18E5183AFD01,True,18F79FF31E16,1,,,60B108,こ……그렇지만　말일세、　미안　양。,60B11B,우린　연방군과　싸우고　있네。,quarantine,unresolved
P3_direct_ext3_control_adjacent_text_drift,60B127,scenario_60B0DA,unverified,confirm_current_text_then_rehome,もちろん、君の父上もだ。,물론 그것은 자네의 아버님 또한 마찬가지일세.,こ물론、　자네　아버지도　마찬가지네。,물론、　자네　아버지도　마찬가지네。,,18E5180C47010101010101,True,18FA84076105F45DF25C0A,2,0808,True,60B11B,우린　연방군과　싸우고　있네。,60B137,그러니까、　나더러…　얌전히,quarantine,unresolved
P2_direct_ext3_exact_text,60B171,scenario_60B164,unverified,second_batch_representative_runtime_test,……ミアン君、いいかな？,"……미안 양, 잠시 대화해도 될까？",こ……미안　양、　잠시　대화해도　될까？,……미안　양、　잠시　대화해도　될까？,True,18E51871EF010101010101,True,18F191F6DB6107F89E061D,2,,,60B164,괜찮네、　브라드　중령。,60B17E,こ자네　아버지는、　지온을……,quarantine,unresolved
P4_direct_ext3_text_drift,60B17E,scenario_60B164,unverified,review_translation_and_runtime_by_bundle,君の父上は、ジオンを……,자네의 아버님은 지온의 대의를 위해……,こ자네　아버지는、　지온을……,자네　아버지는、　지온을……,,18E518C1FB01010101010101,True,186105F45D0807F7AB15F191,1,,,60B171,こ……미안　양、　잠시　대화해도　될까？,60B18B,그리고　자네를　지키려　싸우고　있네。,quarantine,unresolved
P4_direct_ext3_text_drift,60B19A,scenario_60B164,unverified,review_translation_and_runtime_by_bundle,その対象がすぐ近くにいれば,그 지켜내야 할 대상이 곁에서 든든히 지켜봐 주면,こ그　대상이　곁에　있으면,그　대상이　곁에　있으면,,18E518078601010101010101010101,True,18F423F18317F1DCE04AF0F404F03E,1,,,60B18B,그리고　자네를　지키려　싸우고　있네。,60B1AA,힘이　될　때도　있겠지。,quarantine,unresolved
P4_direct_ext3_text_drift,60B1B9,scenario_60B164,unverified,review_translation_and_runtime_by_bundle,しかし、戦場に出る以上、,"그렇지만 수라장에 함께 동반하는 시점에서,",こ하지만　전장에　나오는　이상、,하지만　전장에　나오는　이상、,,18E51871F201010101010101,True,18F82807F31E0C6F0FF3D107,1,,,60B1AA,힘이　될　때도　있겠지。,60B1C6,자네도　위험에　처하게　되네。,quarantine,unresolved
P4_direct_ext3_text_drift,60B1FF,scenario_60B1F0,unverified,review_translation_and_runtime_by_bundle,君が危険にさらされれば中佐は,자네가 털끝 하나라도 적의 표적이 되면 중령은,こ자네가　위험해지면　중령은,자네가　위험해지면　중령은,,18E51871F701010101010101010101,True,186117F10A0CF357F35BF03EF4CA08,1,,,60B1F0,그렇다면　자네도　이해할　걸세。,60B20F,자넬　지키려　힘을　써야　하네。,quarantine,unresolved
P4_direct_ext3_text_drift,60B223,scenario_60B1F0,unverified,review_translation_and_runtime_by_bundle,それは、中佐の力を,그것은 즉 중령이 온전히 싸울 수 있는,こ그건　중령의　힘을,그건　중령의　힘을,,18E5182ADD01010101,True,18F5AD07F4CA055715,1,,,60B20F,자넬　지키려　힘을　써야　하네。,60B22D,깎아　버리는　일이　되겠지。,quarantine,unresolved
P4_direct_ext3_text_drift,60B23D,scenario_60B1F0,unverified,review_translation_and_runtime_by_bundle,君が父上を愛しているのなら、中佐が,"자네가 진정으로 아버님을 경애하고 아낀다면, 중령이",こ아버지를　사랑한다면、　중령이,아버지를　사랑한다면、　중령이,,18E51871FA010101010101010101010101,True,186117F45D15E109FB5405F51507F4CA17,1,,,60B22D,깎아　버리는　일이　되겠지。,60B24F,전력을　다할　수　있게　해야　하네。,quarantine,unresolved
P5_non_direct_native_or_other,60B260,scenario_60B1F0,unverified,do_not_autofix_static_false_positive_possible,そのためには、,"그러기 위해,",こ그렇다면、,그렇다면、,,18F5A101,,18FDB207,1,,,60B24F,전력을　다할　수　있게　해야　하네。,60B276,………………,quarantine,unresolved
P4_direct_ext3_text_drift,60B27F,scenario_60B276,unverified,review_translation_and_runtime_by_bundle,アタシが安全なところに……,내가 안전하게 피신할 수 있는 곳으로……,こ내가　안전한　곳으로……,내가　안전한　곳으로……,,18E518C1FD0101010101,True,18F88117F475FCAEF191,1,,,60B276,………………,60B28A,사이드　３로　돌아가면　되는군요……,quarantine,unresolved
P2_direct_ext3_exact_text,60B2AB,scenario_60B2A1,unverified,second_batch_representative_runtime_test,船団を指揮するガト－大尉は,수송 선단을 총괄하는 가토 소령은,こ수송　선단을　총괄하는　가토　소령은,수송　선단을　총괄하는　가토　소령은,True,18E518749901010101010101010101,True,18E17CE22F15F131F1CBF58CF08E08,1,,,60B2A1,……그렇다。,60B2BB,훌륭한　군인일세。,quarantine,unresolved
P4_direct_ext3_text_drift,60B2C4,scenario_60B2A1,unverified,review_translation_and_runtime_by_bundle,彼ならば必ず、君をサイド３に,그의 호위 아래라면 반드시 자네를 안전한 본국 사이드 3로,こ그라면　반드시　자넬　사이드３에,그라면　반드시　자넬　사이드３에,,18E518C1FF01010101010101010101,True,1895F677E00D74076115F723E0710C,1,,,60B2BB,훌륭한　군인일세。,60B2D4,무사히　데려다줄　수　있을　걸세。,quarantine,unresolved
P4_direct_ext3_text_drift,60B2E7,scenario_60B2A1,unverified,review_translation_and_runtime_by_bundle,そうすれば、君のお父上も,그렇게 함으로써 자네의 아버님 또한,こ그러면　자네　아버지도,그러면　자네　아버지도,,18E51871FF0101010101,True,18FC800761F444F45D20,1,,,60B2D4,무사히　데려다줄　수　있을　걸세。,60B2F2,연방과의　싸움에　전념할　수　있네。,quarantine,unresolved
P2_direct_ext3_exact_text,60B313,scenario_60B30A,unverified,second_batch_representative_runtime_test,……あの…シャア、大佐。,……저기…… 샤아 대령님.,こ……저기……　샤아　대령님。,……저기……　샤아　대령님。,True,18E518C20101010101010101,True,18F191F3DA02F7F107F05D0A,2,,,60B30A,……………,60B321,こ모두에게……　이별을　말해도,quarantine,unresolved
P2_direct_ext3_exact_text,60B321,scenario_60B30A,unverified,second_batch_representative_runtime_test,みんなに…お別れを言ってきても,모두에게……　이별을　말해도,こ모두에게……　이별을　말해도,모두에게……　이별을　말해도,True,18E51892FF01010101010101010101,True,18F8E60235E090F04A7AF156F4EF20,1,,,60B313,こ……저기……　샤아　대령님。,60B331,와도　될까요……？,quarantine,unresolved
P2_direct_ext3_exact_text,60B358,scenario_60B34A,unverified,second_batch_representative_runtime_test,……パパ。,……　아빠.,こ……　아빠。,……　아빠。,True,18E518930301,True,18F191F2860A,1,,,60B34A,그럼、　저는　이만……,60B35F,사이드３에서　기다린다。,quarantine,unresolved
P2_direct_ext3_exact_text,60B36A,scenario_60B34A,unverified,second_batch_representative_runtime_test,ぜったい……,대단히…,こ대단히…,대단히…,True,18E5189304,True,18F993F191,1,,,60B35F,사이드３에서　기다린다。,60B370,꼭　돌아와　줘。,quarantine,unresolved
P4_direct_ext3_text_drift,60B3CA,scenario_60B3B5,unverified,review_translation_and_runtime_by_bundle,子供をあやす才能が,아이를　자극하는　재능,こ아이를　달래는　재주가,아이를　달래는　재주가,,18E5180CD201010101010101,True,18F336151F3A1EE228E00A17,1,,,60B3BD,설마　대령님이、　그……,60B3D7,있을　줄은…　놀랍군……,quarantine,unresolved
P2_direct_ext3_exact_text,60B42C,scenario_60B40C,unverified,second_batch_representative_runtime_test,子供扱いせずに条理を説けば,아이　취급하지　않고　조리를　설하면,こ아이　취급하지　않고　조리를　설하면,아이　취급하지　않고　조리를　설하면,True,18E518930E01010101010101010101010101,True,18F336E34A0434740CE204E02915E0AFF49D,1,,,60B419,눈도　보이고　생각할　머리도　있지。,60B43F,납득해　주는　법이지。,quarantine,unresolved
P1_direct_ext3_exact_text_control_adjacent,60B449,scenario_60B40C,unverified,high_priority_batch_after_anchor_pass,……かつての私もそうだった。,과거의　나도　그랬다.,こ과거의　나도　그랬다。,과거의　나도　그랬다。,True,18E5189310010101010101,True,18F191FB7341F946F1500A,2,080A,True,60B43F,납득해　주는　법이지。,60B459,하아、　그런　겁니까……,quarantine,unresolved
P2_direct_ext3_exact_text,60B4AF,scenario_60B4A1,unverified,second_batch_representative_runtime_test,あ、いや……すまない。,"아,　아니…………미안해.",こ아、　아니…………미안해。,아、　아니…………미안해。,True,18E51893140101010101,True,181F07F28CF191F8C80A,1,,,60B4A1,아니、　그는　내……,60B4BA,방금　말은　잊어　주게。,quarantine,unresolved
P4_direct_ext3_text_drift,60B4C5,scenario_60B4A1,unverified,review_translation_and_runtime_by_bundle,悪いがブラ－ド中佐。,나쁘지만　블라드　중령.,こ나쁘지만　브라드　중령。,나쁘지만　브라드　중령。,,18E518C2070101010101,True,18E00FF25AF94AF4CA0A,1,,,60B4BA,방금　말은　잊어　주게。,60B4D0,이　일은　잊어　주게。,quarantine,unresolved
P1_direct_ext3_exact_text_control_adjacent,60B53F,scenario_60B530,unverified,high_priority_batch_after_anchor_pass,……早速だが本題に入らせてもらう。,……조속하지만　본제에　들어가게　한다.,こ……조속하지만　본제에　들어가게　한다。,……조속하지만　본제에　들어가게　한다。,True,18E518931901010101010101010101,True,18F191F446F538D9E10B0CBFFD7F0A,2,0834,True,60B530,잘　왔군……　샤아。,60B553,솔로몬의　연방　함대에　움직임이？,quarantine,unresolved
P1_direct_ext3_exact_text_control_adjacent,60B58D,scenario_60B567,unverified,high_priority_batch_after_anchor_pass,グラナダは無視するつもりのようだな。,그라나다는　무시할　생각인　것　같다.,こ그라나다는　무시할　생각인　것　같다。,그라나다는　무시할　생각인　것　같다。,True,18E518C20B010101010101010101010101,True,18FAD008F207F1CB4020F22CF49EF5490A,2,0834,True,60B57E,……아　바오아　쿠　요새다。,60B5A3,과연……　그래서　우리　대응은？,quarantine,unresolved
P4_direct_ext3_text_drift,60B620,scenario_60B5FC,unverified,review_translation_and_runtime_by_bundle,準備が整い次第、木馬に艦隊突撃をかける。,준비가　되면　목마에　함대　돌격을　가한다.,こ준비가　되면　목마에　함대　돌격을　가한,준비가　되면　목마에　함대　돌격을　가한,,18E518C21001010101010101010101010101,True,18F0D817E09C04F16907F2020CFA8DFB2C0A,1,,,60B611,뉴타입　부대라면　내버려　둘　수　없지。,60B633,가하겠다。　전위는　자네들에게　맡기지。,quarantine,unresolved
P4_direct_ext3_text_drift,60B67F,scenario_60B65C,unverified,review_translation_and_runtime_by_bundle,ブラ－ド中佐に任せればまたとない,브라드 중령에게 맡긴다면 더할 나위 없는,こ브라드　중령에게　맡긴다면　더할　나위,브라드　중령에게　맡긴다면　더할　나위,,18E518720501010101010101010101,True,18F94AF4CA0CD834F03EF19413F526,1,,,60B66C,신형　무사이도　회항시켜　두었네。,60B68F,전력이　될　걸세。,quarantine,unresolved
P2_direct_ext3_exact_text,60B6FB,scenario_60B6E3,unverified,second_batch_representative_runtime_test,どういうことだ……？,대체 무슨 일이지……？,こ대체　무슨　일이지……？,대체　무슨　일이지……？,True,18E518720C01,True,18FDFFF1911D,2,,,60B6F1,그라나다　참모본부에서인가？,60B703,こ………………,quarantine,unresolved
P5_non_direct_native_or_other,60B703,scenario_60B6E3,unverified,do_not_autofix_static_false_positive_possible,………………,………………,こ………………,………………,True,18F617F617,,18F617F617,2,1728,True,60B6FB,こ대체　무슨　일이지……？,60B714,……뭐라고！？,quarantine,unresolved
P2_direct_ext3_exact_text,60B746,scenario_60B738,unverified,second_batch_representative_runtime_test,ブラ－ド中佐を呼んでくれ。,브라드 중령을 불러주게.,こ브라드　중령을　불러주게。,브라드　중령을　불러주게。,True,18E518720E010101010101,True,18F94AF4CA15E070FA720A,1,,,60B738,……긴급　사태다、　드렌。,60B752,그와　상의할　일이　생겼다。,quarantine,unresolved
P2_direct_ext3_exact_text,60B7C6,scenario_60B7AA,unverified,second_batch_representative_runtime_test,先ほどグラナダから,조금 전 그라나다로부터,こ조금　전　그라나다로부터,조금　전　그라나다로부터,True,18E518721401010101,True,18E01AF16AFAD0F124,1,,,60B7B6,우리　군에서　벌어진　문제일세。,60B7D0,연락이　왔네만……,quarantine,unresolved
P2_direct_ext3_exact_text,60B7DB,scenario_60B7AA,unverified,second_batch_representative_runtime_test,参謀本部のキリング中佐がグラナダ,참모본부의 킬링 중령이 그라나다,こ참모본부의　킬링　중령이　그라나다,참모본부의　킬링　중령이　그라나다,True,18E5187216010101010101,True,18FB9A05FA45F4CA17FAD0,1,,,60B7D0,연락이　왔네만……,60B7E7,에서　핵미사일을　반출했다는군。,quarantine,unresolved
P2_direct_ext3_exact_text,60B816,scenario_60B7FC,unverified,second_batch_representative_runtime_test,それで、そのキリング中佐は,"그래서, 그 킬링 중령은",こ그래서、　그　킬링　중령은,그래서、　그　킬링　중령은,True,18E518721A010101010101,True,18F5A807F423FA45F4CA08,1,,,60B806,그건　또　무시무시한　얘기군……,60B822,어디에　핵공격을？,quarantine,unresolved
P2_direct_ext3_exact_text,60B86F,scenario_60B84B,unverified,second_batch_representative_runtime_test,……まったく愚かな真似をしてくれる。,……참으로 어리석은 짓을 저지르는군.,こ……참으로　어리석은　짓을　저지르는군。,……참으로　어리석은　짓을　저지르는군。,True,18E518721E010101010101010101010101,True,18F191F98BE179F135F561F60124F0470A,2,,,60B860,신형기를　파괴하기　위해서라는데……,60B882,こ핵　사용에　중립지대　공격까지……,quarantine,unresolved
P4_direct_ext3_text_drift,60B882,scenario_60B84B,unverified,review_translation_and_runtime_by_bundle,核の使用に加え、中立地帯への攻撃……,핵 사용도 모자라 중립 지대를 공격하다니……,こ핵　사용에　중립지대　공격까지……,핵　사용에　중립지대　공격까지……,,18E5184AF90101010101010101010101010101,True,18E14605F4390CE1012B07FA64F577F35AF191,1,,,60B86F,こ……참으로　어리석은　짓을　저지르는군。,60B896,남극조약　위반도　이만저만이　아니야。,quarantine,unresolved
P4_direct_ext3_text_drift,60B8AB,scenario_60B84B,unverified,review_translation_and_runtime_by_bundle,そんなことをしでかしたら,그런 짓을 저질렀다간,こ그런　짓을　저질렀다간　지온은　온　세상,그런　짓을　저질렀다간　지온은　온　세상,,18E51846F1010101,True,18FDE2F4120EF5DA,1,,,60B896,남극조약　위반도　이만저만이　아니야。,60B8B4,지온은　모두를　적으로　돌리게　되네。,quarantine,unresolved
P2_direct_ext3_exact_text,60B8C9,scenario_60B84B,unverified,second_batch_representative_runtime_test,……そうなれば、ジオンは破滅だ。,……그렇게 되면 지온은 파멸이야.,こ……그렇게　되면　지온은　파멸이야。,……그렇게　되면　지온은　파멸이야。,True,18E518C2180101010101010101,True,18F191FD0C07F7AB08F18E0D0A,2,,,60B8B4,지온은　모두를　적으로　돌리게　되네。,60B90B,………………,quarantine,unresolved
P4_direct_ext3_text_drift,60B96B,scenario_60B959,unverified,review_translation_and_runtime_by_bundle,ハマ－ン・カ－ンが,하만 칸이,こ하만　칸이　귀관의　부대로　배속을,하만　칸이　귀관의　부대로　배속을,,18E5184A720101,True,18FA292AF58D17,1,,,60B959,……그　일이라면　들었네。,60B973,귀관의　부대에　배속되길　원한다더군。,quarantine,unresolved
P3_direct_ext3_control_adjacent_text_drift,60B985,scenario_60B959,unverified,confirm_current_text_then_rehome,本人の希望だ、好きにさせてやれ。,"본인의 희망이니, 마음대로 하게 내버려 두게.",こ본인　희망이다、　마음대로　하게　둬。,본인　희망이다、　마음대로　하게　둬。,,18E5181BE101010101010101010101010101,True,18F2BB05F4400D07E09EF4EB25F55EF2970A,2,0834,True,60B973,귀관의　부대에　배속되길　원한다더군。,60B99C,예。　하지만、　정말　괜찮으시겠습니까？,quarantine,unresolved
P1_direct_ext3_exact_text_control_adjacent,60B9B8,scenario_60B99C,unverified,high_priority_batch_after_anchor_pass,万ーのことがあっては……,만일의 사태라도 발생한다면……,こ만일의　사태라도　발생한다면……,만일의　사태라도　발생한다면……,True,18E518722B010101010101,True,18F33BFA1CF3D6F396F191,2,0821,True,60B9A9,그녀는　마하라자　공의　영애……,60B9C8,……신중하군。,quarantine,unresolved
P2_direct_ext3_exact_text,60B9D4,scenario_60B9C8,unverified,second_batch_representative_runtime_test,それとも、あの娘の,"그게 아니면, 그 아이의",こ그게　아니면、　그　아이의,그게　아니면、　그　아이의,True,18E518722D01010101,True,18FB5107F3DAE28505,1,,,60B9C8,……신중하군。,60B9DE,호의가　성가신　건가、　샤아는？,quarantine,unresolved
P4_direct_ext3_text_drift,60BA27,scenario_60BA18,unverified,review_translation_and_runtime_by_bundle,この戦いにはジオンの未来がかかっている,이 전투에는 지온의 미래가 걸려 있네.,こ이　전투엔　지온의　미래가　걸렸다。,이　전투엔　지온의　미래가　걸렸다。,,18E51807A10101010101010101010101,True,18F36239F733F7AB05F05117F142F920,1,,,60BA18,그렇다면　아무　문제도　없네。,60BA38,신분을　따질　때가　아니지　않나？,quarantine,unresolved
P4_direct_ext3_text_drift,60BA4B,scenario_60BA18,unverified,review_translation_and_runtime_by_bundle,あの娘は貴公に好意を抱いている。,그 아이는 귀관에게 호의를 품고 있네.,こ그　아이는　귀관에게　호감이　있다。,그　아이는　귀관에게　호감이　있다。,,18E5182ADF010101010101010101010101,True,18F3DAE28508F07D0CF26315E233FA280A,1,,,60BA38,신분을　따질　때가　아니지　않나？,60BA5D,……잘　활용하면　귀중한　전력이　되지。,quarantine,unresolved
P2_direct_ext3_exact_text,60BA7C,scenario_60BA72,unverified,second_batch_representative_runtime_test,では、ハマ－ン・カ－ンは,그럼 하만 칸은,こ그럼　하만　칸은,그럼　하만　칸은,True,18E51872330101010101,True,18F26107FA292AF58D08,1,,,60BA72,……옛。,60BA87,제　부대에서　맡도록　하겠습니다。,quarantine,unresolved
P2_direct_ext3_exact_text,60BB50,scenario_60BB34,unverified,second_batch_representative_runtime_test,だったら、アナタの心の中にいる,그렇다면 당신 마음속에 품고 있는,こ그렇다면　당신　마음속에　품고　있는,그렇다면　당신　마음속에　품고　있는,True,18E518723D0101010101010101,True,18FB0A07F80905E00B0552F61D,1,,,60BB48,뜻입니까！？,60BB5E,아무로라는　사람은　대체　누구죠！？,quarantine,unresolved
P4_direct_ext3_text_drift,60BBA2,scenario_60BB7A,unverified,review_translation_and_runtime_by_bundle,私、絶対にアナタには負けません！,"저, 절대로 당신에게는 지지 않겠어요！",こ절대　당신에겐　지지　않아요！,절대　당신에겐　지지　않아요！,,18E51807A201010101010101010101,True,184107F5580CF809F467E04FF9BE03,1,,,60BB8C,다른　남자를　품다니、　비겁해요！,60BBB2,대령님의　마음을　반드시　얻겠어요……！,quarantine,unresolved
P4_direct_ext3_text_drift,60BC74,scenario_60BC66,unverified,review_translation_and_runtime_by_bundle,ああいうのは『若さがあって良い』と,그건　'젊음이　좋다'고,こ저런　건『젊어서　좋구나』하며,저런　건『젊어서　좋구나』하며,,18E5181C6901010101010101010101010101,True,18F3C604F63668E26C2517F3D60BCA046613,1,,,60BC66,……그런　건가？,60BC87,웃어넘기는　거　아냐？,quarantine,unresolved
P2_direct_ext3_exact_text,60BCD0,scenario_60BCB4,unverified,second_batch_representative_runtime_test,だったら、アムロとかいう,그렇다면 아무로인지 하는,こ그렇다면　아무로인지　하는,그렇다면　아무로인지　하는,True,18E518C225010101,True,18FB0A07F847FA48,1,,,60BCC2,샤아를　좋아하는　거로군。,60BCD9,남자는　단념하는　편이　좋아。,quarantine,unresolved
P2_direct_ext3_exact_text,60BD15,scenario_60BCFB,unverified,second_batch_representative_runtime_test,責めるつもりはないんだ……ただ、,"나무라려는 게 아니야…… 그저,",こ나무라려는　게　아니야……　그저、,나무라려는　게　아니야……　그저、,True,18E518724F01010101010101,True,18E211FE6EF22EF191F37107,1,,,60BD09,그렇게　경계하지　말아　줘！,60BD22,왠지　불길한　예감이　들어서……,quarantine,unresolved
P4_direct_ext3_text_drift,60BD30,scenario_60BCFB,unverified,review_translation_and_runtime_by_bundle,このままだと、ララァもシャアも不幸になる,이대로 가다간 라라아도 샤아도 불행해질,こ이대로　가다간　라라아도　샤아도　불행해,이대로　가다간　라라아도　샤아도　불행해,,18E518C2260101010101010101010101,True,18FB77F54707F7F020F7F120F37FF886,1,,,60BD22,왠지　불길한　예감이　들어서……,60BD41,……그런　느낌이　지워지지　않아。,quarantine,unresolved
P4_direct_ext3_text_drift,60BDE1,scenario_60BDD7,unverified,review_translation_and_runtime_by_bundle,コロニ－を改造し、直径６キロの,"콜로니를 개조하여, 직경 6킬로미터의",こ콜로니를　개조하여、　직경　６킬로미터의,콜로니를　개조하여、　직경　６킬로미터의,,18E5187258010101010101010101010101,True,18FA7D15F37B1207E066E3B4E143623C05,1,,,60BDD7,……그렇소。,60BDF3,레이저로　연방　함대를　섬멸하겠습니다。,quarantine,unresolved
P3_direct_ext3_control_adjacent_text_drift,60BE01,scenario_60BDD7,unverified,confirm_current_text_then_rehome,この計画のご認可を……公王。,이 계획을 부디 인가해 주십시오…… 공왕 전하.,こ이　계획을　인가해　주십시오……　공왕。,이　계획을　인가해　주십시오……　공왕。,,18E5182BCA010101010101010101010101,True,18F362F35CF447E050E05815F191F2960A,2,0848,True,60BDF3,레이저로　연방　함대를　섬멸하겠습니다。,60BE17,멋대로　벌여　놓고　이제　와서……,quarantine,unresolved
P4_direct_ext3_text_drift,60BE37,scenario_60BE17,unverified,review_translation_and_runtime_by_bundle,しかしな、ギレン……,"그렇지만 말일세, 기렌……",こ그렇지만　말일세、　기렌……　그것으로,그렇지만　말일세、　기렌……　그것으로,,18E5184A65010101,True,18FA0A07F6D7F191,1,,,60BE26,흥…뭐、좋다。허가하지。,60BE40,그렇게　이긴다　한들、　어쩔　셈인가？,quarantine,unresolved
P2_direct_ext3_exact_text,60BF29,scenario_60BF17,unverified,second_batch_representative_runtime_test,その上で、真のニュ－タイプの,"그 승리를 딛고, 진정한 뉴타입의",こ그　승리를　딛고、　진정한　뉴타입의,그　승리를　딛고、　진정한　뉴타입의,True,18E518726401010101010101,True,18F4239D1607E08405FD6C05,1,,,60BF17,……뭐、　이기고　말겠습니다。,60BF36,개화를　기다리도록　하지요……,quarantine,unresolved
P4_direct_ext3_text_drift,60BF44,scenario_60BF17,unverified,review_translation_and_runtime_by_bundle,どうかヒットラ－の尻尾の,부디 이 히틀러 꼬리의,こ부디　이　히틀러　꼬리의　전투　방식이,부디　이　히틀러　꼬리의　전투　방식이,,18E51849DC01010101,True,18F898FBC605F4E305,1,,,60BF36,개화를　기다리도록　하지요……,60BF4E,어떻게　싸우는지　지켜봐　주십시오……,quarantine,unresolved
P4_direct_ext3_text_drift,60C04B,scenario_60C02C,unverified,review_translation_and_runtime_by_bundle,それにしても、フラナガン機関の,그나저나 플래너건 기관의,こ그나저나　플라나간　기관의,그나저나　플라나간　기관의,,18E518726C01010101,True,18FDE907FCFAF3CF05,1,,,60C03D,기밀　파일』……　이건가！！,60C055,최고　기밀로　지정돼　있다니……,quarantine,unresolved
P3_direct_ext3_control_adjacent_text_drift,60C06A,scenario_60C02C,unverified,confirm_current_text_then_rehome,やっぱり彼女のあの力には秘密が……,역시 그녀의 그 강대한 힘에는 비밀이……,こ역시　그녀의　힘에는　비밀이……,역시　그녀의　힘에는　비밀이……,,18E5181BE201010101010101010101,True,18FA7FF383F87057F467F4DF17F191,2,1728,True,60C055,최고　기밀로　지정돼　있다니……,60C08C,………………,quarantine,unresolved
P2_direct_ext3_exact_text,60C0B0,scenario_60C09F,unverified,second_batch_representative_runtime_test,『システムの開発状況……』,『시스템 개발 진척 상황……』,こ『시스템　개발　진척　상황……』,『시스템　개발　진척　상황……』,True,18E518727001010101010101,True,1868F90405F4B0F19AF19166,2,,,60C09F,『프로젝트　세이레네』……,60C0BE,こ『테라　스오노』……,quarantine,unresolved
P2_direct_ext3_exact_text,60C0BE,scenario_60C09F,unverified,second_batch_representative_runtime_test,『テラ・スオ－ノ』……,『테라 스오노』……,こ『테라　스오노』……,『테라　스오노』……,True,18E518727101010101,True,1868F4D62AFB68F77A,2,,,60C0B0,こ『시스템　개발　진척　상황……』,60C0C9,こ대체　무슨　기괴한　내용이지？,quarantine,unresolved
P1_direct_ext3_exact_text_control_adjacent,60C0C9,scenario_60C09F,unverified,high_priority_batch_after_anchor_pass,なんなんだ、この内容は？,대체 무슨 기괴한 내용이지？,こ대체　무슨　기괴한　내용이지？,대체　무슨　기괴한　내용이지？,True,18E51872720101010101,True,18FCDE07F362F10B081D,2,1728,True,60C0BE,こ『테라　스오노』……,60C0DF,……어라？,quarantine,unresolved
P2_direct_ext3_exact_text,60C0E9,scenario_60C0DF,unverified,second_batch_representative_runtime_test,このファイルだけは,이 파일 하나만큼은,こ이　파일　하나만큼은,이　파일　하나만큼은,True,18E51872730101,True,18F362F951F874,1,,,60C0DF,……어라？,60C0F1,조금　다른　것　같군……,quarantine,unresolved
P1_direct_ext3_exact_text_control_adjacent,60C0FD,scenario_60C0DF,unverified,high_priority_batch_after_anchor_pass,なんだろう……,뭐지…,こ뭐지…,뭐지…,True,18E518931D0101,True,18F8544214F191,2,1728,True,60C0F1,조금　다른　것　같군……,60C13B,………윽！！,quarantine,unresolved
P2_direct_ext3_exact_text,60C145,scenario_60C13B,unverified,second_batch_representative_runtime_test,こっ、これは！！,"이, 이것은！！",こ이、　이것은！！,이、　이것은！！,True,18E5187275010101,True,18F35907F630F044,1,,,60C13B,………윽！！,60C14E,설마、　그녀가……！？,quarantine,unresolved
P2_direct_ext3_exact_text,60C18D,scenario_60C175,unverified,second_batch_representative_runtime_test,……フォン・キリング中佐！,……폰 킬링 중령！,こ……폰　킬링　중령！,……폰　킬링　중령！,True,18E5187278010101010101,True,18F191F7042AFA45F4CA03,1,,,60C182,샤아　아즈나블　대령이다。,60C199,응답해　주기　바란다！！,quarantine,unresolved
P2_direct_ext3_exact_text,60C1E8,scenario_60C1C6,unverified,second_batch_representative_runtime_test,ただちに作戦を中止し、,"즉시 작전을 중단하고,",こ즉시　작전을　중단하고、,즉시　작전을　중단하고、,True,18E518727C0101010101,True,18FAB1F1E315F3E41207,1,,,60C1D9,핵공격은　명백한　남극　조약　위반이다。,60C1F3,그라나다로　돌아가게。,quarantine,unresolved
P4_direct_ext3_text_drift,60C211,scenario_60C207,unverified,review_translation_and_runtime_by_bundle,サイド６は南極条約を批准していない。,사이드 6는 남극 조약을 비준하지 않았다.,こ사이드６는　남극조약을　비준　안　했다。,사이드６는　남극조약을　비준　안　했다。,,18E5181AF401010101010101010101010101010101010101,True,18F723E14308E34DE1F2E204E14E15E3E4E117F413F60A0A,1,,,60C207,……훗。,60C22A,핵무기　사용은　문제없을　텐데……？,quarantine,unresolved
P2_direct_ext3_exact_text,60C287,scenario_60C267,unverified,second_batch_representative_runtime_test,邪魔をするというのなら、,"내 길을 가로막겠다면,",こ내　길을　가로막겠다면、,내　길을　가로막겠다면、,True,18E5187283010101010101,True,18F287F849F66405F51507,1,,,60C278,연방의　신형기는　파괴해야만　한다！,60C293,어떻게든　잔지바르를　격침시켜라！！,quarantine,unresolved
P2_direct_ext3_exact_text,60C2B7,scenario_60C2AB,unverified,second_batch_representative_runtime_test,ならば、こちらも,그렇다면 우리 역시,こ그렇다면　우리　역시,그렇다면　우리　역시,True,18E518728601,True,18F67707FB0D,1,,,60C2AB,……어쩔　수　없군。,60C2BE,실력으로　저지해　보이겠다！,quarantine,unresolved
P2_direct_ext3_exact_text,60C2C8,scenario_60C2AB,unverified,second_batch_representative_runtime_test,ドレン、ブラ－ド中佐！,"드렌, 브라드 중령！",こ드렌、　브라드　중령！,드렌、　브라드　중령！,True,18E518728801010101,True,18F7CF07F94AF4CA03,1,,,60C2BE,실력으로　저지해　보이겠다！,60C2D2,모빌슈트　부대를　출격시켜라！！,quarantine,unresolved
P2_direct_ext3_exact_text,60C31D,scenario_60C313,unverified,second_batch_representative_runtime_test,核ミサイルは敵旗艦に搭載されている！,핵미사일은 적 기함에 탑재되어 있다！,こ핵미사일은　적　기함에　탑재되어　있다！,핵미사일은　적　기함에　탑재되어　있다！,True,18E518728D010101010101010101,True,18E146FB5A08F6250CF4CFFC7B03,1,,,60C313,……잘　들어라！,60C32C,……킬링　중령이　탄　잔지바르　함이다！,quarantine,unresolved
P4_direct_ext3_text_drift,60C339,scenario_60C313,unverified,review_translation_and_runtime_by_bundle,なんとしてもザンジバルを落とせ！,무슨 수를 써서라도 잔지바르를 격침시켜라！,こ무슨　수를　써서라도　잔지바르를　격침시,무슨　수를　써서라도　잔지바르를　격침시,,18E518728F010101010101,True,18FD65FBE815E033F18803,1,,,60C32C,……킬링　중령이　탄　잔지바르　함이다！,60C345,결코　살려　보내선　안　된다！！,quarantine,unresolved
P1_direct_ext3_exact_text_control_adjacent,60C377,scenario_60C367,unverified,high_priority_batch_after_anchor_pass,顔色が悪いみたいだが……,안색이 몹시 좋지 않아 보인다만……,こ안색이　몹시　좋지　않아　보인다만……,안색이　몹시　좋지　않아　보인다만……,True,18E51872910101010101010101010101,True,18E0ACE1EB17E00F04691104F538F191,2,0806,True,60C36F,무슨　일이야、　아인？,60C38C,……………,quarantine,unresolved
P5_non_direct_native_or_other,60C426,scenario_60C418,unverified,do_not_autofix_static_false_positive_possible,だったら、,"그렇다면,",こ그렇다면、,그렇다면、,True,18F5A101,,18FB0A07,1,,,60C418,……용건은　그게　전부인가？,60C42B,곧　전투가　시작되니까。,quarantine,unresolved
P1_direct_ext3_exact_text_control_adjacent,60C44D,scenario_60C444,unverified,high_priority_batch_after_anchor_pass,どうしたんだ……アインのヤツ？,도대체 왜 저러지…… 아인 녀석？,こ도대체　왜　저러지……　아인　녀석？,도대체　왜　저러지……　아인　녀석？,True,18E5187298010101010101,True,18FDB7F191F5DC05F2D41D,2,1728,True,60C444,………………,60C462,이럴　수가！,quarantine,unresolved
P4_direct_ext3_text_drift,60C4D0,scenario_60C4C4,unverified,review_translation_and_runtime_by_bundle,キリング艦隊から通信です！,킬링 함대로부터 통신입니다！,こ킬링　함대로부터　통신입니다！　녀석들이,킬링　함대로부터　통신입니다！　녀석들이,,18E5184A0201010101010101,True,18FA45F501F124F15EF27D03,1,,,60C4C4,……샤아　대령님！,60C4DD,놈들이　투항하겠다고　합니다만？,quarantine,unresolved
P5_non_direct_native_or_other,60C540,scenario_60C535,unverified,do_not_autofix_static_false_positive_possible,サイド６に友軍部隊が残っているだと！？,사이드 6에 우군 부대가 남아 있다고！？,こ사이드　６에　우군이　남아　있다고！？,사이드　６에　우군이　남아　있다고！？,,18F723F669FE86F5C3FE95F04001010101,,18F723E1430CFAF517E01FF920F547F040,2,0891,True,60C535,……뭐라고！？,60C556,……예。,quarantine,unresolved
P2_direct_ext3_exact_text,60C56B,scenario_60C556,unverified,second_batch_representative_runtime_test,新型ガンダムの所在を確認するために,신형 건담의 소재를 파악하기 위해,こ신형　건담의　소재를　파악하기　위해,신형　건담의　소재를　파악하기　위해,True,18E518C23401010101010101010101,True,18F3A9F90D05E018E02C15F45FFC33,1,,,60C55F,아군　사이클롭스　부대입니다。,60C57B,파견된　특수부대입니다만、,quarantine,unresolved
P4_direct_ext3_text_drift,60C588,scenario_60C556,unverified,review_translation_and_runtime_by_bundle,核攻撃のことを伝えたら,핵공격 음모 소식을 전했더니,こ핵　공격　얘기를　전했더니,핵　공격　얘기를　전했더니,,18E5183C730101010101,True,18F724F8CDE154F1361C,1,,,60C57B,파견된　특수부대입니다만、,60C593,『그　전에　건담을　파괴하겠다』고……,quarantine,unresolved
P4_direct_ext3_text_drift,60C64B,scenario_60C627,unverified,review_translation_and_runtime_by_bundle,旧式のムサイ１隻だけならば、万ー,"구식 무사이 1척 정도로만 움직인다면, 만일",こ구식　무사이　１척뿐이라면、　혹시,구식　무사이　１척뿐이라면、　혹시,,18E51872AD01010101010101010101010101,True,18E28BE38E05F6C3CFE2FEF53DF67707F33B,1,,,60C63D,그렇다면　제　함선을　쓰시죠。,60C65E,발각돼도　큰일은　아니겠지요。,quarantine,unresolved
P4_direct_ext3_text_drift,60C75A,scenario_60C747,unverified,review_translation_and_runtime_by_bundle,途中でみつかったとはいえ、実行力もある。,"도중에 적발되긴 했지만, 실행력도 수준급이군.",こ도중에　들켰어도、　실행력은　있어。,도중에　들켰어도、　실행력은　있어。,,18E51872B801010101010101010101010101,True,18F095166940FB88F08A2B07F2EA57F7140A,1,,,60C747,……행동력이　있어서　좋잖아。,60C76D,좋은　병사가　될지도　모르겠군。,quarantine,unresolved
P2_direct_ext3_exact_text,60C84C,scenario_60C840,unverified,second_batch_representative_runtime_test,もしかして、こいつは,"설마, 이것이 소문으로만 듣던",こ설마、　이것이　소문으로만　듣던,설마、　이것이　소문으로만　듣던,True,18E51872C601,True,18FC7207F8D8,1,,,60C840,……질투했나？,60C853,라이벌의　등장이라는　건가？,quarantine,unresolved
P3_direct_ext3_control_adjacent_text_drift,60C860,scenario_60C840,unverified,confirm_current_text_then_rehome,だとしたらうかうかしてられないな。,그렇다면 나도 마냥 방심하고 있을 수만은 없겠는걸.,こ그렇다면　꾸물댈　수　없겠군。,그렇다면　꾸물댈　수　없겠군。,,18E51872C70101010101010101010101,True,18F547F5DAF1D8F1D8F4131CF58E060A,2,0808,True,60C853,라이벌의　등장이라는　건가？,60C875,앗、　왠지　여유　부리고　있네。,quarantine,unresolved
P4_direct_ext3_text_drift,60C884,scenario_60C875,unverified,review_translation_and_runtime_by_bundle,言っておくけど,"미리 확실히 경고해 두는데,",こ말해　두겠는데,말해　두겠는데,,18E5180CD6010101,True,187AF1563524F496,1,,,60C875,앗、　왠지　여유　부리고　있네。,60C88D,내가　먼저였으니까　말이야！,quarantine,unresolved
P4_direct_ext3_text_drift,60C8D3,scenario_60C8BD,unverified,review_translation_and_runtime_by_bundle,あたしって、,"나란 존재는,",こ나는、,나는、,,18E5182C570101,True,181F11F4150B07,1,,,60C8C7,들어도　모르겠어……,60C8DB,세라와　달리　아직　젊잖아。,quarantine,unresolved
P1_direct_ext3_exact_text_control_adjacent,60CA49,scenario_60CA35,unverified,high_priority_batch_after_anchor_pass,だいじょうぶかな、パパたち？,"괜찮을까나, 아빠 일행은？",こ괜찮을까나、　아빠　일행은？,괜찮을까나、　아빠　일행은？,True,18E51872DA0101010101,True,18FE5B0607F286F3751D,2,1728,True,60CA35,앗、　전투가　시작된　모양이야。,60CA5F,아니、　괜찮을　거야。,quarantine,unresolved
P4_direct_ext3_text_drift,60CAB8,scenario_60CAAF,unverified,review_translation_and_runtime_by_bundle,ミアン、おまえ……,"미안, 너……",こ미안、　너……　가토　소령과　함께,미안、　너……　가토　소령과　함께,,18E5183A9C010101,True,18F6DB07F70CF191,1,,,60CAAF,뭐라고！？,60CAC1,가토　대위와　사이드３로　갔을　텐데……,quarantine,unresolved
P4_direct_ext3_text_drift,60CB0B,scenario_60CAFE,unverified,review_translation_and_runtime_by_bundle,戦艦に密航するなんてミアン、,"전함에 몰래 잠입 밀항하다니 미안,",こ미안、　전함에　밀항하다니,미안、　전함에　밀항하다니,,18E5181AF60101010101010101,True,18F2C40CE270E2B0FCEAF6DB07,1,,,60CAFE,『에헷』이　아니야！！,60CB19,얼마나　위험한　짓을　한　거냐！！,quarantine,unresolved
P4_direct_ext3_text_drift,60CB29,scenario_60CAFE,unverified,review_translation_and_runtime_by_bundle,これは軍艦なんだ、ヘタをすれば,"이건 생과 사를 다투는 군함이다, 까딱 잘못했다간",こ이건　군함이야、　잘못했다간,이건　군함이야、　잘못했다간,,18E51872E201010101010101,True,18F630F43DF85407F42FF9AA,1,,,60CB19,얼마나　위험한　짓을　한　거냐！！,60CB36,큰　부상으로　끝나지　않았을　거다！,quarantine,unresolved
P4_direct_ext3_text_drift,60CBCC,scenario_60CBC2,unverified,review_translation_and_runtime_by_bundle,すまない、少し取り乱していたようだ。,"미안하네, 찰나의 순간 극도로 이성을 잃고 흥분했던 모양이로군.",こ미안해、　조금　흥분했던　모양이야。,미안해、　조금　흥분했던　모양이야。,,18E51872E80101010101010101010101,True,18F8C8078812D627E0EEFB44F49E0D0A,2,,,60CBC2,그、　그렇군。,60CBDE,こ미안을　안전한　격실로　이송해　다오。,quarantine,unresolved
P2_direct_ext3_exact_text,60CBDE,scenario_60CBC2,unverified,second_batch_representative_runtime_test,ミアンを安全な場所に連れて行ってくれ。,미안을 안전한 격실로 이송해 다오.,こ미안을　안전한　격실로　이송해　다오。,미안을　안전한　격실로　이송해　다오。,True,18E51872E9010101010101010101010101,True,18F6DB15F47506F2F20C90F0326BFA3E0A,1,,,60CBCC,こ미안해、　조금　흥분했던　모양이야。,60CBF0,나는　지휘소로　돌아가겠네。,quarantine,unresolved
P4_direct_ext3_text_drift,60CC3B,scenario_60CC2A,unverified,review_translation_and_runtime_by_bundle,ミ－シャはケンプファ－で陽動……,미샤는 캠퍼에 탑승해 양동 작전을 벌이고……,こ미샤는　캠퍼로　양동……,미샤는　캠퍼로　양동……,,18E5184BE7010101010101010101010101,True,18FB3308E0221A6C63A81016E49EAAF191,2,,,60CC2A,좋아、　작전대로　간다。,60CC4E,こ그　틈에　나와　바니는,quarantine,unresolved
P4_direct_ext3_text_drift,60CC4E,scenario_60CC2A,unverified,review_translation_and_runtime_by_bundle,そのスキに、オレとバ－ニィは,"그 어수선한 틈타, 나와 바니는",こ그　틈에　나와　바니는,그　틈에　나와　바니는,,18E5182AE30101010101010101,True,18F423F0C20C07F43013F9DD08,1,,,60CC3B,こ미샤는　캠퍼로　양동……,60CC5C,지하에서　기지로　잠입한다。,quarantine,unresolved
P4_direct_ext3_text_drift,60CC6A,scenario_60CC2A,unverified,review_translation_and_runtime_by_bundle,新型がどう動くかはわからん。,신형기가 어떻게 대처할지는 미지수다.,こ신형이　어떻게　움직일진　모른다。,신형이　어떻게　움직일진　모른다。,,18E51872EF01010101010101010101,True,18F3A917F09BAAF0DD0831F124190A,1,,,60CC5C,지하에서　기지로　잠입한다。,60CC7A,탈취가　불가능하면　파괴를　우선한다。,quarantine,unresolved
P1_direct_ext3_exact_text_control_adjacent,60CC8D,scenario_60CC2A,unverified,high_priority_batch_after_anchor_pass,では、行動開始だ。,그럼 작전 개시.,こ그럼　작전　개시。,그럼　작전　개시。,True,18E51872F10101010101,True,18F26107F2C0F4B20D0A,2,1728,True,60CC7A,탈취가　불가능하면　파괴를　우선한다。,60CCA1,멸망해　가는　자들을　위해……,quarantine,unresolved
P5_non_direct_native_or_other,60CCCB,scenario_60CCB9,unverified,do_not_autofix_static_false_positive_possible,………………,………………,こ………………,………………,True,18F617F617,,18F617F617,2,1728,True,60CCB9,멸망해　가는　자들을　위해……　인가。,60CCDC,대장、　무슨　일입니까？,quarantine,unresolved
P5_non_direct_native_or_other,60CCFA,scenario_60CCEE,unverified,do_not_autofix_static_false_positive_possible,行くぞ、バ－ニィ！,"출발한다, 바니！",こ가자、　바니！,가자、　바니！,,18F754FE84010101,,186BF0EA07F9DD03,2,0852,True,60CCEE,아니……　아무것도　아니다。,60CD07,……예！,quarantine,unresolved
P4_direct_ext3_text_drift,60CEA8,scenario_60CE92,unverified,review_translation_and_runtime_by_bundle,ここも強行するしかないな……,이 통로도 그냥 힘으로 뚫고 나갈 수밖에 없겠군……,こ이　통로도　그냥　힘으로　뚫고　나갈　수,이　통로도　그냥　힘으로　뚫고　나갈　수,,18E518749E01010101010101010101,True,18F35220E0556BF1CBF431F7F9F191,1,,,60CE99,신형까지　이제　조금인데……,60CEB8,바니、　엄호를　부탁한다！,quarantine,unresolved
P4_direct_ext3_text_drift,60CF37,scenario_60CF29,unverified,review_translation_and_runtime_by_bundle,マッケンジ－中尉を呼ベ！,매켄지 중위를 신속히 호출해라！,こ매켄지　중위를　신속히　호출해라！　알렉,매켄지　중위를　신속히　호출해라！　알렉,,18E51839E60101010101,True,18FD8CF55915E070DE03,1,,,60CF29,큭、　수비대가……！！,60CF42,알렉스로　저　녀석을　요격해！！,quarantine,unresolved
P4_direct_ext3_text_drift,60CF6A,scenario_60CF5D,unverified,review_translation_and_runtime_by_bundle,私は反対です！,저는 결사반대입니다！,こ저는　반대입니다！,저는　반대입니다！,,18E5182AE4010101,True,184108F536F27D03,1,,,60CF5D,……진심입니까！？,60CF73,콜로니　안에서　싸우다니……！！,quarantine,unresolved
P4_direct_ext3_text_drift,60CF9A,scenario_60CF85,unverified,review_translation_and_runtime_by_bundle,これは命令だ、中尉！,"이것은 위엄 어린 명령이다, 중위！",こ이건　명령이다、중위！,이건　명령이다、중위！,,18E5180CD90101010101,True,18F630F1D50D07F55903,1,,,60CF85,알렉스를　적에게　넘기라는　겁니까！？,60CFA5,알렉스로　출격해라！！,quarantine,unresolved
P1_direct_ext3_exact_text_control_adjacent,60D0D8,scenario_60D0CF,unverified,high_priority_batch_after_anchor_pass,バ、バ－ニィ……,"바,　바니…",こ바、　바니…,바、　바니…,True,18E518C2440101,True,187007F9DDF191,2,0828,True,60D0CF,으으……,60D0E9,……대장！！,quarantine,unresolved
P3_direct_ext3_control_adjacent_text_drift,60D12D,scenario_60D11C,unverified,confirm_current_text_then_rehome,ボク達も早いとこ脱出しましょう。,나도　빠른　탈출합시다.,こ우리도　빨리　탈출하죠。,우리도　빨리　탈출하죠。,,18E5183C770101010101010101010101,True,18F279E08920E06EF27718F25BFCE80A,2,1728,True,60D124,미샤가　파괴했습니다。,60D149,……훗、,quarantine,unresolved
P4_direct_ext3_text_drift,60D188,scenario_60D17C,unverified,review_translation_and_runtime_by_bundle,隊長、隊長－っ！！,"대장,　대장-！　！",こ대장、　대장－！！,대장、　대장－！！,,18E51893270101010101,True,18F0CA07F0CA1009F044,2,,,60D17C,대、　대장……？,60D194,こ큭……,quarantine,unresolved
P5_non_direct_native_or_other,60D194,scenario_60D17C,unverified,do_not_autofix_static_false_positive_possible,クッ……,쿠…,こ큭……,큭……,,18FF6DF191,,18F4A3F191,2,1728,True,60D188,こ대장、　대장－！！,60D1A5,………………,quarantine,unresolved
P2_direct_ext3_exact_text,60D1FA,scenario_60D1E6,unverified,second_batch_representative_runtime_test,オレ、やります……,"나,　할거야…………",こ나、　할거야…………,나、　할거야…………,True,18E518932901010101,True,18F430073AF5E8F191,1,,,60D1E6,대장、　미샤……　지켜봐　주세요。,60D204,건담을　쓰러뜨리겠습니다！！,quarantine,unresolved
P4_direct_ext3_text_drift,60D288,scenario_60D278,unverified,review_translation_and_runtime_by_bundle,こちら第３００独立戦隊の,여기　제　300　독립　전대의,こ여기　제　３００　독립　전대의,여기　제　３００　독립　전대의,,18E518C24D0101010101,True,18F70AE0A7F719F8F205,1,,,60D278,거기　자쿠、　들리나！？,60D293,브라드　중령이다！,quarantine,unresolved
P2_direct_ext3_exact_text,60D2DF,scenario_60D2BD,unverified,second_batch_representative_runtime_test,キリング中佐の核攻撃は阻止された！,킬링　중령의　핵　공격은　저지되었다！,こ킬링　중령의　핵　공격은　저지되었다！,킬링　중령의　핵　공격은　저지되었다！,True,18E518C250010101010101010101,True,18FA45F4CA05F72408F464F83303,2,,,60D2D0,우리는　사이클롭스대를　구출하러　왔다。,60D2EF,こ더　이상　네가　싸울　필요가　없다。,quarantine,unresolved
P2_direct_ext3_exact_text,60D2EF,scenario_60D2BD,unverified,second_batch_representative_runtime_test,もう君が戦う必要はない、,더　이상　네가　싸울　필요가　없다.,こ더　이상　네가　싸울　필요가　없다。,더　이상　네가　싸울　필요가　없다。,True,18E518932F01010101010101,True,18F29B61173914F4F6F6FE07,1,,,60D2DF,こ킬링　중령의　핵　공격은　저지되었다！,60D2FC,우리와　함께　귀환하자！！,quarantine,unresolved
P4_direct_ext3_text_drift,60D31E,scenario_60D30F,unverified,review_translation_and_runtime_by_bundle,しかし、ブラ－ド中佐、,"그러나　블라드　중령,",こ그러나　브라드　중령、,그러나　브라드　중령、,,18E518C25201010101,True,18F82807F94AF4CA07,1,,,60D30F,핵공격은　일어나지　않는다……,60D328,저곳에는　아직　신형　건담이……！,quarantine,unresolved
P2_direct_ext3_exact_text,60D338,scenario_60D30F,unverified,second_batch_representative_runtime_test,あれのために隊長とミ－シャは命を,그　때문에　대장과　미샤는　생명을,こ그　때문에　대장과　미샤는　생명을,그　때문에　대장과　미샤는　생명을,True,18E5189331010101010101010101,True,18F3E5FA80F0CA13FB3308E00815,1,,,60D328,저곳에는　아직　신형　건담이……！,60D347,잃은　겁니다！！,quarantine,unresolved
P1_direct_ext3_exact_text_control_adjacent,60D352,scenario_60D30F,unverified,high_priority_batch_after_anchor_pass,放っておくわけにはいきません！,떠나지　않을　수　없습니다！,こ떠나지　않을　수　없습니다！,떠나지　않을　수　없습니다！,True,18E518C254010101010101010101010101,True,18E037F15635F107F498F08A3221F55103,2,1728,True,60D347,잃은　겁니다！！,60D36A,그런　자쿠로　건담을　상대해,quarantine,unresolved
P3_direct_ext3_control_adjacent_text_drift,60D38B,scenario_60D36A,unverified,confirm_current_text_then_rehome,さあ、我々とー緒に来るんだ！,"자,　우리와　함께　온다！",こ자、우리와　함께　와라！,자、우리와　함께　와라！,,18E5181C70010101010101010101,True,18F32B076A7113F0A30C9BF65803,2,1728,True,60D379,가도　역으로　당할　뿐이다！,60D3A0,그、　하지만……,quarantine,unresolved
P2_direct_ext3_exact_text,60D3EF,scenario_60D3D6,unverified,second_batch_representative_runtime_test,……いや、違うはずだな。,"……아니, 그럴 리가 없다.",こ……아니、　그럴　리가　없다。,……아니、　그럴　리가　없다。,True,18E518731E0101010101010101,True,18F191F28C07DA140874F5490A,1,,,60D3E0,자네에게　『죽어라』고　명령했나？,60D3FD,그　신형　건담을　파괴하려는　거겠지？,quarantine,unresolved
P2_direct_ext3_exact_text,60D40D,scenario_60D3D6,unverified,second_batch_representative_runtime_test,だったら、お前のするベきことは,그렇다면 네가 해야 할 일은,こ그렇다면　네가　해야　할　일은,그렇다면　네가　해야　할　일은,True,18E518731F010101010101010101,True,18FB0A07359605F1CBDE3218F17E,1,,,60D3FD,그　신형　건담을　파괴하려는　거겠지？,60D41C,무모하게　돌진하는　게　아니다。,quarantine,unresolved
P3_direct_ext3_control_adjacent_text_drift,60D430,scenario_60D3D6,unverified,confirm_current_text_then_rehome,生き延びて、次の機会を待つことだ。,살아남아서 다음 기회를 기다리는 것이다.,こ살아남아　다음　기회를　기다려라。,살아남아　다음　기회를　기다려라。,,18E5183BED010101010101010101010101010101,True,18CE32E1ABF4B907E08C05F3AE15D74018130D0A,2,1728,True,60D41C,무모하게　돌진하는　게　아니다。,60D450,………………,quarantine,unresolved
P1_direct_ext3_exact_text_control_adjacent,60D4B2,scenario_60D494,unverified,high_priority_batch_after_anchor_pass,……いいか！！,……알겠나！！,こ……알겠나！！,……알겠나！！,True,18E51873260101,True,18F191F89EF044,2,1728,True,60D4A6,와이즈먼　하사를　구출한다！,60D4C3,여기가　탈출　지점이다！！,quarantine,unresolved
P2_direct_ext3_exact_text,60D4D1,scenario_60D4C3,unverified,second_batch_representative_runtime_test,ワイズマン伍長を護衛して,와이즈먼 하사를 호위하여,こ와이즈먼　하사를　호위하여,와이즈먼　하사를　호위하여,True,18E51873280101010101,True,18FBF1F13D15F008F413,1,,,60D4C3,여기가　탈출　지점이다！！,60D4DC,『맵　우하단까지　도달』시켜라！,quarantine,unresolved
P1_direct_ext3_exact_text_control_adjacent,60D4EC,scenario_60D4C3,unverified,high_priority_batch_after_anchor_pass,……では、作戦開始！！,"……그럼, 작전 개시！！",こ……그럼、　작전　개시！！,……그럼、　작전　개시！！,True,18E518C2580101010101,True,18F191F26107F9A3F044,2,1728,True,60D4DC,『맵　우하단까지　도달』시켜라！,60D500,젠장！　새　적인가！！,quarantine,unresolved
P2_direct_ext3_exact_text,60D5C0,scenario_60D5B4,unverified,second_batch_representative_runtime_test,好きで戦ってるわけじゃないみたいだ。,좋아서 싸우는 건 아닌 모양이군.,こ좋아서　싸우는　건　아닌　모양이군。,좋아서　싸우는　건　아닌　모양이군。,True,18E5187330010101010101010101010101,True,18E09EF4EE39F6F33128F8DF6911040D0A,1,,,60D5B4,저　여자……,60D5D2,어쩌면……,quarantine,unresolved
P3_direct_ext3_control_adjacent_text_drift,60D5F0,scenario_60D5E3,unverified,confirm_current_text_then_rehome,もう、オレたちが戦う必要はないんだ！！,이제 우리가 더 싸울 필요는 없어요！！,こ이제　우리가　싸울　필요는　없어！！,이제　우리가　싸울　필요는　없어！！,,18E5184BE80101010101010101010101,True,18F29B07F430F7583914F4F6FCE9F044,2,1728,True,60D5E3,……들어줘！！,60D607,……무슨　뜻이야？,quarantine,unresolved
P2_direct_ext3_exact_text,60D663,scenario_60D652,unverified,second_batch_representative_runtime_test,君たちが戦いを止めてくれるなら、,"당신들이 전투를 멈춰 준다면,",こ당신들이　전투를　멈춰　준다면、,당신들이　전투를　멈춰　준다면、,True,18E518733A010101010101010101010101,True,1861F75839F293E027F3F724F047F51507,1,,,60D652,……하지만　이제　핵공격은　없어。,60D675,우리는　여기서　떠날게。,quarantine,unresolved
P3_direct_ext3_control_adjacent_text_drift,60D684,scenario_60D652,unverified,confirm_current_text_then_rehome,これ以上、君たちと争いたくないんだ。,더 이상 당신들과 싸우고 싶지 않아요.,こ더는　당신들과　싸우고　싶지　않아요。,더는　당신들과　싸우고　싶지　않아요。,,18E5182BCC010101010101010101,True,18F36DF3D10761F75DE06AFE100A,2,0829,True,60D675,우리는　여기서　떠날게。,60D697,………………,quarantine,unresolved
P4_direct_ext3_text_drift,60D6B4,scenario_60D6AA,unverified,review_translation_and_runtime_by_bundle,これ以上殺し合いを続けるのは無意味だわ。,이 이상 살육전을 계속하는 것은 무의미해요.,こ더는　서로　죽고　싸울　필요　없어요。,더는　서로　죽고　싸울　필요　없어요。,,18E5181BE40101010101010101010101010101010101,True,18F36DF3D1E00C12B4F293E061F4A2F44BF816F5530A,2,,,60D6AA,……그래。,60D6CC,こ당신들이　물러가　준다면、,quarantine,unresolved
P2_direct_ext3_exact_text,60D6CC,scenario_60D6AA,unverified,second_batch_representative_runtime_test,アナタたちが立ち去ってくれるのなら、,"당신들이 물러가 준다면,",こ당신들이　물러가　준다면、,당신들이　물러가　준다면、,True,18E518733E010101010101010101010101,True,18F809F758E00E3BE0DEFA3E0F05F51507,1,,,60D6B4,こ더는　서로　죽고　싸울　필요　없어요。,60D6DE,우리도　모빌슈트를　철수시킬게。,quarantine,unresolved
P1_direct_ext3_exact_text_control_adjacent,60D6FA,scenario_60D6F1,unverified,high_priority_batch_after_anchor_pass,ありがとう！…ええと……,고마워요！……저기……,こ고마워요！……저기……,고마워요！……저기……,True,18E518734001010101,True,18FCAAF0A0F74AF191,2,0829,True,60D6F1,………！,60D708,……크리스티나　매켄지　중위。,quarantine,unresolved
P2_direct_ext3_exact_text,60D72D,scenario_60D722,unverified,second_batch_representative_runtime_test,オレはバ－ニィ。,나는 바니.,こ나는　바니。,나는　바니。,True,18E51873440101,True,18F43008F9DD0A,1,,,60D722,고마워、　크리스！,60D735,버나드　와이즈먼　하사다。,quarantine,unresolved
P2_direct_ext3_exact_text,60D751,scenario_60D745,unverified,second_batch_representative_runtime_test,今モビルス－ツを引き上げさせるわ。,지금 모빌슈트를 철수시키겠어.,こ지금　모빌슈트를　철수시키겠어。,지금　모빌슈트를　철수시키겠어。,True,18E5187347010101010101010101,True,1876FD7915E024329DA1F82C310A,1,,,60D745,오케이、　바니구나。,60D760,……조금만　기다려。,quarantine,unresolved
P4_direct_ext3_text_drift,60D781,scenario_60D774,unverified,review_translation_and_runtime_by_bundle,……事情は今話した通りです。,……사정은 방금 전해드린 바와 같습니다.,こ……사정은　방금　말한　그대로입니다。,……사정은　방금　말한　그대로입니다。,,18E5180C4B01010101010101010101,True,18F191F3300876E02EF41BAEF8240A,2,,,60D774,여기는　매켄지　중위。,60D792,こ저는　그들을　이대로　보내주려고,quarantine,unresolved
P2_direct_ext3_exact_text,60D792,scenario_60D774,unverified,second_batch_representative_runtime_test,私は彼らをこのまま行かせようと,저는 그들을 이대로 보내주려고,こ저는　그들을　이대로　보내주려고,저는　그들을　이대로　보내주려고,True,18E518734B010101010101010101,True,18410895F072FB776BF13CF49E13,1,,,60D781,こ……사정은　방금　말한　그대로입니다。,60D7A1,합니다……　괜찮겠죠？,quarantine,unresolved
P1_direct_ext3_exact_text_control_adjacent,60D810,scenario_60D7F9,unverified,high_priority_batch_after_anchor_pass,ここはモビルス－ツ隊を引き上げさせて……,우선 모빌슈트 부대를 퇴각시키고……,こ우선　모빌슈트　부대를　퇴각시키고……,우선　모빌슈트　부대를　퇴각시키고……,True,18E5187352010101010101010101010101,True,18F79FFD795415E024329DA125F55EF191,2,1728,True,60D802,확실히　자네　말이　옳군。,60D82D,……적을　그냥　놓아줄　셈인가？,quarantine,unresolved
P2_direct_ext3_exact_text,60D86F,scenario_60D866,unverified,second_batch_representative_runtime_test,……ジャミトフ准将！！,……자미토프 준장님！！,こ……자미토프　준장님！！,……자미토프　준장님！！,True,18E518735601010101,True,18F191FCA5F364F044,1,,,60D866,……윽！,60D879,왜　여기에！？,quarantine,unresolved
P2_direct_ext3_exact_text,60D89F,scenario_60D882,unverified,second_batch_representative_runtime_test,私が現場にやって来たとて、,"내가 직접 현장에 납셨다 한들,",こ내가　직접　현장에　납셨다　한들、,내가　직접　현장에　납셨다　한들、,True,18E518735A010101010101010101,True,184117F2F50CF2A20B9BF3790B07,1,,,60D88F,뉴타입　연구소는　내　관할이다。,60D8AE,무슨　이상한　일이라도　있겠나……？,quarantine,unresolved
P4_direct_ext3_text_drift,60D928,scenario_60D909,unverified,review_translation_and_runtime_by_bundle,ジオンが南極条約違反を犯した今こそ、,"지온이 남극 조약을 대놓고 위반한 지금이야말로,",こ지온이　남극조약을　어긴　지금이,지온이　남극조약을　어긴　지금이,,18E51807CB01010101010101010101,True,18F7AB17FD6D15E370F41B76F35607,1,,,60D914,잘못은　침공해　온　지온군에　있다。,60D938,놈들의　잘못을　알릴　절호의　기회다……,quarantine,unresolved
P4_direct_ext3_text_drift,60D952,scenario_60D909,unverified,review_translation_and_runtime_by_bundle,被害など構わぬ！,피해 따윈 안중에 없다！,こ피해　따윈　안중에　없다！　잔망스러운,피해　따윈　안중에　없다！　잔망스러운,,18E5183A2E0101010101,True,18F45EF51FE15EF22B03,1,,,60D938,놈들의　잘못을　알릴　절호의　기회다……,60D95D,잔꾀　부리는　침입자들을　섬멸하라！！,quarantine,unresolved
P3_direct_ext3_control_adjacent_text_drift,60DA0C,scenario_60D9FB,unverified,confirm_current_text_then_rehome,間違った命令に従うよりはマシよ！！,부당하고 잘못된 명령에 맹종하는 것보단 훨씬 낫습니다！！,こ잘못된　명령을　따르는　것보단　나아！！,잘못된　명령을　따르는　것보단　나아！！,,18E518736801010101010101010101010101,True,18F083F150F1D50CE14AF87A08F00723F044,2,1728,True,60D9FB,……그렇다면、　해　보시죠。,60DA28,……크리스！！,quarantine,unresolved
P3_direct_ext3_control_adjacent_text_drift,60DA56,scenario_60DA38,unverified,confirm_current_text_then_rehome,……その邪魔は、誰にもさせない！！,"……그걸 방해하게, 누구에게도 허락하지 않겠어！！",こ……그　방해는　누구에게도　안　맡겨！！,……그　방해는　누구에게도　안　맡겨！！,,18E5189191010101010101010101010101,True,18F191F423F2870807E02BF462F935F044,2,1728,True,60DA49,여기서　탈출시키겠습니다……,60DA71,큭、　어리석은　자가……！！,quarantine,unresolved
P3_direct_ext3_control_adjacent_text_drift,60DAA8,scenario_60DA89,unverified,confirm_current_text_then_rehome,ジオンもろとも討ち取れ！！,지온 녀석들과 함께 단숨에 참수해라！！,こ지온과　함께　쓸어버려라！！,지온과　함께　쓸어버려라！！,,18E5182BCD010101010101010101,True,18F7AB2042F17AE1363BD61BF044,2,1728,True,60DA95,매켄지　중위는　아군에서　이탈했다！,60DAC0,……아앗！？,quarantine,unresolved
P3_direct_ext3_control_adjacent_text_drift,60DB5B,scenario_60DB36,unverified,confirm_current_text_then_rehome,君さえ良ければ、我々と共に……,"자네만 수용한다면, 우리 부대와 함께……",こ자네만　괜찮다면、　우리와　함께……,자네만　괜찮다면、　우리와　함께……,,18E5181BE50101010101010101010101,True,1861F332CAF6EE076A7113E07D0CF191,2,1728,True,60DB45,우리　편을　들었으니　무사하긴　어렵네。,60DB72,아뇨……　알렉스를,quarantine,unresolved
P4_direct_ext3_text_drift,60DBAA,scenario_60DBA1,unverified,review_translation_and_runtime_by_bundle,アレックスをここに残して、,"알렉스는 이 콜로니에 그냥 두고,",こ알렉스는　여기에　남기고、,알렉스는　여기에　남기고、,,18E5184B010101010101,True,18FD0DFA9AE01FF41307,1,,,60DBA1,하지만……,60DBB5,나　혼자　동행한다면……,quarantine,unresolved
P2_direct_ext3_exact_text,60DBC6,scenario_60DBA1,unverified,second_batch_representative_runtime_test,アナタたちがそれで良いというなら、,"당신들이 그걸로 납득해 주신다면,",こ당신들이　그걸로　납득해　주신다면、,당신들이　그걸로　납득해　주신다면、,True,18E518737E010101010101010101,True,18F809F758F5A8CAF27704F83007,1,,,60DBB5,나　혼자　동행한다면……,60DBD5,저도　당신들과　함께　가겠습니다。,quarantine,unresolved
P4_direct_ext3_text_drift,60DBF4,scenario_60DBE9,unverified,review_translation_and_runtime_by_bundle,君のように勇敢な女性が反逆者として,자네처럼 용기 있는 여성이 아군에 의해 반역자로,こ자네　같은　용감한　여성이,자네　같은　용감한　여성이,,18E5183B07010101010101010101010101,True,1861FA17F45006F45617E07AE2419FF80C,1,,,60DBE9,아아、　물론이지。,60DC06,처분되는　걸　모른　척할　순　없지。,quarantine,unresolved
P1_direct_ext3_exact_text_control_adjacent,60DC1A,scenario_60DBE9,unverified,high_priority_batch_after_anchor_pass,……ワイズマン伍長。,……와이즈먼 하사.,こ……와이즈먼　하사。,……와이즈먼　하사。,True,18E5187383010101,True,18F191FBF1F13D0A,2,1728,True,60DC06,처분되는　걸　모른　척할　순　없지。,60DC29,예！！,quarantine,unresolved
P1_direct_ext3_exact_text_control_adjacent,60DC85,scenario_60DC73,unverified,high_priority_batch_after_anchor_pass,よし、今のうちに撒退するぞ！,"좋아,　지금　안에　철수할거야！",こ좋아、　지금　안에　철수할거야！,좋아、　지금　안에　철수할거야！,True,18E518933A01010101010101,True,18F4900776FAA1F238F77103,2,1728,True,60DC73,추격이　멈춘　모양이군……,60DC9B,그렇군……,quarantine,unresolved
P2_direct_ext3_exact_text,60DCAE,scenario_60DC9B,unverified,second_batch_representative_runtime_test,では、ブラ－ド中佐……,"그렇다면, 브라드 중령……",こ그렇다면、　브라드　중령……,그렇다면、　브라드　중령……,True,18E51873870101010101,True,18F26107F94AF4CAF191,2,,,60DCA3,그런　일이　있었다니。,60DCBA,こ그　매켄지　중위라는　조종사의　처우에,quarantine,unresolved
P4_direct_ext3_text_drift,60DCBA,scenario_60DC9B,unverified,review_translation_and_runtime_by_bundle,その、マッケンジ－中尉という,그 매켄지 중위라는,こ그　매켄지　중위라는　조종사의　처우에,그　매켄지　중위라는　조종사의　처우에,,18E51819E80101010101,True,18F42307FD8CF559F664,1,,,60DCAE,こ그렇다면、　브라드　중령……,60DCC5,조종사는　자네에게　맡기겠네。,quarantine,unresolved
P2_direct_ext3_exact_text,60DCF5,scenario_60DCE2,unverified,second_batch_representative_runtime_test,我々はキシリア閣下の艦隊と,우리는 키시리아 각하의 직속 함대와,こ우리는　키시리아　각하의　직속　함대와,우리는　키시리아　각하의　직속　함대와,True,18E518738B01010101010101,True,186A7108F932F0E405F50113,1,,,60DCE2,그리고、　갑작스럽지만……,60DD02,합류하게　되었네。,quarantine,unresolved
P3_direct_ext3_control_adjacent_text_drift,60DD09,scenario_60DCE2,unverified,confirm_current_text_then_rehome,どうやら連邦が動き出したらしい。,아무래도 연방군이 거대한 기동을 개시한 듯하군.,こ아무래도　연방이　움직이기　시작했군。,아무래도　연방이　움직이기　시작했군。,,18E518C05301010101010101,True,18F9DAF42517AA326FFC460A,2,080A,True,60DD02,합류하게　되었네。,60DD1A,연방이……　그렇다면、,quarantine,unresolved
P4_direct_ext3_text_drift,60DD46,scenario_60DD36,unverified,review_translation_and_runtime_by_bundle,連戦になって申し訳ないが、,"쉴 틈 없는 연속 전투라 안타깝네만,",こ연전이라　미안하지만、,연전이라　미안하지만、,,18E5181AF9010101010101010101,True,189039FB76E0EF12E205F5261707,1,,,60DD36,……그　가능성이　크다。,60DD55,그　방향으로　준비해　두게。,quarantine,unresolved
P4_direct_ext3_text_drift,60DDE8,scenario_60DDCC,unverified,review_translation_and_runtime_by_bundle,わざわざ出迎えに来たと言うことは……,몸소 친히 영접하러 오셨다는 것은……,こ직접　마중　나온　걸　보니……,직접　마중　나온　걸　보니……,,18E51807D70101010101010101010101,True,18FA4C6FE0A6F0F99BF3797AFA77F191,1,,,60DDE0,그보다도、　대령님。,60DDF9,전선에　무슨　변화라도　있습니까？,quarantine,unresolved
P4_direct_ext3_text_drift,60DE1B,scenario_60DE07,unverified,review_translation_and_runtime_by_bundle,つい先程、グラナダのキシリア閣下から,"바로 방금 전, 그라나다의 키시리아 각하로부터",こ방금　키시리아　각하에게서,방금　키시리아　각하에게서,,18E5181AFA01010101010101010101,True,18F04FF2F107FAD005F932F0E4F124,1,,,60DE07,……눈치가　빨라서　좋군。,60DE2B,합류하라는　명령이　도착했다。,quarantine,unresolved
P3_direct_ext3_control_adjacent_text_drift,60DE3B,scenario_60DE07,unverified,confirm_current_text_then_rehome,どうやら連邦が動き出したらしい。,아무래도 연방군이 거대한 기동을 개시한 듯하군.,こ아무래도　연방이　움직이기　시작했군。,아무래도　연방이　움직이기　시작했군。,,18E518C05301010101010101,True,18F9DAF42517AA326FFC460A,2,080A,True,60DE2B,합류하라는　명령이　도착했다。,60DE4C,과연……　그렇다면、,quarantine,unresolved
P1_direct_ext3_exact_text_control_adjacent,60DE6C,scenario_60DE4C,unverified,high_priority_batch_after_anchor_pass,合流を急ぎましょう。,신속하게 합류를 도모하지요.,こ신속하게　합류를　도모하지요。,신속하게　합류를　도모하지요。,True,18E518739B0101010101010101,True,18F4E915E09FE04C21F3FE140A,2,0834,True,60DE57,한가롭게　있을　수는　없겠군요。,60DE7E,……아아、　부탁하네。,quarantine,unresolved
P2_direct_ext3_exact_text,60DEDB,scenario_60DEC1,unverified,second_batch_representative_runtime_test,各部隊はエルメスに続け！,전 부대는 엘메스의 후미를 따르라！,こ전　부대는　엘메스의　후미를　따르라！,전　부대는　엘메스의　후미를　따르라！,True,18E51873A1010101010101,True,18F58F08F9560CE0612803,1,,,60DECE,선두에　서라！！,60DEE7,함대　돌격을　감행한다！！,quarantine,unresolved
P4_direct_ext3_text_drift,60DF08,scenario_60DEF7,unverified,review_translation_and_runtime_by_bundle,ララァを中心に敵艦隊へ切り込み、,"라라아를 주축으로 삼아 적 함대의 방벽을 뚫고,",こ라라아를　중심으로　적함대에,라라아를　중심으로　적함대에,,18E5184B03010101010101010101010101,True,18F7F015F3DE0CF67391E05627E0FA6907,1,,,60DEF7,이번　작전의　핵심은　라라아다。,60DF1A,모빌슈트　부대를　격파한다。,quarantine,unresolved
P4_direct_ext3_text_drift,60DF80,scenario_60DF66,unverified,review_translation_and_runtime_by_bundle,私が教えた以上にやってみせてくれた。,내가 전수해 준 기술 이상을 몸소 실현해 보였다.,こ내가　전수해　준　기술　이상을　몸소　실,내가　전수해　준　기술　이상을　몸소　실,,18E51873A901010101010101010101010101,True,184117E126F136F3D10CF2A20B69F9D7110A,1,,,60DF72,라라아가　더　뛰어나니까。,60DF93,……자신감을　가져라。,quarantine,unresolved
P4_direct_ext3_text_drift,60E02B,scenario_60E019,unverified,review_translation_and_runtime_by_bundle,なぜ！？,대체 왜！？,こ대체　왜！？　어째서、　당신은　이제야,대체　왜！？　어째서、　당신은　이제야,,18E5182A3D,True,18F522F040,1,,,60E019,당신이　오는　게　너무　늦었어……,60E031,왜　이제야　나타난　거야！？,quarantine,unresolved
P4_direct_ext3_text_drift,60E0B7,scenario_60E0AA,unverified,review_translation_and_runtime_by_bundle,アナタには故郷もなければ家族もないわ……,당신에게는 돌아갈 고향도 없고 사랑하는 가족도 존재하질 않아……,こ당신에겐　고향도　가족도　없어……,당신에겐　고향도　가족도　없어……,,18E51873B4010101010101010101010101010101,True,18F809F467E260E4342006F6EEF395F5BE31F191,1,,,60E0AA,내게는　보여……！,60E0CC,……사랑하는　사람도　없어！！,quarantine,unresolved
P3_direct_ext3_control_adjacent_text_drift,60E100,scenario_60E0F2,unverified,confirm_current_text_then_rehome,……どうだって言うんだよ！！,……그것이 나와 무슨 상관이란 말이냐！！,こ……그게　어쨌다는　거야！！,……그게　어쨌다는　거야！！,,18E5182BCE01010101010101,True,18F191F89BF1567AF90EF044,2,1728,True,60E0FA,그렇다고　해서……,60E11E,『지켜야　할　사람이　없으면,quarantine,unresolved
P2_direct_ext3_exact_text,60E518,scenario_60E50C,unverified,second_batch_representative_runtime_test,ボクは取り返しのつかないことを,나는 되돌릴 수 없는 파멸적인 과오를,こ나는　되돌릴　수　없는　파멸적인　과오를,나는　되돌릴　수　없는　파멸적인　과오를,True,18E51873D80101010101010101010101,True,18F27908D627E05BF40B40F5EB181315,1,,,60E50C,나、　나는……,60E529,저지르고　말았어……！,quarantine,unresolved
P1_direct_ext3_exact_text_control_adjacent,60E531,scenario_60E50C,unverified,high_priority_batch_after_anchor_pass,ララァ……クッ！,라라아…… 큭！,こ라라아……　큭！,라라아……　큭！,True,18E51873DA010101,True,18F7F0F191F4A303,2,1728,True,60E529,저지르고　말았어……！,60E543,……라라아！！,quarantine,unresolved
P3_direct_ext3_control_adjacent_text_drift,60E573,scenario_60E56A,unverified,confirm_current_text_then_rehome,アナタには力がありすぎる……,당신에게는 역량이 너무나도 과분해요……,こ당신은　힘이　너무　강해……,당신은　힘이　너무　강해……,,18E5180C4E0101010101,True,18F809F46757FD48F191,2,1728,True,60E56A,………………,60E589,당신을　쓰러뜨려야……　샤아가　죽어！,quarantine,unresolved
P3_direct_ext3_control_adjacent_text_drift,60E622,scenario_60E616,unverified,confirm_current_text_then_rehome,私ではダメなの……？,미천한 제 목소리로는 닿지 않는 건가요……？,こ나로는　안　되는　거야……？,나로는　안　되는　거야……？,,18E5182BCF010101010101,True,1841F261F36AF51BF1911D,2,1728,True,60E616,……샤아　대령님。,60E637,……아니야！,quarantine,unresolved
P4_direct_ext3_text_drift,60E641,scenario_60E637,unverified,review_translation_and_runtime_by_bundle,ハマ－ンの声はシャアに届いている！,하만 양의 애타는 부르짖음은 샤아에게 가닿고 있다！,こ하만의　목소리가　샤아에게　닿는다！,하만의　목소리가　샤아에게　닿는다！,,18E5181AFD01010101010101010101,True,18FA2905E1C508F7F10CE1BEFA2803,1,,,60E637,……아니야！,60E651,한　번　더　해　봐！！,quarantine,unresolved
P5_non_direct_native_or_other,60E672,scenario_60E667,unverified,do_not_autofix_static_false_positive_possible,………………,………………,こ………………,………………,True,18F617F617,,18F617F617,2,,,60E667,세라　씨……,60E679,こ알겠습니다！,quarantine,unresolved
P5_non_direct_native_or_other,60E679,scenario_60E667,unverified,do_not_autofix_static_false_positive_possible,わかりました！,알겠습니다！,こ알겠습니다！,알겠습니다！,True,18FF7C01,,18FD4F03,1,,,60E672,こ………………,60E67E,……해　보겠습니다！！,quarantine,unresolved
P4_direct_ext3_text_drift,60E6E3,scenario_60E6C3,unverified,review_translation_and_runtime_by_bundle,でも、シャア大佐は,"그렇지만, 샤아 대령님은",こ하지만　샤아　대령은,하지만　샤아　대령은,,18E5181AFE01010101,True,18F25E07F7F1F05D08,1,,,60E6CF,대령님이　슬퍼하는　건　알아요……,60E6ED,슬픔에　질　분이　아니에요。,quarantine,unresolved
P4_direct_ext3_text_drift,60E701,scenario_60E6C3,unverified,review_translation_and_runtime_by_bundle,もっと、強い人だって……,더욱 강인하고 거대한 대의를 품은 사람이라는 것을……,こ더　강한　사람이란　걸……,더　강한　사람이란　걸……,,18E5182AEB01010101010101,True,18F5DB07E0550450F649F191,1,,,60E6ED,슬픔에　질　분이　아니에요。,60E70E,저는　알고　있으니까요……,quarantine,unresolved
P4_direct_ext3_text_drift,60E719,scenario_60E6C3,unverified,review_translation_and_runtime_by_bundle,だから、おねがい、正気に返って！,"그러니 부디 간절히 빌게요, 제정신으로 돌아와요！",こ그러니、　제발　정신　차려！,그러니、　제발　정신　차려！,,18E51873E9010101010101010101010101,True,18F82507354D170407F3B50CE05BF15603,2,,,60E70E,저는　알고　있으니까요……,60E72C,こ대령님……　아니、　샤아！！,quarantine,unresolved
P1_direct_ext3_exact_text_control_adjacent,60E72C,scenario_60E6C3,unverified,high_priority_batch_after_anchor_pass,大佐……いえ、シャアッ！！,"대령님…… 아니, 샤아！！",こ대령님……　아니、　샤아！！,대령님……　아니、　샤아！！,True,18E518C27201010101010101,True,18F05DF191F25407FABAF044,2,1728,True,60E719,こ그러니、　제발　정신　차려！,60E744,으……,quarantine,unresolved
P4_direct_ext3_text_drift,60E785,scenario_60E770,unverified,review_translation_and_runtime_by_bundle,私は、こんなところで立ち止まる,나는 이런 허무한 전장에서 좌절해 멈춰 설,こ나는　이런　허무한　전장에서　좌절해　멈,나는　이런　허무한　전장에서　좌절해　멈,,18E51891940101010101010101,True,18410807FE1AE00E3BE027F1A6,1,,,60E777,동요하고　말았어……,60E793,있을　수는　없는데……,quarantine,unresolved
P4_direct_ext3_text_drift,60E7A2,scenario_60E770,unverified,review_translation_and_runtime_by_bundle,君が呼びかけてくれたおかげで,자네가 내 혼을 애타게 일깨워 준 덕분에,こ네가　불러　준　덕분에,네가　불러　준　덕분에,,18E5184C7B010101010101010101,True,186117E070E0510EFC92350EA116,1,,,60E793,있을　수는　없는데……,60E7B1,기억해　냈어。,quarantine,unresolved
P4_direct_ext3_text_drift,60E845,scenario_60E82B,unverified,review_translation_and_runtime_by_bundle,悲しみにとらわれて、,"이깟 사사로운 비탄에 잠겨,",こ이깟　사사로운　비탄에　잠겨、　자기　본,이깟　사사로운　비탄에　잠겨、　자기　본,,18E51847C801010101010101,True,18E1A4F3FF0C131CF2420B07,1,,,60E836,아직　해야　할　일이　있잖아요！？,60E852,자신을　잃다니……,quarantine,unresolved
P3_direct_ext3_control_adjacent_text_drift,60E85D,scenario_60E82B,unverified,confirm_current_text_then_rehome,そんなザマでどうするのです！,그따위 한심하고 꼴사나운 몰골로 대체 무얼 하겠다는 거예요！,こ그런　꼴로　어쩌겠다는　겁니까！,그런　꼴로　어쩌겠다는　겁니까！,,18E51873F501010101010101,True,18F823F05216FA7405F27D03,2,1728,True,60E852,자신을　잃다니……,60E870,………윽！！,quarantine,unresolved
P4_direct_ext3_text_drift,60E8D4,scenario_60E8B5,unverified,review_translation_and_runtime_by_bundle,でも、悲しみにおぼれてふぬけてしまった,"그렇지만, 이런 하찮은 비탄에 젖어 껍데기만 남은 등신처럼",こ하지만、　슬픔에　빠져　나약해진,하지만、　슬픔에　빠져　나약해진,,18E51874A6010101010101010101010101010101,True,18F25E07E1A4F3FFF473E102F0325BCBF493FAEB,1,,,60E8C6,내겐　잘못된　일로　보여……,60E8E9,오빠의　모습은　보고　싶지　않았어……,quarantine,unresolved
P4_direct_ext3_text_drift,60E925,scenario_60E91C,unverified,review_translation_and_runtime_by_bundle,もう、軍人をやめろとはいわない。,이제 더는 네게 군 생활을 접으라고 강요하진 않으마.,こ이젠　군인을　그만두란　말은　안　할게。,이젠　군인을　그만두란　말은　안　할게。,,18E51873FC01010101010101010101,True,18F29B07F02E15F7BDF17E04F8800A,2,,,60E91C,아르테이시아……,60E936,こ그래도　내가　하려는　일만은,quarantine,unresolved
P4_direct_ext3_text_drift,60E936,scenario_60E91C,unverified,review_translation_and_runtime_by_bundle,が、せめて私のやろうとしていることを,"다만, 부디 찰나라도 내가 실현하고자 하는 혁명을",こ그래도　내가　하려는　일만은,그래도　내가　하려는　일만은,,18E5181AFF0101010101010101010101,True,181707F8B74105F6B6F80CF290181315,1,,,60E925,こ이젠　군인을　그만두란　말은　안　할게。,60E947,이해해　주지　않겠나？,quarantine,unresolved
P1_direct_ext3_exact_text_control_adjacent,60E94E,scenario_60E91C,unverified,high_priority_batch_after_anchor_pass,私はただ……,나는 그저……,こ나는　그저……,나는　그저……,True,18E51873FF01,True,1841F5B4F191,2,1728,True,60E947,이해해　주지　않겠나？,60E95B,……오빠는　아버지의　진정한　뜻을,quarantine,unresolved
P4_direct_ext3_text_drift,60E97D,scenario_60E95B,unverified,review_translation_and_runtime_by_bundle,できもしないことをできると信じて……！,실현 불가능한 도원경을 가능하리라 맹신하며……！,こ못할　일도　할　수　있다　믿으며……！,못할　일도　할　수　있다　믿으며……！,,18E518740301010101010101010101010101,True,181632F26FF526181315FA44E032F2DAF60C,2,,,60E96F,왜곡해서　받아들이고　있어！,60E991,こ이대로　오빠가　잘못된　길을,quarantine,unresolved
P4_direct_ext3_text_drift,60E991,scenario_60E95B,unverified,review_translation_and_runtime_by_bundle,このまま兄さんが間違った道を,만약 오빠가 끝끝내 그 파멸적인 불의의 길을,こ이대로　오빠가　잘못된　길을,이대로　오빠가　잘못된　길을,,18E51807F2010101010101010101,True,18FB77E002F727F083F150E0A415,1,,,60E97D,こ못할　일도　할　수　있다　믿으며……！,60E9A0,계속　간다면……,quarantine,unresolved
P1_direct_ext3_exact_text_control_adjacent,60E9DA,scenario_60E9D0,unverified,high_priority_batch_after_anchor_pass,ア、アルテイシア……,"아, 아르테이시아……",こ아、　아르테이시아……,아、　아르테이시아……,True,18E51874070101,True,182607FD6FF191,2,1728,True,60E9D0,………윽！！,60E9EB,큭、　여기까지인가……！！,quarantine,unresolved
P1_direct_ext3_exact_text_control_adjacent,60E9F8,scenario_60E9EB,unverified,high_priority_batch_after_anchor_pass,……ホワイトべ－ス、後退する！！,"……화이트 베이스, 후퇴한다！！",こ……화이트　베이스、　후퇴한다！！,……화이트　베이스、　후퇴한다！！,True,18E518740901010101010101,True,18F191FE5A07F0A7F1CBF044,2,1728,True,60E9EB,큭、　여기까지인가……！！,60EA0E,큭……,quarantine,unresolved
P1_direct_ext3_exact_text_control_adjacent,60EA1E,scenario_60EA0E,unverified,high_priority_batch_after_anchor_pass,後を……たのむっ！！,뒷일을…… 부탁하네！！,こ뒷일을……　부탁하네！！,뒷일을……　부탁하네！！,True,18E518740A0101010101,True,18AF15F191F6C809F044,2,1728,True,60EA16,브라이트　중위……,60EA32,큭……,quarantine,unresolved
P4_direct_ext3_text_drift,60EA79,scenario_60EA70,unverified,review_translation_and_runtime_by_bundle,木馬は取り逃がしたようだが、,"목마는 나포하지 못하고 철수시켜 버렸다만,",こ목마는　놓친　모양이지만、,목마는　놓친　모양이지만、,,18E5183C7B0101010101010101010101,True,18F20208D627E01517F41BF49EF53807,1,,,60EA70,흠……,60EA8A,전과로는　충분하군。,quarantine,unresolved
P2_direct_ext3_exact_text,60EA96,scenario_60EA70,unverified,second_batch_representative_runtime_test,……よろしい。,……알았다.,こ……알았다。,……알았다。,True,18E518626A01,True,18F191F9EB0A,1,,,60EA8A,전과로는　충분하군。,60EA9D,전　부대、　철수하라！！,quarantine,unresolved
P1_direct_ext3_exact_text_control_adjacent,60EAD3,scenario_60EAC7,unverified,high_priority_batch_after_anchor_pass,心配をかけた……すまない。,심려를 끼쳐 미안하군…… 사과함세.,こ심려를　끼쳐　미안하군……　사과함세。,심려를　끼쳐　미안하군……　사과함세。,True,18E51874100101010101,True,18F361FB24F191F8C80A,2,1728,True,60EAC7,……아、　그래。,60EAE7,부대원　모두에게　걱정을　끼친　모양이군,quarantine,unresolved
P4_direct_ext3_text_drift,60EB1E,scenario_60EB04,unverified,review_translation_and_runtime_by_bundle,あれだけのことがあったんですから、,"그토록 가슴 찢어지는 비극을 겪으셨으니,",こ그런　일을　겪었으니、,그런　일을　겪었으니、,,18E5183B0E0101010101010101,True,18FC631813FB6DF222F1E01C07,1,,,60EB0D,대령님이　부끄러워할　이유는　없습니다。,60EB2C,당연한　반응입니다。,quarantine,unresolved
P3_direct_ext3_control_adjacent_text_drift,60EB72,scenario_60EB69,unverified,confirm_current_text_then_rehome,バ、バカなことを言うな……！！,쓸데없는 불길한 망발 지껄이지 마라……！！,こ바、　바보　같은　소리　마……！！,바、　바보　같은　소리　마……！！,,18E5184BEC0101010101010101,True,187007F3B7FB567AF1F4F60C03,2,1728,True,60EB69,……윽！,60EB8B,……아닌가？,quarantine,unresolved
P4_direct_ext3_text_drift,60EC11,scenario_60EBF4,unverified,review_translation_and_runtime_by_bundle,……実際のところ、どうなんですか大佐？,……실제 작전 전개는 향후 어떻게 흘러갑니까 대령님？,こ……실제로　어떻습니까、　대령？,……실제로　어떻습니까、　대령？,,18E5184B09010101010101010101010101,True,18F191F3BC0513184207F09BFD10F05D1D,1,,,60EC05,이쯤에서　접고……,60EC23,오늘은　이겼지만……,quarantine,unresolved
P2_direct_ext3_exact_text,60EC4B,scenario_60EC3B,unverified,second_batch_representative_runtime_test,今日の戦いにしても、,"오늘 거둔 전과도,",こ오늘　거둔　전과도、,오늘　거둔　전과도、,True,18E51874210101010101,True,18F3810539F27CF5CB07,1,,,60EC3B,……상황은　좋지　않군。,60EC56,결국　국지적　승리일　뿐이다。,quarantine,unresolved
P4_direct_ext3_text_drift,60EC66,scenario_60EC3B,unverified,review_translation_and_runtime_by_bundle,ア・バオア・ク－へ向かう敵軍の流れが,아 바오아 쿠로 결집하는 연방군 본대의 진격 속도가,こ아　바오아　쿠로　가는　적의　흐름이,아　바오아　쿠로　가는　적의　흐름이,,18E5182AEE0101010101010101010101010101,True,18262AF6522AF47F91D5F145F1FF05E0CD1B17,1,,,60EC56,결국　국지적　승리일　뿐이다。,60EC7A,약해진　정도겠지。,quarantine,unresolved
P3_direct_ext3_control_adjacent_text_drift,60ECD5,scenario_60ECAE,unverified,confirm_current_text_then_rehome,各員、悔いの残らぬよう、奮闘してほしい。,"각 대원들, 일말의 후회도 없도록 결사항전에 힘써 주게.",こ각자、　후회　없도록　분투해　주게。,각자、　후회　없도록　분투해　주게。,,18E5187428010101010101010101010101010101,True,18F14907E312F27EE01F1CCBF49E07F3B9FC5D0A,2,0801,True,60ECC0,아　바오아　쿠를　지키게　된다。,60ECEE,알겠소。,quarantine,unresolved
P4_direct_ext3_text_drift,60ED25,scenario_60ED0D,unverified,review_translation_and_runtime_by_bundle,さっきの戦いでひどくやられてますから,아까 치른 사투에서 기체가 심하게 파손되어,こ아까　전투에서　심하게　당해서,아까　전투에서　심하게　당해서,,18E5181B02010101010101010101010101,True,18F9FF39F276E03936243AF79221F1E01C,1,,,60ED18,대령의　모빌슈트는？,60ED37,수리엔　꽤　걸릴　텐데……,quarantine,unresolved
P3_direct_ext3_control_adjacent_text_drift,60EDE9,scenario_60EDD1,unverified,confirm_current_text_then_rehome,お前なら使いこなせよう。,자네의 자질이라면 무리 없이 조종해 내겠지.,こ너라면　다룰　수　있겠지。,너라면　다룰　수　있겠지。,,18E5180C4F010101010101010101,True,183596F515E001041806F557140A,2,1728,True,60EDDC,탑재된　사이코뮤도,60EE03,알겠소。,quarantine,unresolved
P2_direct_ext3_exact_text,60EF03,scenario_60EEF7,unverified,second_batch_representative_runtime_test,この戦争が終わったらまた会おうね。,이　전쟁이　끝나면　다시　만나자.,こ이　전쟁이　끝나면　다시　만나자。,이　전쟁이　끝나면　다시　만나자。,True,18E518C27A010101010101010101010101,True,18F362F30F17E010F943F194C1F2444D0A,1,,,60EEF7,시그도……,60EF15,꼭！　약속이야！！,quarantine,unresolved
P2_direct_ext3_exact_text,60EF71,scenario_60EF66,unverified,second_batch_representative_runtime_test,今度だけはゆずるけど、,"이번에는　유자하지만,",こ이번에는　유자하지만、,이번에는　유자하지만、,True,18E518934501010101010101,True,18F3BAF874E121740FF49607,1,,,60EF66,아、　맞다！,60EF7E,난　아직　진　게　아니야！,quarantine,unresolved
P2_direct_ext3_exact_text,60EFC1,scenario_60EFB8,unverified,second_batch_representative_runtime_test,だから、セラも……,"그러니까,　세라도…",こ그러니까、　세라도…,그러니까、　세라도…,True,18E518934901010101,True,18F82507F42920F191,2,,,60EFB8,응！！,60EFCC,こ아니、세라뿐만　아니라,quarantine,unresolved
P4_direct_ext3_text_drift,60EFCC,scenario_60EFB8,unverified,review_translation_and_runtime_by_bundle,ううん、セラだけじゃなくて,"네,　세라뿐만　아니라",こ아니、세라뿐만　아니라,아니、세라뿐만　아니라,,18E5180CDF0101010101,True,18F79507F429F53DFBE0,1,,,60EFC1,こ그러니까、　세라도…,60EFD7,시그도　아빠도、　배의　모두도！,quarantine,unresolved
P3_direct_ext3_control_adjacent_text_drift,60EFE9,scenario_60EFB8,unverified,confirm_current_text_then_rehome,ぜったいに無事でいてね！！,매우　안전합니다！　！,こ꼭　무사해야　해！！,꼭　무사해야　해！！,,18E5181C74010101010101,True,18FCE3F20416F2754DF044,2,1728,True,60EFD7,시그도　아빠도、　배의　모두도！,60F014,……가　버렸나。,quarantine,unresolved
P1_direct_ext3_exact_text_control_adjacent,60F02B,scenario_60F022,unverified,high_priority_batch_after_anchor_pass,絶対に無事でいて……か。,절대로　안전하고　있고……？,こ절대로　안전하고　있고……？,절대로　안전하고　있고……？,True,18E518934D0101010101010101,True,18F5580CF20416F275F1910E0A,2,1728,True,60F022,………………,60F044,솔직히、　힘든　약속이군。,quarantine,unresolved
P2_direct_ext3_exact_text,60F058,scenario_60F044,unverified,second_batch_representative_runtime_test,連邦の戦力は圧倒的だ。,연방의　전력은　압도적이다.,こ연방의　전력은　압도적이다。,연방의　전력은　압도적이다。,True,18E518C27E010101010101,True,18F42505F38708F5C10D0A,2,,,60F044,솔직히、　힘든　약속이군。,60F065,こ과연　아　바오아　쿠,quarantine,unresolved
P2_direct_ext3_exact_text,60F065,scenario_60F044,unverified,second_batch_representative_runtime_test,はたしてア・バオア・ク－も,과연　아　바오아　쿠,こ과연　아　바오아　쿠,과연　아　바오아　쿠,True,18E518934F010101010101,True,18FB75262AF6522AF47F20,1,,,60F058,こ연방의　전력은　압도적이다。,60F071,지킬　수　있을지……,quarantine,unresolved
P2_direct_ext3_exact_text,60F090,scenario_60F080,unverified,second_batch_representative_runtime_test,そんなことじゃ勝てる戦いも,그런　일로　이길　싸움도,こ그런　일로　이길　싸움도,그런　일로　이길　싸움도,True,18E518935101010101010101,True,18FC58F2D2E003F390390420,1,,,60F080,약한　소리　마라、　시그。,60F09D,못　이기게　된다。,quarantine,unresolved
P2_direct_ext3_exact_text,60F0AB,scenario_60F080,unverified,second_batch_representative_runtime_test,できるかどうかじゃなくて、,"할　수　있는지　여부가　아니라,",こ할　수　있는지　여부가　아니라、,할　수　있는지　여부가　아니라、,True,18E518935301010101,True,18F64F0EF898FBE007,1,,,60F09D,못　이기게　된다。,60F0B5,해내　보이겠지？,quarantine,unresolved
P2_direct_ext3_exact_text,60F0C0,scenario_60F080,unverified,second_batch_representative_runtime_test,この戦いに勝って、,"이　싸움을　이기고,",こ이　싸움을　이기고、,이　싸움을　이기고、,True,18E5189355010101010101,True,18F36239F27CE003F15607,1,,,60F0B5,해내　보이겠지？,60F0CC,그다음　전쟁을　끝내고……,quarantine,unresolved
P1_direct_ext3_exact_text_control_adjacent,60F173,scenario_60F16B,unverified,high_priority_batch_after_anchor_pass,ヘンなヤツだな……,헨인　녀석이구나…,こ헨인　녀석이구나…,헨인　녀석이구나…,True,18E518935B0101010101,True,18F3C706F2D4F549F191,2,1728,True,60F16B,………？,60F198,……………,quarantine,unresolved
P4_direct_ext3_text_drift,60F1BA,scenario_60F1A9,unverified,review_translation_and_runtime_by_bundle,フラナガン機関の最優秀ニュ－タイプ……,플래너건 기관의 최우수 뉴타입……,こ플라나간　기관의　최우수　뉴타입……,플라나간　기관의　최우수　뉴타입……,,18E518743C010101010101010101,True,18FCFAF3CF05E040F4C0FD6CF191,1,,,60F1A9,세레인　익스페리…　소위？,60F1C9,인류의　미래를　맡을　인재……,quarantine,unresolved
P1_direct_ext3_exact_text_control_adjacent,60F1DA,scenario_60F1A9,unverified,high_priority_batch_after_anchor_pass,だけど、それは……,"하지만, 그것은……",こ하지만、　그것은……,하지만、　그것은……,True,18E518743E010101,True,18F87207F5ADF191,2,1728,True,60F1C9,인류의　미래를　맡을　인재……,60F1EE,……그래。,quarantine,unresolved
P2_direct_ext3_exact_text,60F214,scenario_60F20B,unverified,second_batch_representative_runtime_test,お、お前……,"너, 너는……",こ너、　너는……,너、　너는……,True,18E51874400101,True,1835073596F191,1,,,60F20B,……윽！,60F21C,아니、　너희는……？！,quarantine,unresolved
P5_non_direct_native_or_other,60F27C,scenario_60F25F,unverified,do_not_autofix_static_false_positive_possible,ふふ……,후후……,こ후후……,후후……,True,18FF70F191,,18F312F191,2,1728,True,60F268,네게　좋은　얘기를　전하러　왔어。,60F28B,……각하。,quarantine,unresolved
P4_direct_ext3_text_drift,60F295,scenario_60F28B,unverified,review_translation_and_runtime_by_bundle,例の者達より、,"예의 그들로부터,",こ그자들로부터、,그자들로부터、,,18E5181C750101010101,True,18E18B059FE089F48807,1,,,60F28B,……각하。,60F2A0,표적과　접촉했다는　보고가……,quarantine,unresolved
P5_non_direct_native_or_other,60F2D6,scenario_60F2C4,unverified,do_not_autofix_static_false_positive_possible,とりあえず、,"우선은,",こ우선은、,우선은、,True,18F61B01,,18FC2207,1,,,60F2C4,반응은　괜찮습니다。,60F2DB,우리　뜻은　전해졌다고……,quarantine,unresolved
P2_direct_ext3_exact_text,60F2FE,scenario_60F2F4,unverified,second_batch_representative_runtime_test,やはり保険をかけておいて正解だったな。,역시 보험을 들어두길 잘했군.,こ역시　보험을　들어두길　잘했군。,역시　보험을　들어두길　잘했군。,True,18E518744B010101010101010101010101,True,18F66CE0E3E082FB25F2450BF36FFB030A,2,,,60F2F4,……그런가。,60F311,こ바스크의　실패도,quarantine,unresolved
P2_direct_ext3_exact_text,60F311,scenario_60F2F4,unverified,second_batch_representative_runtime_test,バスクの失敗も,바스크의 실패도,こ바스크의　실패도,바스크의　실패도,True,18E518744C0101,True,18F66B05F43E20,1,,,60F2FE,こ역시　보험을　들어두길　잘했군。,60F319,이제　계산이　맞겠지。,quarantine,unresolved
P1_direct_ext3_exact_text_control_adjacent,60F382,scenario_60F375,unverified,high_priority_batch_after_anchor_pass,ふむ……。,흠…….,こ흠……。,흠……。,True,18E518F2A701,True,18F306F1910A,2,1728,True,60F375,세레인……세이레네？,60F3B2,……데긴　각하。,quarantine,unresolved
P1_direct_ext3_exact_text_control_adjacent,60F3BE,scenario_60F3B2,unverified,high_priority_batch_after_anchor_pass,まもなく連邦艦隊と接触します。,곧 연방 함대와 접촉합니다.,こ곧　연방　함대와　접촉합니다。,곧　연방　함대와　접촉합니다。,True,18E5187453010101010101,True,18FB1DFAFD13F061F6700A,2,0848,True,60F3B2,……데긴　각하。,60F3CE,……음。,quarantine,unresolved
P2_direct_ext3_exact_text,60F403,scenario_60F3F8,unverified,second_batch_representative_runtime_test,グワジン級戦艦……,그와진급 전함……,こ그와진급　전함……,그와진급　전함……,True,18E51874550101,True,18FB2BF66DF191,1,,,60F3F8,……왔소。,60F40B,저건　그레이트　데긴！,quarantine,unresolved
P1_direct_ext3_exact_text_control_adjacent,60F43A,scenario_60F41A,unverified,high_priority_batch_after_anchor_pass,……辛いのだな、ジオンも,"……괴로운 모양이군, 지온도.",こ……괴로운　모양이군、　지온도。,……괴로운　모양이군、　지온도。,True,18E518C2840101010101010101,True,18F191E34FF27EF54907F7AB20,2,1728,True,60F426,평화　협상에　나서다니……,60F451,……늙으셨군요、　아버님。,quarantine,unresolved
P1_direct_ext3_exact_text_control_adjacent,60F460,scenario_60F451,unverified,high_priority_batch_after_anchor_pass,時すでに遅いのだがな……,때는 이미 늦었다만 말입니다……,こ때는　이미　늦었다만　말입니다……,때는　이미　늦었다만　말입니다……,True,18E518745801010101010101,True,18B7F86BE0A8F27EF614F191,2,1728,True,60F451,……늙으셨군요、　아버님。,60F473,……각하！,quarantine,unresolved
P2_direct_ext3_exact_text,60F5D8,scenario_60F5BA,unverified,second_batch_representative_runtime_test,あいつらはセラを,저 녀석들은 세라를,こ저　녀석들은　세라를,저　녀석들은　세라를,True,18E5187465010101,True,18F7CDF05BF42915,1,,,60F5C9,왜　그렇게　태연한　거야！,60F5E1,잡으려는　거라고！,quarantine,unresolved
P2_direct_ext3_exact_text,60F60C,scenario_60F5F1,unverified,second_batch_representative_runtime_test,もっとも、助けなんか,"하긴, 구조 같은 건",こ하긴、　구조　같은　건,하긴、　구조　같은　건,True,18E518746801010101,True,18FAC807E00028F853,1,,,60F5FD,구해　주면　되잖아요。,60F616,없다고　생각하지만요……,quarantine,unresolved
P1_direct_ext3_exact_text_control_adjacent,610025,scenario_61001C,unverified,high_priority_batch_after_anchor_pass,……ガト－よ。,……가토여.,こ……가토여。,……가토여。,True,18E518499A0101,True,18F191F58C230A,2,1728,True,61001C,………………,610036,……옛。,quarantine,unresolved
P2_direct_ext3_exact_text,61009B,scenario_61008C,unverified,second_batch_representative_runtime_test,これより『星の屑作戦』は,지금부터 『별의 부스러기 작전』은,こ지금부터　『별의　부스러기　작전』은,지금부터　『별의　부스러기　작전』은,True,18E518399C010101010101,True,18FAE068E06905F81C6608,1,,,61008C,……각　부대에　통보한다！,6100A7,최종　단계에　돌입한다！,quarantine,unresolved
P2_direct_ext3_exact_text,6100B2,scenario_61008C,unverified,second_batch_representative_runtime_test,我らの目標は、連邦軍本部基地,우리의 목표는 연방군 본부 기지인,こ우리의　목표는　연방군　본부　기지인,우리의　목표는　연방군　본부　기지인,True,18E518199F010101010101010101,True,186AF059F1750807F72AF29AF335,1,,,6100A7,최종　단계에　돌입한다！,6100C1,자브로에　콜로니를　낙하시키는　것이다！,quarantine,unresolved
P2_direct_ext3_exact_text,6100D0,scenario_61008C,unverified,second_batch_representative_runtime_test,コロニ－、アイランド・イ－ズを守り、,"콜로니 아이랜드 이즈를 사수하여,",こ콜로니　아이랜드　이즈를　사수하여、,콜로니　아이랜드　이즈를　사수하여、,True,18E518299F010101010101010101,True,18FA7D07FBD92AF81A15E03B2707,1,,,6100C1,자브로에　콜로니를　낙하시키는　것이다！,6100DF,위성　궤도까지　도달시켜라！！,quarantine,unresolved
P5_non_direct_native_or_other,61010E,scenario_6100F5,unverified,do_not_autofix_static_false_positive_possible,いいか……,명심해라……,こ명심해라……,명심해라……,True,18FF72F191,,18F89EF191,2,1728,True,610103,작전　목표를　설명하겠다。,61011D,……이　선이　저지　한계점이다。,quarantine,unresolved
P4_direct_ext3_text_drift,61012D,scenario_61011D,unverified,review_translation_and_runtime_by_bundle,ここをコロニ－が越えれば,이곳을 콜로니가 넘어가게 되면,こ콜로니가　여길　넘으면,콜로니가　여길　넘으면,,18E5181B03010101010101,True,18F7AEFA7D17E2C82BF03E,1,,,61011D,……이　선이　저지　한계점이다。,610139,별의　부스러기　작전은　성공한다。,quarantine,unresolved
P4_direct_ext3_text_drift,610149,scenario_61011D,unverified,review_translation_and_runtime_by_bundle,各部隊は何としてもコロニ－を守りきり、,"각 부대는 무슨 수를 써서라도 콜로니를 끝까지 사수하고,",こ각　부대는　무슨　일이　있어도,각　부대는　무슨　일이　있어도,,18E5183B120101010101010101010101,True,18F58F089AFB8DFA7D15E03B27322707,1,,,610139,별의　부스러기　작전은　성공한다。,61015A,저지　한계점을　넘기게　해라！！,quarantine,unresolved
P1_direct_ext3_exact_text_control_adjacent,61017F,scenario_61016E,unverified,high_priority_batch_after_anchor_pass,星の屑成就のために……,별의 부스러기 성취를 위하여……,こ별의　부스러기　성취를　위하여……,별의　부스러기　성취를　위하여……,True,18E51819A10101010101,True,18E06905F6CDFA80F191,2,1728,True,61016E,그럼、　모두……알겠나？,610195,……지크　지온！！,quarantine,unresolved
P3_direct_ext3_control_adjacent_text_drift,6101BD,scenario_6101AB,unverified,confirm_current_text_then_rehome,……無念！！,……원통하구나！！,こ……원통하군！！,……원통하군！！,,18E5183C7F0101,True,18F191F1AEF044,2,1728,True,6101AB,별의　부스러기를　눈앞에　두고……,6101CE,이럴　수가！　콜로니가……！！,quarantine,unresolved
P1_direct_ext3_exact_text_control_adjacent,6101DD,scenario_6101CE,unverified,high_priority_batch_after_anchor_pass,クッ！……無念！！,큭！……원통하도다！！,こ큭！……원통하도다！！,큭！……원통하도다！！,True,18E518499E01010101,True,18F4A3F747F1AEF044,2,1728,True,6101CE,이럴　수가！　콜로니가……！！,6101F0,큰일이다！　작전　실패인가！！,quarantine,unresolved
P4_direct_ext3_text_drift,61021F,scenario_610206,unverified,review_translation_and_runtime_by_bundle,では、パトロ－ル艦隊とアルビオンだけで,그렇다면 초계 함대와 알비온만으로,こ그렇다면　초계　함대와　알비온만으로　데,그렇다면　초계　함대와　알비온만으로　데,,18E51847860101010101010101,True,18F26107FC08F50113FBB5F86F,1,,,61020E,증원　부대를　보내지　않겠다니？！,61022D,데라즈　플리트와　싸우란　말인가？！,quarantine,unresolved
P2_direct_ext3_exact_text,61027D,scenario_610268,unverified,second_batch_representative_runtime_test,いや、この状況を,"아니, 이 위태로운 전황을",こ아니、　이　위태로운　전황을,아니、　이　위태로운　전황을,True,18E51839A101010101,True,18F28C07F362F19A15,1,,,610271,대체　무슨　생각이십니까？！,610287,대체　어디에　이용하려는　거요！！,quarantine,unresolved
P4_direct_ext3_text_drift,610293,scenario_610268,unverified,review_translation_and_runtime_by_bundle,この上はー刻も早く地球軌道艦隊を,이 이상은 한시라도 빨리 지구 궤도 함대를,こ지구궤도함대를　서둘러,지구궤도함대를　서둘러,,18E5184B0C010101010101010101010101010101,True,18F3629D08F0B020E06E24F570E1EFE0A4F50115,1,,,610287,대체　어디에　이용하려는　거요！！,6102A8,전면에　세워　요격해야……,quarantine,unresolved
P5_non_direct_native_or_other,6102D5,scenario_6102C1,unverified,do_not_autofix_static_false_positive_possible,ふふふ……,후후후……,こ후후후……,후후후……,True,18F28AF093,,18F87FF191,2,1728,True,6102C1,……이미　손을　써　두었지요。,6102E4,음！　저건……！！,quarantine,unresolved
P3_direct_ext3_control_adjacent_text_drift,61031B,scenario_610312,unverified,confirm_current_text_then_rehome,今度こそキサマを止めて見せる！,이번에야말로 네놈을 반드시 저지하겠다！,こ이번엔　꼭　네놈을　막겠다！,이번엔　꼭　네놈을　막겠다！,,18E5183BF10101010101010101010101,True,18F3BAF356F73615E027F3F78AF55603,2,1728,True,610312,가토……！,610335,저지　한계까지　얼마　안　남았다！,quarantine,unresolved
P1_direct_ext3_exact_text_control_adjacent,6103B1,scenario_6103A2,unverified,high_priority_batch_after_anchor_pass,もはや誰にも止められんのだ！！,이제는 그 누구도 저지할 수 없다！！,こ이제는　그　누구도　저지할　수　없다！！,이제는　그　누구도　저지할　수　없다！！,True,18E5180B410101010101010101,True,18F85DE02BF462E027FD54F044,2,1728,True,6103A2,흥！　헛수고를！！,6103C8,가토오오오！！,quarantine,unresolved
P3_direct_ext3_control_adjacent_text_drift,610576,scenario_610567,unverified,confirm_current_text_then_rehome,とどめを刺さずに行ったのか……,마무리를 짓지 않고 그냥 가 버린 건가……,こ끝장을　내지　않고　간　건가……,끝장을　내지　않고　간　건가……,,18E5184BED0101010101010101,True,18FB66E24F25740C6BF971F191,2,1728,True,61056E,가、　가토……,61058D,으아아아악！！,quarantine,unresolved
P2_direct_ext3_exact_text,61062C,scenario_61061E,unverified,second_batch_representative_runtime_test,グワデンのブリッジは,그와덴의 브릿지는,こ그와덴의　브릿지는,그와덴의　브릿지는,True,18E5180B450101,True,18FAC305F96008,1,,,610625,꼼짝　마！！,610634,이　시마　대가　제압했다！！,quarantine,unresolved
P4_direct_ext3_text_drift,610642,scenario_61061E,unverified,review_translation_and_runtime_by_bundle,命が惜しかったら,목숨이 아깝거든,こ목숨이　아깝거든　괜한,목숨이　아깝거든　괜한,,18E5184B0D01010101,True,18E00817E33BF97A1C,1,,,610634,이　시마　대가　제압했다！！,61064C,저항은　그만두는　게　좋을　거야！！,quarantine,unresolved
P4_direct_ext3_text_drift,610672,scenario_610666,unverified,review_translation_and_runtime_by_bundle,ワシと艦隊をエサに,나와 이 함대를 미끼로 삼아,こ나와　이　함대를　미끼로　삼아　연방에,나와　이　함대를　미끼로　삼아　연방에,,18E518178E0101010101,True,18F16013F50115F54A0C,1,,,610666,큭、　시마……！,61067D,연방에　빌붙을　셈이냐……！！,quarantine,unresolved
P3_direct_ext3_control_adjacent_text_drift,6106B3,scenario_610696,unverified,confirm_current_text_then_rehome,アンタらなんかよりはずっとね……,자네들 같은 고지식한 작자들보단 훨씬 잘 통하지……,こ당신들보단　훨씬　낫지……,당신들보단　훨씬　낫지……,,18E51829AC0101010101010101,True,18F5A51CF853F6DAF6E64DF191,2,1728,True,6106A6,이해해　주는　자들이　있어。,6106CC,………………,quarantine,unresolved
P2_direct_ext3_exact_text,610708,scenario_6106FB,unverified,second_batch_representative_runtime_test,我々にはアクシズへの脱出の権利が,저희에게는 액시즈로 탈출할 권리가,こ저희에게는　액시즈로　탈출할　권리가,저희에게는　액시즈로　탈출할　권리가,True,18E51839AA010101010101010101010101,True,186A71F467FB74F577F25B05E22BE0DC17,1,,,6106FB,……어째서입니까？！,61071A,없다는　말씀입니까？！,quarantine,unresolved
P3_direct_ext3_control_adjacent_text_drift,61074B,scenario_610731,unverified,confirm_current_text_then_rehome,我がジオンの栄光を污した罪は重い！！,우리　지온의　영광을　빚은　죄는　무겁다！　！,こ지온의　영광을　더럽힌　죄는　크다！！,지온의　영광을　더럽힌　죄는　크다！！,,18E5181BE901010101010101010101010101010101,True,186A17F7AB05F1F615E243F41BE1DD08E0F004F044,2,1728,True,61073C,너희는　임무를　너무　벗어났다。,610767,일탈이라고？！,quarantine,unresolved
P4_direct_ext3_text_drift,610792,scenario_610787,unverified,review_translation_and_runtime_by_bundle,戦死されたキシリア閣下の独断かもしれんが,"전사하신 키시리아 각하의 독단적 처리였을지 모르나,",こ전사한　키시리아　각하의　독단일지,전사한　키시리아　각하의　독단일지,,18E5183B14010101010101010101010101,True,18F2DCF833F932F0E405E0EBE128FC5317,1,,,610787,……모른다！,6107A4,그런　얘기는　듣지　못했다。,quarantine,unresolved
P4_direct_ext3_text_drift,6107B2,scenario_610787,unverified,review_translation_and_runtime_by_bundle,とにかく、迷惑なのだ！,"어쨌든, 너희들은 민폐이자 골칫거리일 뿐이다！",こ어쨌든、　민폐다！,어쨌든、　민폐다！,,18E5184B0E01010101,True,18FB0107F32CF74303,1,,,6107A4,그런　얘기는　듣지　못했다。,6107BC,너희　일은　너희가　끝내라！,quarantine,unresolved
P1_direct_ext3_exact_text_control_adjacent,6107CE,scenario_610787,unverified,high_priority_batch_after_anchor_pass,……以上だ！,……이상이다！,こ……이상이다！,……이상이다！,True,18E51819AE0101,True,18F191F3D10D03,2,1728,True,6107BC,너희　일은　너희가　끝내라！,6107E8,큭……빌어먹을！！,quarantine,unresolved
P4_direct_ext3_text_drift,610836,scenario_610819,unverified,review_translation_and_runtime_by_bundle,いかな事情があれ、連邦に尻尾を振るとは…,아무리 기구한 사정이 있다 한들 연방에 꼬리를 흔들다니……,こ무슨　사정이든　연방에　붙다니……,무슨　사정이든　연방에　붙다니……,,18E51849AB010101010101010101010101010101,True,18F7E3F33017F3E507F4250CF4E315E161F69102,1,,,610827,긍지는　어디에　갔느냐？！,61084B,네놈、　그래도　지온의　장수냐？！,quarantine,unresolved
P4_direct_ext3_text_drift,610876,scenario_61085D,unverified,review_translation_and_runtime_by_bundle,サイド３でぬくぬくうずくまる者たちに,사이드 3에서 편안하게 주저앉아 꿀 빠는 작자들에게,こ사이드３에　안주한　자들에게,사이드３에　안주한　자들에게,,18E5183B1501010101010101010101010101,True,18F723E07116CB24CB24147424F1A69FF75E,1,,,610866,난　이렇게　살아왔다！！,610889,턱짓으로　부림당하고……,quarantine,unresolved
P4_direct_ext3_text_drift,610894,scenario_61085D,unverified,review_translation_and_runtime_by_bundle,污れ仕事ばかり押し付けられた挙句に,빡빡한　일만　밀어붙인　거구에,こ빡빡한　일만　밀어붙인　거구에　『민폐니,빡빡한　일만　밀어붙인　거구에　『민폐니,,18E518278B0101010101010101010101010101,True,18E2431BF198490E27E12B12E063FA0EF3310C,1,,,610889,턱짓으로　부림당하고……,6108A8,『민폐니까　오지　마라』라니！！,quarantine,unresolved
P4_direct_ext3_text_drift,6108BB,scenario_61085D,unverified,review_translation_and_runtime_by_bundle,そんなヤツらに導かれた日にゃ、,"그딴 작자들이 이끄는 집단에 충성했다간,",こ그딴　작자들이　이끄는　집단에　충성했다,그딴　작자들이　이끄는　집단에　충성했다,,18E51874B00101010101010101010101,True,18F823F2D4F057E15CF7B5E06C0C4E07,1,,,6108A8,『민폐니까　오지　마라』라니！！,6108CC,먹고살　길도　막히지。,quarantine,unresolved
P4_direct_ext3_text_drift,6108E5,scenario_6108DC,unverified,review_translation_and_runtime_by_bundle,あわれ……志を持たぬ者を,가련하구나…… 고결한 뜻이 없는 자들을,こ가엾구나……　뜻도　없는　자들을,가엾구나……　뜻도　없는　자들을,,18E5182AF301010101010101010101,True,181FF242F191E0F115E01211CB9F15,1,,,6108DC,윽……,6108F5,이끌려　한　내　불찰이었나！,quarantine,unresolved
P4_direct_ext3_text_drift,610940,scenario_61092E,unverified,review_translation_and_runtime_by_bundle,大切なデラ－ズ閣下の命は,고귀하고 소중한 데라즈 각하의 목숨은,こ소중한　데라즈　각하의　목숨은,소중한　데라즈　각하의　목숨은,,18E518081D01010101010101,True,18F01B06F93BF0E405E00808,1,,,610937,움직이지　마라、　가토。,61094D,내가　쥐고　있지……후후。,quarantine,unresolved
P4_direct_ext3_text_drift,61099C,scenario_61098E,unverified,review_translation_and_runtime_by_bundle,ガト－よ、意地を通せ！,"가토여, 네 신념을 굽히지 마라！",こ가토여、　네　신념을　굽히지　마라！　실,가토여、　네　신념을　굽히지　마라！　실,,18E51847DA010101010101,True,18F58C2307F18615AE3403,1,,,61098E,……가라、　가토여！,6109A8,실제로　콜로니는　존재한다！！,quarantine,unresolved
P4_direct_ext3_text_drift,6109E9,scenario_6109CF,unverified,review_translation_and_runtime_by_bundle,ワシを宇宙のさらし者にするのか！？,나를 우주의 구경거리로 만들 셈이냐！？,こ날　우주의　구경거리로　만들　셈이냐！？,날　우주의　구경거리로　만들　셈이냐！？,,18E5184BEE01010101010101010101,True,18F16015F08F05F357129FFC90F040,1,,,6109D8,내　시체를　밟고서라도！！,6109F9,가토　　！！,quarantine,unresolved
P4_direct_ext3_text_drift,610AAF,scenario_610A98,unverified,review_translation_and_runtime_by_bundle,アタシらの力で,우리 힘으로 직접,こ우리　힘으로,우리　힘으로,,18E5184C810101,True,18F881F0595716,1,,,610AA1,이렇게　된　이상、힘으로다！！,610AB7,콜로니를　부숴　버리겠어！！,quarantine,unresolved
P1_direct_ext3_exact_text_control_adjacent,610B0F,scenario_610AFF,unverified,high_priority_batch_after_anchor_pass,ヤロウども！　行くよ！！,녀석들！ 출발해라！！,こ녀석들！　출발해라！！,녀석들！　출발해라！！,True,18E518C29901010101010101,True,18F8AFF07C03016BF104F044,2,1728,True,610AFF,자……남은　건　콜로니군。,610B25,연방에　마음을　팔아넘기다니……,quarantine,unresolved
P2_direct_ext3_exact_text,610BA2,scenario_610B95,unverified,second_batch_representative_runtime_test,まだ、勝負はついちゃいないのに、,"아직 승부는 나지 않았는데,",こ아직　승부는　나지　않았는데、,아직　승부는　나지　않았는데、,True,18E51839B30101010101010101010101,True,18F19507F2CE08F04F3B4EF60A050C07,1,,,610B95,쳇、　여기까지인가……！,610BB3,……정말　분하군！！,quarantine,unresolved
P1_direct_ext3_exact_text_control_adjacent,610CCC,scenario_610CBF,unverified,high_priority_batch_after_anchor_pass,いったい、何をするつもりだ！？,도대체 뭘 하려는 생각인가！？,こ도대체　뭘　하려는　생각인가！？,도대체　뭘　하려는　생각인가！？,True,18E5180B5201010101,True,18FB6A079AFDFAF040,2,1728,True,610CBF,이봐、　가토　소령？,610CE1,돌파구를　열겠다……！！,quarantine,unresolved
P4_direct_ext3_text_drift,610D22,scenario_610D10,unverified,review_translation_and_runtime_by_bundle,これ以上生き恥を晒すつもりなど,구차하게 살아서 치욕을 감내할 생각 따위,こ더는　치욕스럽게　살　생각　따윈,더는　치욕스럽게　살　생각　따윈,,18E5184C8201010101010101010101010101,True,18F36DF3D1CE32E18E15E48F1E402027F51F,1,,,610D10,별의　부스러기　작전이　무너진　지금……,610D35,내겐　없다！！,quarantine,unresolved
P4_direct_ext3_text_drift,610EEA,scenario_610ED9,unverified,review_translation_and_runtime_by_bundle,こちら側の敵部隊は我々が無力化した。,이쪽 구역의 적 부대는 우리가 처리해 두었네.,こ이쪽　적　부대는　우리가　무력화했다。,이쪽　적　부대는　우리가　무력화했다。,,18E5184B11010101010101010101010101,True,18F70AE2AD05F65B086A7117F8BCF41B0A,1,,,610ED9,……자세한　얘기는　나중에。,610EFC,자、　지금　도망쳐라！,quarantine,unresolved
P2_direct_ext3_exact_text,610F72,scenario_610F4D,unverified,second_batch_representative_runtime_test,ど、同胞たちよ……,"동, 동포들이여……",こ동、　동포들이여……,동、　동포들이여……,True,18E51839BA01010101,True,183607F289F766F191,2,,,610F66,죽게　되다니……！,610F7D,こ뒷일을、　부…　탁하네……！！,quarantine,unresolved
P1_direct_ext3_exact_text_control_adjacent,610F7D,scenario_610F4D,unverified,high_priority_batch_after_anchor_pass,後を、た…のむ……！！,"뒷일을, 부… 탁하네……！！",こ뒷일을、　부…　탁하네……！！,뒷일을、　부…　탁하네……！！,True,18E51849B9010101010101,True,18AF15071102058CF60C03,2,1728,True,610F72,こ동、　동포들이여……,610F92,돌이켜　봐라！　이번　사건은……,quarantine,unresolved
P4_direct_ext3_text_drift,610FA6,scenario_610F92,unverified,review_translation_and_runtime_by_bundle,地球圏の静ひつを夢想した,지구권의 안일한 평화를 꿈꿨던,こ지구권의　안일한　평화를　꿈꿨던　일부,지구권의　안일한　평화를　꿈꿨던　일부,,18E51849FF0101010101010101010101,True,18F77805E379E0394015E1F5E0E1F41B,1,,,610F92,돌이켜　봐라！　이번　사건은……,610FB7,일부　낙관론자가　불렀다！！,quarantine,unresolved
P2_direct_ext3_exact_text,610FCC,scenario_610F92,unverified,second_batch_representative_runtime_test,今回のデラ－ズ・フリ－トの決起は、,"이번 데라즈 플리트의 무장 봉기는,",こ이번　데라즈　플리트의　무장　봉기는、,이번　데라즈　플리트의　무장　봉기는、,True,18E51839BB0101010101010101010101,True,18F2EB05F93B2AFB0405E019E0FF0807,1,,,610FB7,일부　낙관론자가　불렀다！！,610FDD,그　한　예일　뿐이다！！,quarantine,unresolved
P2_direct_ext3_exact_text,610FEC,scenario_610F92,unverified,second_batch_representative_runtime_test,……地球！！,……지구！！,こ……지구！！,……지구！！,True,18E51819BE0101,True,18F191F570F044,2,,,610FDD,그　한　예일　뿐이다！！,610FF5,こ이　우주의　성스러운　상징을　위태롭게,quarantine,unresolved
P4_direct_ext3_text_drift,610FF5,scenario_610F92,unverified,review_translation_and_runtime_by_bundle,この宇宙のシンボルを,이 우주의 성스러운 상징을,こ이　우주의　성스러운　상징을　위태롭게,이　우주의　성스러운　상징을　위태롭게,,18E51829EA01010101,True,18F362F08F05F99D15,1,,,610FEC,こ……지구！！,610FFF,위태롭게　두지　않기　위해서라도！,quarantine,unresolved
P2_direct_ext3_exact_text,61102B,scenario_611023,unverified,second_batch_representative_runtime_test,オレたちはまんまとダシに,우리는 보기 좋게 놈들의 들러리이자,こ우리는　보기　좋게　놈들의　들러리이자,우리는　보기　좋게　놈들의　들러리이자,True,18E51849BB01010101010101,True,18F430F76221192113552D0C,1,,,611023,젠장！,611038,놀아난　셈인가……！！,quarantine,unresolved
P4_direct_ext3_text_drift,6110CC,scenario_6110B8,unverified,review_translation_and_runtime_by_bundle,いつから名前を変えたんだい、,"언제부터 성명을 고쳐 단 건가,",こ언제부터　이름을　바꾼　거지、,언제부터　이름을　바꾼　거지、,,18E5181C7901010101010101010101,True,18F6541CF48D15E073F136F22E0407,1,,,6110C1,나도　묻고　싶군。,6110DC,『샤아　아즈나블』　씨？,quarantine,unresolved
P4_direct_ext3_text_drift,611107,scenario_6110EB,unverified,review_translation_and_runtime_by_bundle,今の私はクワトロ・バジ－ナだ。,지금의 나는 그저 크와트로 바지나일 뿐일세.,こ지금의　나는　그저　크와트로　바지나일,지금의　나는　그저　크와트로　바지나일,,18E51819C101010101010101,True,1876054108FB962AFA510D0A,1,,,6110FD,있어……,611114,그　이상도　이하도　아니야。,quarantine,unresolved
P2_direct_ext3_exact_text,611150,scenario_61113A,unverified,second_batch_representative_runtime_test,アンタ今、ティタ－ンズと戦ってる,"당신 방금, 티탄즈와 교전하고",こ당신　방금、　티탄즈와　교전하고,당신　방금、　티탄즈와　교전하고,True,18E51849BE010101010101,True,18F5A57607FDC41339F6F3,1,,,611146,그럼、　크와트로　씨。,61115C,말했지……,quarantine,unresolved
P4_direct_ext3_text_drift,6111B6,scenario_6111A3,unverified,review_translation_and_runtime_by_bundle,率直に言おう…その力、我々エゥ－ゴの,"솔직하게 털어놓지…… 그 탁월한 전투력, 우리 에우고를",こ솔직히　말하지……　그　힘을,솔직히　말하지……　그　힘을,,18E5180AA80101010101010101010101010101,True,18E11EE0660C7AF24402F42357076A71F8E305,1,,,6111A3,자네들　실력은　잘　알고　있네。,6111CA,우리　에우고를　위해　써　주겠나？,quarantine,unresolved
P4_direct_ext3_text_drift,61121F,scenario_61120F,unverified,review_translation_and_runtime_by_bundle,かといって、１人で地球圏を,그렇다고 나 혼자 홀몸으로 지구권을,こ그렇다고　혼자　지구권을,그렇다고　혼자　지구권을,,18E5184B120101010101010101,True,18F137F26D0B07CF5016F77815,1,,,61120F,어차피　액시즈로　돌아갈　수도　없다。,61122D,떠돌　수도　없으니까。,quarantine,unresolved
P4_direct_ext3_text_drift,61123D,scenario_61120F,unverified,review_translation_and_runtime_by_bundle,ヤツを追い詰めるためなら,그 쓰레기 녀석을 파멸시킬 수만 있다면,こ놈을　몰아붙일　수만　있다면,놈을　몰아붙일　수만　있다면,,18E51829C401010101010101010101,True,18F2D415E02F04E21DF4191147F515,1,,,61122D,떠돌　수도　없으니까。,61124D,악마에게도　힘을　빌려주지……！,quarantine,unresolved
P2_direct_ext3_exact_text,611270,scenario_61125F,unverified,second_batch_representative_runtime_test,しかし、中尉。,"하지만, 중위.",こ하지만、　중위。,하지만、　중위。,True,18E51849C10101,True,18F82807F5590A,1,,,61125F,악마라니　유감이지만……,611278,대체　무슨　일이　있었나？,quarantine,unresolved
P3_direct_ext3_control_adjacent_text_drift,611292,scenario_611286,unverified,confirm_current_text_then_rehome,……アインの裏切りで。,……아인 녀석의 비열한 배신 탓에.,こ……아인의　배신으로。,……아인의　배신으로。,,18E5180CE5010101010101,True,18F191F5DC05F288F2270A,2,082B,True,611286,세라가　죽었다。,6112A2,그건……！,quarantine,unresolved
P4_direct_ext3_text_drift,6112D9,scenario_6112CD,unverified,review_translation_and_runtime_by_bundle,そのために我々エゥ－ゴを,그 사적인 원한 해결을 위해 우리 에우고를,こ그걸　위해　우리　에우고를,그걸　위해　우리　에우고를,,18E5181C7A010101,True,18FCF06A71F8E315,1,,,6112CD,……복수인가？,6112E2,이용하겠다는　건가……,quarantine,unresolved
P4_direct_ext3_text_drift,611326,scenario_611318,unverified,review_translation_and_runtime_by_bundle,君の目的がどうであれ、我々に,"자네의 근원적인 목적이 무엇이든, 우리에게",こ자네　목적이　뭐든、　우리에게,자네　목적이　뭐든、　우리에게,,18E518010A01010101010101010101,True,186105F12B17F09B16F3E5076A710C,1,,,611318,……상관없어。,611336,힘을　빌려준다면　묻지　않겠네。,quarantine,unresolved
P3_direct_ext3_control_adjacent_text_drift,611345,scenario_611318,unverified,confirm_current_text_then_rehome,君たちをエゥ－ゴに歓迎しよう。,자네들의 에우고 가입을 적극 환영하네.,こ자네들을　에우고에　환영하네。,자네들을　에우고에　환영하네。,,18E5181BEB01010101010101,True,1861F767F8E30CF1ACF8500A,2,0802,True,611336,힘을　빌려준다면　묻지　않겠네。,611356,……그래、　신세　좀　지겠군。,quarantine,unresolved
P4_direct_ext3_text_drift,611386,scenario_61137A,unverified,review_translation_and_runtime_by_bundle,あの爆発の中で、とっさに身をかばうとは,그 대폭발의 화염 속에서 반사적으로 몸을 사려 방어하다니,こ그　폭발　속에서　몸을　감싸다니、,그　폭발　속에서　몸을　감싸다니、,,18E518010E01010101010101010101010101010101,True,18F3DAF30405521607F187250CE049150E49F1F108,1,,,61137A,……무사했군。,61139C,역시　가토　소령이군。,quarantine,unresolved
P4_direct_ext3_text_drift,6113B2,scenario_6113A9,unverified,review_translation_and_runtime_by_bundle,くっ！　情けない……！！,큭！ 면목이 없도다……！！,こ큭！　한심하군……！！,큭！　한심하군……！！,,18E5183C8301010101010101,True,18F0EE0301E020F891F60C03,2,,,6113A9,……………,6113C0,こ작전에　패해　데라즈　각하를　잃고도,quarantine,unresolved
P4_direct_ext3_text_drift,6113C0,scenario_6113A9,unverified,review_translation_and_runtime_by_bundle,星の屑に破れ、デラ－ズ閣下を失いながら,"별의 부스러기 작전은 실패하고 데라즈 각하를 잃었음에도,",こ작전에　패해　데라즈　각하를　잃고도,작전에　패해　데라즈　각하를　잃고도,,18E51801110101010101010101010101010101010101,True,18E06905E1920CE0041B07F93BF0E415E05DF27B171C,1,,,6113B2,こ큭！　한심하군……！！,6113D7,데라즈　각하를　잃고　살아남다니……！！,quarantine,unresolved
P4_direct_ext3_text_drift,6113FC,scenario_6113E9,unverified,review_translation_and_runtime_by_bundle,生き延びたことを嘆く前に、,"구사일생으로 살아남은 신세를 자책하기 앞서,",こ살아남은　걸　한탄하기　전에、,살아남은　걸　한탄하기　전에、,,18E5180113010101010101010101010101,True,18CE32E1ABE05111181315E3ED24960C07,1,,,6113E9,진정하게、　가토　소령。,61140E,아직　자네가　할　일이　있을　걸세。,quarantine,unresolved
P4_direct_ext3_text_drift,611447,scenario_61142F,unverified,review_translation_and_runtime_by_bundle,連邦軍は今や、重力に魂を囚われた人々の,"연방군은 현재, 지구의 중력에 영혼을 저당 잡힌 탐관오리들의",こ연방군은　이제　중력에　혼을　빼앗긴,연방군은　이제　중력에　혼을　빼앗긴,,18E5180118010101010101010101010101010101,True,18F72A08763A07F0C00CE1FE15E2F8F6D1507105,1,,,61143A,저　연방군의　수법을。,61145C,자들의　사욕으로　움직이는　조직이다。,quarantine,unresolved
P4_direct_ext3_text_drift,611472,scenario_61142F,unverified,review_translation_and_runtime_by_bundle,我々エゥ－ゴはそうした者たちから,우리 에우고는 저 추악한 독재 세력으로부터,こ우리　에우고는　그런　자들로부터,우리　에우고는　그런　자들로부터,,18E518011A0101010101010101,True,186A71F8E308F8E09FF375F124,1,,,61145C,자들의　사욕으로　움직이는　조직이다。,611480,지구를　해방하려　싸우고　있네。,quarantine,unresolved
P2_direct_ext3_exact_text,61148D,scenario_61142F,unverified,second_batch_representative_runtime_test,どうだろう、アナべル・ガト－少佐。,"어떤가, 아나벨 가토 소령.",こ어떤가、　아나벨　가토　소령。,어떤가、　아나벨　가토　소령。,True,18E5181B0A01010101010101,True,18FBC507FAA02AF58CF3F30A,1,,,611480,지구를　해방하려　싸우고　있네。,61149A,우리　에우고를　도와주겠나？,quarantine,unresolved
P4_direct_ext3_text_drift,6114DE,scenario_6114D4,unverified,review_translation_and_runtime_by_bundle,もとより貴官らに救われた命だ。,애당초 귀관들 덕분에 건진 덤으로 사는 목숨일세.,こ원래　귀관들이　구해준　목숨이다。,원래　귀관들이　구해준　목숨이다。,,18E518011F010101010101010101010101,True,182013F488F01AF057E086F6D1E0080D0A,2,,,6114D4,……좋아。,6114F1,こ비천한　내　무력이　대의에　도움이　된다,quarantine,unresolved
P4_direct_ext3_text_drift,6114F1,scenario_6114D4,unverified,review_translation_and_runtime_by_bundle,この私の力が役に立つというなら,비천한 내 무력이 대의에 도움이 된다면,こ비천한　내　무력이　대의에　도움이　된다,비천한　내　무력이　대의에　도움이　된다,,18E5180120010101010101010101010101,True,18F36241055717E0E90CE00E40F664F515,1,,,6114DE,こ원래　귀관들이　구해준　목숨이다。,611503,얼마든지　써　주게。,quarantine,unresolved
P4_direct_ext3_text_drift,611518,scenario_61150F,unverified,review_translation_and_runtime_by_bundle,改めてエゥ－ゴに歓迎するよ。,진심으로 에우고의 일원이 된 것을 환영하네.,こ다시　한번　에우고에　온　걸　환영하네。,다시　한번　에우고에　온　걸　환영하네。,,18E5183C840101010101010101,True,18E17DF3F7F8E30CF1ACF77B0A,1,,,61150F,고맙군……！,611526,가토　소령。,quarantine,unresolved
P4_direct_ext3_text_drift,611593,scenario_611570,unverified,review_translation_and_runtime_by_bundle,できれば我々と共に,부디 마음을 고쳐먹고 우리와 함께,こ가능하면　우리와　함께,가능하면　우리와　함께,,18E5180CE701010101,True,18FABC6A7113E07D0C,1,,,61157B,자네　실력을　묻어　두기엔　아깝네。,61159D,싸워　주었으면　한다만……,quarantine,unresolved
P2_direct_ext3_exact_text,6115BE,scenario_6115AD,unverified,second_batch_representative_runtime_test,オレの戦いは、あの衛星軌道上の,"내 투쟁은, 저 우주 궤도상의",こ내　투쟁은、　저　우주　궤도상의,내　투쟁은、　저　우주　궤도상의,True,18E518012B0101010101010101,True,18F4300539F27F07F3DAFBD605,1,,,6115AD,……붙잡지는　않겠다。,6115CC,끝났어……,quarantine,unresolved
P4_direct_ext3_text_drift,6115D8,scenario_6115AD,unverified,review_translation_and_runtime_by_bundle,ガト－も倒れた今、,"내 벗 가토마저 전사해 쓰러진 지금,",こ가토마저　쓰러진　지금、,가토마저　쓰러진　지금、,,18E5184B130101010101,True,18F58C20E011F02C7607,1,,,6115CC,끝났어……,6115E3,내가　계속　싸울　이유는　없다。,quarantine,unresolved
P4_direct_ext3_text_drift,611601,scenario_6115F7,unverified,review_translation_and_runtime_by_bundle,ならば無理に引き止めようとは思わない。,자네 의사가 정 그렇다면 억지로 붙잡지는 않겠네.,こ그렇다면　억지로　붙잡진　않겠네。,그렇다면　억지로　붙잡진　않겠네。,,18E5180130010101010101010101010101010101,True,18F677F1BC0CE02432E027F414F1F10894F8800A,1,,,6115F7,……그런가。,611616,건강하게……케리　레즈너　대위。,quarantine,unresolved
P2_direct_ext3_exact_text,6116AF,scenario_6116A1,unverified,second_batch_representative_runtime_test,しかし、あんな中古シャトルを見学なんて,그러나　그런　중고　셔틀을　견학하다니,こ그러나　그런　중고　셔틀을　견학하다니,그러나　그런　중고　셔틀을　견학하다니,True,18E518935F010101010101010101010101,True,18F82807F5F352E408FBA3158AE2D7F855,1,,,6116A1,뭐야、　구경꾼인가。,6116C1,별난　녀석이군……,quarantine,unresolved
P4_direct_ext3_text_drift,6116E0,scenario_6116D2,unverified,review_translation_and_runtime_by_bundle,あのブライトキャプテンが,그　밝은　선장이,こ그　브라이트　함장이,그　브라이트　함장이,,18E5180CE801,True,18F3DAFEBD17,1,,,6116D2,그냥　셔틀이　아니에요！,6116E7,타고　있는　셔틀이라고요！！,quarantine,unresolved
P5_non_direct_native_or_other,6116F3,scenario_6116D2,unverified,do_not_autofix_static_false_positive_possible,ブライトキャプテンは,밝은　선장은,こ브라이트　함장은,브라이트　함장은,,18F67F01,,18FEBD08,1,,,6116E7,타고　있는　셔틀이라고요！！,6116F8,１년　전쟁의　화이트　베이스　함장……,quarantine,unresolved
P2_direct_ext3_exact_text,61177C,scenario_611772,unverified,second_batch_representative_runtime_test,女の名前なのに……,여자의　이름인데…,こ여자의　이름인데…,여자의　이름인데…,True,18E518C2A901010101,True,189705F48DF744F191,1,,,611772,카미유……？,611786,뭐야、　남자잖아。,quarantine,unresolved
P4_direct_ext3_text_drift,611890,scenario_61187F,unverified,review_translation_and_runtime_by_bundle,ニュ－タイプ用のガンダムという噂もあって,뉴　타입　용　건담이라는　소문도　있습니다.,こ뉴타입용　건담이란　소문도　있어,뉴타입용　건담이란　소문도　있어,,18E5183B1901010101010101010101,True,18FD6CC905F90DF664E2F420F3D60B,1,,,61187F,사이드　７에서　시험　중이라더군。,6118A0,상층부도　꽤　신경　쓰는　모양이다。,quarantine,unresolved
P4_direct_ext3_text_drift,6118B0,scenario_61187F,unverified,review_translation_and_runtime_by_bundle,なんでも、わざわざ地球のニタ研から,뭐든지　일부　지구의　니타　연에서,こ듣자니、지구의　뉴타입　연구소에서,듣자니、지구의　뉴타입　연구소에서,,18E5182C6A01010101010101010101,True,18F8C507FA4CF57005F1C8E0CBF124,1,,,6118A0,상층부도　꽤　신경　쓰는　모양이다。,6118C0,뉴타입을　불렀다는　얘기도　있어서……,quarantine,unresolved
P4_direct_ext3_text_drift,611903,scenario_6118EC,unverified,review_translation_and_runtime_by_bundle,こんなことは大尉くらいにしか頼めない。,이런　일은　대위　정도밖에　부탁할　수　없다.,こ이건　대위에게만　부탁할　수　있겠군。,이건　대위에게만　부탁할　수　있겠군。,,18E5183C870101010101010101010101,True,18FD38F08E241CF27CF431E075F8670A,1,,,6118F5,이제　티탄즈의　대거점이니까。,611914,어떤가、가　주겠나？,quarantine,unresolved
P4_direct_ext3_text_drift,611936,scenario_611925,unverified,review_translation_and_runtime_by_bundle,アポリ－とロべルトを連れて行きます。,아폴리와　로벨트를　데려갑니다.,こ아폴리와　로벨트를　데려갑니다。　그리고,아폴리와　로벨트를　데려갑니다。　그리고,,18E51819F5010101010101010101,True,18FB4913FB6E1590F0326BF5B90A,1,,,611925,알겠습니다。　맡지요。,611945,두　사람에게　신형　릭　디아스를,quarantine,unresolved
P4_direct_ext3_text_drift,611958,scenario_611925,unverified,review_translation_and_runtime_by_bundle,リック・ディアスの性能があれば,릭　디어스의　성능이　있다면,こ릭　디어스의　성능이　있다면　사이드,릭　디어스의　성능이　있다면　사이드,,18E5183A3F010101010101,True,18F67A2AF8E405F394FACC,1,,,611945,두　사람에게　신형　릭　디아스를,611964,사이드　７에　잠입하기　쉬워집니다。,quarantine,unresolved
P1_direct_ext3_exact_text_control_adjacent,6119A2,scenario_611990,unverified,high_priority_batch_after_anchor_pass,まさか……ヤツか？,설마…　…　녀석인가？,こ설마…　…　녀석인가？,설마…　…　녀석인가？,True,18E518937001010101,True,18F845F191F2D40E1D,2,1728,True,611990,지구에서　뉴타입을　불렀다……,6119B6,이제　크와트로　대위　일행이,quarantine,unresolved
P2_direct_ext3_exact_text,611A26,scenario_611A1B,unverified,second_batch_representative_runtime_test,まさか、アイツも,"설마, 그 녀석도",こ설마、　그　녀석도,설마、　그　녀석도,True,18E51801390101,True,18F84507F5EC20,1,,,611A1B,……뭐라고？！,611A2E,그리프스로　향한　건가……？！,quarantine,unresolved
P1_direct_ext3_exact_text_control_adjacent,611A73,scenario_611A63,unverified,high_priority_batch_after_anchor_pass,オレは、ヤツを……！！,나는 그 녀석을……！！,こ나는　그　녀석을……！！,나는　그　녀석을……！！,True,18E518013E010101010101,True,18F4300807F2D415F60C03,2,1728,True,611A63,만약　그　녀석이라면……,611A88,에우고　대원도　아닌　네놈이,quarantine,unresolved
P1_direct_ext3_exact_text_control_adjacent,611AA6,scenario_611A88,unverified,high_priority_batch_after_anchor_pass,おかしいじゃないか！？,이상하지 않은가！？,こ이상하지　않은가！？,이상하지　않은가！？,True,18E5180141010101,True,1835F671FBB3F040,2,1728,True,611A96,왜　티탄즈　장교를　때렸지？！,611ABA,………………。,quarantine,unresolved
P3_direct_ext3_control_adjacent_text_drift,611B19,scenario_611B10,unverified,confirm_current_text_then_rehome,（今だ……っ！！）,(지금이다……！！),こ（지금이다……！！）,（지금이다……！！）,,18E518014601010101010101,True,18E10C760DF19109F044E10D,2,1728,True,611B10,………！！,611B2F,앗！　이봐、　네놈！！,quarantine,unresolved
P4_direct_ext3_text_drift,611B6A,scenario_611B51,unverified,review_translation_and_runtime_by_bundle,いつになったらティタ－ンズはここが地球と,도대체 언제쯤 되어야 티탄즈는 이곳이 지구와,こ티탄즈는　언제쯤　여기가　지구와,티탄즈는　언제쯤　여기가　지구와,,18E5184B14010101010101010101,True,18F26EFB951CFDC408F796F57013,1,,,611B59,콜로니　안에서　싸움을　벌이다니！！,611B79,이어진　땅이　아님을　알까！,quarantine,unresolved
P1_direct_ext3_exact_text_control_adjacent,611BA4,scenario_611B95,unverified,high_priority_batch_after_anchor_pass,カクリコン、行くぞ！！,"카크리콘, 가자！！",こ카크리콘、　가자！！,카크리콘、　가자！！,True,18E518014E01010101,True,18FC20076BF0EAF044,2,1728,True,611B95,찾았다、　에우고　녀석！！,611BB7,오오！,quarantine,unresolved
P2_direct_ext3_exact_text,611BE5,scenario_611BD0,unverified,second_batch_representative_runtime_test,こうなってしまっては仕方ない……,이렇게 된 이상 어쩔 수 없지……,こ이렇게　된　이상　어쩔　수　없지……,이렇게　된　이상　어쩔　수　없지……,True,18E5180151010101010101010101010101,True,18F350F5200B12F199F396F119F526F191,1,,,611BD0,쳇！　따라잡히다니！！,611BF7,아폴리、　로베르토……응전한다！,quarantine,unresolved
P2_direct_ext3_exact_text,611C37,scenario_611C2E,unverified,second_batch_representative_runtime_test,この感触、アムロ・レイ……,"이 기운, 아무로 레이……",こ이　기운、　아무로　레이……,이　기운、　아무로　레이……,True,18E518C2BA0101010101010101,True,18F362F2EF07F8472AF138F191,1,,,611C2E,……윽！,611C45,라라아　슨인가……！！,quarantine,unresolved
P2_direct_ext3_exact_text,611C70,scenario_611C58,unverified,second_batch_representative_runtime_test,まさか、さっき言っていた,"설마, 아까 말했던",こ설마、　아까　말했던,설마、　아까　말했던,True,18E518015701010101,True,18F84507F5C67AF926,1,,,611C66,티탄즈　기체는　아니야。,611C7A,에우고라는　조직의……？,quarantine,unresolved
P2_direct_ext3_exact_text,611CA5,scenario_611C8D,unverified,second_batch_representative_runtime_test,ヤツがパイロットとして呼ばれたのなら,그 녀석이 파일럿으로 발탁되어 왔다면,こ그　녀석이　파일럿으로　발탁되어　왔다면,그　녀석이　파일럿으로　발탁되어　왔다면,True,18E518015B01010101010101010101,True,18F2D417FD0BF80CE070F6E105F515,1,,,611C9A,신형기　시험　시설……,611CB5,이　근처에　있을　터다……,quarantine,unresolved
P3_direct_ext3_control_adjacent_text_drift,611CFE,scenario_611CE3,unverified,confirm_current_text_then_rehome,あそこにはもう１機のガンダムが……,저기에는 또 1기의 건담이……,こ저기에는　또　１기의　건담이……,저기에는　또　１기의　건담이……,,18E518C2BB010101010101010101,True,181FF618F88DCF8005F90D17F191,2,0886,True,611CED,제７　격납고로　향하는　듯합니다만、,611D11,……그렇구나。,quarantine,unresolved
P4_direct_ext3_text_drift,611D7A,scenario_611D6A,unverified,review_translation_and_runtime_by_bundle,直接出迎えてあげないと。,직접 마중 나가 드려야지.,こ직접　마중　나가　드려야지。　그,직접　마중　나가　드려야지。　그,,18E5182A84010101010101,True,18FA3BF11E1FF0FCF2770A,1,,,611D6A,오랜만의　재회니까。,611D86,그도　그걸　바라는　모양이고。,quarantine,unresolved
P1_direct_ext3_exact_text_control_adjacent,611D96,scenario_611D6A,unverified,high_priority_batch_after_anchor_pass,……ふふふ。,……후후후.,こ……후후후。,……후후후。,True,18E518C05801,True,18F191F87F0A,2,1728,True,611D86,그도　그걸　바라는　모양이고。,611DA6,……윽！？,quarantine,unresolved
P2_direct_ext3_exact_text,611DF8,scenario_611DF0,unverified,second_batch_representative_runtime_test,セラを殺しておいて、,"세라를 죽여놓고선,",こ세라를　죽여놓고선、,세라를　죽여놓고선、,True,18E518919901010101010101,True,18F42915E00CF413F2450B07,1,,,611DF0,장난치지　마라！,611E05,잘도　태연하게！！,quarantine,unresolved
P1_direct_ext3_exact_text_control_adjacent,611E20,scenario_611E13,unverified,high_priority_batch_after_anchor_pass,ボクが？　彼女のことを？,제가요？ 그녀를요？,こ제가요？　그녀를요？,제가요？　그녀를요？,True,18E518016A010101010101,True,18F279171D01F383F8CD1D,2,1728,True,611E13,예？……죽였다고요？,611E32,……아인？,quarantine,unresolved
P4_direct_ext3_text_drift,611E4C,scenario_611E3F,unverified,review_translation_and_runtime_by_bundle,ボクはあれ以来ずっと,저는 그때 이후로 줄곧,こ저는　그때　이후로　줄곧　중위님,저는　그때　이후로　줄곧　중위님,,18E5181A830101010101,True,18F279F0891BF308F6E6,1,,,611E3F,그보다　중위님。,611E57,중위님을　찾고　있었습니다。,quarantine,unresolved
P4_direct_ext3_text_drift,611E62,scenario_611E3F,unverified,review_translation_and_runtime_by_bundle,連邦軍との遭遇戦で中尉が被弾して……,연방군과의 조우전에서 중위님이 피격당하셔서……,こ연방군과　마주쳐　중위가　피격돼……,연방군과　마주쳐　중위가　피격돼……,,18E518016E010101010101010101010101010101,True,18F72AF17FF1D73916F55917E1B7E25AF413F191,2,,,611E57,중위님을　찾고　있었습니다。,611E78,こ설마、　전사하신　게　아닐까　하며,quarantine,unresolved
P2_direct_ext3_exact_text,611E78,scenario_611E3F,unverified,second_batch_representative_runtime_test,まさか、戦死されたんじゃないかって,"설마, 전사하신 게 아닐까 하며",こ설마、　전사하신　게　아닐까　하며,설마、　전사하신　게　아닐까　하며,True,18E518016F0101010101010101,True,18F84507F2DCF83319FBB3F156,1,,,611E62,こ연방군과　마주쳐　중위가　피격돼……,611E86,계속　걱정했어요。,quarantine,unresolved
P2_direct_ext3_exact_text,611E8F,scenario_611E3F,unverified,second_batch_representative_runtime_test,無事だったなら連絡くらい,무사하셨다면 연락이라도,こ무사하셨다면　연락이라도,무사하셨다면　연락이라도,True,18E5180171010101010101,True,18F204FB031CF438241C04,1,,,611E86,계속　걱정했어요。,611E9B,해　준다면……,quarantine,unresolved
P2_direct_ext3_exact_text,611EAE,scenario_611EA4,unverified,second_batch_representative_runtime_test,まさか、オマエ……,"설마, 네놈……",こ설마、　네놈……,설마、　네놈……,True,18E5180174010101,True,18F84507F68FF191,1,,,611EA4,아인……！！,611EB7,정말　기억나지　않는　거냐？！,quarantine,unresolved
P1_direct_ext3_exact_text_control_adjacent,611EC2,scenario_611EA4,unverified,high_priority_batch_after_anchor_pass,自分がしでかしたことを！！,자신이 무슨 짓을 저질렀는지！！,こ자신이　무슨　짓을　저질렀는지！！,자신이　무슨　짓을　저질렀는지！！,True,18E51801760101010101,True,18F48AFDAB181315F044,2,1728,True,611EB7,정말　기억나지　않는　거냐？！,611ED8,저질렀다니……？,quarantine,unresolved
P4_direct_ext3_text_drift,611EE5,scenario_611ED8,unverified,review_translation_and_runtime_by_bundle,ああ、そうか……,"아어, 그렇군요……",こ아어、　그렇군요……　중위님　관점에선,아어、　그렇군요……　중위님　관점에선,,18E5181A66010101,True,18F3C607F69AF191,1,,,611ED8,저질렀다니……？,611EEE,중위님　눈에는　그렇게　보이는군요？,quarantine,unresolved
P4_direct_ext3_text_drift,611F6F,scenario_611F5E,unverified,review_translation_and_runtime_by_bundle,たかだか人形をーつ、,"고작 인형 대용품 하나,",こ고작　인형　하나、,고작　인형　하나、,,18E5184C8901010101,True,18F95CF05815824007,1,,,611F5E,그렇게까지　화낼　필요　없잖아요。,611F79,처리했을　뿐인데……,quarantine,unresolved
P4_direct_ext3_text_drift,611FEE,scenario_611FD7,unverified,review_translation_and_runtime_by_bundle,できれば中尉にはおとなしく,가능하면 중위님이 얌전하게,こ가능하면　중위는　얌전히,가능하면　중위는　얌전히,,18E5182C6C01010101,True,18FABCF559F467FC89,1,,,611FDE,중위는　참　성급하군요。,611FF8,돌아가　주길　바랐는데……,quarantine,unresolved
P2_direct_ext3_exact_text,612009,scenario_611FD7,unverified,second_batch_representative_runtime_test,ここまで頭に血がのぼってちゃ,이 정도로 흥분해 핏대를 세우시니,こ이　정도로　흥분해　핏대를　세우시니,이　정도로　흥분해　핏대를　세우시니,True,18E51874B40101010101010101010101,True,18F934E1060CE1491705E102F1563B4E,1,,,611FF8,돌아가　주길　바랐는데……,61201A,어쩔　수　없군요。,quarantine,unresolved
P2_direct_ext3_exact_text,6121AD,scenario_6121A4,unverified,second_batch_representative_runtime_test,ボクは敵じゃない！,저는 적이 아닙니다！,こ저는　적이　아닙니다！,저는　적이　아닙니다！,True,18E518018C010101,True,18F279087FF8DF03,1,,,6121A4,기다려　주세요！,6121B6,당신　편입니다！,quarantine,unresolved
P1_direct_ext3_exact_text_control_adjacent,61234A,scenario_61233E,unverified,high_priority_batch_after_anchor_pass,……モビルス－ツか！？,……모빌슈트인가！？,こ……모빌슈트인가！？,……모빌슈트인가！？,True,18E518019B010101,True,18F191FD790EF040,2,1728,True,61233E,음？　이건……,61235E,이、　위험해！！,quarantine,unresolved
P1_direct_ext3_exact_text_control_adjacent,61236B,scenario_61235E,unverified,high_priority_batch_after_anchor_pass,誰か、ヤツを止めろ……！！,누가 저 녀석 좀 저지해라……！！,こ누가　저　녀석　좀　저지해라……！！,누가　저　녀석　좀　저지해라……！！,True,18E518019D01010101010101010101,True,18E02B0E07F2D415E027F41AF60C03,2,1728,True,61235E,이、　위험해！！,612384,저건……건담？！,quarantine,unresolved
P2_direct_ext3_exact_text,612391,scenario_612384,unverified,second_batch_representative_runtime_test,モノアイを装備した,모노아이를 장착한,こ모노아이를　장착한,모노아이를　장착한,True,18E518C2BF010101,True,18FB7D15F516F41B,1,,,612384,저건……건담？！,61239A,또　한　대의　건담이라고？！,quarantine,unresolved
P3_direct_ext3_control_adjacent_text_drift,612433,scenario_612410,unverified,confirm_current_text_then_rehome,中尉、そのガンダムで戦えるか？,"중위, 그 건담으로 참전할 수 있겠나？",こ중위、　그　건담으로　싸울　수　있나？,중위、　그　건담으로　싸울　수　있나？,,18E5184BF10101010101010101,True,18F55907F423F90D1639F7A51D,2,0802,True,612425,지금은　한　사람이라도　아쉽다。,612445,내가　못　조종할　줄　알았나？,quarantine,unresolved
P1_direct_ext3_exact_text_control_adjacent,612458,scenario_612445,unverified,high_priority_batch_after_anchor_pass,……やってみせるさ！,……기필코 타보이고 말겠어！,こ……기필코　타보이고　말겠어！,……기필코　타보이고　말겠어！,True,18E51801A50101,True,18F191FD772503,2,1728,True,612445,내가　못　조종할　줄　알았나？,612469,그　기체는　그냥　보내지　않겠어。,quarantine,unresolved
P2_direct_ext3_exact_text,6124AD,scenario_6124A0,unverified,second_batch_representative_runtime_test,だから、この失敗は,그러니 이 실책은,こ그러니　이　실책은,그러니　이　실책은,True,18E51801A901010101,True,18F82507F362F43E08,1,,,6124A0,……그래、　알고　있어。,6124B7,내　손으로　만회하겠다。,quarantine,unresolved
P1_direct_ext3_exact_text_control_adjacent,6124D8,scenario_6124CD,unverified,high_priority_batch_after_anchor_pass,数が多すぎる……マズイな。,머릿수가 너무 많군…… 곤란한데.,こ머릿수가　너무　많군……　곤란한데。,머릿수가　너무　많군……　곤란한데。,True,18E51801AB010101010101010101,True,18E0D617E0B9F674F191F6EA060A,2,1728,True,6124CD,……증원인가。,6124F0,세라의　원수……갚겠다！！,quarantine,unresolved
P4_direct_ext3_text_drift,6125A9,scenario_612597,unverified,review_translation_and_runtime_by_bundle,ボクの力はー年戦争の時とは,내 역량은 1년 전쟁 시절과 비교해,こ내　역량은　１년　전쟁　시절과　비교해,내　역량은　１년　전쟁　시절과　비교해,,18E51801B201010101010101,True,18F279055708FA9105B7F17E,1,,,612597,이제　예전의　내가　아니야……,6125B6,비교도　안　될　만큼　커졌어。,quarantine,unresolved
P2_direct_ext3_exact_text,6125C9,scenario_612597,unverified,second_batch_representative_runtime_test,しょせんオ－ルドタイプの君に,결국 올드타입에 불과한 자네 따위가,こ결국　올드타입에　불과한　자네　따위가,결국　올드타입에　불과한　자네　따위가,True,18E51801B4010101,True,18F9B5FE0C05610C,1,,,6125B6,비교도　안　될　만큼　커졌어。,6125D2,날　쓰러뜨릴　순　없어。,quarantine,unresolved
P2_direct_ext3_exact_text,6125F6,scenario_6125EC,unverified,second_batch_representative_runtime_test,１人だけで戦おうとするな！,혼자서만 싸우려 들지 마라！,こ혼자서만　싸우려　들지　마라！,혼자서만　싸우려　들지　마라！,True,18E51801B6010101010101,True,18CF50F86F39F8A9F77603,1,,,6125EC,……중위！,612602,녀석은　위험해！！,quarantine,unresolved
P2_direct_ext3_exact_text,612635,scenario_612622,unverified,second_batch_representative_runtime_test,中尉は後退しろ。,중위는 뒤로 물러나게.,こ중위는　뒤로　물러나게。,중위는　뒤로　물러나게。,True,18E51801BA01010101,True,18F55908F0A7F3FD0A,1,,,612622,싸움에　사적인　감정을　넣지　마라！,61263F,저　녀석은　우리가　맡지。,quarantine,unresolved
P3_direct_ext3_control_adjacent_text_drift,6126E2,scenario_6126D5,unverified,confirm_current_text_then_rehome,……くそっ！,……제장！,こ……젠장！,……젠장！,,18E51801C101,True,18F191F64703,2,1728,True,6126D5,윽！……아인！！,6126F2,후후、　헛된　발악이군。,quarantine,unresolved
P5_non_direct_native_or_other,612722,scenario_612717,unverified,do_not_autofix_static_false_positive_possible,これは……,이것은……,こ이건……,이건……,,18F0CFF093,,18F630F191,1,,,612717,……뭐지？！,612728,시스템　과부하인가？！,quarantine,unresolved
P1_direct_ext3_exact_text_control_adjacent,61278D,scenario_61276F,unverified,high_priority_batch_after_anchor_pass,クワトロ大尉たちを救出するぞ！,크와트로 대위 일행을 구출한다！,こ크와트로　대위　일행을　구출한다！,크와트로　대위　일행을　구출한다！,True,18E51801C901010101010101,True,18FB96F08EF767F153F77103,2,1728,True,61277F,전　기체　공격　태세로！！,6127A3,젠장！　에우고　증원군인가！！,quarantine,unresolved
P1_direct_ext3_exact_text_control_adjacent,6127B4,scenario_6127A3,unverified,high_priority_batch_after_anchor_pass,予備隊を投入しろ！！,예비 부대를 전선에 투입해라！！,こ예비　부대를　전선에　투입해라！！,예비　부대를　전선에　투입해라！！,True,18E51801CB0101010101,True,18F68E15F354F3FDF044,2,1728,True,6127A3,젠장！　에우고　증원군인가！！,6127C8,호오、　제법이군……,quarantine,unresolved
P4_direct_ext3_text_drift,6127D4,scenario_6127C8,unverified,review_translation_and_runtime_by_bundle,本気でお相手をしたいところだが、,"진심으로 겨뤄보고 싶다만,",こ진심으로　겨뤄보고　싶다만、　이곳은　내,진심으로　겨뤄보고　싶다만、　이곳은　내,,18E51839F20101010101010101010101,True,18F21AF280F3D5F5FFF2771842F53807,1,,,6127C8,호오、　제법이군……,6127E5,여긴　목숨　걸　무대가　아니다。,quarantine,unresolved
P1_direct_ext3_exact_text_control_adjacent,6127F5,scenario_6127C8,unverified,high_priority_batch_after_anchor_pass,……ひとまず、出直すとしよう。,"……일단은, 다음을 기약하지.",こ……일단은、　다음을　기약하지。,……일단은、　다음을　기약하지。,True,18E51801CE010101010101010101010101,True,18F191E03913F18C07F1091EF18BF49E0A,2,1728,True,6127E5,여긴　목숨　걸　무대가　아니다。,612810,날　여기까지　몰아붙이다니……,quarantine,unresolved
P4_direct_ext3_text_drift,612825,scenario_612810,unverified,review_translation_and_runtime_by_bundle,次は君を真っ先に殺してあげるよ。,다음 교전 땐 네놈을 가장 먼저 도륙해 주마.,こ다음　교전　땐　네놈을　가장　먼저　도륙,다음　교전　땐　네놈을　가장　먼저　도륙,,18E51874B7010101010101010101010101010101,True,18E08C086115E08409E01A0CE00CF4131FF82F0A,1,,,612810,날　여기까지　몰아붙이다니……,61283A,각오해　두도록　해。,quarantine,unresolved
P4_direct_ext3_text_drift,612865,scenario_61284C,unverified,review_translation_and_runtime_by_bundle,カミ一ユが男の名前でなんで悪いんだ！,카미이치유가　남자의　이름으로　왜　나쁘다！,こ카미유가　남자　이름이라서　뭐가　나빠！,카미유가　남자　이름이라서　뭐가　나빠！,,18E518C0560101010101010101010101010101,True,18F1F5E1BFB317E06B05F48DFA14E00FF77F03,1,,,612855,생각하는　거냐！！,612879,난　남자라고！！,quarantine,unresolved
P2_direct_ext3_exact_text,612919,scenario_6128FE,unverified,second_batch_representative_runtime_test,……何か申し開きはあるかね？,……무슨 할 말이라도 있는가？,こ……무슨　할　말이라도　있는가？,……무슨　할　말이라도　있는가？,True,18E51801DA0101010101010101010101,True,18F1919A0EE0EF12CDF4E8F3E30E4D1D,1,,,61290D,모빌슈트　무단　사용……,61292A,시그　웨드너　중위。,quarantine,unresolved
P4_direct_ext3_text_drift,61294B,scenario_61293E,unverified,review_translation_and_runtime_by_bundle,罰するなら,처벌하시려면,こ처벌하시려면　원하시는　대로　마음껏,처벌하시려면　원하시는　대로　마음껏,,18E5183A6801,True,18E3A6F7761C,1,,,61293E,……아뇨、　없습니다。,612952,마음대로　하십시오。,quarantine,unresolved
P4_direct_ext3_text_drift,612984,scenario_61296F,unverified,review_translation_and_runtime_by_bundle,君がそのような態度を取り続ける限り,자네가 그 모양으로 폭주하며 독단 행동을 고집하는 한,こ그　태도를　계속하는　한、,그　태도를　계속하는　한、,,18E5181B0C0101010101010101010101,True,1861FD3BF25815D627E061F4A2E11B27,1,,,61297B,……시그　중위。,612995,아인　레비를　이길　수　없다。,quarantine,unresolved
P4_direct_ext3_text_drift,6129C7,scenario_6129B3,unverified,review_translation_and_runtime_by_bundle,以前の君ならば、言われるまでもなく,"과거의 자네라면, 굳이 내가 입 아프게 훈계하지 않아도",こ예전의　너라면　말하지　않아도,예전의　너라면　말하지　않아도,,18E5180B460101010101010101010101,True,18F2DE0561F677077AF6D8F19D200624,1,,,6129B3,……싸움은　혼자　하는　게　아니다。,6129D8,알고　있었을　터다。,quarantine,unresolved
P4_direct_ext3_text_drift,612A18,scenario_6129F3,unverified,review_translation_and_runtime_by_bundle,だが、次も同じようなことがあれば,"하지만, 다음번에 또 이 같은 일탈이 포착되면",こ하지만　다음에도　같은　짓을　하면,하지만　다음에도　같은　짓을　하면,,18E5184B160101010101010101010101,True,18F53807E08C20D04CF49E061813FACC,1,,,612A03,공을　참작해　이번만은　눈감아　주지。,612A29,합당한　처벌을　내리겠다……알겠나。,quarantine,unresolved
P5_non_direct_native_or_other,612AC9,scenario_612ABF,unverified,do_not_autofix_static_false_positive_possible,ラ－ディッシュの,라디슈 함의,こ라디쉬의,라디쉬의,,18F6A201,,18FE5705,1,,,612ABF,헨켄　함장。,612ACE,블랙스　준장에게서　통신입니다。,quarantine,unresolved
P3_direct_ext3_control_adjacent_text_drift,612ADB,scenario_612ABF,unverified,confirm_current_text_then_rehome,……回線、開きます。,……회선을 연결하겠습니다.,こ……회선、엽니다。,……회선、엽니다。,,18E5184C8C0101010101,True,18F191F02207CDF5B90A,2,1728,True,612ACE,블랙스　준장에게서　통신입니다。,612AF3,여어、　헨켄　중령！,quarantine,unresolved
P2_direct_ext3_exact_text,612B00,scenario_612AF3,unverified,second_batch_representative_runtime_test,ティタ－ンズの新型モビルス－ツを,티탄즈의 최신예 모빌슈트를,こ티탄즈의　최신예　모빌슈트를,티탄즈의　최신예　모빌슈트를,True,18E51801ED01010101,True,18FDC405F3A9FD7915,1,,,612AF3,여어、　헨켄　중령！,612B0A,포획했다면서요！！,quarantine,unresolved
P1_direct_ext3_exact_text_control_adjacent,612B16,scenario_612AF3,unverified,high_priority_batch_after_anchor_pass,さすがはクワトロ大尉だな。,과연 크와트로 대위로군.,こ과연　크와트로　대위로군。,과연　크와트로　대위로군。,True,18E51801EF0101010101,True,18F98AFB96F08EF5490A,2,1728,True,612B0A,포획했다면서요！！,612B27,카미유　비단이라는　소년이,quarantine,unresolved
P4_direct_ext3_text_drift,612B41,scenario_612B27,unverified,review_translation_and_runtime_by_bundle,ティタ－ンズの新型を確保できたのは,티탄즈의 신형 기체를 무사히 노획할 수 있었던 건,こ티탄즈　신형기를　확보한　건,티탄즈　신형기를　확보한　건,,18E5180B4C010101010101010101,True,18FDC405F3A915F433163211F44B,1,,,612B35,우리에게　협력해　주었습니다。,612B50,그의　공이　크겠지요。,quarantine,unresolved
P4_direct_ext3_text_drift,612B97,scenario_612B7F,unverified,review_translation_and_runtime_by_bundle,合流したら彼と直接話ができるよう,합류하고 나면 그 소년과 직접 대화할 수 있게,こ합류하고　나면　그　소년과　직접　대화할,합류하고　나면　그　소년과　직접　대화할,,18E51801F8010101010101010101,True,18F4E9F5DA9513F29FE02E17FCD9,1,,,612B8C,곧　그쪽과　합류할　수　있네。,612BA6,자리를　마련해　주겠나？,quarantine,unresolved
P2_direct_ext3_exact_text,612C02,scenario_612BF6,unverified,second_batch_representative_runtime_test,君の協力でティタ－ンズの,자네가 적극 도운 덕분에 티탄즈의,こ자네가　적극　도운　덕분에　티탄즈의,자네가　적극　도운　덕분에　티탄즈의,True,18E51801FD01010101,True,186105F45916FDC405,1,,,612BF6,……그렇다네。,612C0C,신형　모빌슈트를　손에　넣었네。,quarantine,unresolved
P3_direct_ext3_control_adjacent_text_drift,612C19,scenario_612BF6,unverified,confirm_current_text_then_rehome,普通ではできないことだ。,일반 보통 사람의 능력으론 불가능한 위업이지.,こ보통　사람은　할　수　없는　일이지。,보통　사람은　할　수　없는　일이지。,,18E5183BF6010101010101,True,18F0C9F261FAD818130D0A,2,081E,True,612C0C,신형　모빌슈트를　손에　넣었네。,612C29,그런……,quarantine,unresolved
P4_direct_ext3_text_drift,612CB4,scenario_612CA4,unverified,review_translation_and_runtime_by_bundle,ですから、目に見えて違うところは,"따라서, 외관상으로 확연히 구분 지을 요소는",こ그러니、　눈에　띄는　차이는,그러니、　눈에　띄는　차이는,,18E518020701010101010101010101,True,18F8F707B10C8AF11EDAF1F1184208,1,,,612CAB,에스퍼가　아닙니다。,612CC4,없지만……자질은　느껴집니다。,quarantine,unresolved
P4_direct_ext3_text_drift,612CF3,scenario_612CD8,unverified,review_translation_and_runtime_by_bundle,ティタ－ンズの横暴は君も知っての通りだ。,티탄즈의 폭압적인 횡포는 자네도 익히 잘 알고 있을 걸세.,こ티탄즈의　횡포는　자네도　알겠지。,티탄즈의　횡포는　자네도　알겠지。,,18E518020B0101010101010101010101010101,True,18FDC405E2BBE1E5086120C8F15605AEF2230A,1,,,612CE3,우리를　위해　써　주지　않겠나？,612D07,그에　맞설　힘이　우리에게　필요하다。,quarantine,unresolved
P4_direct_ext3_text_drift,612D27,scenario_612D1E,unverified,review_translation_and_runtime_by_bundle,……ええ。,……예.,こ……네。,……네。,,18E518FC2701,True,18F191F1400A,1,,,612D1E,그건……,612D2E,제가　할　수　있다면　기꺼이。,quarantine,unresolved
P4_direct_ext3_text_drift,612D66,scenario_612D56,unverified,review_translation_and_runtime_by_bundle,オマエさんの機体だ。,자네의 전용 기체일세.,こ자네의　전용　기체일세。　에우고　도색,자네의　전용　기체일세。　에우고　도색,,18E5183A2801010101,True,18F68FF730F0180D0A,1,,,612D56,오、　왔구나、　시그！！,612D70,에우고　색으로　다시　칠해　두었네。,quarantine,unresolved
P4_direct_ext3_text_drift,612DE0,scenario_612DBD,unverified,review_translation_and_runtime_by_bundle,悪いが、モニタ－の横に着いた,"미안하게 되었네만, 모니터 측면에 발생한",こ미안하지만、　모니터　옆의,미안하지만、　모니터　옆의,,18E5182AFA01010101010101010101010101,True,18E00FF25A075DF1C81005E2BB0CE064F26A,1,,,612DCA,메인　카메라　부품을　구하기　힘들었지。,612DF3,흠집은　그대로야……어이！,quarantine,unresolved
P3_direct_ext3_control_adjacent_text_drift,612E03,scenario_612DBD,unverified,confirm_current_text_then_rehome,聞いてるのか！？,내 말 똑바로 듣고 있는 건가！？,こ듣고　있나！？,듣고　있나！？,,18E5180CEE0101010101,True,18E013F2750F050EF040,2,0802,True,612DF3,흠집은　그대로야……어이！,612E12,……듣고　있네。,quarantine,unresolved
P4_direct_ext3_text_drift,612E20,scenario_612E12,unverified,review_translation_and_runtime_by_bundle,顔の傷はそのままなんだろ？,기체 페이스에 흠집 상처가 그냥 그대로 남았단 소리지？,こ얼굴의　상처는　그대로지？,얼굴의　상처는　그대로지？,,18E5184B17010101010101010101,True,18E0AC05E141F7A42121F854421D,1,,,612E12,……듣고　있네。,612E2F,……마침　잘됐군。,quarantine,unresolved
P1_direct_ext3_exact_text_control_adjacent,612E94,scenario_612E8A,unverified,high_priority_batch_after_anchor_pass,オマエさん……,자네……,こ자네……,자네……,True,18E518021C0101,True,18F68FF366F191,2,1728,True,612E8A,……시그。,612EA7,저　흠집에　맹세코……,quarantine,unresolved
P1_direct_ext3_exact_text_control_adjacent,612EB7,scenario_612EA7,unverified,high_priority_batch_after_anchor_pass,オレは、必ずヤツを……！,"나는, 기필코 그 배신자 녀석을……！",こ나는、　기필코　그　배신자　녀석을……！,나는、　기필코　그　배신자　녀석을……！,True,18E518021E0101010101010101,True,18F4300807E00D74F2D415F60C,2,080D,True,612EA7,저　흠집에　맹세코……,612EC9,……………。,quarantine,unresolved
P4_direct_ext3_text_drift,612EED,scenario_612EDB,unverified,review_translation_and_runtime_by_bundle,むざむざ新型機を奪われるとは……,신형 시험 기체를 대낮에 도둑질당해 노획당하다니……,こ신형기를　속수무책으로　빼앗기다니……,신형기를　속수무책으로　빼앗기다니……,,18E5180220010101010101010101,True,18F9C4F80F15E131F6D8F17EF191,1,,,612EDB,실수했군、　아인　레비。,612EFC,이　사태를　어떻게　책임질　셈이지？,quarantine,unresolved
P4_direct_ext3_text_drift,612F62,scenario_612F54,unverified,review_translation_and_runtime_by_bundle,ですから、こうしてバスク・オム大佐に,"그렇기에, 이렇게 직접 바스크 옴 대령님께",こ그래서　바스크　옴　대령께,그래서　바스크　옴　대령께,,18E5182AFB010101010101010101,True,18F8F707F918F66B2AF432F05D0C,1,,,612F54,예、　물론　알고　있습니다。,612F71,계책을　알려　드리러　왔습니다。,quarantine,unresolved
P4_direct_ext3_text_drift,612FAA,scenario_612F98,unverified,review_translation_and_runtime_by_bundle,あのーつ目とガンダムｍｋⅡ,노획당한 그 외눈박이와 건담 Mk-II를,こ그　외눈박이와　건담ＭｋⅡ、,그　외눈박이와　건담ＭｋⅡ、,,18E5180B7D0101010101010101,True,18F3DA8240B113F90DF00FE275,1,,,612F98,제게　맡겨　주시겠습니까？,612FB8,둘　다　되찾아　오겠습니다。,quarantine,unresolved
P3_direct_ext3_control_adjacent_text_drift,613037,scenario_613017,unverified,confirm_current_text_then_rehome,……危険ではないか？,……오히려 위험한 분자가 아닐는지？,こ……위험하지　않나？,……위험하지　않나？,,18E5180CF0010101,True,18F191F10AFC2B1D,2,0807,True,613027,뉴타입의　힘을　신성시하고　있다。,613044,하지만　에우고에　맞서려면,quarantine,unresolved
P3_direct_ext3_control_adjacent_text_drift,613062,scenario_613044,unverified,confirm_current_text_then_rehome,そのことがわからない君でもないだろう？,그 당연한 역학 관계를 자네가 모를 리 없지 않나？,こ자네도　그걸　모르는　건　아니겠지？,자네도　그걸　모르는　건　아니겠지？,,18E5180C55010101010101010101,True,18F423181317FCAF61FAB5F5AE1D,2,0835,True,613052,그와　그　힘이　필요합니다。,613075,흠……,quarantine,unresolved
P4_direct_ext3_text_drift,6130B7,scenario_6130AA,unverified,review_translation_and_runtime_by_bundle,ティタ－ンズのモビルス－ツが,티탄즈의 모빌슈트 부대가,こ티탄즈의　모빌슈트가,티탄즈의　모빌슈트가,,18E5182C710101,True,18FDC405FD7917,1,,,6130AA,……헨켄　함장！！,6130BF,이쪽으로　접근　중입니다！,quarantine,unresolved
P4_direct_ext3_text_drift,613129,scenario_613117,unverified,review_translation_and_runtime_by_bundle,グリプスのバスク・オム大佐より,그리프스의 바스크 옴 대령으로부터,こ그리프스의　바스크　옴　대령이,그리프스의　바스크　옴　대령이,,18E5184C900101010101010101,True,18FAC605F66B2AF432F05DF488,1,,,613117,티탄즈의　에마　신　중위입니다。,613137,친서를　전하러　왔습니다。,quarantine,unresolved
P5_non_direct_native_or_other,613156,scenario_613149,unverified,do_not_autofix_static_false_positive_possible,…………,…………,こ…………,…………,True,18F61702,,18F61702,2,1728,True,613149,흠……보여　주게。,613166,……………,quarantine,unresolved
P4_direct_ext3_text_drift,61319D,scenario_613192,unverified,review_translation_and_runtime_by_bundle,なんとハレンチな！,이 무슨 파렴치하고 비열한 수작인가！,こ이　무슨　파렴치한　짓인가！,이　무슨　파렴치한　짓인가！,,18E5182C730101010101,True,18F8577E331AE03F0603,1,,,613192,……뭐라고？！,6131A8,중위는　내용　알고　있나？！,quarantine,unresolved
P4_direct_ext3_text_drift,6131FC,scenario_6131ED,unverified,review_translation_and_runtime_by_bundle,ガンダムｍｋⅡと例の新型機、,"건담 Mk-II와 노획당한 그 신형기,",こ건담　Ｍｋ－ＩＩ와　그　신형기、,건담　Ｍｋ－ＩＩ와　그　신형기、,,18E5180CF3010101010101010101,True,18F90DF00FE27513E18B05F80F07,1,,,6131ED,……이걸　보게。,61320B,시스쿠드를　넘기지　않으면……,quarantine,unresolved
P4_direct_ext3_text_drift,61321C,scenario_6131ED,unverified,review_translation_and_runtime_by_bundle,……エゥ－ゴのシンパたちを,……우리가 억류하고 있는 에우고 지지자들을,こ……에우고　지지자들을,……에우고　지지자들을,,18E5181B110101010101,True,18F191F8E305F5F4F767,1,,,61320B,시스쿠드를　넘기지　않으면……,613227,처형하겠다고　하네。,quarantine,unresolved
P4_direct_ext3_text_drift,613277,scenario_613258,unverified,review_translation_and_runtime_by_bundle,ティタ－ンズはジオン残党狩りと言う名目で,티탄즈는 지온군 잔당 사냥이라는 미명 하에,こ티탄즈는　지온　잔당　소탕을　명목으로,티탄즈는　지온　잔당　소탕을　명목으로,,18E5181C8901010101010101010101010101,True,18FDC408F7ABF210E3EBF2297A14E028B116,1,,,613265,원래　잡혀　있던　사람들이야！！,61328A,비협조적인　민간인을　체포하고　있어！,quarantine,unresolved
P4_direct_ext3_text_drift,61329B,scenario_613258,unverified,review_translation_and_runtime_by_bundle,それを処刑すると,그 포로들을 처형하겠다고,こ그들을　처형하겠다고,그들을　처형하겠다고,,18E5183C920101,True,18F5B5F4A9F774,1,,,61328A,비협조적인　민간인을　체포하고　있어！,6132A3,바스크가　협박하는　거야！！,quarantine,unresolved
P4_direct_ext3_text_drift,613371,scenario_613369,unverified,review_translation_and_runtime_by_bundle,人質はシャトル・テンプテ－ションにて,인질들은 피난 셔틀 템테이션 호에 탑승하여,こ인질은　셔틀　템테이션에　타고,인질은　셔틀　템테이션에　타고,,18E5184C95010101010101,True,18F07808FBA32AFEA7F46D,1,,,613369,예！,61337D,그리프스를　탈출했습니다。,quarantine,unresolved
P4_direct_ext3_text_drift,613385,scenario_613369,unverified,review_translation_and_runtime_by_bundle,艇長であるブライト・ノア中佐が,셔틀 정장인 브라이트 노아 중령이,こ정장인　브라이트　노아　중령이,정장인　브라이트　노아　중령이,,18E5181C8C010101010101010101,True,18E38DB0F79CF97E2AF4F0F4CA17,1,,,61337D,그리프스를　탈출했습니다。,613394,탈출을　도운　모양입니다。,quarantine,unresolved
P4_direct_ext3_text_drift,6133B6,scenario_6133A5,unverified,review_translation_and_runtime_by_bundle,たかがシャトルの船長ごときが,한낱 피난 셔틀 선장 따위가,こ고작　셔틀　선장　따위가,고작　셔틀　선장　따위가,,18E5184C9601010101010101,True,18F80DFBA305F4B6D313F4FF,1,,,6133A5,화이트　베이스의　브라이트　노아인가。,6133C3,우리에게　대들다니……！！,quarantine,unresolved
P4_direct_ext3_text_drift,61346F,scenario_61345A,unverified,review_translation_and_runtime_by_bundle,せっかく集めた人たちを、横から,"우리가 공들여 억류해 둔 지지자들을, 뒤에서",こ모처럼　모은　사람들을　옆에서,모처럼　모은　사람들을　옆에서,,18E5184C9801010101010101010101,True,18FA0BE091F3EB50F76707E2BBF124,1,,,61345A,너무　번거롭게　하진　말게……,61347F,데려가다니　너무하잖나。,quarantine,unresolved
P4_direct_ext3_text_drift,6134A6,scenario_61349B,unverified,review_translation_and_runtime_by_bundle,人質をとるなど、,"무고한 인질들을 방패 삼아 협박하다니,",こ인질을　잡다니、,인질을　잡다니、,,18E5182C7B010101,True,18F0781513F74D07,1,,,61349B,말도　안　돼……！！,6134AF,제대로　된　군대가　할　짓이　아니야！！,quarantine,unresolved
P4_direct_ext3_text_drift,6134D5,scenario_6134C3,unverified,review_translation_and_runtime_by_bundle,けど、まともじゃないからこそ,하지만　괜찮지　않기　때문입니다.,こ하지만　제정상이　아니니까,하지만　제정상이　아니니까,,18E5180CFB01010101010101,True,18F4960721F17AFBB31CF356,1,,,6134CA,티탄즈는　제정상이　아니야。,6134E2,과감한　수도　쓸　수　있는　거야。,quarantine,unresolved
P4_direct_ext3_text_drift,613599,scenario_613584,unverified,review_translation_and_runtime_by_bundle,ティタ－ンズの部隊だな。,티탄즈의　부대다.,こ티탄즈　부대로군。,티탄즈　부대로군。,,18E5180CFD01010101,True,18FDC405F428F5490A,2,,,61358D,에이퍼　시냅스　대령이다。,6135A4,こ……비무장　셔틀을　상대로,quarantine,unresolved
P4_direct_ext3_text_drift,6135A4,scenario_613584,unverified,review_translation_and_runtime_by_bundle,……非武装のシャトルに対して,……비무장　셔틀에　대하여,こ……비무장　셔틀을　상대로,……비무장　셔틀을　상대로,,18E5181C9201010101010101010101,True,18F191E1C6F17205FBA30CE01BF413,1,,,613599,こ티탄즈　부대로군。,6135B4,대체　뭘　하는　건가、자네들은？,quarantine,unresolved
P4_direct_ext3_text_drift,613600,scenario_6135F2,unverified,review_translation_and_runtime_by_bundle,オマエら、そんなとこで,"오마에　등,　그런　곳에서",こ너희、그런　곳에서,너희、그런　곳에서,,18E5181C930101010101,True,18F68F1C07F823131816,1,,,6135F2,뭐、　몬시아라고？！,61360B,뭐　하는　거야！！,quarantine,unresolved
P4_direct_ext3_text_drift,613680,scenario_61365D,unverified,review_translation_and_runtime_by_bundle,現在、我々は作戦行動中だ。,현재　우리는　작전　행동　중이다.,こ지금　우리는　작전　행동　중이다。,지금　우리는　작전　행동　중이다。,,18E5182C80010101010101010101,True,18F320076A7108F1E3F2C0520D0A,1,,,613668,기밀은　외부인에게　말할　수　없다。,61368F,방해되기　전에　여기서　떠나라！,quarantine,unresolved
P4_direct_ext3_text_drift,6136C3,scenario_6136B6,unverified,review_translation_and_runtime_by_bundle,こちらシャトル・テンプテ－ションの,이쪽　셔틀·템프테이션의,こ여기는　셔틀　템테이션의,여기는　셔틀　템테이션의,,18E5180D0101010101,True,18F70AFBA32AFEA705,1,,,6136B6,……시냅스　대령！！,6136CD,브라이트　노아　중령입니다！！,quarantine,unresolved
P3_direct_ext3_control_adjacent_text_drift,61371B,scenario_6136FB,unverified,confirm_current_text_then_rehome,ティタ－ンズはそれを追ってきたのです！,티탄즈는　그것을　쫓아　왔습니다！,こ티탄즈가　그들을　쫓아왔습니다！,티탄즈가　그들을　쫓아왔습니다！,,18E5181C960101010101010101,True,18FDC4FA70E02FFBA105F27D03,2,1728,True,613709,탈출한　민간인이　많이　타고　있습니다。,61372F,뭐라고！？,quarantine,unresolved
P4_direct_ext3_text_drift,61374E,scenario_613742,unverified,review_translation_and_runtime_by_bundle,これ以上ボクたちをわずらわせる前に、,"더　이상　나를　괴롭히기　전에,",こ더는　우리를　귀찮게　하기　전에、,더는　우리를　귀찮게　하기　전에、,,18E5183C9F01010101010101010101010101,True,18F36DF3D1F279F76731741C31F556960C07,1,,,613742,……거기까지다！！,613761,사라져　주지　않겠나、시냅스　대령。,quarantine,unresolved
P2_direct_ext3_exact_text,6137B8,scenario_6137A4,unverified,second_batch_representative_runtime_test,ブライト中佐の,브라이트 중령의,こ브라이트　중령의,브라이트　중령의,True,18E5184CA101,True,18F97EF4CA05,1,,,6137AD,모빌슈트대、발진！！,6137BF,템테이션을　보호한다！！,quarantine,unresolved
P1_direct_ext3_exact_text_control_adjacent,613805,scenario_6137E7,unverified,high_priority_batch_after_anchor_pass,……こうするっきゃねぇだろ！！,……이렇게 할 수밖에 없잖아！！,こ……이렇게　할　수밖에　없잖아！！,……이렇게　할　수밖에　없잖아！！,True,18E5184CA201010101010101010101,True,18F191F350F773324EF260F552F044,2,1728,True,6137F6,바닝　대장이　신세를　졌으니까。,61381E,좋아、　나도　끼지！,quarantine,unresolved
P3_direct_ext3_control_adjacent_text_drift,61386D,scenario_613852,unverified,confirm_current_text_then_rehome,テンプテ－ション、急速発進だ！,"템테이션, 급속 발진이다！",こ템테이션、급속　발진！,템테이션、급속　발진！,,18E5183CA201010101010101,True,18FEA707E09FE124F0D60D03,2,0899,True,61385C,이제　탈출　기회가　커졌어！,61387E,……네！！,quarantine,unresolved
P4_direct_ext3_text_drift,6138D4,scenario_6138C6,unverified,review_translation_and_runtime_by_bundle,モビルス－ツ隊、発進！,"모빌슈트 부대, 발진！",こ모빌슈트대、발진！,모빌슈트대、발진！,,18E5183CA3010101,True,18FD795407F0D603,1,,,6138C6,어떻게든　제때　왔군……,6138DD,템테이션을　보호하라！！,quarantine,unresolved
P1_direct_ext3_exact_text_control_adjacent,613905,scenario_6138F0,unverified,high_priority_batch_after_anchor_pass,……どうします？,……어떻게 할까요？,こ……어떻게　할까요？,……어떻게　할까요？,True,18E518027501,True,18F191FC211D,2,1728,True,6138F8,벌써　눈치챈　건가？！,613917,그렇군……,quarantine,unresolved
P2_direct_ext3_exact_text,61394D,scenario_61393C,unverified,second_batch_representative_runtime_test,じゃあ、ちょうどいいや。,그럼 마침 잘 되었군.,こ그럼　마침　잘　되었군。,그럼　마침　잘　되었군。,True,18E5180278010101,True,18F66707FDBE3A0A,2,,,613944,그　녀석도　출격했나。,613957,こ예비대를　발진시켜라！,quarantine,unresolved
P2_direct_ext3_exact_text,613957,scenario_61393C,unverified,second_batch_representative_runtime_test,予備隊を発進させろ！,예비대를 발진시켜라！,こ예비대를　발진시켜라！,예비대를　발진시켜라！,True,18E518027901010101,True,18F68E15F0D6F82D03,1,,,61394D,こ그럼　마침　잘　되었군。,613961,나도　모빌슈트로　출격하겠다！！,quarantine,unresolved
P2_direct_ext3_exact_text,61398D,scenario_613975,unverified,second_batch_representative_runtime_test,……仕方ないね。,……어쩔 수 없군.,こ……어쩔　수　없군。,……어쩔　수　없군。,True,18E518C060010101,True,18F191F119F7FB0A,1,,,613975,（그　남자는　아직　안　왔나……）,613996,예비대를　발진시키자！,quarantine,unresolved
P1_direct_ext3_exact_text_control_adjacent,6139A1,scenario_613975,unverified,high_priority_batch_after_anchor_pass,ボクもモビルス－ツで出る！！,나도 모빌슈트로 출격하겠다！！,こ나도　모빌슈트로　출격하겠다！！,나도　모빌슈트로　출격하겠다！！,True,18E518C05F010101010101,True,18F27920FD79166F0FF044,2,1728,True,613996,예비대를　발진시키자！,6139B6,젠장！,quarantine,unresolved
P2_direct_ext3_exact_text,613A0C,scenario_6139F4,unverified,second_batch_representative_runtime_test,こんなー般部隊と組まされちゃ,이런 일반 부대와 묶여 버리면,こ이런　일반　부대와　묶여　버리면,이런　일반　부대와　묶여　버리면,True,18E51802800101010101010101010101,True,18F5C882E35EF42813E0B621F35B3B4E,1,,,6139FD,기회가　왔다고　어쩔　건데！,613A1D,건담　ＭｋⅡ　탈환　같은　건……,quarantine,unresolved
P2_direct_ext3_exact_text,613B17,scenario_613B0C,unverified,second_batch_representative_runtime_test,だが、教えてくれライラ大尉！,"하지만 알려주십시오, 라이라 대위님！",こ하지만　알려주십시오、　라이라　대위님！,하지만　알려주십시오、　라이라　대위님！,True,18E518028A0101010101010101,True,18F53807E126FA9EF7C0F08E03,1,,,613B0C,미、　미안하다……,613B25,왜　제가　이길　수　없다는　겁니까？,quarantine,unresolved
P2_direct_ext3_exact_text,613B6D,scenario_613B4F,unverified,second_batch_representative_runtime_test,そのためには面子を捨てて,그러기 위해선 체면을 버리고서라도,こ그러기　위해선　체면을　버리고서라도,그러기　위해선　체면을　버리고서라도,True,18E518028F0101010101,True,18FDB2F30015E1AF0B0B,1,,,613B5E,내　손에　넣고　싶어……,613B78,공부해야　해。,quarantine,unresolved
P1_direct_ext3_exact_text_control_adjacent,613B88,scenario_613B4F,unverified,high_priority_batch_after_anchor_pass,オレにだってそれくらいはわかる。,나도 그 정도쯤은 알고 있습니다.,こ나도　그　정도쯤은　알고　있습니다。,나도　그　정도쯤은　알고　있습니다。,True,18E51802910101010101010101010101,True,18F4300CF649F422241CF27F31F1230A,2,0877,True,613B78,공부해야　해。,613B9D,……헤에、　진심인가　보군。,quarantine,unresolved
P4_direct_ext3_text_drift,613BAD,scenario_613B9D,unverified,review_translation_and_runtime_by_bundle,なら、アタシに任せてみな。,그럼 나한테 맡겨봐.,こ그럼　나한테　맡겨봐。　네놈이　아가마를,그럼　나한테　맡겨봐。　네놈이　아가마를,,18E51817870101010101010101,True,18F51507F8810CD8F55E69060A,1,,,613B9D,……헤에、　진심인가　보군。,613BBB,네가　아가마를　격침하게　해　주지。,quarantine,unresolved
P2_direct_ext3_exact_text,613C3B,scenario_613C32,unverified,second_batch_representative_runtime_test,……ええ。人質を取るなど、,……예. 인질을 잡는 행위 등은,こ……예。　인질을　잡는　행위　등은,……예。　인질을　잡는　행위　등은,True,18E51802990101010101010101,True,18F191F1400AF07815D6F74D07,1,,,613C32,그것은……,613C49,정상적인　군대가　할　일이　아닙니다。,quarantine,unresolved
P4_direct_ext3_text_drift,613CDA,scenario_613CD0,unverified,review_translation_and_runtime_by_bundle,私は自分が信じるように,저는 제가 믿는 신념에 따라,こ저는　제가　믿는　대로,저는　제가　믿는　대로,,18E5180B810101010101010101,True,184108F48A17E032F2D1F49E0C,1,,,613CD0,……아닙니다。,613CE8,살고　싶을　뿐입니다。,quarantine,unresolved
P4_direct_ext3_text_drift,613D01,scenario_613CF8,unverified,review_translation_and_runtime_by_bundle,……君のその感じ方は信じられる。,……자네의 그 직관만큼은 신뢰할 수 있겠군.,こ……자네의　그　감각은　믿을　만해。,……자네의　그　감각은　믿을　만해。,,18E5183BF801010101010101010101010101,True,18F19161F612E0444C7D08E0324C1CF0470A,2,,,613CF8,그렇군……,613D15,こ에우고에　합류한　것을　환영하네、,quarantine,unresolved
P2_direct_ext3_exact_text,613D15,scenario_613CF8,unverified,second_batch_representative_runtime_test,エゥ－ゴへの参加を歓迎しよう,"에우고에 합류한 것을 환영하네,",こ에우고에　합류한　것을　환영하네、,에우고에　합류한　것을　환영하네、,True,18E51802A201010101010101,True,18F8E3F577F2BE15F1ACF850,1,,,613D01,こ……자네의　그　감각은　믿을　만해。,613D22,에마　신。,quarantine,unresolved
P2_direct_ext3_exact_text,613D4F,scenario_613D3F,unverified,second_batch_representative_runtime_test,貴様のような者が,귀관 같은 유능한 인재가,こ귀관　같은　유능한　인재가,귀관　같은　유능한　인재가,True,18E51802A50101,True,18F1C0FA279F17,1,,,613D3F,호오、　코우　우라키인가……,613D57,아군이　되어　주다니　든든하군。,quarantine,unresolved
P1_direct_ext3_exact_text_control_adjacent,613D71,scenario_613D67,unverified,high_priority_batch_after_anchor_pass,……少し、変わったな。,"……조금, 달라졌군.",こ……조금、　달라졌군。,……조금、　달라졌군。,True,18E51802A7010101010101,True,18F191881207E073F9480A,2,080F,True,613D67,가토……？,613D81,……그럴지도　모르지。,quarantine,unresolved
P2_direct_ext3_exact_text,613D8B,scenario_613D81,unverified,second_batch_representative_runtime_test,あの『星の屑』の戦いで,그 『별의 부스러기』 전투를 통해,こ그　『별의　부스러기』　전투를　통해,그　『별의　부스러기』　전투를　통해,True,18E51802A9010101010101010101,True,18F3DA68E06905E192660539F276,1,,,613D81,……그럴지도　모르지。,613D9A,나는　한　번　죽은　몸일세……,quarantine,unresolved
P4_direct_ext3_text_drift,613DA5,scenario_613D81,unverified,review_translation_and_runtime_by_bundle,……そして、クワトロ大尉に救われ、,"……그리고 크와트로 대위님에게 구제받아,",こ……크와트로　대위께　구원받아、,……크와트로　대위께　구원받아、,,18E5184B1D0101010101010101010101,True,18F191F78707FB96F08E0CE086F24207,1,,,613D9A,나는　한　번　죽은　몸일세……,613DB6,지금은　에우고의　대의를　따른다。,quarantine,unresolved
P2_direct_ext3_exact_text,613DCA,scenario_613D81,unverified,second_batch_representative_runtime_test,だが、変わったというなら,하지만 변한 것이라면,こ하지만　변한　것이라면,하지만　변한　것이라면,True,18E51802AC01010101010101,True,18F53807E073F7E7F664F515,1,,,613DB6,지금은　에우고의　대의를　따른다。,613DD7,네놈도　마찬가지……,quarantine,unresolved
P4_direct_ext3_text_drift,613DE2,scenario_613D81,unverified,review_translation_and_runtime_by_bundle,……前のような気負いがなくなっている。,……예전처럼 쓸데없이 힘이 들어간 투지가 느껴지지 않는군.,こ……예전처럼　힘이　들어가진　않았군。,……예전처럼　힘이　들어가진　않았군。,,18E51802AE01010101010101010101010101,True,18F19196FA27F1FDF25A0624F5200BF2900A,1,,,613DD7,네놈도　마찬가지……,613E05,가토……,quarantine,unresolved
P4_direct_ext3_text_drift,613E0E,scenario_613E05,unverified,review_translation_and_runtime_by_bundle,オマエにそんなことをいわれるなんて,너한테 그런 평가를 들을 날이 올 줄은,こ너한테　그런　평가를　들을　날이　올,너한테　그런　평가를　들을　날이　올,,18E51802B1010101010101,True,18F68F0CFDE204F6D8F855,1,,,613E05,가토……,613E1A,상상도　못　했군……,quarantine,unresolved
P4_direct_ext3_text_drift,613E39,scenario_613E28,unverified,review_translation_and_runtime_by_bundle,お互い、過去の因縁は捨て,서로 과거의 해묵은 악연은 잊고,こ서로　과거의　해묵은　악연은　잊고　동일,서로　과거의　해묵은　악연은　잊고　동일,,18E518376B01010101010101010101,True,1835E27F0407F36C05F35808E1AF0B,1,,,613E28,……사람은　변하는　법일세。,613E49,같은　목적을　위해　싸우지　않겠나。,quarantine,unresolved
P2_direct_ext3_exact_text,613E9E,scenario_613E8A,unverified,second_batch_representative_runtime_test,アンタに教えたげるよ。,자네에게 한 수 가르쳐 주지.,こ자네에게　한　수　가르쳐　주지。,자네에게　한　수　가르쳐　주지。,True,18E51802BA010101010101,True,18F5A50CE126F136F82F0A,1,,,613E94,준비됐나？,613EAA,진짜　싸움이　뭔지　말이야。,quarantine,unresolved
P3_direct_ext3_control_adjacent_text_drift,613F01,scenario_613EE5,unverified,confirm_current_text_then_rehome,ー緒に酒でも……飲まないか？,-　음으로　술이라도　…………　마시지　않겠습니까？,こ같이　술이라도……　마시지　않겠나？,같이　술이라도……　마시지　않겠나？,,18E5189384010101010101010101010101,True,18F0A30CE41CF25EF191E30A21F5260E1D,2,1728,True,613EF6,자네에게　보답하고　싶어。,613F1E,……그렇군、　생각해　보지。,quarantine,unresolved
P4_direct_ext3_text_drift,613F2F,scenario_613F1E,unverified,review_translation_and_runtime_by_bundle,良い男になれば,더 훌륭하고 멋진 남자가 되어 오면,こ좋은　남자가　된다면,좋은　남자가　된다면,,18E5182B01010101,True,18CA04E06B0CF7A0,1,,,613F1E,……그렇군、　생각해　보지。,613F38,기대어　술을　마실　수　있겠지……,quarantine,unresolved
P1_direct_ext3_exact_text_control_adjacent,613F4A,scenario_613F1E,unverified,high_priority_batch_after_anchor_pass,……それはいいものさ。,……그것도 제법 낭만적이겠지.,こ……그것도　제법　낭만적이겠지。,……그것도　제법　낭만적이겠지。,True,18E51802C3010101010101,True,18F191F5ADF2532005250A,2,1728,True,613F38,기대어　술을　마실　수　있겠지……,613F5C,………？,quarantine,unresolved
P4_direct_ext3_text_drift,614017,scenario_61400B,unverified,review_translation_and_runtime_by_bundle,赤いモビルス－ツになんか乗って……,붉은색 모빌슈트 같은 걸 조종하다니……,こ붉은　ＭＳ를　타고……,붉은　ＭＳ를　타고……,,18E5184B1E010101010101010101,True,18E08004FD79FB50E07CF156F191,1,,,61400B,뭐야、　이　녀석？！,614026,『붉은　혜성』　흉내라도　내나？！,quarantine,unresolved
P1_direct_ext3_exact_text_control_adjacent,61405F,scenario_614043,unverified,high_priority_batch_after_anchor_pass,……しかし！！,……그렇지만！！,こ……그렇지만！！,……그렇지만！！,True,18E51802CD0101,True,18F191F828F044,2,1728,True,614050,실전에　익숙한　조종사군……,614070,농락당한　건가？！,quarantine,unresolved
P5_non_direct_native_or_other,614086,scenario_614070,unverified,do_not_autofix_static_false_positive_possible,………………,………………,こ………………,………………,True,18F617F617,,18F617F617,2,1728,True,61407A,저　붉은　모빌슈트에게？！,614097,붉은　혜성이었다고　믿고　싶군……,quarantine,unresolved
P4_direct_ext3_text_drift,6140CA,scenario_6140BE,unverified,review_translation_and_runtime_by_bundle,赤いモビルス－ツになんか乗って……,붉은색 모빌슈트 같은 걸 조종하다니……,こ붉은　ＭＳ를　타고……,붉은　ＭＳ를　타고……,,18E5181B16010101010101010101,True,18E08004FD79FB50E07CF156F191,1,,,6140BE,뭐야、　이　녀석？！,6140D9,『붉은　혜성』　흉내라도　내나？！,quarantine,unresolved
P5_non_direct_native_or_other,614127,scenario_614111,unverified,do_not_autofix_static_false_positive_possible,………………,………………,こ………………,………………,True,18F617F617,,18F617F617,2,1728,True,61411B,저　붉은　모빌슈트에게？！,614138,붉은　혜성이었다고　믿고　싶군……,quarantine,unresolved
P4_direct_ext3_text_drift,614193,scenario_614183,unverified,review_translation_and_runtime_by_bundle,エゥ－ゴのヤツらに,에우고 머저리들에게,こ에우고　머저리들에게　우리의　매서운,에우고　머저리들에게　우리의　매서운,,18E5184A56010101,True,18F8E305F2D4F057,1,,,614183,아직　실력은　이　정도가　아니야！！,61419C,우리　힘을　보여　주자고！！,quarantine,unresolved
P4_direct_ext3_text_drift,61421A,scenario_614211,unverified,review_translation_and_runtime_by_bundle,そうか！　私は今……,그렇구나！ 나는 방금……,こ그런가！　난　방금……,그런가！　난　방금……,,18E5183CA50101010101,True,18F69A0301410876F191,1,,,614211,……？,614225,그　녀석이　보통내기가　아니라고　했어。,quarantine,unresolved
P3_direct_ext3_control_adjacent_text_drift,614235,scenario_614211,unverified,confirm_current_text_then_rehome,このわかり方が無意識の反感になる……,"이 불가항력적인 영적 이해가, 내 무의식 속 반감으로 이어지는구나……",こ이해가　무의식의　반감이　되는군……,이해가　무의식의　반감이　되는군……,,18E51802D7010101010101010101010101010101,True,18F362310E277D17A4F0BF05E07AE044F886F191,2,1728,True,614225,그　녀석이　보통내기가　아니라고　했어。,614255,이것이……,quarantine,unresolved
P2_direct_ext3_exact_text,61427C,scenario_614272,unverified,second_batch_representative_runtime_test,何を言おうとしたんだ！？,대체 무슨 말을 털어놓으려던 거요！？,こ대체　무슨　말을　털어놓으려던　거요！？,대체　무슨　말을　털어놓으려던　거요！？,True,18E51802DB0101010101,True,189A157AF8A9FA24F040,1,,,614272,……라이라？,614287,이봐、　라이라！,quarantine,unresolved
P1_direct_ext3_exact_text_control_adjacent,614337,scenario_614323,unverified,high_priority_batch_after_anchor_pass,ライラ……くそぉっ！！,라이라…… 젠장아아아악！！,こ라이라……　젠장아아아악！！,라이라……　젠장아아아악！！,True,18E51802E30101010101,True,18F7C0F191F64209F044,2,1728,True,61432C,왜　이길　수　없지……,61434B,젠장！　두고　보자！！,quarantine,unresolved
P4_direct_ext3_text_drift,6143B7,scenario_6143AB,unverified,review_translation_and_runtime_by_bundle,……すまないな。,……미안하게 되었군.,こ……미안하군。,……미안하군。,,18E5183CA701,True,18F191FC140A,1,,,6143AB,아인　레비인가。,6143BE,멧사라　조정에　시간이　걸렸어。,quarantine,unresolved
P4_direct_ext3_text_drift,6143EC,scenario_6143D0,unverified,review_translation_and_runtime_by_bundle,あんがい、僕らが戦ってるのを,"어쩌면, 우리가 사투를 벌이는 모습을",こ어쩌면　우리가　싸우는　걸,어쩌면　우리가　싸우는　걸,,18E5181B17010101010101010101,True,181F19170407E42EF04839FAB015,1,,,6143DE,아주　여유롭게　등장했군。,6143FB,멀리서　지켜본　건　아니겠지？,quarantine,unresolved
P2_direct_ext3_exact_text,614444,scenario_614424,unverified,second_batch_representative_runtime_test,そのメッサ－ラとかいう,그 멧사라라고 칭하는,こ그　멧사라라고　칭하는,그　멧사라라고　칭하는,True,18E51802F00101,True,18F423FC9BFA48,1,,,614430,늦은　만큼　제대로　해　줘。,61444C,모빌슈트로　말이야。,quarantine,unresolved
P4_direct_ext3_text_drift,614490,scenario_614486,unverified,review_translation_and_runtime_by_bundle,彼の助けが無くとも、私のメッサ－ラを,"그 작자의 조력 따윈 없더라도, 내 멧사라의",こ도움이　없어도、　내　멧사라면,도움이　없어도、　내　멧사라면,,18E5180B84010101010101010101010101,True,189505E0002817A424F17A074105FC9B15,1,,,614486,……뭐、　됐군。,6144A2,충분히　싸울　수　있다。,quarantine,unresolved
P3_direct_ext3_control_adjacent_text_drift,6144B2,scenario_614486,unverified,confirm_current_text_then_rehome,……行くぞ！,……공격하겠다！,こ……간다！,……간다！,,18E5181B380101,True,18F1916BF0EA03,2,1728,True,6144A2,충분히　싸울　수　있다。,6144C3,이、　이　압박감……！！,quarantine,unresolved
P4_direct_ext3_text_drift,6144D1,scenario_6144C3,unverified,review_translation_and_runtime_by_bundle,ララァとも、アムロとも違う……！,"라라아와도, 아무로와도 완전히 이질적이야……！",こ라라아와도、　아무로와도　완전히　이질적,라라아와도、　아무로와도　완전히　이질적,,18E518C2F0010101010101010101,True,18F7F0F17A07F847F17ADA14F60C,1,,,6144C3,이、　이　압박감……！！,6144E0,전혀　다른　타입이야……！,quarantine,unresolved
P4_direct_ext3_text_drift,61451A,scenario_614507,unverified,review_translation_and_runtime_by_bundle,まだアイン・レヴィを殺させるわけには,아직은 아인 레비가 허무하게 사살당하도록,こ아직은　아인　레비가　허무하게　사살당하,아직은　아인　레비가　허무하게　사살당하,,18E518919D010101010101010101010101,True,18F195F5DC2AF76B15E00CF82C31F49808,1,,,61450E,네놈이　시그　웨드너인가。,61452C,없어서　말이지……,quarantine,unresolved
P1_direct_ext3_exact_text_control_adjacent,6145B2,scenario_61459E,unverified,high_priority_batch_after_anchor_pass,落ちろ、カトンボ！！,"추락해라, 하루살이 녀석！！",こ추락해라、　하루살이　녀석！！,추락해라、　하루살이　녀석！！,True,18E51802FF0101010101,True,18E033F21207F927F044,2,1728,True,61459E,죽을　자에게　말할　필요는　없다。,6145C6,큭……웃기지　마라！！,quarantine,unresolved
P3_direct_ext3_control_adjacent_text_drift,614630,scenario_61460F,unverified,confirm_current_text_then_rehome,そう……君のような女性が。,그래…… 자네처럼 강단 있고 훌륭한 여성이.,こ그래……　자네　같은　여성이。,그래……　자네　같은　여성이。,,18E5183BF901010101010101,True,18F426F19161FA27F456170A,2,087F,True,61461F,세상을　이끌어야　한다고　생각한다。,614641,웃기지　마……！！,quarantine,unresolved
P5_non_direct_native_or_other,61469F,scenario_614694,unverified,do_not_autofix_static_false_positive_possible,いかん！,안 되네！,こ안　돼！,안　돼！,,18F68901,,18F7E503,1,,,614694,시그　중위？！,6146A4,혼자　앞서　나가지　마라！！,quarantine,unresolved
P3_direct_ext3_control_adjacent_text_drift,61475A,scenario_614741,unverified,confirm_current_text_then_rehome,そんな風に言うベきのかな？,이런 식으로 대사를 읊조려 줘야 하는 건가？,こ이런　식으로　말해야　하나？,이런　식으로　말해야　하나？,,18E5180C57010101010101010101,True,18F823E1730C7A14DE3205F1351D,2,1728,True,61474E,사이좋게　지내라！』,61476F,………………,quarantine,unresolved
P4_direct_ext3_text_drift,614795,scenario_61477B,unverified,review_translation_and_runtime_by_bundle,ま、死んだからって,"뭐, 저승길로 동반 퇴장당한다고 해서",こ뭐、　죽는다고　해도,뭐、　죽는다고　해도,,18E5181B190101010101,True,182107ADF22EF124F156,1,,,614786,아니면　할　말도　없나？,6147A0,같은　곳에　간다는　보장도　없고……,quarantine,unresolved
P3_direct_ext3_control_adjacent_text_drift,6147B2,scenario_61477B,unverified,confirm_current_text_then_rehome,……そろそろ、お別れといこうか？,"……슬슬, 비참한 작별 인사를 나눠볼까？",こ……슬슬、　작별할까？,……슬슬、　작별할까？,,18E5182BD90101010101010101010101,True,18F191F9240735E0901B1304F3500E1D,2,1728,True,6147A0,같은　곳에　간다는　보장도　없고……,6147CC,……윽！？,quarantine,unresolved
P4_direct_ext3_text_drift,614823,scenario_61480D,unverified,review_translation_and_runtime_by_bundle,そこにいたら撃てないのよ！,네가 그 자리에 버티고 있으면 포격을 할 수 없다고！,こ네가　그　자리에　버티고　있으면　포격을,네가　그　자리에　버티고　있으면　포격을,,18E518031B01010101010101,True,18F618F26A1C7BF819052303,1,,,614815,그런　건　아무래도　상관없잖아！！,614830,……빨리　비키라니까！！,quarantine,unresolved
P4_direct_ext3_text_drift,6148FC,scenario_6148EA,unverified,review_translation_and_runtime_by_bundle,今のうちにアイツをやっつけるわ！,이 어수선한 틈타 저 녀석을 신속하게 뭉개버려야 해！,こ지금　저　녀석을　쓰러뜨릴　거야！,지금　저　녀석을　쓰러뜨릴　거야！,,18E5182C8D010101010101010101,True,1876FAA1F5EC15F2A2F0810F3103,1,,,6148EA,……자세한　얘기는　나중에！！,61490B,……도와줘！！,quarantine,unresolved
P4_direct_ext3_text_drift,61498C,scenario_614971,unverified,review_translation_and_runtime_by_bundle,大切な人を失って、,"자네 생에 가장 소중한 사람을 배신당해 잃은 처지라,",こ소중한　사람을　잃었으니、,소중한　사람을　잃었으니、,,18E518032D010101010101,True,18F01B065015E05DF15607,1,,,61497A,실제로　당할　뻔했으면서。,614998,당신이　화날　마음은　알아……,quarantine,unresolved
P4_direct_ext3_text_drift,6149A9,scenario_614971,unverified,review_translation_and_runtime_by_bundle,……けど、意固地に,"……그렇지만, 지나치게 옹고집을 피우며",こ……하지만、　고집을,……하지만、　고집을,,18E518032F010101010101,True,18F191F49607DDE20A9E0C,1,,,614998,당신이　화날　마음은　알아……,6149B5,부리는　건　좋지　않아요。,quarantine,unresolved
P4_direct_ext3_text_drift,6149F1,scenario_6149E6,unverified,review_translation_and_runtime_by_bundle,アナタに何があったか。,자네의 과거에 어떤 기구한 파멸이 있었는지.,こ당신에게　무슨　일이　있었는지。,당신에게　무슨　일이　있었는지。,,18E518033201010101,True,18F8090C9AFB6D0E0A,1,,,6149E6,……알고　있어요。,6149FB,그　일로　상처받았다는　것도　알아。,quarantine,unresolved
P4_direct_ext3_text_drift,614A27,scenario_614A18,unverified,review_translation_and_runtime_by_bundle,セラさんの仇を討つというなら,세라 언니의 원수를 기필코 청산하려 하신다면,こ세라의　원수를　갚겠다면,세라의　원수를　갚겠다면,,18E5181B1B01010101010101010101,True,18F429F730E2C015E13640F664F515,1,,,614A18,있잖아요、　날　믿어요。,614A37,나도　도울게요……그러니까、　응？,quarantine,unresolved
P5_non_direct_native_or_other,614A5C,scenario_614A49,unverified,do_not_autofix_static_false_positive_possible,………………,………………,こ………………,………………,True,18F617F617,,18F617F617,2,1728,True,614A52,도대체　넌……,614A6D,……아니。,quarantine,unresolved
P4_direct_ext3_text_drift,614A84,scenario_614A6D,unverified,review_translation_and_runtime_by_bundle,君が彼女のことを,자네가 정말로 세라를,こ자네가　정말로　세라를　알고　있고,자네가　정말로　세라를　알고　있고,,18E5183A7A0101,True,186117F383F8CD,1,,,614A76,지금은　캐묻지　말자。,614A8C,정말　알고　있다면……,quarantine,unresolved
P3_direct_ext3_control_adjacent_text_drift,614AC0,scenario_614AB1,unverified,confirm_current_text_then_rehome,いっしょに、アイツを倒すわよ！！,"나와 공동으로, 저 배신자 자식을 참수해 버려요！！",こ같이　그　녀석을　쓰러뜨리자！！,같이　그　녀석을　쓰러뜨리자！！,,18E518033B010101010101010101,True,18FC7407F5EC15E011F1C923F044,2,1728,True,614AB1,그럼　결정이네！！,614AD8,이제　장난은　끝이다。,quarantine,unresolved
P2_direct_ext3_exact_text,614B82,scenario_614B71,unverified,second_batch_representative_runtime_test,仕方ないね、今日のところは,"어쩔 수 없지, 오늘 기동 작전은",こ어쩔　수　없지、　오늘　기동　작전은,어쩔　수　없지、　오늘　기동　작전은,True,18E51803420101010101,True,18F119F7FB07F381FBCC,1,,,614B71,이런　데서　방해가　들어오다니……,614B8D,여기서　철수다。,quarantine,unresolved
P3_direct_ext3_control_adjacent_text_drift,614BF8,scenario_614BEA,unverified,confirm_current_text_then_rehome,今日は出撃してなかったんですね？,오늘은 전선에 참전하지 않고 대기 중이셨던 거군요？,こ오늘은　출격하지　않았군요？,오늘은　출격하지　않았군요？,,18E518034601010101010101010101,True,18F38108F164F5C0F6AEF2221E4D1D,2,0802,True,614BEA,앗、　시그　중위！！,614C0C,날　알고　있나？,quarantine,unresolved
P3_direct_ext3_control_adjacent_text_drift,614C57,scenario_614C47,unverified,confirm_current_text_then_rehome,ムダ話はたいがいにしてもらいたいな。,사적인 쓸데없는 담소는 그쯤 해두는 게 유익할 걸세.,こ잡담은　그쯤　해줬으면　좋겠군。,잡담은　그쯤　해줬으면　좋겠군。,,18E518034B01010101010101010101010101,True,18F07BE02E0811F25AF27CF5CB1CF726060A,2,0809,True,614C4E,지금　전투　중이라고！,614C6E,앗！　죄、　죄송합니다！！,quarantine,unresolved
P4_direct_ext3_text_drift,614C88,scenario_614C6E,unverified,review_translation_and_runtime_by_bundle,こちらファ－レン少尉、,"저는 파렌 소위라고 합니다,",こ저는　파렌　소위라고　합니다、　안만　본,저는　파렌　소위라고　합니다、　안만　본,,18E5181756010101,True,18F70AFBF3F39D07,1,,,614C7C,아가마의　헨켄　함장님이시죠！,614C91,안만에서　증원으로　왔습니다！,quarantine,unresolved
P3_direct_ext3_control_adjacent_text_drift,614CE6,scenario_614CDC,unverified,confirm_current_text_then_rehome,これ以上手間をかけてはいられないな。,더 이상 지체하며 쓸데없이 힘 뺄 틈이 없군.,こ더는　시간을　끌　수　없군。,더는　시간을　끌　수　없군。,,18E5183BFB0101010101010101010101,True,18F36DF3D1F0EFFB25F08A1CF58E060A,2,1728,True,614CDC,……………。,614D00,기함은　저건가……,quarantine,unresolved
P3_direct_ext3_control_adjacent_text_drift,614D73,scenario_614D6A,unverified,confirm_current_text_then_rehome,シグがいない……！？,시그 기체가 보이지 않아……！？,こ시그가　없어……！？,시그가　없어……！？,,18E5182C8E01010101,True,18F50B17F60AF60C1D,2,1728,True,614D6A,……응？,614D88,……난　여기다！,quarantine,unresolved
P4_direct_ext3_text_drift,614DDC,scenario_614DC1,unverified,review_translation_and_runtime_by_bundle,……なぜだ？,……이유가 뭐지？,こ……왜지？,……왜지？,,18E5181CA301,True,18F191F6101D,2,,,614DCF,걸리다니……！,614DE4,こ왜　시스템이　반응하지　않았지！？,quarantine,unresolved
P3_direct_ext3_control_adjacent_text_drift,614DE4,scenario_614DC1,unverified,confirm_current_text_then_rehome,どうしてシステムは反応しなかった！？,어째서 내 경보 시스템이 자네 접근에 반응하지 않았지！？,こ왜　시스템이　반응하지　않았지！？,왜　시스템이　반응하지　않았지！？,,18E5180357010101010101010101,True,18F900F90408F55BF410F6AEF040,2,1728,True,614DDC,こ……왜지？,614E03,……윽！！！,quarantine,unresolved
P3_direct_ext3_control_adjacent_text_drift,614E83,scenario_614E6B,unverified,confirm_current_text_then_rehome,それじゃあ仕方ないね！！,그렇다면 요격당한 것도 인지상정이지！！,こ그럼　어쩔　수　없지！！,그럼　어쩔　수　없지！！,,18E5180C5901010101,True,18FCF4F119F7FBF044,2,1728,True,614E78,뭐야、　그게　다였나！！,614E96,……도망쳤나。,quarantine,unresolved
P4_direct_ext3_text_drift,614F1A,scenario_614EFB,unverified,review_translation_and_runtime_by_bundle,戦いは１人でするものではない……,투쟁은 결코 고고하게 홀로 헤쳐 나가는 성격의 자살 행위가 아니다……,こ싸움은　혼자　하는　게　아니야……,싸움은　혼자　하는　게　아니야……,,18E518036101010101010101010101,True,1839F27FCF50F27D0F2005F9E5F191,2,,,614F0A,너무　집착했던　모양이다。,614F2B,こ놈에게　한방　먹일　수　있어서,quarantine,unresolved
P4_direct_ext3_text_drift,614F2B,scenario_614EFB,unverified,review_translation_and_runtime_by_bundle,ヤツにー矢報いることができて,자네 덕분에 저 배신자 자식의 면상에 유효타를 꽂아 넣고 나서야,こ놈에게　한방　먹일　수　있어서,놈에게　한방　먹일　수　있어서,,18E51874C9010101010101010101010101,True,18F2D40C82E411E04BF29018131716F4EF,1,,,614F1A,こ싸움은　혼자　하는　게　아니야……,614F3D,처음으로　그걸　깨달았네。,quarantine,unresolved
P4_direct_ext3_text_drift,614F95,scenario_614F7D,unverified,review_translation_and_runtime_by_bundle,と、なれば無理をする必要はない。,그렇다면 무리하게 개죽음을 자초할 필요는 없지.,こ그렇다면　무리할　필요는　없다。,그렇다면　무리할　필요는　없다。,,18E5180B88010101010101010101,True,181307F7A0F1BCF849F4F6F6FE0A,1,,,614F7D,아직　운이　내게　기울지　않았나……,614FA4,여기서　물러나지、　에우고！！,quarantine,unresolved
P4_direct_ext3_text_drift,614FC8,scenario_614FBE,unverified,review_translation_and_runtime_by_bundle,これ以上戦闘を続けると、,"이 이상 시스템을 무리하게 기동하며 교전을 지속하면,",こ더　싸움을　계속하면、,더　싸움을　계속하면、,,18E5184B26010101010101,True,18F36DFAF615E061F68907,1,,,614FBE,……슬슬이군。,614FD4,시스템이　과부하를　일으킨다。,quarantine,unresolved
P4_direct_ext3_text_drift,614FE5,scenario_614FBE,unverified,review_translation_and_runtime_by_bundle,悪いけど、決着をつけるのはまた今度だ。,"유감스럽지만, 자네들 목숨을 끊는 배역은 다음 기회로 미루지.",こ미안하지만、　결판은　다음이다。,미안하지만、　결판은　다음이다。,,18E518036801010101010101010101010101,True,18E00FF81507F3F6F977F44BF194F3BA0D0A,1,,,614FD4,시스템이　과부하를　일으킨다。,614FF8,다음엔　반드시　죽여　주마！！,quarantine,unresolved
P4_direct_ext3_text_drift,615033,scenario_61502A,unverified,review_translation_and_runtime_by_bundle,どうやらここまでのようだね。,아무래도 내 기동력은 여기까지인 성싶군.,こ아무래도　여기까지인　모양이네。,아무래도　여기까지인　모양이네。,,18E5181B1D010101010101,True,18F9DAF93405F49EF54B0A,1,,,61502A,………………,61503F,미안하지만　물러나겠어！,quarantine,unresolved
P4_direct_ext3_text_drift,61507E,scenario_615067,unverified,review_translation_and_runtime_by_bundle,全機、ティタ－ンズとの戦闘に回れ！,"전 기체, 티탄즈 부대 요격에 총력을 다하라！",こ전　기체、　티탄즈와의　전투로！,전　기체、　티탄즈와의　전투로！,,18E5183B2B01010101010101010101,True,18F56D07FDC4F17FF3370CE0251B03,1,,,61506E,이제　마음　놓고　싸울　수　있겠군！！,61508E,단숨에　적을　격퇴한다！！,quarantine,unresolved
P3_direct_ext3_control_adjacent_text_drift,615115,scenario_615103,unverified,confirm_current_text_then_rehome,これは……！！,이 기류는……！！,こ이건……！！,이건……！！,,18E518183A01,True,18F630F60C03,2,1728,True,61510C,자、　잠깐　기다려　주십시오！！,615125,새　적이라고！？,quarantine,unresolved
P1_direct_ext3_exact_text_control_adjacent,61515B,scenario_61513B,unverified,high_priority_batch_after_anchor_pass,……バスク大佐！,……바스크 대령님！,こ……바스크　대령님！,……바스크　대령님！,True,18E5180375010101,True,18F191F66BF05D03,2,1728,True,615150,이　꼴인가！,61516D,……음。,quarantine,unresolved
P2_direct_ext3_exact_text,615258,scenario_615235,unverified,second_batch_representative_runtime_test,これは、ネオ・ジオン総帥,"이것은, 우리 네오 지온의 총수",こ이것은、　우리　네오　지온의　총수,이것은、　우리　네오　지온의　총수,True,18E518C303010101010101,True,18F63007F1002AF7ABF0C6,1,,,615245,티탄즈에　회담을　제안한다。,615264,미네바　자비　각하의　뜻이다！！,quarantine,unresolved
P3_direct_ext3_control_adjacent_text_drift,6152F1,scenario_6152CA,unverified,confirm_current_text_then_rehome,……彼らの意図を直接確認できる。,……　그들의　의도를　직접　확인할　수　있다.,こ……그들의　의도를　직접　확인한다。,……그들의　의도를　직접　확인한다。,,18E5182BDC0101010101010101010101,True,18F19195F059F16615F29FF45FF64F0A,2,082B,True,6152E2,어떤　의미론　호재라고　할　수　있군。,615306,그리　좋은　수는　아니지만……,quarantine,unresolved
P4_direct_ext3_text_drift,61533C,scenario_615321,unverified,review_translation_and_runtime_by_bundle,出席が認められるのは,출석이　인정되는　것은,こ참석이　허용되는　건,참석이　허용되는　건,,18E5183CAD0101010101,True,18F11417E050F9CAF44B,1,,,61532C,사다란을　제시해　왔습니다。,615347,양측　대표와　수행원　몇　명。,quarantine,unresolved
P2_direct_ext3_exact_text,61535B,scenario_615321,unverified,second_batch_representative_runtime_test,ティタ－ンズにも同様の申し入れが,티탄즈에도　비슷한　신청이　있습니다.,こ티탄즈에도　비슷한　신청이　있습니다。,티탄즈에도　비슷한　신청이　있습니다。,True,18E518C309010101010101010101,True,18FDC4F462F27305E0EF12BF1B17,1,,,615347,양측　대표와　수행원　몇　명。,61536A,들어온　모양입니다。,quarantine,unresolved
P2_direct_ext3_exact_text,615397,scenario_61537F,unverified,second_batch_representative_runtime_test,……受けるしかないだろう。,……받을　수밖에　없을　것이다.,こ……받을　수밖에　없을　것이다。,……받을　수밖에　없을　것이다。,True,18E5189391010101010101010101,True,18F191E009F4A2F431F526F5AE0A,2,,,615386,선수를　빼앗길　수는　없지……,6153A7,こ참석자는　나와　크와트로　대위。,quarantine,unresolved
P4_direct_ext3_text_drift,6153A7,scenario_61537F,unverified,review_translation_and_runtime_by_bundle,出席者は私とクワトロ大尉。,참석자는　나와　콰트로　대위.,こ참석자는　나와　크와트로　대위。,참석자는　나와　크와트로　대위。,,18E518C30A01010101010101,True,18F1149F084113FB96F08E0A,1,,,615397,こ……받을　수밖에　없을　것이다。,6153B4,수행원은　자네가　골라　주게。,quarantine,unresolved
P4_direct_ext3_text_drift,6153DF,scenario_6153CA,unverified,review_translation_and_runtime_by_bundle,それと、万ーの場合に備えて,그리고　만일　경우에　대비하여,こ그리고　만일　경우에　대비하여　아가마에,그리고　만일　경우에　대비하여　아가마에,,18E51837DC0101010101010101,True,18F5AB07F33B05F30C0CC5F11E,1,,,6153CA,……그럼　레코아　소위와　시그　중위를。,6153ED,아가마에　지휘　대리를　남기겠습니다。,quarantine,unresolved
P2_direct_ext3_exact_text,615465,scenario_615444,unverified,second_batch_representative_runtime_test,我々を呼びつけるとはハマ－ン・カ－ン……,우리를　부르는　것은　하만　칸…,こ우리를　부르는　것은　하만　칸…,우리를　부르는　것은　하만　칸…,True,18E518C3120101010101010101010101010101,True,186A7115E070E051F081F691FA292AF58DF191,1,,,615454,네오지온　기함에서　회담이라。,615479,대체　무슨　생각이지。,quarantine,unresolved
P4_direct_ext3_text_drift,6154D9,scenario_6154B6,unverified,review_translation_and_runtime_by_bundle,なに、たかがジオンの残党どもに,"뭐,　타카가　지온의　잔당",こ뭐、고작　지온　잔당　따위에게,뭐、고작　지온　잔당　따위에게,,18E5180D120101010101010101,True,18F51C07F80DF7AB05F210F5E0,1,,,6154C5,손잡을　기회를　줄　순　없다。,6154E7,나를　해칠　배짱은　없을　테지。,quarantine,unresolved
P4_direct_ext3_text_drift,615529,scenario_61550E,unverified,review_translation_and_runtime_by_bundle,随員にはフロスト兄弟と,직원에게는　서리　형제와,こ수행원으론　프로스트　형제와,수행원으론　프로스트　형제와,,18E5183CAF0101010101,True,18F2AEF467F99BF1B913,1,,,615517,넌　도고스　기어에　남아라。,615534,팝티머스　시로코를　데려가겠다。,quarantine,unresolved
P4_direct_ext3_text_drift,615551,scenario_615545,unverified,review_translation_and_runtime_by_bundle,よりによってあのような者どもを,더　많은　사람들을,こ하필　그런　자들을,하필　그런　자들을,,18E5184CB00101010101010101,True,18F488FA78F3DAF49E069FF5E5,1,,,615545,뭐……각하！,61555F,데려가시다니……,quarantine,unresolved
P2_direct_ext3_exact_text,61557F,scenario_61556C,unverified,second_batch_representative_runtime_test,それに、ヤツらはいざという場合に,"게다가,　녀석들은　만일의　경우",こ게다가、　녀석들은　만일의　경우,게다가、　녀석들은　만일의　경우,True,18E518939E0101010101010101010101,True,18F5AC07F2D4F05B04E006F664F30C0C,1,,,61556C,자네는　협상에　맞지　않는다。,615590,버릴　수　있는　자들이기도　하지。,quarantine,unresolved
P4_direct_ext3_text_drift,6155A2,scenario_61556C,unverified,review_translation_and_runtime_by_bundle,……安心しろ、バスク。,"……안심해,　바스크.",こ……안심해、　바스크。　나에게　충성스러,……안심해、　바스크。　나에게　충성스러,,18E5183A54010101010101,True,18F191F482F3FD07F66B0A,1,,,615590,버릴　수　있는　자들이기도　하지。,6155AE,충성스러운　자들도　호위로　데려간다。,quarantine,unresolved
P1_direct_ext3_exact_text_control_adjacent,6155F9,scenario_6155D1,unverified,high_priority_batch_after_anchor_pass,後のことは任せたぞ。,뒷일은 자네에게 맡기겠네.,こ뒷일은　자네에게　맡기겠네。,뒷일은　자네에게　맡기겠네。,True,18E518037F010101,True,18AFF949D8F7530A,2,0853,True,6155E6,감시하고　있으면　된다。,615606,……………,quarantine,unresolved
P4_direct_ext3_text_drift,615692,scenario_615672,unverified,review_translation_and_runtime_by_bundle,それに、私にはテンプテ－ションに収容した,"게다가, 저에게는 템테이션 호에 수용한",こ또　템테이션에　수용한　민간인을,또　템테이션에　수용한　민간인을,,18E5184B28010101010101010101,True,18F5AC0741F467FEA70CF480F41B,1,,,61567E,함선을　두　번이나　잃은　함장입니다。,6156A1,민간인을　안전한　곳에　보낼　임무가……,quarantine,unresolved
P4_direct_ext3_text_drift,615701,scenario_6156E3,unverified,review_translation_and_runtime_by_bundle,それに、君の指揮官としての力は,"게다가, 자네의 지휘관으로서의 재능은",こ게다가　자네의　지휘관　능력은,게다가　자네의　지휘관　능력은,,18E5183B2C01010101010101,True,18F5AC076105F59FFB925708,1,,,6156F2,난　이제　너무　늙었네。,61570E,나도　높이　평가하고　있네。,quarantine,unresolved
P4_direct_ext3_text_drift,61571B,scenario_6156E3,unverified,review_translation_and_runtime_by_bundle,君ならばきっと立派に務めてくれると,자네라면 필히 훌륭하게 완수해 내리라,こ자네라면　훌륭히　해낼　거라,자네라면　훌륭히　해낼　거라,,18E5181CA801010101010101010101010101,True,1861F67732F15AF49C0CE06FF3F724F04713,1,,,61570E,나도　높이　평가하고　있네。,61572E,나는　믿고　있네。,quarantine,unresolved
P4_direct_ext3_text_drift,61579F,scenario_615787,unverified,review_translation_and_runtime_by_bundle,まだまだヒヨっこだが、これからの戦いに,"아직 한참 풋내기 신참들이지만, 향후 치열해질 전역에",こ아직　풋내기지만、　앞으로의　싸움엔,아직　풋내기지만、　앞으로의　싸움엔,,18E5180393010101010101010101010101,True,18F8C7E095E2E70918F53807FC1939F27C,1,,,615794,자네들에게　맡기겠네。,6157B1,전력이　많을수록　좋겠지。,quarantine,unresolved
P4_direct_ext3_text_drift,6157F4,scenario_6157DA,unverified,review_translation_and_runtime_by_bundle,アナハイム・エレクトロニクスより、,"애너하임 일렉트로닉스 본사로부터,",こ애너하임　일렉트로닉스에서,애너하임　일렉트로닉스에서,,18E5181B1F01010101010101010101,True,18FC732A58333D3E3C603D2FF48807,1,,,6157E6,지금　아가마에　부임했습니다！,615804,신형　모빌슈트를　맡아　왔습니다。,quarantine,unresolved
P4_direct_ext3_text_drift,615846,scenario_615835,unverified,review_translation_and_runtime_by_bundle,ずっと中尉のままなのは、,"여태 중위 직함에 정체되어 머무는 것은,",こ계속　중위인　건、,계속　중위인　건、,,18E5180B8B0101010101,True,18F6E6F559F5B6F74607,1,,,615835,오랜만이네요、　시그　중위。,615851,중위의　근무　태도　때문일까요？,quarantine,unresolved
P2_direct_ext3_exact_text,6158AA,scenario_61589F,unverified,second_batch_representative_runtime_test,まさか、君は,"설마, 자네는",こ설마、　자네는,설마、　자네는,True,18E518039C01,True,18F845076108,1,,,61589F,……앗！！,6158B1,브라드　중령의……？！,quarantine,unresolved
P2_direct_ext3_exact_text,6158D2,scenario_6158BE,unverified,second_batch_representative_runtime_test,ミアン・ファ－レン少尉、,"미안 파렌 소위,",こ미안　파렌　소위、,미안　파렌　소위、,True,18E5181B2001010101,True,18F6DB2AFBF3F39D07,1,,,6158BE,아、　역시　잊고　있었군요。,6158DC,지금은　에우고　파일럿입니다！,quarantine,unresolved
P4_direct_ext3_text_drift,6158EB,scenario_6158BE,unverified,review_translation_and_runtime_by_bundle,補充兵としてア－ガマに勤務することに,이번 전역의 보충병 사양으로 아가마에 배속되어 근무하게,こ보충병으로　아가마에　근무하게,보충병으로　아가마에　근무하게,,18E51803A001010101010101010101010101010101,True,18E160E32AE036F80CFB780CE41FE06FF1CB18130C,1,,,6158DC,지금은　에우고　파일럿입니다！,615901,됐으니　잘　부탁드려요！！,quarantine,unresolved
P1_direct_ext3_exact_text_control_adjacent,615920,scenario_615915,unverified,high_priority_batch_after_anchor_pass,よろしく……たのむ。,아무쪼록…… 잘 부탁하네.,こ아무쪼록……　잘　부탁하네。,아무쪼록……　잘　부탁하네。,True,18E51803A2010101,True,18F9EAF191F6C80A,2,1728,True,615915,아、　그래……,615932,설마　네오지온이　나타나다니、,quarantine,unresolved
P3_direct_ext3_control_adjacent_text_drift,615993,scenario_615977,unverified,confirm_current_text_then_rehome,それだけ乗じる隙ができるというものだ。,그만큼 우리가 파고들어 이용할 틈새가 생긴 셈이지.,こ그만큼　파고들　틈이　생긴　거지。,그만큼　파고들　틈이　생긴　거지。,,18E51803A501010101010101010101010101,True,18F90FE07CF2D1E40F17FA44041420050D0A,2,0835,True,615986,에우고도　티탄즈도　흔들리고　있다。,6159AA,자미토프　하이만에게는,quarantine,unresolved
P4_direct_ext3_text_drift,6159C8,scenario_6159AA,unverified,review_translation_and_runtime_by_bundle,どれほど効果があるかはわからぬが、,"그 서한이 얼마나 유효하게 작용할지는 미지수이나,",こ얼마나　효과가　있을진　모르지만、,얼마나　효과가　있을진　모르지만、,,18E51803A8010101010101010101010101,True,18361BF16AF0AAF587F12C31F124CB1707,1,,,6159B5,이미　자네의　혈판서를　전했네。,6159DA,자네를　각인시키는　덴　성공했겠지。,quarantine,unresolved
P3_direct_ext3_control_adjacent_text_drift,615A0D,scenario_6159F5,unverified,confirm_current_text_then_rehome,共に、アクシズへ向かうことになる。,그에 따라 각하와 동행하여 액시즈로 향하게 될 걸세.,こ함께　액시즈로　향하게　된다。,함께　액시즈로　향하게　된다。,,18E51803AB0101010101010101010101,True,18E07D0C07FB7491D5F1451813F8860A,2,0835,True,6159F5,자미토프　각하의　수행원으로　지명됐어。,615A22,흠……,quarantine,unresolved
P4_direct_ext3_text_drift,615AA2,scenario_615A8E,unverified,review_translation_and_runtime_by_bundle,彼女との戦いで、アレがまだ,"그 기집애와의 난타전 과정에서, 아직 그것이",こ그녀와　싸우며、　그게　아직,그녀와　싸우며、　그게　아직,,18E51803B00101010101010101,True,18F383F17F39F27607F2FAF5FD,1,,,615A8E,아는　사람을　만나서……조금、　그래。,615AB0,내　뜻대로　안　된다는　걸　깨달았어。,quarantine,unresolved
P4_direct_ext3_text_drift,615AE6,scenario_615AC8,unverified,review_translation_and_runtime_by_bundle,不都合があったのなら,기동에 문제나 에러가 식별되었다면,こ기동에　문제나　에러가　식별되었다면　현,기동에　문제나　에러가　식별되었다면　현,,18E5184793010101,True,18F7ECFB6D05F515,1,,,615ADA,시험용　미완성품일　뿐이야。,615AEF,수정하면　그만이지。,quarantine,unresolved
P4_direct_ext3_text_drift,615B01,scenario_615AC8,unverified,review_translation_and_runtime_by_bundle,道具に感情移入するのは,단순 도구 따위에 감정을 이입하고 흔들리는 것은,こ도구에　감정을　이입하는　건,도구에　감정을　이입하는　건,,18E5184B2C0101010101,True,18F4370CFA0DF1CBF44B,1,,,615AEF,수정하면　그만이지。,615B0C,좋지　않은　경향이야。,quarantine,unresolved
P1_direct_ext3_exact_text_control_adjacent,615C15,scenario_615BF2,unverified,high_priority_batch_after_anchor_pass,だとしたら大したことのない……,만약 그렇다면 실로 하찮은 수준의……,こ만약　그렇다면　실로　하찮은　수준의……,만약　그렇다면　실로　하찮은　수준의……,True,18E51803BF0101010101010101,True,18F547F5DA5CF97D05F526F191,2,1728,True,615C04,우리가　겁먹을　줄　아나？,615C29,………………,quarantine,unresolved
P4_direct_ext3_text_drift,615D0E,scenario_615CF3,unverified,review_translation_and_runtime_by_bundle,まずは会談の申し出、,"우선 우리의 평화 회담 개최 제안을,",こ우선　회담　제안을　흔쾌히,우선　회담　제안을　흔쾌히,,18E5181B23010101010101,True,18F84FF2D905E0EF126F07,1,,,615D02,티탄즈의　자미토프　하이만……,615D1A,흔쾌히　받아　줘서　기쁘게　생각하네。,quarantine,unresolved
P2_direct_ext3_exact_text,615D2E,scenario_615CF3,unverified,second_batch_representative_runtime_test,私、ジオン・ダイクンの,"저, 지온 줌 다이쿤의",こ저、　지온　줌　다이쿤의,저、　지온　줌　다이쿤의,True,18E518C32601010101,True,184107F7AB2AF99A05,1,,,615D1A,흔쾌히　받아　줘서　기쁘게　생각하네。,615D38,후계자인　미네바　자비는、,quarantine,unresolved
P4_direct_ext3_text_drift,615D45,scenario_615CF3,unverified,review_translation_and_runtime_by_bundle,スぺ－スノイドを代表する者として,우주 이민자들을 대표하는 군주로서,こ스페이스노이드를　대표해、,스페이스노이드를　대표해、,,18E5183B31010101010101,True,18FE4D15F1E7F1CB9FF80C,1,,,615D38,후계자인　미네바　자비는、,615D51,유익한　관계를　쌓고　싶다。,quarantine,unresolved
P1_direct_ext3_exact_text_control_adjacent,615D94,scenario_615D85,unverified,high_priority_batch_after_anchor_pass,シャア・アズナブルだね！！,샤아 아즈나블 대령이 맞군！！,こ샤아　아즈나블　대령이　맞군！！,샤아　아즈나블　대령이　맞군！！,True,18E518C3290101010101,True,18F7F12AFBC4F54BF044,2,082B,True,615D85,……앗！　샤아！！,615DA3,………………,quarantine,unresolved
P4_direct_ext3_text_drift,615DBB,scenario_615DAF,unverified,review_translation_and_runtime_by_bundle,かわりないようだね。また会えて嬉しい。,건강해 보이는구나. 다시 해후하게 되어 매우 반갑다.,こ변함없구나。　다시　만나　기쁘다。,변함없구나。　다시　만나　기쁘다。,,18E51803CE01010101010101010101010101010101,True,180EF23EF526F49EF54B0AF194C1F11EE1A0F45C0A,1,,,615DAF,역시　샤아다！！,615DD1,놀아　준　것도　기억하고　있어！！,quarantine,unresolved
P4_direct_ext3_text_drift,615E61,scenario_615E49,unverified,review_translation_and_runtime_by_bundle,いよいよネオ・ジオンの動き出す時が来た。,마침내 우리 네오 지온이 전면에 거병할 때가 도래했네.,こ드디어　네오　지온이　움직일　때다。,드디어　네오　지온이　움직일　때다。,,18E518C32D010101010101010101010101010101,True,18F28EF28EF1002AF7AB05AA326F1EB7179B110A,1,,,615E49,오랜　정찰、　수고했네、　샤아。,615E76,자비　가문　재건에　힘을　빌려주게。,quarantine,unresolved
P4_direct_ext3_text_drift,615E85,scenario_615E49,unverified,review_translation_and_runtime_by_bundle,スぺ－スノイドの真の繁栄は,우주 이민자들의 진정한 번영은,こ우주　이민자들의　진정한　번영은　지온의,우주　이민자들의　진정한　번영은　지온의,,18E518389801010101010101,True,18FE4D05E08405E4A6E1C808,1,,,615E76,자비　가문　재건에　힘을　빌려주게。,615E92,지온의　부흥에　달려　있다……,quarantine,unresolved
P4_direct_ext3_text_drift,615F95,scenario_615F7E,unverified,review_translation_and_runtime_by_bundle,ジオンの亡霊とやらに地球をかき回される,망령된 지온의 패잔병 녀석들이 소동을 피워 지구를 어지럽히기,こ지온의　망령들이　지구를　뒤흔들기,지온의　망령들이　지구를　뒤흔들기,,18E518C32F0101010101010101010101010101,True,18F7AB05F215133AF057F570150E32E025F841,1,,,615F7E,널　살려　두는　것보다　위험이　적다。,615FA9,전에、　하만　칸、　너를……,quarantine,unresolved
P4_direct_ext3_text_drift,6162C7,scenario_6162B7,unverified,review_translation_and_runtime_by_bundle,こうなったらグズグズしてはおれん！,일이 이 지경이 된 이상 망설일 틈이 없네！,こ이젠　꾸물거릴　때가　아니다！,이젠　꾸물거릴　때가　아니다！,,18E5184B2F01010101010101,True,18FD32F8DCF413F08C1B1903,1,,,6162B7,회담에서　무슨　일이　있었군！,6162D4,우리도　응전　준비를！！,quarantine,unresolved
P2_direct_ext3_exact_text,6162F8,scenario_6162E6,unverified,second_batch_representative_runtime_test,モビルス－ツ隊発進！,모빌슈트 부대 전 기 발진！,こ모빌슈트　부대　전　기　발진！,모빌슈트　부대　전　기　발진！,True,18E51803ED01,True,18FD79F75C03,2,,,6162E6,……각원、　전투　배치！！,616300,こ티탄즈와,quarantine,unresolved
P5_non_direct_native_or_other,616300,scenario_6162E6,unverified,do_not_autofix_static_false_positive_possible,ティタ－ンズと,티탄즈와,こ티탄즈와,티탄즈와,True,18F74901,,18FDC413,1,,,6162F8,こ모빌슈트　부대　전　기　발진！,616305,네오지온　공격에　대비하라！！,quarantine,unresolved
P3_direct_ext3_control_adjacent_text_drift,6163B4,scenario_616393,unverified,confirm_current_text_then_rehome,私が行きます！！,제가 미끼 역으로 출격하겠습니다！！,こ제가　가겠습니다！！,제가　가겠습니다！！,,18E5184CB3010101,True,1841176BF5B9F044,2,1728,True,6163A4,할　수는　없습니다。,6163C3,……레코아　소위！！,quarantine,unresolved
P4_direct_ext3_text_drift,6164CF,scenario_6164AE,unverified,review_translation_and_runtime_by_bundle,き、君が……,"자, 자네가……",こ자、　자네가……　자네가　앞으로　우리,자、　자네가……　자네가　앞으로　우리,,18E5181A540101,True,1832076117F191,1,,,6164BF,나는……이제　가망이　없어……,6164D7,자네가　에우고의　지휘를　맡게……,quarantine,unresolved
P1_direct_ext3_exact_text_control_adjacent,6164E5,scenario_6164AE,unverified,high_priority_batch_after_anchor_pass,シャア・アズナブル……うっ！,샤아 아즈나블…… 윽！,こ샤아　아즈나블……　윽！,샤아　아즈나블……　윽！,True,18E518C335010101010101,True,18F7F12AFBC4F191F1EB03,2,082B,True,6164D7,자네가　에우고의　지휘를　맡게……,6164F5,주、　준장님……！？,quarantine,unresolved
P4_direct_ext3_text_drift,616574,scenario_61655D,unverified,review_translation_and_runtime_by_bundle,ティタ－ンズだろうがエゥ－ゴだろうが、,"상대가 비열한 티탄즈든 오만한 에우고 녀석들이든,",こ티탄즈든　에우고든、,티탄즈든　에우고든、,,18E51804070101010101,True,18FDC4FB36F8E3FB3607,1,,,616564,굳이　감시할　필요도　없다！！,61657F,내가　완전히　박살　내　주마！！,quarantine,unresolved
P2_direct_ext3_exact_text,616631,scenario_61661F,unverified,second_batch_representative_runtime_test,……あっ、いや！,"……앗, 아뇨！",こ……앗、　아뇨！,……앗、　아뇨！,True,18E518041101010101,True,18F191F3D607F28C03,2,,,616627,이것도　기록하고　있나！？,61663C,こ아～～,quarantine,unresolved
P4_direct_ext3_text_drift,61663C,scenario_61661F,unverified,review_translation_and_runtime_by_bundle,あ～～,아~~,こ아～～,아～～,,18E518E4A601,True,181FE0F5E0F5,2,,,616631,こ……앗、　아뇨！,616644,こ………………,quarantine,unresolved
P5_non_direct_native_or_other,616644,scenario_61661F,unverified,do_not_autofix_static_false_positive_possible,………………,………………,こ………………,………………,True,18F617F617,,18F617F617,2,1728,True,61663C,こ아～～,616653,그래서　마슈마는　도망쳤습니다。,quarantine,unresolved
P4_direct_ext3_text_drift,616682,scenario_616679,unverified,review_translation_and_runtime_by_bundle,あんな女に大きな胸をされ……,저따위 기집애한테 그 거대한 가슴을……,こ저런　여자한테　잘난　척을　당하고……,저런　여자한테　잘난　척을　당하고……,,18E5183BFE01010101010101010101,True,18F5F3970C5CF4ECE22915F35BF191,2,,,616679,정말이지……！,616693,こ아니、　틀렸군！,quarantine,unresolved
P4_direct_ext3_text_drift,616693,scenario_616679,unverified,review_translation_and_runtime_by_bundle,いや、ちがった！,"아니, 말이 헛나왔군！",こ아니、　틀렸군！,아니、　틀렸군！,,18E5183B3401010101,True,18F28C073BF03F1103,1,,,616682,こ저런　여자한테　잘난　척을　당하고……,61669D,잘난　척을　당하다니……！！,quarantine,unresolved
P4_direct_ext3_text_drift,616832,scenario_616813,unverified,review_translation_and_runtime_by_bundle,閣下の遺言だ。,이것은 서거하신 각하의 마지막 유언일세.,こ각하의　유언이다。,각하의　유언이다。,,18E5180429010101,True,18F0E405F1AF0D0A,1,,,616820,……네오지온　손에。,61683B,이후　티탄즈　지휘는　내가　맡는다。,quarantine,unresolved
P4_direct_ext3_text_drift,616861,scenario_61684E,unverified,review_translation_and_runtime_by_bundle,ジャミトフ閣下が貴様のようなものに,평소 출신도 불분명한 네놈 따위 작자에게,こ자미토프　각하가　네놈　따위에게,자미토프　각하가　네놈　따위에게,,18E5183B360101010101010101,True,18FCA5F0E417F1C0FA2720050C,1,,,61684E,……뭐？！　바、　바보　같은！！,61686F,뒤를　맡길　리　없다！！,quarantine,unresolved
P4_direct_ext3_text_drift,61689B,scenario_616889,unverified,review_translation_and_runtime_by_bundle,ジャミトフ閣下の意志は遂行せねばならん。,서거하신 각하의 숭고한 영은 군인으로서 받들어 완수해야 하네.,こ자미토프　각하의　뜻은　완수해야　해。,자미토프　각하의　뜻은　완수해야　해。,,18E518042E01010101010101010101,True,18FCA5F0E405F13008E44C6BFD9B0A,1,,,616889,……거기까지다、　바스크　옴　대령。,6168AB,미안하지만、　귀관을　구속하겠네。,quarantine,unresolved
P4_direct_ext3_text_drift,616926,scenario_616912,unverified,review_translation_and_runtime_by_bundle,ジャミトフ閣下はネオ・ジオンと,우리의 위대한 자미토프 각하께서는 네오 지온과,こ자미토프　각하는　네오　지온과,자미토프　각하는　네오　지온과,,18E518C33901010101010101,True,18FCA5F0E408F1002AF7AB13,1,,,616912,티탄즈　전　장병에게　고한다！！,616933,에우고의　공모로　암살됐다！！,quarantine,unresolved
P4_direct_ext3_text_drift,616945,scenario_616912,unverified,review_translation_and_runtime_by_bundle,この卑劣極まりない行為を,우리는 이 파렴치하고 천인공노할 악행을,こ우리는　이　파렴치하고　천인공노할,우리는　이　파렴치하고　천인공노할,,18E51874CF0101010101010101010101,True,18F362E25EE29DE1F22127F526F4D515,1,,,616933,에우고의　공모로　암살됐다！！,616956,용서할　수는　없다！,quarantine,unresolved
P2_direct_ext3_exact_text,616964,scenario_616912,unverified,second_batch_representative_runtime_test,ティタ－ンズの兵士諸君よ！,영광스러운 티탄즈의 전사 장병들이여！,こ영광스러운　티탄즈의　전사　장병들이여！,영광스러운　티탄즈의　전사　장병들이여！,True,18E5180437010101,True,18FDC405FA5A2303,1,,,616956,용서할　수는　없다！,61696D,내게　힘을　빌려다오！！,quarantine,unresolved
P3_direct_ext3_control_adjacent_text_drift,61697A,scenario_616912,unverified,confirm_current_text_then_rehome,共に、閣下の無念を晴らすのだ！,"우리 다 함께, 각하의 원통한 서거를 피로써 갚아주자！",こ함께　각하의　한을　풀자！,함께　각하의　한을　풀자！,,18E5180439010101010101010101010101,True,18E07D0C07F0E405F1AE15E1BB1CF78303,2,1728,True,61696D,내게　힘을　빌려다오！！,616995,……크와트로　대위？！,quarantine,unresolved
P1_direct_ext3_exact_text_control_adjacent,6169A2,scenario_616995,unverified,high_priority_batch_after_anchor_pass,大尉っ！　レコア少尉！！,대위님！ 레코아 소위！！,こ대위님！　레코아　소위！！,대위님！　레코아　소위！！,True,18E518043B01010101010101,True,18F08E090301F791F39DF044,2,1728,True,616995,……크와트로　대위？！,616A19,………………,quarantine,unresolved
P4_direct_ext3_text_drift,616A53,scenario_616A3D,unverified,review_translation_and_runtime_by_bundle,レコア少尉、,"레코아 소위,",こ레코아　소위、　자네는　지체하지　말고,레코아　소위、　자네는　지체하지　말고,,18E5184A1101,True,18F791F39D07,1,,,616A45,시그　중위의　모습이　보이지　않네。,616A5A,자네는　먼저　탈출하게。,quarantine,unresolved
P3_direct_ext3_control_adjacent_text_drift,616A66,scenario_616A3D,unverified,confirm_current_text_then_rehome,私は彼を探してから……,나는 현장에 남은 저 친구를 구조해 수색한 뒤……,こ나는　그를　찾은　뒤에……,나는　그를　찾은　뒤에……,,18E5183BFF010101010101,True,1841089515E182F93EF191,2,1728,True,616A5A,자네는　먼저　탈출하게。,616A78,……잠깐만요！,quarantine,unresolved
P4_direct_ext3_text_drift,616B27,scenario_616B1A,unverified,review_translation_and_runtime_by_bundle,私は何にも頼らず、,"나는 평생 누구의 조력에도 의탁하지 않고,",こ난　아무것에도　기대지　않고、,난　아무것에도　기대지　않고、,,18E5180449010101010101,True,1841089AF462E075F04B07,1,,,616B1A,뭐……괜찮아。,616B33,계속　혼자　헤쳐　왔어。,quarantine,unresolved
P3_direct_ext3_control_adjacent_text_drift,616B46,scenario_616B1A,unverified,confirm_current_text_then_rehome,この程度の危機など、大したことはない。,"이따위 전장 위기 꼬락서니는, 내겐 하등의 장벽조차 되지 않아.",こ이　정도　위기는　대수롭지　않다。,이　정도　위기는　대수롭지　않다。,,18E518044B010101010101010101010101,True,18F362F23F05F16EF51F075CF97DF6FE0A,2,087F,True,616B33,계속　혼자　헤쳐　왔어。,616B5C,……네？,quarantine,unresolved
P4_direct_ext3_text_drift,616D85,scenario_616D77,unverified,review_translation_and_runtime_by_bundle,ちょっとワケありでね……,개인적으로 피치 못할 골치 아픈 사정이 있어서……,こ조금　사정이　있어서……,조금　사정이　있어서……,,18E5180459010101010101,True,18F9ABF15D1FF2274DF191,1,,,616D77,난　쥬도　아시타야。,616D91,네오지온　전함에　숨어들었지。,quarantine,unresolved
P1_direct_ext3_exact_text_control_adjacent,616DDC,scenario_616DC1,unverified,high_priority_batch_after_anchor_pass,さっ、逃げるよ！！,"자, 어서 튀자！！",こ자、　어서　튀자！！,자、　어서　튀자！！,True,18E518045D0101010101,True,18F34007E015F82FF044,2,1728,True,616DD0,그냥　둘　순　없잖아！,616DF0,오、　크와트로　대위！！,quarantine,unresolved
P2_direct_ext3_exact_text,616DFE,scenario_616DF0,unverified,second_batch_representative_runtime_test,……よし！,……좋아！,こ……좋아！,……좋아！,True,18E5182B7701,True,18F191F49003,1,,,616DF0,오、　크와트로　대위！！,616E05,이제　싸움에　전념할　수　있겠군！,quarantine,unresolved
P4_direct_ext3_text_drift,616E12,scenario_616DF0,unverified,review_translation_and_runtime_by_bundle,クワトロ大尉たちの無事が確認された！,크와트로 대위 일행의 무사 신변이 확인되었다！,こ크와트로　대위　일행은　무사합니다！,크와트로　대위　일행은　무사합니다！,,18E518436801010101010101010101,True,18FB96F08EF761F20417F45FF83303,1,,,616E05,이제　싸움에　전념할　수　있겠군！,616E22,전　기체、　반격을　개시하라！！,quarantine,unresolved
P5_non_direct_native_or_other,616E75,scenario_616E65,unverified,do_not_autofix_static_false_positive_possible,おいっ！,야！,こ어이！,어이！,,18FC9101,,18F79803,1,,,616E65,설마、　도고스　기어가？！,616E7A,누구　없나！！,quarantine,unresolved
P4_direct_ext3_text_drift,616F04,scenario_616EFB,unverified,review_translation_and_runtime_by_bundle,この分ならば放っておいても,이 형세라면 굳이 우리가 화력을 낭비해 개입하지 않아도,こ이대로면　내버려둬도,이대로면　내버려둬도,,18E5180469010101010101010101,True,18F362A3F677E037F156F2450B20,1,,,616EFB,후후후……,616F13,티탄즈는　자멸하겠군……,quarantine,unresolved
P4_direct_ext3_text_drift,616F1F,scenario_616EFB,unverified,review_translation_and_runtime_by_bundle,後はエゥ－ゴに任せるとするか。,남은 잔당 설거지는 에우고 녀석들의 손에 맡겨두지.,こ나머지는　에우고에　맡기지。,나머지는　에우고에　맡기지。,,18E5180D190101010101010101,True,18AF08F8E30CD8F556F6F70E0A,1,,,616F13,티탄즈는　자멸하겠군……,616F2D,전　기체、철수하라！！,quarantine,unresolved
P2_direct_ext3_exact_text,616F85,scenario_616F7A,unverified,second_batch_representative_runtime_test,……全軍、撒退せよ！！,"……　전군,　철퇴하라！　！",こ……　전군、　철퇴하라！！,……　전군、　철퇴하라！！,True,18E51893A001010101010101,True,18F191F58407F238F557F044,2,,,616F7A,때가　됐군……,616F93,こ네오　지온은　에우고와,quarantine,unresolved
P4_direct_ext3_text_drift,616F93,scenario_616F7A,unverified,review_translation_and_runtime_by_bundle,ネオ・ジオンはエゥ－ゴと,네오 지온 녀석들은 그냥 저 오만한 에우고와,こ네오　지온은　에우고와,네오　지온은　에우고와,,18E518C33F0101010101,True,18F1002AF7AB08F8E313,1,,,616F85,こ……　전군、　철퇴하라！！,616F9E,싸우게　두면　돼！！,quarantine,unresolved
P4_direct_ext3_text_drift,616FAA,scenario_616F7A,unverified,review_translation_and_runtime_by_bundle,もはやこの戦場に長居は無用だ！！,더 이상 이 피비린내 나는 개싸움터에 잔류할 이득은 없네！！,こ더는　이　전장에　머물　필요　없다！！,더는　이　전장에　머물　필요　없다！！,,18E5184CB7010101010101010101010101,True,18F85DF362F31E0CB0E3B108F1A10DF044,1,,,616F9E,싸우게　두면　돼！！,616FBC,……철수한다！！,quarantine,unresolved
P3_direct_ext3_control_adjacent_text_drift,617059,scenario_617050,unverified,confirm_current_text_then_rehome,カクリコン…どうして……！？,카크리콘…… 어찌하여 이런 사지에……！？,こ카크리콘……　어째서……！？,카크리콘……　어째서……！？,,18E5184BFC01010101,True,18FC2002F900F60C1D,2,1728,True,617050,큭……！,61706C,큭、　안　되나……！　전원　퇴피！！,quarantine,unresolved
P4_direct_ext3_text_drift,6170C2,scenario_6170B9,unverified,review_translation_and_runtime_by_bundle,クワトロ大尉たちを収容して,일단 크와트로 대위 일행을 아군 함에 수용해 구조하고,こ크와트로　대위　일행을　수용하고,크와트로　대위　일행을　수용하고,,18E5180B95010101010101,True,18FB96F08EF767F480F413,1,,,6170B9,………………,6170CE,후속책을　논의합시다。,quarantine,unresolved
P4_direct_ext3_text_drift,6170F6,scenario_6170E2,unverified,review_translation_and_runtime_by_bundle,大尉の収容後、,"대위 일행의 착함 구조를 완료하는 즉시,",こ대위　일행의　착함　구조를　완료하는　즉,대위　일행의　착함　구조를　완료하는　즉,,18E518C0760101,True,18F08E05F6A207,1,,,6170E2,……대위　일행　수용을　서둘러！,6170FE,아가마는　이　공역에서　철수한다！！,quarantine,unresolved
P4_direct_ext3_text_drift,617149,scenario_617140,unverified,review_translation_and_runtime_by_bundle,クワトロ大尉たちを収容して,일단 크와트로 대위 일행을 아군 함에 수용해 구조하고,こ크와트로　대위　일행을　수용하고,크와트로　대위　일행을　수용하고,,18E5183B38010101010101,True,18FB96F08EF767F480F413,1,,,617140,………………,617155,후속책을　논의합시다。,quarantine,unresolved
P4_direct_ext3_text_drift,61717D,scenario_617169,unverified,review_translation_and_runtime_by_bundle,大尉の収容後、,"대위 일행의 착함 구조를 완료하는 즉시,",こ대위　일행의　착함　구조를　완료하는　즉,대위　일행의　착함　구조를　완료하는　즉,,18E518C0760101,True,18F08E05F6A207,1,,,617169,……대위　일행　수용을　서둘러！,617185,아가마는　이　공역에서　철수한다！！,quarantine,unresolved
P4_direct_ext3_text_drift,617277,scenario_617257,unverified,review_translation_and_runtime_by_bundle,それよりも、我々はエゥ－ゴの,"그 개인적 승계 시비보다도, 우리 행동대원들은 현장 실동 부대로서",こ그보다、　우린　에우고의,그보다、　우린　에우고의,,18E51804830101010101,True,18FCC4076A7108F8E305,1,,,617264,곧　상층부가　후임을　정하겠지。,617282,실동　부대로서　해야　할　일이　있다。,quarantine,unresolved
P4_direct_ext3_text_drift,6172E5,scenario_6172DC,unverified,review_translation_and_runtime_by_bundle,ネオ・ジオンが現れたこともそうだが……,난입한 네오 지온의 존재도 걸리적거리지만……,こ네오　지온의　등장도　그렇지만……,네오　지온의　등장도　그렇지만……,,18E5180C5E01010101010101010101010101,True,18F1002AF7AB17CCF02C18F17AF69C17F191,2,,,6172DC,……골치　아프게　됐군。,6172F9,こ아까　전투에서　티탄즈는,quarantine,unresolved
P4_direct_ext3_text_drift,6172F9,scenario_6172DC,unverified,review_translation_and_runtime_by_bundle,先ほどの戦いでティタ－ンズは,조금 전의 함대 결전 과정에서 티탄즈는,こ아까　전투에서　티탄즈는,아까　전투에서　티탄즈는,,18E5183B39010101010101,True,18E01AF8A339F276FDC408,1,,,6172E5,こ네오　지온의　등장도　그렇지만……,617305,전력을　보존했어。,quarantine,unresolved
P4_direct_ext3_text_drift,617392,scenario_617370,unverified,review_translation_and_runtime_by_bundle,地球で戦うならば、,"강하한 지구권 전역에서 유리하게 교전하려면,",こ지구에서　싸운다면、,지구에서　싸운다면、,,18E5180D1B010101,True,18F5701639F9C207,1,,,617381,우리　에우고와　제휴하고　있지。,61739B,그들의　전력이　도움이　될　거다。,quarantine,unresolved
P4_direct_ext3_text_drift,61748F,scenario_61747E,unverified,review_translation_and_runtime_by_bundle,元々オレがあの戦艦に乗ってたのは,원래　내가　그　전함을　타고　있었던　것은,こ원래　내가　그　전함을　타고　있었던　것,원래　내가　그　전함을　타고　있었던　것,,18E518C34E01010101010101010101010101,True,18E08871F430F8BFF2C40CE07CF15611F44B,1,,,61747E,맞아！　그건　말인데……,6174A2,여동생　리나를　구하기　위해서였어。,quarantine,unresolved
P2_direct_ext3_exact_text,6174B4,scenario_61747E,unverified,second_batch_representative_runtime_test,前にネオ・ジオンがシャングリラに来た時、,"전에　네오지온이　샹그릴라에　왔을　때,",こ전에　네오지온이　샹그릴라에　왔을　때、,전에　네오지온이　샹그릴라에　왔을　때、,True,18E518C350010101010101010101010101010101,True,18960CF1002AF7AB172D671A4F532E0C9B11B707,1,,,6174A2,여동생　리나를　구하기　위해서였어。,6174C9,동생이　그레미란　녀석에게　끌려갔어。,quarantine,unresolved
P4_direct_ext3_text_drift,6174DD,scenario_61747E,unverified,review_translation_and_runtime_by_bundle,アンタたち、地球へ降りるんだろ？,"너,　지구에　내려　갈거야？",こ너희、지구로　내려갈　거지？,너희、지구로　내려갈　거지？,,18E5180D1C01010101010101010101,True,18F5A5F37507F57091E10AFAAE421D,1,,,6174C9,동생이　그레미란　녀석에게　끌려갔어。,6174ED,그렇다면　나도……,quarantine,unresolved
P4_direct_ext3_text_drift,617585,scenario_61756F,unverified,review_translation_and_runtime_by_bundle,この先、ネオ・ジオンやティタ－ンズと,앞으로　네오　지온과　티탄과,こ앞으로　네오　지온과　티탄즈를,앞으로　네오　지온과　티탄즈를,,18E518539501010101010101010101,True,18F362E01A07F1002AF7AB3AFDC413,1,,,617579,강한　힘을　가지고　있네。,617595,싸우려면　그런　힘이　필요하다。,quarantine,unresolved
P3_direct_ext3_control_adjacent_text_drift,6175A6,scenario_61756F,unverified,confirm_current_text_then_rehome,どうだ、ジュド－君？,"어때,　쥬도-너？",こ어떤가、쥬도　군？,어떤가、쥬도　군？,,18E5185396010101,True,18F89B07FAA9611D,2,083B,True,617595,싸우려면　그런　힘이　필요하다。,6175B3,파일럿인가……뭐、　어쩔　수　없지。,quarantine,unresolved
P4_direct_ext3_text_drift,6175C6,scenario_6175B3,unverified,review_translation_and_runtime_by_bundle,いいよ、オレはパイロットになる。,"좋아,　나는　조종사가된다.",こ좋아、난　파일럿이　될게。,좋아、난　파일럿이　될게。,,18E5184CBA0101010101010101,True,18F2532307F43008FD0BF8860A,1,,,6175B3,파일럿인가……뭐、　어쩔　수　없지。,6175D4,그러니　함께　데려가　줘！,quarantine,unresolved
P4_direct_ext3_text_drift,617680,scenario_617672,unverified,review_translation_and_runtime_by_bundle,確かに私は元ティタ－ンズですし、,"확실히 제가 전직 티탄즈 소속이었으니,",こ제가　옛　티탄즈인　건　맞으니、,제가　옛　티탄즈인　건　맞으니、,,18E5180B9701010101010101010101,True,18E005F1344108E088FDC4F27D1207,1,,,617672,……감시인가요？,617690,의심하시는　건　이해하지만……,quarantine,unresolved
P1_direct_ext3_exact_text_control_adjacent,6176B7,scenario_6176A6,unverified,high_priority_batch_after_anchor_pass,私はただ、純粋な興味……,"나는 단지, 순수한 호기심에서……",こ나는　단지、　순수한　호기심에서……,나는　단지、　순수한　호기심에서……,True,18E518C361010101010101010101,True,1841F5B407F3FA06E245E0A2F191,2,1728,True,6176A6,……아、　아닐세！！,6176D1,……앗、　아니！,quarantine,unresolved
P2_direct_ext3_exact_text,6176DE,scenario_6176D1,unverified,second_batch_representative_runtime_test,……そうではなくてだね、,"……그런 것이 아니라 말일세,",こ……그런　것이　아니라　말일세、,……그런　것이　아니라　말일세、,True,18E5180492010101010101,True,18F191F426F9F60BF54B07,1,,,6176D1,……앗、　아니！,6176EA,자네　개인에　대한……그……흠……,quarantine,unresolved
P4_direct_ext3_text_drift,61771B,scenario_617708,unverified,review_translation_and_runtime_by_bundle,できれば手短にお願いしたいんですけど。,되도록 짧게 요점만 말씀해 주셨으면 합니다만.,こ가능하면　짧게　부탁드립니다。,가능하면　짧게　부탁드립니다。,,18E5183B3A0101010101010101010101,True,18FABC72E394F473E0A004FDF1F4960A,1,,,617708,……그래서　무슨　말씀이죠？,61772C,아직　기체　정비가　남아서요。,quarantine,unresolved
P1_direct_ext3_exact_text_control_adjacent,61774D,scenario_617741,unverified,high_priority_batch_after_anchor_pass,まあ、とにかく、何だ……うん。,"뭐, 어쨌든, 그러니까…… 흠.",こ뭐、　어쨌든、　그러니까……　흠。,뭐、　어쨌든、　그러니까……　흠。,True,18E5180498010101010101010101,True,18F18107FB01079A0DF191F2190A,2,1728,True,617741,……그、　그렇군。,617767,기체　정비、　수고해　주게。,quarantine,unresolved
P5_non_direct_native_or_other,61778D,scenario_61777F,unverified,do_not_autofix_static_false_positive_possible,………………,………………,こ………………,………………,True,18F617F617,,18F617F617,2,1728,True,61777F,아、　헨켄　함장님？！,61779E,무슨　일이셨을까？,quarantine,unresolved
P4_direct_ext3_text_drift,61782C,scenario_61781F,unverified,review_translation_and_runtime_by_bundle,ティタ－ンズの相手だけでも大変なのに、,"티탄즈를 저지하는 것만으로도 벅찬 참에,",こ티탄즈만　상대하기도　벅찬데、,티탄즈만　상대하기도　벅찬데、,,18E5185399010101010101010101,True,18FDC405F3D5F86F20F581F74407,1,,,61781F,……정말、　곤란하게　됐군。,61783B,네오지온까지라니！,quarantine,unresolved
P4_direct_ext3_text_drift,617887,scenario_617870,unverified,review_translation_and_runtime_by_bundle,どうやら地球に降下する意図が,아무래도 지구 중력권으로 강하할 의도가,こ아무래도　지구로　강하하려는,아무래도　지구로　강하하려는,,18E518539B0101010101010101,True,18F9DAF5700CF197F1CBF16617,1,,,61787D,위성　궤도로　향하고　있습니다。,617895,의도인　것　같습니다만……,quarantine,unresolved
P4_direct_ext3_text_drift,6178BC,scenario_6178A5,unverified,review_translation_and_runtime_by_bundle,温存した戦力でもって、,"비축해 온 주력 화력을 동원하여,",こ온존한　전력을　이용해、,온존한　전력을　이용해、,,18E518539C01010101010101,True,18F402F41BF387F25EF15607,1,,,6178AE,놈들　목표는　다카르인가。,6178C9,단숨에　연방　의회를　제압할　셈이군。,quarantine,unresolved
P4_direct_ext3_text_drift,6178FB,scenario_6178F1,unverified,review_translation_and_runtime_by_bundle,今から追いかければ、,"지금부터 즉시 추격에 나선다면,",こ지금부터　추격하면、,지금부터　추격하면、,,18E518539E010101010101,True,1876F124E02F040EF6EE07,1,,,6178F1,……그렇군。,617907,대기권　돌입　전에　포착할　수　있다。,quarantine,unresolved
P3_direct_ext3_control_adjacent_text_drift,617912,scenario_6178F1,unverified,confirm_current_text_then_rehome,突入前のスキを突けば、あるいは……,"대기권 진입 시 발생하는 허점을 찌른다면, 어쩌면……",こ돌입　전의　틈을　노린다면、　어쩌면……,돌입　전의　틈을　노린다면、　어쩌면……,,18E51891A1010101010101010101010101,True,18F4119605F0C215E094F49D07F93DF191,2,1728,True,617907,대기권　돌입　전에　포착할　수　있다。,61792D,호오……아가마가？,quarantine,unresolved
P4_direct_ext3_text_drift,617947,scenario_61793D,unverified,review_translation_and_runtime_by_bundle,カラバと手を組んで,지구 현지의 카라바와 제휴를 맺고,こ카라바와　손잡고,카라바와　손잡고,,18E5183CBA0101010101,True,18F63D137215E0B6F222,1,,,61793D,……옛。,617952,우리에게　맞설　셈인　모양입니다。,quarantine,unresolved
P4_direct_ext3_text_drift,617970,scenario_617967,unverified,review_translation_and_runtime_by_bundle,……やるものだな、エゥ－ゴも。,"……제법 분투하는군, 에우고 녀석들도.",こ……에우고도　제법이군。,……에우고도　제법이군。,,18E5184B360101010101,True,18F191FD7407F8E3200A,1,,,617967,흥……,61797B,네오지온과　자멸할　줄　알았는데……,quarantine,unresolved
P4_direct_ext3_text_drift,6179CD,scenario_6179BA,unverified,review_translation_and_runtime_by_bundle,ティタ－ンズ全てを掌握するには,티탄즈 내부 세력 전체를 완전히 장악하려면,こ티탄즈　전부를　장악하려면,티탄즈　전부를　장악하려면,,18E518539F0101010101,True,18FDC486F38CF1D3FB2E,1,,,6179BA,하지만　정규　부대를　돌릴　순　없다。,6179D8,아직　시간이　좀　걸린다。,quarantine,unresolved
P3_direct_ext3_control_adjacent_text_drift,617AB2,scenario_617A8F,unverified,confirm_current_text_then_rehome,そう悪い話じゃないと思うけど？,그리 나쁜 조건의 딜은 아니라고 보는데？,こ그리　나쁜　얘긴　아니라고　보는데？,그리　나쁜　얘긴　아니라고　보는데？,,18E5180C5F01010101010101010101,True,18F426E00F04E02EF8DF1394F64B1D,2,083E,True,617A9B,우린　비장의　수를　손에　넣어。,617AC6,………………,quarantine,unresolved
P4_direct_ext3_text_drift,617AE3,scenario_617AD9,unverified,review_translation_and_runtime_by_bundle,では、ア－ガマの件は君らと,"그렇다면, 아가마 요격 사안은 자네들과",こ그럼、아가마　건은　자네들과,그럼、아가마　건은　자네들과,,18E51843B40101010101010101,True,18F26107FB7805E1ED0861F056,1,,,617AD9,……그렇군。,617AF1,아인　레비에게　맡기지。,quarantine,unresolved
P4_direct_ext3_text_drift,617B66,scenario_617B59,unverified,review_translation_and_runtime_by_bundle,目標……,조준 목표……,こ목표……,목표……,,18E5181CB2,True,18F175F191,1,,,617B59,임무지、　홍콩……,617B6C,무라사메　연구소의　신형기……,quarantine,unresolved
P5_non_direct_native_or_other,617B77,scenario_617B59,unverified,do_not_autofix_static_false_positive_possible,………………,………………,こ………………,………………,True,18F617F617,,18F617F617,2,1728,True,617B6C,무라사메　연구소의　신형기……,617B88,임무……알겠다。,quarantine,unresolved
P4_direct_ext3_text_drift,617BD5,scenario_617BBD,unverified,review_translation_and_runtime_by_bundle,我々を暗黒の地に追いやった,우리 조상들을 어두운 불모의 우주로 몰아냈던,こ우릴　암흑의　땅으로　내몬,우릴　암흑의　땅으로　내몬,,18E51804C7010101010101010101,True,186A7115F391059E0CE02FF74B11,1,,,617BC7,네오지온의　병사들이여！！,617BE4,자들은　지금　우리　발밑에　있다！！,quarantine,unresolved
P4_direct_ext3_text_drift,617BF6,scenario_617BBD,unverified,review_translation_and_runtime_by_bundle,愚かな人間達に思い知らせる時が来たのだ,우매하고 어리석은 연방 녀석들에게 이치를 뼈저리게 각인시킬 때가 도래했다.,こ어리석은　자들에게　깨닫게　할　때다,어리석은　자들에게　깨닫게　할　때다,,18E51804C901010101010101010101010101010101,True,18E179F135F0A2E0890C9404C8F5BCB7179B11050D,1,,,617BE4,자들은　지금　우리　발밑에　있다！！,617C0C,……지구권은　우리　것이라고！,quarantine,unresolved
P3_direct_ext3_control_adjacent_text_drift,617C33,scenario_617C26,unverified,confirm_current_text_then_rehome,共に戦おう、ネオ・ジオンのために！,"우리 함께 싸우자, 네오 지온의 번영을 위해！",こ함께　싸우자、　네오　지온을　위해！,함께　싸우자、　네오　지온을　위해！,,18E5183C030101010101010101010101,True,18E07D0C39F24407F1002AF7ABFA8003,2,1728,True,617C26,때는　무르익었다！！,617C4F,……네오지온의　영광을　위해！,quarantine,unresolved
P4_direct_ext3_text_drift,617C98,scenario_617C80,unverified,review_translation_and_runtime_by_bundle,それより、わざわざ私の前に出向くと,"그보다, 굳이 내 침실까지 직접 납셨다는",こ그보다、　직접　내게　왔다는　건,그보다、　직접　내게　왔다는　건,,18E5182B18010101010101010101,True,18FBA507FA4C4105960CF1262413,1,,,617C8B,……아첨은　됐다。,617CA7,……무슨　일이　있었나？,quarantine,unresolved
P4_direct_ext3_text_drift,617CEE,scenario_617CE5,unverified,review_translation_and_runtime_by_bundle,弱体勢力とはいえ、,"하찮고 미미한 게릴라 집단이라 해도,",こ약한　세력이라　해도、,약한　세력이라　해도、,,18E5183B3B01010101,True,18E15FF30D57F9AC07,1,,,617CE5,그렇군……,617CF8,에우고와　손잡으면　성가시겠군……,quarantine,unresolved
P3_direct_ext3_control_adjacent_text_drift,617D3C,scenario_617D32,unverified,confirm_current_text_then_rehome,グレミ－、お前に任せる。,"그레미, 자네에게 그 임무를 전임하지.",こ그레미、네게　맡기겠다。,그레미、네게　맡기겠다。,,18E51853A9010101010101,True,18F9C70735960CD8F5560A,2,082A,True,617D32,……좋다。,617D4C,……예。,quarantine,unresolved
P3_direct_ext3_control_adjacent_text_drift,617D9F,scenario_617D8A,unverified,confirm_current_text_then_rehome,我々を結び付けるザビ家の血の繋がり……,우리 네오 지온을 하나로 묶는 위대한 자비 가문의 핏줄이라는 유대……,こ우릴　잇는　자비가의　혈연……,우릴　잇는　자비가의　혈연……,,18E51874D2010101010101010101010101010101010101010101,True,186A7115E0DBE051E063F4A2F055E0B405E14905E3A9F026F191,2,1728,True,617D94,다만　한　가지……말이지。,617DC5,……부디　잊지　마라。,quarantine,unresolved
P3_direct_ext3_control_adjacent_text_drift,617DF7,scenario_617DEA,unverified,confirm_current_text_then_rehome,この私の出生に気付いたのか？,이 내 은밀한 출생의 비밀을 간파하고 있었단 말인가？,こ내　출생을　눈치챘나？,내　출생을　눈치챘나？,,18E51804DC01010101010101010101,True,18F3624105F1170CF1C6F26A050E1D,2,1728,True,617DEA,설마、　하만이……,617E12,……그레미　씨！,quarantine,unresolved
P4_direct_ext3_text_drift,617E88,scenario_617E77,unverified,review_translation_and_runtime_by_bundle,私はしばらく戻らないと,내가 한동안 복귀가 늦어질 거라,こ내가　잠시　안　돌아올　거라고,내가　잠시　안　돌아올　거라고,,18E51843BC0101010101,True,184108F91BE042F5D013,1,,,617E77,또　그런　변명을……！,617E93,말했잖습니까！！,quarantine,unresolved
P4_direct_ext3_text_drift,617EBE,scenario_617EB0,unverified,review_translation_and_runtime_by_bundle,君を保護した以上、私には君を,"귀한 자네 신변을 보호해 위탁받은 이상, 나에겐 자네를",こ널　보호한　이상、나는　널,널　보호한　이상、나는　널,,18E51853AD01010101010101010101,True,186115F4F1F41BF3D10741F4676115,1,,,617EB0,……하지만은　안　됩니다！,617ECE,어엿한　숙녀로　만들　의무가　있어！,quarantine,unresolved
P3_direct_ext3_control_adjacent_text_drift,617EE0,scenario_617EB0,unverified,confirm_current_text_then_rehome,さあ、レッスンにお戻りなさい！,"어서 빨리, 교양 수업실로 귀가하십시오！",こ자、　레슨으로　돌아가세요！,자、　레슨으로　돌아가세요！,,18E5182BE30101010101010101,True,18F32B07F9DFF473E042F9A503,2,087A,True,617ECE,어엿한　숙녀로　만들　의무가　있어！,617EF2,………………,quarantine,unresolved
P4_direct_ext3_text_drift,617F45,scenario_617F35,unverified,review_translation_and_runtime_by_bundle,離脱した部隊は、,"이탈한 티탄즈 소속 함대 규모는,",こ이탈한　부대는、,이탈한　부대는、,,18E5182B1901010101,True,18F509F41BF4280807,1,,,617F35,시로코는　잘하고　있어。,617F4F,전체의　２～３할쯤　되나。,quarantine,unresolved
P4_direct_ext3_text_drift,617F66,scenario_617F35,unverified,review_translation_and_runtime_by_bundle,まあ、態度を保留してるところもあるから,"뭐, 간을 보며 눈치 작전으로 중립을 유지하는 세력도 있으니",こ뭐、　태도를　유보한　곳도　있으니,뭐、　태도를　유보한　곳도　있으니,,18E5181B2E01010101010101010101010101010101,True,18F18107F25815E0E3E22CF413F3F41842F714F124,1,,,617F4F,전체의　２～３할쯤　되나。,617F7C,완전　장악은　좀　더　걸리려나？,quarantine,unresolved
P4_direct_ext3_text_drift,617FA5,scenario_617F93,unverified,review_translation_and_runtime_by_bundle,ジャミトフの死で,자미토프 하이만의 돌연한 서거로,こ자미토프의　죽음으로,자미토프의　죽음으로,,18E51891A201,True,18FCA505AD16,1,,,617F93,……대체로　예상대로군。,617FAC,티탄즈는　흔들리고　있다……,quarantine,unresolved
P3_direct_ext3_control_adjacent_text_drift,618004,scenario_617FE3,unverified,confirm_current_text_then_rehome,後はネオ・ジオンだが……,남은 성가신 변수는 네오 지온이다만……,こ남은　건　네오　지온인데……,남은　건　네오　지온인데……,,18E518C36E01010101010101,True,18AF08F1002AF7ABF538F191,2,0817,True,617FF2,이제　사라졌다고　봐야겠군。,618015,……그쪽은　아인　레비가,quarantine,unresolved
P5_non_direct_native_or_other,61802F,scenario_618015,unverified,do_not_autofix_static_false_positive_possible,ふふふふ……,후후후후……,こ후후후후……,후후후후……,True,18FF70FF07,,18FA22F191,2,1728,True,618023,잘해　주고　있지。,61803F,음、　배가　접근　중？,quarantine,unresolved
P4_direct_ext3_text_drift,6180EB,scenario_6180D9,unverified,review_translation_and_runtime_by_bundle,さぁて、さっそくカミ－ユに教えて,"자, 신속히 격납고로 가서 카미유한테 알려주어",こ자、　바로　카미유에게　알려서,자、　바로　카미유에게　알려서,,18E518C3730101010101010101,True,18F88B07FADBF8FB0CE126F11E,1,,,6180E0,그　Ｚ　건담　말이야。,6180F9,깜짝　놀라게　해　줄까！！,quarantine,unresolved
P4_direct_ext3_text_drift,61826F,scenario_61825F,unverified,review_translation_and_runtime_by_bundle,ここまで来た以上、,"적이 코앞까지 침투해 도래한 이상,",こ여기까지　온　이상、,여기까지　온　이상、,,18E5181B2F010101,True,18F9349B11F3D107,1,,,61825F,어떻게　하긴　뭘　어떻게　해！,618278,예정대로　공격할　수밖에　없지！！,quarantine,unresolved
P4_direct_ext3_text_drift,6182BF,scenario_6182A7,unverified,review_translation_and_runtime_by_bundle,これより、ネオ・ジオン艦隊に対して,"지금 이 순간부로, 전방의 네오 지온 함대에 대항해",こ지금부터　네오　지온　함대에,지금부터　네오　지온　함대에,,18E5184B3A0101010101010101010101,True,18FAE007F1002AF7ABF5010CE01BF413,1,,,6182B3,……공격은　예정대로다！,6182D0,공격을　개시한다！！,quarantine,unresolved
P3_direct_ext3_control_adjacent_text_drift,618339,scenario_618325,unverified,confirm_current_text_then_rehome,みごと、ア－ガマをしとめてみせよ！,"훌륭하게, 저 아가마를 요격해 격침해 보여라！",こ아가마를　훌륭히　격파해　보여라！,아가마를　훌륭히　격파해　보여라！,,18E51853B00101010101,True,1869D31307FB78FEA903,2,1728,True,61832E,여긴　네게　맡기마。,61834D,……전군！,quarantine,unresolved
P4_direct_ext3_text_drift,618361,scenario_61834D,unverified,review_translation_and_runtime_by_bundle,これはハマ－ン様のご意志である！！,이것은 위대하신 하만 님의 뜻이로다！！,こ이것은　하만　님의　뜻이다！！,이것은　하만　님의　뜻이다！！,,18E5184B3B010101010101010101,True,18F630FA298BF447F130F79CF044,1,,,618356,공격을　개시하라！！,618370,에우고를　쳐부숴라！！,quarantine,unresolved
P4_direct_ext3_text_drift,6183BA,scenario_6183AE,unverified,review_translation_and_runtime_by_bundle,いいか……先に言っておくが、この戦いは,"명심해…… 미리 일러두는데, 이 요격 작전은",こ좋아……　먼저　말하지만、　이　싸움은,좋아……　먼저　말하지만、　이　싸움은,,18E518051C010101010101010101010101,True,18F89EF191E01A0C7AFBBD07F36239F27F,1,,,6183AE,캐라　슨！！,6183CC,내가　하만　님께　명받은　거다。,quarantine,unresolved
P3_direct_ext3_control_adjacent_text_drift,6183DC,scenario_6183AE,unverified,confirm_current_text_then_rehome,くれぐれも私の邪魔をするようなマネは……,부디 네까짓 년이 도중에 내 작전을 방해하는 수작은……,こ절대　내　방해를　하는　짓은……,절대　내　방해를　하는　짓은……,,18E518051E010101010101010101010101,True,18FBB84105F287F849F49E06F54408F191,2,1728,True,6183CC,내가　하만　님께　명받은　거다。,6183F4,몸이　뜨거워아아！,quarantine,unresolved
P3_direct_ext3_control_adjacent_text_drift,6184E1,scenario_6184CC,unverified,confirm_current_text_then_rehome,ねぇ、お兄ちゃん、あそぼ！！,"저기, 오빠, 나랑 놀자！！",こ저기、오빠、같이　놀자！！,저기、오빠、같이　놀자！！,,18E518E4A70101010101010101010101,True,18F2600735E002F8BE071F22E102F044,2,1728,True,6184D6,난　엘피　플이야。,6184FD,……에？,quarantine,unresolved
P3_direct_ext3_control_adjacent_text_drift,618578,scenario_61855A,unverified,confirm_current_text_then_rehome,オレはリィナを探さなきゃなんないんだ！！,난 지금 내 여동생 리나를 수색해 구출해야 한단 말이다！！,こ난　리나를　찾아야　한단　말이야！！,난　리나를　찾아야　한단　말이야！！,,18E5180531010101010101010101010101010101,True,18F43008F59E15E1822506324E06F220F77FF044,2,0863,True,618565,난　할　일이　있다니까！,618591,에？　리나라면、　혹시,quarantine,unresolved
P5_non_direct_native_or_other,618635,scenario_618628,unverified,do_not_autofix_static_false_positive_possible,わかったよ！,"알았어, 알았다고！",こ알았어！,알았어！,,18F7DC01,,18FC1003,1,,,618628,……아、　정말！,61863A,나중에　실컷　놀아　줄　테니까！,quarantine,unresolved
P3_direct_ext3_control_adjacent_text_drift,61864C,scenario_618628,unverified,confirm_current_text_then_rehome,リィナはどこにいるんだ！？,리나는 도대체 어디 감금되어 있는 거야！？,こ리나는　어디　있는　거야！？,리나는　어디　있는　거야！？,,18E5182BE4010101010101,True,18F59EF988F290F22EF040,2,0863,True,61863A,나중에　실컷　놀아　줄　테니까！,61865C,음～　그러니까……저쪽！！,quarantine,unresolved
P1_direct_ext3_exact_text_control_adjacent,6186AE,scenario_6186A4,unverified,high_priority_batch_after_anchor_pass,なんだ……？,뭐지……?,こ뭐지……？,뭐지……？,True,18E518C07901,True,18F854F1911D,2,1728,True,6186A4,……？！,6186C0,이　느낌은……샤아？,quarantine,unresolved
P2_direct_ext3_exact_text,6186D9,scenario_6186C0,unverified,second_batch_representative_runtime_test,なんだ……？,뭐지……?,こ뭐지……？,뭐지……？,True,18E518C07901,True,18F854F1911D,1,,,6186CF,아니、　달라……,6186E0,대체　누가……？,quarantine,unresolved
P4_direct_ext3_text_drift,61872B,scenario_61871B,unverified,review_translation_and_runtime_by_bundle,さ、ここを出るんだ！,"자, 지체할 틈 없이 어서 이 탈출구로 나가자！",こ자、여기서　나가자！,자、여기서　나가자！,,18E5180D2301010101,True,182507F7AE6FF65803,1,,,61871B,리나、　구하러　왔어！！,618735,……가자！！,quarantine,unresolved
P4_direct_ext3_text_drift,61879A,scenario_61877A,unverified,review_translation_and_runtime_by_bundle,その子を連れ出したら,저 기집애를 빼내서 퇴각하면,こ그　애를　데리고　나가면,그　애를　데리고　나가면,,18E5184B3D0101010101,True,18F423D115901B6FF5DA,1,,,61878B,네오지온　사람이　아니잖아！！,6187A5,여기서　사라질　거잖아！！,quarantine,unresolved
P4_direct_ext3_text_drift,6187DC,scenario_6187CC,unverified,review_translation_and_runtime_by_bundle,ジュド－はアタシのことなんて,주도 오빠는 나란 존재에 대해서는,こ쥬도는　나　따위,쥬도는　나　따위,,18E518436B0101010101,True,18FAA908F881F5E4F855,1,,,6187CC,봐！　역시　거짓말이잖아！！,6187E7,아무래도　좋다고　생각하는　거야！！,quarantine,unresolved
P4_direct_ext3_text_drift,61893E,scenario_61892D,unverified,review_translation_and_runtime_by_bundle,オマエは何かに引かれたから,자네가 무언가에 이끌려 본능적으로,こ넌　무언가에　이끌려서,넌　무언가에　이끌려서,,18E518055F0101010101010101,True,18F68F089AF134E024F7B5F124,1,,,61892D,너도　알고　있을　거다。,61894C,이　배에　왔어……아닌가？,quarantine,unresolved
P3_direct_ext3_control_adjacent_text_drift,6189D1,scenario_6189AD,unverified,confirm_current_text_then_rehome,（おかしいな、こいつは敵じゃないのか？）,"（이상하네, 이 아줌마는 교활한 연방을 위협하는 적장 아니었나？）",こ（이상해、　이　사람은　적　아닌가？）,（이상해、　이　사람은　적　아닌가？）,,18E51805640101010101010101010101,True,18E10CFC8807F8D87FF8DF050E1DE10D,2,1728,True,6189BE,게다가　좋은　냄새가　나……）,6189ED,『자、　나와　함께　가자』,quarantine,unresolved
P4_direct_ext3_text_drift,618AE0,scenario_618AD5,unverified,review_translation_and_runtime_by_bundle,クソッ！　人質かよ！！,젠장！ 무기력한 여자애를 방패 삼아 인질극이냐！！,こ젠장！　인질이냐！！,젠장！　인질이냐！！,,18E5182B1F010101010101,True,18F66A0301F078F125F044,1,,,618AD5,리나……！！,618AEC,비겁하잖아！！,quarantine,unresolved
P4_direct_ext3_text_drift,618B90,scenario_618B87,unverified,review_translation_and_runtime_by_bundle,……ゴメン、リィナ！！,"……미안해, 리나！！",こ……미안、리나！！,……미안、리나！！,,18E51853B90101010101,True,18F191F78107F59EF044,1,,,618B87,윽……！,618B9B,꼭　데리러　올게……！！,quarantine,unresolved
P3_direct_ext3_control_adjacent_text_drift,618DDD,scenario_618DC9,unverified,confirm_current_text_then_rehome,遊ぶよ！　遊んであげるから……,놀아줄게！ 나중에 성실히 원 없이 놀아줄 테니까……,こ놀아줄게！　놀아줄　테니까……,놀아줄게！　놀아줄　테니까……,,18E518108701010101010101010101010101,True,18E1B4B5230301E1B4F2221FF10DF124F191,2,1728,True,618DD1,그거랑　이건　다르다고！,618DFB,쥬도　따위　싫어！,quarantine,unresolved
P4_direct_ext3_text_drift,618E55,scenario_618E42,unverified,review_translation_and_runtime_by_bundle,どうせジュド－はアタシのことなんて,어차피 주도 오빠에게 나란 인형 따위는,こ어차피　쥬도는　나　따위,어차피　쥬도는　나　따위,,18E518436E01010101010101,True,18F89AFAA908F881F5E4F855,1,,,618E42,싫어！　듣고　싶지　않아！！,618E62,아무래도　좋다고　생각하잖아！！,quarantine,unresolved
P4_direct_ext3_text_drift,618EF2,scenario_618EE3,unverified,review_translation_and_runtime_by_bundle,だいじょうぶだ、プル。,"이제 안심해도 괜찮아, 플.",こ괜찮아、플。,괜찮아、플。,,18E51853BB0101,True,18FE5E07F1FA0A,1,,,618EE3,……무섭지　않아。,618EFA,자、　이쪽으로……,quarantine,unresolved
P3_direct_ext3_control_adjacent_text_drift,618F9F,scenario_618F8F,unverified,confirm_current_text_then_rehome,許さんぞ、貴様ら！！,"단죄를 면치 못하리라, 네놈들！！",こ용서　못　한다、네놈들！！,용서　못　한다、네놈들！！,,18E5183CC1010101010101,True,18E068F72B07F1C01CF044,2,1728,True,618F8F,이놈！　감히　플을！！,618FB4,늦었나……！,quarantine,unresolved
P4_direct_ext3_text_drift,618FEB,scenario_618FDE,unverified,review_translation_and_runtime_by_bundle,私は『ミリシャ』の,저는 지구 독립 세력인 『밀리샤』의,こ저는『밀리샤』의,저는『밀리샤』의,,18E5180D25010101,True,18410868F91E6605,1,,,618FDE,당신은　에우고　사람인가？,618FF4,구엔　서드　라인포드。,quarantine,unresolved
P4_direct_ext3_text_drift,618FFF,scenario_618FDE,unverified,review_translation_and_runtime_by_bundle,エゥ－ゴの救援に駆けつけたのだが,위기에 부딪힌 에우고를 돕고자 급히 원병을 이끌고 당도했으나,こ에우고를　구하러　달려왔지만、,에우고를　구하러　달려왔지만、,,18E51810A001010101010101010101,True,18F8E305F1B10CE19E28F81705F538,1,,,618FF4,구엔　서드　라인포드。,61900F,조금　늦은　모양이군……,quarantine,unresolved
P4_direct_ext3_text_drift,6190CE,scenario_6190C3,unverified,review_translation_and_runtime_by_bundle,ム－ンレィスがミリシャに,우주 문레이스 고등 정예 부대가 하찮은 지구 밀리샤 세력에,こ문레이스가　밀리샤에,문레이스가　밀리샤에,,18E51810A90101,True,18FDB317F91E0C,1,,,6190C3,서、　설마……,6190D6,붙어　있다니……！！,quarantine,unresolved
P4_direct_ext3_text_drift,61914B,scenario_61913D,unverified,review_translation_and_runtime_by_bundle,我々が協力する！,우리 군도 엄호 포격하여 공동 전선을 펼쳐 도울 테니！,こ우리가　협력하겠다！,우리가　협력하겠다！,,18E51843CE01010101,True,186A7117F459F1CB03,1,,,61913D,……싸우려면　지금이다！,619155,지금　네오지온을！！,quarantine,unresolved
P4_direct_ext3_text_drift,619225,scenario_619214,unverified,review_translation_and_runtime_by_bundle,さっきまでの圧迫感はもう消えている。,조금　전의　압박감은　이미　사라지고　있다.,こ아까의　압박감은　이미　사라졌어。,아까의　압박감은　이미　사라졌어。,,18E5183C070101010101010101010101010101,True,18F5C6F19D05E0C8E280E044F88DE05CFB580A,2,,,619214,……그래、　해낸　모양이군。,61923A,こ역시　그　전함이　원인이었나　봐。,quarantine,unresolved
P3_direct_ext3_control_adjacent_text_drift,61923A,scenario_619214,unverified,confirm_current_text_then_rehome,やはり、あの戦艦が原因だったようだな。,"역시,　그　전함이　원인이었던　것　같다.",こ역시　그　전함이　원인이었나　봐。,역시　그　전함이　원인이었나　봐。,,18E5181BFD010101010101010101,True,18F66C07F3DAF2C417F403FDF30A,2,1728,True,619225,こ아까의　압박감은　이미　사라졌어。,619254,혼자　시스템을　파괴하다니……,quarantine,unresolved
P4_direct_ext3_text_drift,6192AE,scenario_619298,unverified,review_translation_and_runtime_by_bundle,あなたがたエゥ－ゴの救援に,당신이　에고의　구원에,こ당신들　에우고를　돕기　위해,당신들　에우고를　돕기　위해,,18E5183CC30101010101,True,18FA9C11F8E305F1B10C,1,,,6192A3,구엔　서드　라인포드。,6192B9,달려왔습니다。,quarantine,unresolved
P2_direct_ext3_exact_text,6192F5,scenario_6192DB,unverified,second_batch_representative_runtime_test,我々が協力すます！,우리가　협력합니다！,こ우리가　협력합니다！,우리가　협력합니다！,True,18E51893B70101010101,True,186A7117F4591E211E03,1,,,6192E9,자세한　얘기는　나중에。,619300,지금　네오지온을！！,quarantine,unresolved
P1_direct_ext3_exact_text_control_adjacent,6193A9,scenario_619393,unverified,high_priority_batch_after_anchor_pass,少し早すぎたかな……？,조금　너무　빨랐을까…,こ조금　너무　빨랐을까…,조금　너무　빨랐을까…,True,18E51893BC01010101010101,True,188812E06EF66FF135F1911D,2,1728,True,61939B,밀리샤는　아직　안　나타났나。,6193C1,아니、　그　걱정은　없어。,quarantine,unresolved
P4_direct_ext3_text_drift,6193D2,scenario_6193C1,unverified,review_translation_and_runtime_by_bundle,既にこちらに向かうよう,이미　여기로　가자.,こ이미　이쪽으로　오도록,이미　이쪽으로　오도록,,18E5184CC5010101010101,True,18E29F0CFB15D5F145F49E,1,,,6193C1,아니、　그　걱정은　없어。,6193DE,정보를　흘려　뒀다。,quarantine,unresolved
P4_direct_ext3_text_drift,619430,scenario_619424,unverified,review_translation_and_runtime_by_bundle,そもそも、貴様！,"원래,　당신！",こ애초에、네놈！,애초에、네놈！,,18E51853C00101,True,18FAD507F1C003,1,,,619424,『그러고　보니』가　아니다！,619438,왜　적군과　통신하고　있지？！,quarantine,unresolved
P3_direct_ext3_control_adjacent_text_drift,6194F2,scenario_6194DD,unverified,confirm_current_text_then_rehome,……ぐっ！？,……　흠！　？,こ……크윽！？,……크윽！？,,18E518D5490101,True,18F191F2B4F040,2,1728,True,6194E7,대체　무슨　일이……,619503,그……우우……,quarantine,unresolved
P4_direct_ext3_text_drift,61966D,scenario_619648,unverified,review_translation_and_runtime_by_bundle,あの戦艦に、彼らの心を狂わせるような,"저 전함에, 그들의 정신을 착란시키는",こ저　전함에、그들의　정신을　망가뜨리는,저　전함에、그들의　정신을　망가뜨리는,,18E51853C6010101010101010101010101010101,True,18F3DAF2C40C0795F059E00B15E11231F797F1F4,1,,,619659,저게　나타난　뒤로　모두　이상해졌어。,619682,무언가가　있는　게　틀림없어。,quarantine,unresolved
P2_direct_ext3_exact_text,61971B,scenario_619710,unverified,second_batch_representative_runtime_test,な、なんだ、コレ……！！,"무, 뭐야, 이건……！！",こ무、　뭐야、　이건……！！,무、　뭐야、　이건……！！,True,18E51810BD010101010101,True,180607F85407F3B6F60C03,1,,,619710,……윽！！,619727,앗、　머리가……으으！！,quarantine,unresolved
P4_direct_ext3_text_drift,6197AC,scenario_619796,unverified,review_translation_and_runtime_by_bundle,このシステムは兵士の精神に作用する。,이 프로그램 시스템은 대원의 정신 회로에 작용하거든.,こ이　시스템은　병사의　정신에　작용해。,이　시스템은　병사의　정신에　작용해。,,18E51810C3010101010101010101010101,True,18F362F90408F49F05F3770CF2C5F1CB0A,2,,,61979E,무리하지　않는　게　좋지　않겠나？,6197BF,こ간신히　전투　불능까진,quarantine,unresolved
P4_direct_ext3_text_drift,6197BF,scenario_619796,unverified,review_translation_and_runtime_by_bundle,かろうじて戦闘不能には,간신히 기체가 전투 불능 사태에 빠지진,こ간신히　전투　불능까진,간신히　전투　불능까진,,18E51853CA0101,True,18FC49F8D7F467,1,,,6197AC,こ이　시스템은　병사의　정신에　작용해。,6197C7,되지　않은　모양이지만……,quarantine,unresolved
P4_direct_ext3_text_drift,6197CD,scenario_619796,unverified,review_translation_and_runtime_by_bundle,二人とも立っているのが,우리 둘 모두 제대로 서 있는 것조차,こ둘　다　서　있는　것조차,둘　다　서　있는　것조차,,18E5183B45010101010101,True,18F4F7F17AE00EF9200517,1,,,6197C7,되지　않은　모양이지만……,6197D9,겨우인　상태……아닌가？,quarantine,unresolved
P3_direct_ext3_control_adjacent_text_drift,619824,scenario_61981A,unverified,confirm_current_text_then_rehome,二次放射の準備はできてるな！？,2차 방사 준비는 완료되었겠지！？,こ２차　방사　준비는　됐겠지！？,２차　방사　준비는　됐겠지！？,,18E51853CB0101010101010101,True,18F99105F0D80816F60306F040,2,0885,True,61981A,……이봐！,619836,……헉！！,quarantine,unresolved
P2_direct_ext3_exact_text,619873,scenario_619868,unverified,second_batch_representative_runtime_test,なっ、なんだ……！？,"뭐, 뭐야……！？",こ뭐、　뭐야……！？,뭐、　뭐야……！？,True,18E5180B3101010101,True,18F52007F854F60C1D,1,,,619868,……헉？！,61987D,우、　우군　부대가……없어？,quarantine,unresolved
P4_direct_ext3_text_drift,61988A,scenario_619868,unverified,review_translation_and_runtime_by_bundle,あ、アイン・レヴィか！,"아, 아인 레비 녀석인가！",こ아、아인　레비인가！,아、아인　레비인가！,,18E51894810101010101,True,181F07F5DC2AF76B0E03,1,,,61987D,우、　우군　부대가……없어？,619895,놈이……놈의　배신　때문에……,quarantine,unresolved
P2_direct_ext3_exact_text,6198EB,scenario_6198E0,unverified,second_batch_representative_runtime_test,そういえば、貴様……,"그러고 보니, 네놈……",こ그러고　보니、　네놈……,그러고　보니、　네놈……,True,18E518C07F010101,True,18FCC107F1C0F191,2,,,6198E0,……『파프니르』라고？,6198F5,こ방금　전투……　예전처럼,quarantine,unresolved
P4_direct_ext3_text_drift,6198F5,scenario_6198E0,unverified,review_translation_and_runtime_by_bundle,今の戦闘……これまでのような,방금 전의 격전 과정에서…… 여태껏 휘두르던,こ방금　전투……　예전처럼,방금　전투……　예전처럼,,18E5184B4201010101010101,True,187605F337F191FBE5F49E06,1,,,6198EB,こ그러고　보니、　네놈……,619902,힘을　쓰진　않았군。,quarantine,unresolved
P4_direct_ext3_text_drift,61996D,scenario_619956,unverified,review_translation_and_runtime_by_bundle,ならば、貴様を恐れる理由はない！,"그렇다면, 더 이상 네놈을 두려워할 이유 따윈 존재하지 않는다！",こ그럼　네놈을　두려워할　이유는　없다！,그럼　네놈을　두려워할　이유는　없다！,,18E5184B430101010101010101010101,True,18F67707F1C015E163F047F3CCF6FE03,1,,,61995D,네　힘은　빌린　것이었나！！,61997E,……간다！,quarantine,unresolved
P3_direct_ext3_control_adjacent_text_drift,6199AD,scenario_6199A2,unverified,confirm_current_text_then_rehome,アイン・レヴィめ……はかったな！！,아인 레비 녀석…… 감히 나까지 함정에 빠뜨렸구나！！,こ아인　레비……　날　속였구나！！,아인　레비……　날　속였구나！！,,18E51810D40101010101010101,True,18F5DC2AF76B47F191FCF3F044,2,1728,True,6199A2,이、　이놈……！,6199C4,이、　이런　곳에서……,quarantine,unresolved
P4_direct_ext3_text_drift,619A2E,scenario_619A1E,unverified,review_translation_and_runtime_by_bundle,エゥ－ゴのみなさんを回収し、,에우고 대원들을 무사히 기함에 수용하고,こ에우고　여러분을　수용하고、,에우고　여러분을　수용하고、,,18E5181CBD010101010101,True,18F8E305FA3215F05F1207,1,,,619A1E,그럼　우리도　후퇴하죠。,619A3A,자세한　얘기는　거기서……,quarantine,unresolved
P4_direct_ext3_text_drift,619A7D,scenario_619A6F,unverified,review_translation_and_runtime_by_bundle,ですから、同じくティタ－ンズを敵とする,"그렇기에, 아군과 마찬가지로 티탄즈를 공동의 적으로 삼는",こ그러니　같이　티탄즈와　싸우는,그러니　같이　티탄즈와　싸우는,,18E51810DF0101010101010101,True,18F8F707D04C24FDC4157FF6F7,1,,,619A6F,네、　그렇습니다。,619A8B,당신들과　손잡고　싶습니다。,quarantine,unresolved
P4_direct_ext3_text_drift,619AAE,scenario_619A9E,unverified,review_translation_and_runtime_by_bundle,君たちミリシャにはム－ンレィスの人間が,자네들 밀리샤 대열에는 우주 문레이스 사람이,こ당신들　밀리샤에는　문레이스인이,당신들　밀리샤에는　문레이스인이,,18E5182B24010101010101010101,True,1861F375F91EF467FDB305F0A217,1,,,619A9E,그　전에　하나　묻고　싶다。,619ABD,동행하는　듯　보이는데、,quarantine,unresolved
P3_direct_ext3_control_adjacent_text_drift,619AD0,scenario_619A9E,unverified,confirm_current_text_then_rehome,それはどういうことだね？,그게 대체 어찌 된 영문인가？,こ그게　어떻게　된　일인가？,그게　어떻게　된　일인가？,,18E51894830101,True,18F5ADFDFF4D1D,2,1728,True,619ABD,동행하는　듯　보이는데、,619AE3,문레이스……,quarantine,unresolved
P4_direct_ext3_text_drift,619B24,scenario_619B11,unverified,review_translation_and_runtime_by_bundle,しかし、わからないのは、,"하지만, 도통 납득이 안 가는 것은,",こ하지만、　모르겠는　건、,하지만、　모르겠는　건、,,18E51810E801010101,True,18F82807FCAFF44B07,1,,,619B11,당신들　모빌슈트를　보면　알　수　있지。,619B2E,그　문레이스가　왜　함께　있는가야。,quarantine,unresolved
P4_direct_ext3_text_drift,619B3F,scenario_619B11,unverified,review_translation_and_runtime_by_bundle,ム－ンレィスは我々との接触を嫌い、,"문레이스는 지구 인류와의 조우를 극도로 기피하며,",こ문레이스는　우리와의　접촉을　꺼리고、,문레이스는　우리와의　접촉을　꺼리고、,,18E51810EA01010101010101010101,True,18FDB3086A71F17FF06115E2830407,1,,,619B2E,그　문레이스가　왜　함께　있는가야。,619B4F,달에서　고립되어　살고　있을　텐데。,quarantine,unresolved
P4_direct_ext3_text_drift,619C75,scenario_619C58,unverified,review_translation_and_runtime_by_bundle,幸い、ジオン軍がこれを実用化する前に,"불행 중 다행으로, 지온군이 이를 실전에 배치해 상용화하기 전에",こ다행히　지온군이　실용화하기　전에,다행히　지온군이　실용화하기　전에,,18E518C39E010101010101010101010101,True,18E12C0407F7AB8FF65115F708F1CB960C,1,,,619C6B,『시스템　세이레네』……,619C87,１년　전쟁은　끝났습니다。,quarantine,unresolved
P4_direct_ext3_text_drift,619C91,scenario_619C58,unverified,review_translation_and_runtime_by_bundle,ですが、その技術をティタ－ンズや,"그렇지만, 그 핵심 기밀 기술을 악용하고자 티탄즈나",こ하지만　그　기술을　티탄즈나,하지만　그　기술을　티탄즈나,,18E51810F801010101010101,True,18F8AB07F423F2BC15FDC43A,1,,,619C87,１년　전쟁은　끝났습니다。,619C9E,네오지온에　팔아넘긴　자가　있었죠。,quarantine,unresolved
P3_direct_ext3_control_adjacent_text_drift,619D92,scenario_619D76,unverified,confirm_current_text_then_rehome,協力したいと我々は考えているのです。,긴밀히 협력하고 제휴하길 간절히 소망하는 바입니다.,こ우린　협력하고　싶습니다。,우린　협력하고　싶습니다。,,18E51811040101010101010101010101,True,18F459FB726A7108E04DFB5805F27D0A,2,1728,True,619D86,맞서　싸우는　당신들　에우고와,619DA9,……그렇군。,quarantine,unresolved
P4_direct_ext3_text_drift,619E0F,scenario_619DF9,unverified,review_translation_and_runtime_by_bundle,では、我々ミリシャの戦力を,"그렇다면, 우리 밀리샤가 보존 중인 모든 화력을",こ그럼　우리　밀리샤의　전력을,그럼　우리　밀리샤의　전력을,,18E5181B3A01010101010101,True,18F261076A71F91E05F38715,1,,,619DF9,오！　받아　주시는군요！,619E1C,여러분께　제공하겠습니다。,quarantine,unresolved
P4_direct_ext3_text_drift,619E29,scenario_619DF9,unverified,review_translation_and_runtime_by_bundle,このウィルゲムと我々のモビルス－ツは,이 주력함 윌겜 호와 우리 소유의 모빌슈트 기체들은,こ이　윌게임과　우리　모빌슈트는,이　윌게임과　우리　모빌슈트는,,18E518110A01010101010101,True,18F362FC85136A7105FD7908,1,,,619E1C,여러분께　제공하겠습니다。,619E36,자유롭게　쓰셔도　됩니다。,quarantine,unresolved
P4_direct_ext3_text_drift,619E82,scenario_619E73,unverified,review_translation_and_runtime_by_bundle,ティタ－ンズに幽閉されたと聞いて,네가 연방에 납치되어 연금당했다는 흉보를 듣고,こ티탄즈에　갇혔다고　들어,티탄즈에　갇혔다고　들어,,18E518110D010101010101010101,True,18FDC40CE47CE4DFFA15E013F275,1,,,619E73,아아、　그렇군……아무로。,619E91,걱정했는데……무사해서　다행이야。,quarantine,unresolved
P3_direct_ext3_control_adjacent_text_drift,619EC8,scenario_619EA7,unverified,confirm_current_text_then_rehome,そういった人たちに助け出されてね。,그 은혜로운 동지들의 조력 덕분에 살아서 복귀했네.,こ그런　사람들이　구해줬네。,그런　사람들이　구해줬네。,,18E5181111010101010101010101,True,18FC4150F75EE000286FF8374D0A,2,0861,True,619EB6,반발하는　사람이　많아。,619EDB,그만큼　티탄즈가,quarantine,unresolved
P1_direct_ext3_exact_text_control_adjacent,619F3F,scenario_619F21,unverified,high_priority_batch_after_anchor_pass,……よろしくたのむ。,……아무조록 잘 부탁하네.,こ……아무조록　잘　부탁하네。,……아무조록　잘　부탁하네。,True,18E518111601,True,18F191FE470A,2,0861,True,619F31,시간이　좀　걸리겠지만……,619F4A,아아、　물론이지。,quarantine,unresolved
P4_direct_ext3_text_drift,619FC1,scenario_619FB3,unverified,review_translation_and_runtime_by_bundle,別に気にしていないわけではない。,패배의 실책을 내면으로 반성하지 않는 게 아닐세.,こ신경쓰지　않는　건　아니야。,신경쓰지　않는　건　아니야。,,18E518111C010101010101010101,True,18E0900CA0F7BCF60A3128F9E50A,2,,,619FB3,……아인　레비인가。,619FD1,こ하지만　밀리샤는　자넬　네오　지온에,quarantine,unresolved
P4_direct_ext3_text_drift,619FD1,scenario_619FB3,unverified,review_translation_and_runtime_by_bundle,しかし、ミリシャは君をネオ・ジオンに,"하지만, 밀리샤 토벌 작전은 단지 자네라는 카드를 우리 네오 지온에",こ하지만　밀리샤는　자넬　네오　지온에,하지만　밀리샤는　자넬　네오　지온에,,18E518C3A501010101010101010101,True,18F82807F91E086115F1002AF7AB0C,1,,,619FC1,こ신경쓰지　않는　건　아니야。,619FE1,맞이하기　위한　구실이었네。,quarantine,unresolved
P4_direct_ext3_text_drift,619FF6,scenario_619FB3,unverified,review_translation_and_runtime_by_bundle,本来の目的が果たせた以上、,"자네의 영입이라는 본래 목적을 완수한 이상,",こ본래　목적을　이룬　이상、,본래　목적을　이룬　이상、,,18E5184B4701010101010101010101,True,18F2C105F12B17E0D1113411F3D107,1,,,619FE1,맞이하기　위한　구실이었네。,61A006,밀리샤에　더　매달릴　필요도　없어。,quarantine,unresolved
P4_direct_ext3_text_drift,61A027,scenario_61A01D,unverified,review_translation_and_runtime_by_bundle,そこまで買ってもらえて嬉しいよ。,그 정도로 날 높게 평가해 주시다니 영광이로군요.,こ그리　높게　봐줘서　기쁘군。,그리　높게　봐줘서　기쁘군。,,18E518112001010101010101010101,True,18FB10E400F6F21CF11EE1A0F6980A,1,,,61A01D,……헤에。,61A037,……그게　진심이라면　말이지。,quarantine,unresolved
P3_direct_ext3_control_adjacent_text_drift,61A066,scenario_61A04C,unverified,confirm_current_text_then_rehome,必要なものは全て手配させる。,개발에 소요되는 모든 물자는 즉시 전폭적으로 조달해 주마.,こ필요한　건　전부　준비해주지。,필요한　건　전부　준비해주지。,,18E518112401010101010101,True,18F4F6F9F0860BF218F82C0A,2,0807,True,61A059,시스템　완성을　서둘러라。,61A077,……알겠다。,quarantine,unresolved
P3_direct_ext3_control_adjacent_text_drift,61A135,scenario_61A128,unverified,confirm_current_text_then_rehome,重力を感じる……ここは宇宙じゃない。,피부에 지구의 중력이 느껴져…… 이곳은 우주가 아니로군.,こ중력이　느껴져……　우주가　아니야。,중력이　느껴져……　우주가　아니야。,,18E518112A010101010101010101010101,True,18F0C015E044F2D1F191F79FF08FF8DF0A,2,1728,True,61A128,으、　그레미……인가。,61A152,난　얼마나　잠들어　있었지？,quarantine,unresolved
P4_direct_ext3_text_drift,61A1FF,scenario_61A1EE,unverified,review_translation_and_runtime_by_bundle,たとえ状況が味方に有利だとはいえ、,"설령 현 형세가 아군에게 극도로 유리하다고 해도,",こ상황이　아군에게　유리해도、,상황이　아군에게　유리해도、,,18E51811320101010101010101010101,True,18F7C7F19A17F3AB0CF14DF814F25407,1,,,61A1EE,싸움엔　때라는　게　있어……,61A210,그때를　놓치면　전황은　뒤집혀。,quarantine,unresolved
P4_direct_ext3_text_drift,61A237,scenario_61A228,unverified,review_translation_and_runtime_by_bundle,戦功を上げたいのならはっきり言えばいい,공적을 세우고 출세하고 싶다면 단도직입적으로 요점만 지껄여라.,こ전공을　세우고　싶다면　솔직히　말해。,전공을　세우고　싶다면　솔직히　말해。,,18E5180BA801010101010101010101010101010101,True,1839E0C7159DF0EBF27EF515F09832277AF0E0F253,1,,,61A228,서론은　됐어、　그레미。,61A24D,……난　협력할게。,quarantine,unresolved
P4_direct_ext3_text_drift,61A280,scenario_61A26E,unverified,review_translation_and_runtime_by_bundle,私はそれを手にいれたい。,나는 그 기이한 기체를 입수해 노획하고 싶네.,こ난　그걸　손에　넣고　싶어。,난　그걸　손에　넣고　싶어。,,18E5181137010101010101,True,1841FA70720C04F02C040A,1,,,61A26E,……데빌　건담이　지구에　내려갔다。,61A28C,……아가마가　놈과　접촉하기　전에。,quarantine,unresolved
P3_direct_ext3_control_adjacent_text_drift,61A2B6,scenario_61A2A1,unverified,confirm_current_text_then_rehome,身体ならしには調度いい。,몸 풀기 삼아 조종 훈련하기엔 최적의 표적이로군.,こ몸풀기엔　딱　좋아。,몸풀기엔　딱　좋아。,,18E518113A01010101010101010101,True,18F2F7F515F40C08E0C0E023F2530A,2,1728,True,61A2AA,다음　상대는　아가마인가。,61A2CF,대기권　진입　５초　전。,quarantine,unresolved
P5_non_direct_native_or_other,61A2DC,scenario_61A2CF,unverified,do_not_autofix_static_false_positive_possible,４…３…２…１……,4…… 3…… 2…… 1……,こ４…３…２…１……,４…３…２…１……,,18E30402E07102E02602CFF191,,18E30402E07102E02602CFF191,2,1728,True,61A2CF,대기권　진입　５초　전。,61A2F5,……진입합니다！！,quarantine,unresolved
P3_direct_ext3_control_adjacent_text_drift,61A32E,scenario_61A324,unverified,confirm_current_text_then_rehome,ト－レス、ネオ・ジオンの動きはどうだ？,"토레스, 네오 지온 함대의 움직임은 어떠한가？",こ토레스、　네오　지온의　움직임은？,토레스、　네오　지온의　움직임은？,,18E5181BFE0101010101010101010101,True,18FB5D07F1002AF7AB05AAF4E8F89B1D,2,084B,True,61A324,……좋아！,61A343,네오지온　함대는,quarantine,unresolved
P3_direct_ext3_control_adjacent_text_drift,61A4F7,scenario_61A4D9,unverified,confirm_current_text_then_rehome,カイ、搬入の指揮を頼む。,"カイ, 자네가 하역 반장으로 지휘를 맡아 주게.",こ카이、반입　지휘를　부탁한다。,카이、반입　지휘를　부탁한다。,,18E518D54B010101010101010101,True,18F1D407F27005F13115E0758C0A,2,0819,True,61A4EA,곧　반입을　시작하죠。,61A50A,이런、　사람을　부려먹는　솜씨라니……,quarantine,unresolved
P4_direct_ext3_text_drift,61A558,scenario_61A54B,unverified,review_translation_and_runtime_by_bundle,ええ、カラバからの支援物資を,"예, 카라바에서 인계한 원조 물자들을",こ예、　카라바의　지원　물자를,예、　카라바의　지원　물자를,,18E5182B2901010101010101010101,True,18F14007F63DF67EF2B6E05FE1B015,1,,,61A54B,앗、　아스토나지　씨。,61A568,반입하는　데　시간이　걸린다네요……,quarantine,unresolved
P3_direct_ext3_control_adjacent_text_drift,61A57C,scenario_61A54B,unverified,confirm_current_text_then_rehome,アストナ－ジさんは良いんですか？,아스트나지 씨는 그냥 놀러 나가셔도 괜찮은 겁니까？,こ아스토나지　씨는　괜찮나요？,아스토나지　씨는　괜찮나요？,,18E518115301010101,True,18FDD4F731CAFBF61D,2,080D,True,61A568,반입하는　데　시간이　걸린다네요……,61A58A,반입은　저쪽　직원들이,quarantine,unresolved
P4_direct_ext3_text_drift,61A5A4,scenario_61A58A,unverified,review_translation_and_runtime_by_bundle,まあ、久々に,"뭐, 실로 간만에",こ뭐、오랜만에,뭐、오랜만에,,18E518948B010101,True,18F18107E133710C,1,,,61A599,해　준다니까。,61A5AD,푹　쉬어　보지。,quarantine,unresolved
P4_direct_ext3_text_drift,61A5BD,scenario_61A58A,unverified,review_translation_and_runtime_by_bundle,これで彼女でもいれば,옆구리를 채워줄 애인만 한 명 딱 있었어도,こ여기에　여자친구라도　있으면,여기에　여자친구라도　있으면,,18E518948C0101010101,True,18F62DF383F25E04F03E,1,,,61A5AD,푹　쉬어　보지。,61A5C8,있으면　최고의　휴식이었겠지만……,quarantine,unresolved
P4_direct_ext3_text_drift,61A5F5,scenario_61A5DA,unverified,review_translation_and_runtime_by_bundle,良い女性に巡り会いたかったら,정말로 괜찮은 여자와 인연을 맺고 싶다면,こ좋은　여자를　만나고　싶으면,좋은　여자를　만나고　싶으면,,18E5184B4B010101010101010101,True,18CA04F4560CE32227C1F26AFBAD,1,,,61A5EA,군대　생활이니까요。,61A604,에우고를　그만둬야……,quarantine,unresolved
P3_direct_ext3_control_adjacent_text_drift,61A650,scenario_61A631,unverified,confirm_current_text_then_rehome,クワトロ大尉もごー緒しませんか？,크와트로 대위님도 저와 동행하여 식사라도 어떠신가요？,こ크와트로　대위도　같이　가실래요？,크와트로　대위도　같이　가실래요？,,18E518116201010101010101010101,True,18FB96F08EF285F0A31221F5510E1D,2,082B,True,61A644,알고　있는데……,61A664,……그렇군。,quarantine,unresolved
P4_direct_ext3_text_drift,61A693,scenario_61A684,unverified,review_translation_and_runtime_by_bundle,せっかくホンコンに来たんだから、,"기왕 홍콩 땅을 밟았으니,",こ기왕　홍콩에　왔으니、,기왕　홍콩에　왔으니、,,18E5184CC90101010101010101,True,18FA0BF9F10C9B11F22EF12407,1,,,61A684,그럼　가죠、　바니。,61A6A1,여러　가지　즐겨야지！,quarantine,unresolved
P1_direct_ext3_exact_text_control_adjacent,61A6AE,scenario_61A684,unverified,high_priority_batch_after_anchor_pass,まずはショッピングかしら……？,우선 가볍게 쇼핑부터 즐겨볼까나……？,こ우선　가볍게　쇼핑부터　즐겨볼까나……？,우선　가볍게　쇼핑부터　즐겨볼까나……？,True,18E51811660101010101010101010101,True,18F84F2DE0BF51E18D1A4FF683F1911D,2,0852,True,61A6A1,여러　가지　즐겨야지！,61A6C3,앗、　그　전에,quarantine,unresolved
P4_direct_ext3_text_drift,61A708,scenario_61A6FB,unverified,review_translation_and_runtime_by_bundle,女の子をエスコ－トするんだから、,"숙녀분을 친절히 모시는 신사니까,",こ여자애를　에스코트하는　거니까、,여자애를　에스코트하는　거니까、,,18E5180BAB01010101010101010101,True,189705D115582F5E103EF957F12407,1,,,61A6FB,당연하잖아。,61A718,그　정도는　당연하죠！,quarantine,unresolved
P3_direct_ext3_control_adjacent_text_drift,61A725,scenario_61A6FB,unverified,confirm_current_text_then_rehome,さっ、行きましょうバ－ニィ。,"자, 지체 말고 어서 가요 바니.",こ자、가요　바니。,자、가요　바니。,,18E518948D0101010101,True,18F340076BFCACF9DD0A,2,0852,True,61A718,그　정도는　당연하죠！,61A734,나　월급날　전인데……,quarantine,unresolved
P3_direct_ext3_control_adjacent_text_drift,61A7D0,scenario_61A7C3,unverified,confirm_current_text_then_rehome,うぉぉ－っ！！　や、やったぁ！！,"우오옷 ㅡ ！！ 아, 만세！！",こ우오옷！！　해、해냈다！！,우오옷！！　해、해냈다！！,,18E51843E701010101010101010101,True,18F6811009F044013A07F75783F044,2,1728,True,61A7C3,지、　진짜요？！,61A7EB,………………,quarantine,unresolved
P4_direct_ext3_text_drift,61A863,scenario_61A854,unverified,review_translation_and_runtime_by_bundle,せっかくの上陸休暇なんですよ！,어렵게 얻어낸 황금 같은 상륙 휴가라고요！,こ모처럼의　상륙　휴가잖아요！,모처럼의　상륙　휴가잖아요！,,18E5181CC1010101,True,18FCCDFB9DFD1203,1,,,61A854,……무슨　소리예요！,61A86C,즐겨야죠！！,quarantine,unresolved
P1_direct_ext3_exact_text_control_adjacent,61A878,scenario_61A854,unverified,high_priority_batch_after_anchor_pass,さっ、行きましょう！,"자, 질질 끌지 말고 출발해요！",こ자、　질질　끌지　말고　출발해요！,자、　질질　끌지　말고　출발해요！,True,18E518117F010101,True,18F340076BFCAC03,2,0802,True,61A86C,즐겨야죠！！,61A885,하、　하지만……,quarantine,unresolved
P3_direct_ext3_control_adjacent_text_drift,61A925,scenario_61A919,unverified,confirm_current_text_then_rehome,……まあ、少しな。,"……뭐, 그냥 가볍게 사담 중이었네.",こ……뭐、조금。,……뭐、조금。,,18E5183CCA0101010101,True,18F191F1810788F4100A,2,1728,True,61A919,오、　카미유인가。,61A93B,그보다　카미유。,quarantine,unresolved
P4_direct_ext3_text_drift,61A98C,scenario_61A981,unverified,review_translation_and_runtime_by_bundle,お前だけは裏切らないで,너만큼은 연애질로 날 배신하지 않고,こ너만은　배신하지　않고,너만은　배신하지　않고,,18E5183B510101010101,True,183596F874F288F5D016,1,,,61A981,그렇군、　그렇군……,61A997,남아　줬구나……기쁘군。,quarantine,unresolved
P1_direct_ext3_exact_text_control_adjacent,61A9EE,scenario_61A9D0,unverified,high_priority_batch_after_anchor_pass,なあ、そうだろ、ト－レス？,"내 말이 맞지, 토레스？",こ내　말이　맞지、　토레스？,내　말이　맞지、　토레스？,True,18E5181192010101010101,True,18F52707F69C4207FB5D1D,2,084B,True,61A9E0,고민이　있는　거야。,61A9FE,………………,quarantine,unresolved
P4_direct_ext3_text_drift,61AA3C,scenario_61AA32,unverified,review_translation_and_runtime_by_bundle,街に出てきたのはいいけど、,"홍콩 시내에 상륙한 것까진 기분 좋은데,",こ거리에　나온　건　좋은데、,거리에　나온　건　좋은데、,,18E5180D2E01010101010101010101,True,18E27D0C6F0B3211F44BF253F49607,1,,,61AA32,……자、　그럼。,61AA4C,어디로　갈까？,quarantine,unresolved
P3_direct_ext3_control_adjacent_text_drift,61AA54,scenario_61AA32,unverified,confirm_current_text_then_rehome,ホンコンなんて初めてだしな……,이런 번화한 홍콩 거리는 생전 처음 밟아보니까 말이지……,こ홍콩은　처음이라서……,홍콩은　처음이라서……,,18E5181195010101010101010101,True,18F9F1F855E139F3F70DF410F191,2,1728,True,61AA4C,어디로　갈까？,61AA6E,……너　혼자야？,quarantine,unresolved
P1_direct_ext3_exact_text_control_adjacent,61AAD5,scenario_61AACA,unverified,high_priority_batch_after_anchor_pass,フォウ……ムラサメよ。,포우…… 포우 무라사메라고 해.,こ포우……　포우　무라사메라고　해。,포우……　포우　무라사메라고　해。,True,18E518119B01010101,True,18F712F191F998230A,2,1728,True,61AACA,난　포우야。,61AAEA,포우……,quarantine,unresolved
P4_direct_ext3_text_drift,61AB16,scenario_61AAFB,unverified,review_translation_and_runtime_by_bundle,ありがとう、フォウ。,"가이드해 주어서 고마워, 포우.",こ고마워、　포우。,고마워、　포우。,,18E518119E0101,True,18FCAA07F7120A,1,,,61AB0D,있구나……,61AB1E,너와　같이　다녀서　즐거웠어。,quarantine,unresolved
P3_direct_ext3_control_adjacent_text_drift,61AB3D,scenario_61AB32,unverified,confirm_current_text_then_rehome,カミ－ユといて楽しかった。,카미유와 함께 시간을 보내서 오랜만에 즐거웠어.,こ카미유와　있어서　즐거웠어。,카미유와　있어서　즐거웠어。,,18E51811A1010101010101,True,18F8FB13F275E1B9F97A0A,2,081E,True,61AB32,……나도。,61AB4D,……………,quarantine,unresolved
P3_direct_ext3_control_adjacent_text_drift,61AC19,scenario_61AC0E,unverified,confirm_current_text_then_rehome,……アタシのことを、呼んでいる！！,"……내 영혼의 파동을, 저 기류가 애타게 부르고 있어！！",こ……날、　부르고　있어！！,……날、　부르고　있어！！,,18E51811AA010101010101010101,True,18F191F881F8CD07E070F94BF044,2,1728,True,61AC0E,부르고　있어……！,61AC33,앗！　포、　포우？！,quarantine,unresolved
P5_non_direct_native_or_other,61AC6B,scenario_61AC5C,unverified,do_not_autofix_static_false_positive_possible,ティタ－ンズが,티탄즈 녀석들이,こ티탄즈가,티탄즈가,,18F02101,,18FDC417,1,,,61AC5C,저、　저건……모빌아머？！,61AC70,홍콩　시가지를　공격하다니！！,quarantine,unresolved
P3_direct_ext3_control_adjacent_text_drift,61ACED,scenario_61ACE3,unverified,confirm_current_text_then_rehome,どうする、まずいぞ！！,"전황 대응 시간이 모자랍니다, 위험해요！！",こ어떡하지、　위험해！！,어떡하지、　위험해！！,,18E5183C0A010101,True,18FA7407FAF0F044,2,1728,True,61ACE3,브라이트　중령！,61AD01,브라이트！,quarantine,unresolved
P5_non_direct_native_or_other,61AD11,scenario_61AD01,unverified,do_not_autofix_static_false_positive_possible,アウドムラの,우리 아우둠라 함의,こ아우도무라의,아우도무라의,,18F83D01,,18FBBC05,1,,,61AD08,여기는　하야토다！！,61AD16,모빌슈트대는　움직일　수　있어！,quarantine,unresolved
P4_direct_ext3_text_drift,61AD20,scenario_61AD01,unverified,review_translation_and_runtime_by_bundle,我々でなんとか敵をくいとめる！！,보급이 끝날 때까지 우리가 적들을 현장에 묶어 요격하지！！,こ우리가　어떻게든　적을　막겠어！！,우리가　어떻게든　적을　막겠어！！,,18E51811B5010101010101010101010101,True,186A71F27119F18D7F1524F277F419F044,1,,,61AD16,모빌슈트대는　움직일　수　있어！,61AD32,그동안　작업을　끝내　줘！！,quarantine,unresolved
P4_direct_ext3_text_drift,61AD66,scenario_61AD5B,unverified,review_translation_and_runtime_by_bundle,モビルス－ツ隊は出撃に備えよ！！,모빌슈트 부대 전원 즉각 출격 태세를 갖춰라！！,こＭＳ대는　출격에　대비하라！！,ＭＳ대는　출격에　대비하라！！,,18E5184B4E0101010101010101,True,18FD795408F1640CC5F0D4F044,1,,,61AD5B,아우도무라　발진！！,61AD74,티탄즈를　맞아　싸운다！,quarantine,unresolved
P4_direct_ext3_text_drift,61AD7F,scenario_61AD5B,unverified,review_translation_and_runtime_by_bundle,いいか！　補給作業が終了するまで,전원 명심해라！ 보급 물자 하역 적재가 완전히 끝날 때까지,こ좋아！　보급이　끝날　때까지,좋아！　보급이　끝날　때까지,,18E518C3B101010101010101,True,18F89E0301FB2617F4ADFA2B,1,,,61AD74,티탄즈를　맞아　싸운다！,61AD8C,아가마와　라디쉬는　못　움직여！,quarantine,unresolved
P4_direct_ext3_text_drift,61AD98,scenario_61AD5B,unverified,review_translation_and_runtime_by_bundle,作業が終了するまで敵をア－ガマと,입고가 매듭지어질 때까지 적들이 아가마와,こ작업이　끝날　때까지　적을,작업이　끝날　때까지　적을,,18E51874E30101010101010101,True,18F17B17F4ADFA2B7F15FB7813,1,,,61AD8C,아가마와　라디쉬는　못　움직여！,61ADA6,아가마와　라디쉬에　붙이지　마라！！,quarantine,unresolved
P4_direct_ext3_text_drift,61AEEF,scenario_61AEDD,unverified,review_translation_and_runtime_by_bundle,文句があるなら,그 불평 섞인 헛소리는,こ불만이　있으면,불만이　있으면,,18E5180D30010101,True,18E36FE31DFA3C1C,1,,,61AEDD,거기까지　해라、　야잔　중위！！,61AEF8,아가마를　해치운　뒤　말해！,quarantine,unresolved
P4_direct_ext3_text_drift,61AF52,scenario_61AF36,unverified,review_translation_and_runtime_by_bundle,アンタはその強化人間ってやつと,네놈은 저기 서 있는 저 맛 간 강화인간이라는 녀석과,こ넌　그　강화인간이란　녀석과,넌　그　강화인간이란　녀석과,,18E5182B2E01010101010101,True,18F5A5F7A4F9A4F1563A4013,1,,,61AF42,그럼　난　아가마로　가겠어。,61AF5F,잘해　보라고！！,quarantine,unresolved
P4_direct_ext3_text_drift,61B03B,scenario_61B02F,unverified,review_translation_and_runtime_by_bundle,なんていうか…その……パイロットって,뭐라고　할까　……　그　……　……　조종사,こ뭐라고　할까　……　그　……　……,뭐라고　할까　……　그　……　……,,18E518C3B401010101010101010101,True,18F85504F1D802F423F191FD0BF156,1,,,61B02F,아、　아니야！！,61B04B,평범한　여자아이　같아서……,quarantine,unresolved
P1_direct_ext3_exact_text_control_adjacent,61B0E6,scenario_61B0D5,unverified,high_priority_batch_after_anchor_pass,アナタの名前……覚えておくわ！！,당신의　이름…　…　기억해　둘게！　！,こ당신의　이름…　…　기억해　둘게！！,당신의　이름…　…　기억해　둘게！！,True,18E518C3B9010101010101010101010101,True,18F80905F48DF191E041F11E35F107F044,2,1728,True,61B0D5,그래、　카츠라고　하는구나。,61B101,……뭐？！,quarantine,unresolved
P4_direct_ext3_text_drift,61B122,scenario_61B117,unverified,review_translation_and_runtime_by_bundle,アナタはエゥ－ゴで、私の敵だわ。,"당신은 에우고 소속이고, 제 적인걸요.",こ당신은　에우고、　내　적이야。,당신은　에우고、　내　적이야。,,18E5180C68010101010101010101,True,18F80908F8E3160741057FF5530A,2,,,61B117,하지만、　그야　당연하잖아요？,61B132,こ팝티머스　님을　위해서라도、,quarantine,unresolved
P2_direct_ext3_exact_text,61B132,scenario_61B117,unverified,second_batch_representative_runtime_test,パプテマス様のためにも、,"팝티머스 님을 위해서라도,",こ팝티머스　님을　위해서라도、,팝티머스　님을　위해서라도、,True,18E51874E7010101,True,18FC168BFA802007,1,,,61B122,こ당신은　에우고、　내　적이야。,61B13B,당신을　쓰러뜨려야　해요。,quarantine,unresolved
P2_direct_ext3_exact_text,61B19A,scenario_61B18C,unverified,second_batch_representative_runtime_test,せっかくカテジナ・ル－スさんに会いに,어렵게 카테지나 루스 씨를 만나러,こ어렵게　카테지나　루스　씨를　만나러,어렵게　카테지나　루스　씨를　만나러,True,18E51811D70101010101010101,True,18FA0BF9CD2AF7D6F72FC1F27C,1,,,61B18C,어、　어째서　일이　이렇게……,61B1A8,홍콩까지　왔는데、,quarantine,unresolved
P2_direct_ext3_exact_text,61B1B9,scenario_61B18C,unverified,second_batch_representative_runtime_test,ティタ－ンズとエゥ－ゴの,티탄즈와 에우고의,こ티탄즈와　에우고의,티탄즈와　에우고의,True,18E51811D90101,True,18FDC413F8E305,1,,,61B1A8,홍콩까지　왔는데、,61B1C1,전투에　휘말리다니……！,quarantine,unresolved
P2_direct_ext3_exact_text,61B1EB,scenario_61B1E0,unverified,second_batch_representative_runtime_test,そうだ、カテジナ・ル－スさん！！,"그렇지, 카테지나 루스 씨！！",こ그렇지、　카테지나　루스　씨！！,그렇지、　카테지나　루스　씨！！,True,18E51811DB0101010101010101,True,18F69C07F9CD2AF7D6F366F044,2,,,61B1E0,……앗！！,61B1FA,こ카테지나　루스　씨도　홍콩　어딘가에서,quarantine,unresolved
P2_direct_ext3_exact_text,61B1FA,scenario_61B1E0,unverified,second_batch_representative_runtime_test,カテジナ・ル－スさんもホンコンのどこかで,카테지나 루스 씨도 홍콩 어딘가에서,こ카테지나　루스　씨도　홍콩　어딘가에서,카테지나　루스　씨도　홍콩　어딘가에서,True,18E51811DC01010101010101010101,True,18F9CD2AF7D6F737F9F10536180E16,1,,,61B1EB,こ그렇지、　카테지나　루스　씨！！,61B20A,전투에　휘말렸을　거야！,quarantine,unresolved
P1_direct_ext3_exact_text_control_adjacent,61B21C,scenario_61B1E0,unverified,high_priority_batch_after_anchor_pass,たっ、助けに行かなきゃ……！！,"구, 구하러 가야 해……！！",こ구、　구하러　가야　해……！！,구、　구하러　가야　해……！！,True,18E51811DE0101010101010101010101,True,18F37607E000F4986BF135324EF60C03,2,1728,True,61B20A,전투에　휘말렸을　거야！,61B236,꺄아악！！,quarantine,unresolved
P4_direct_ext3_text_drift,61B30A,scenario_61B2F9,unverified,review_translation_and_runtime_by_bundle,ティタ－ンズとエゥ－ゴが戦闘してるんです,티탄즈와 에우고가 교전하고 있어요,こ티탄즈와　에우고가　교전하고　있어요　…,티탄즈와　에우고가　교전하고　있어요　…,,18E5181A1D01010101010101010101,True,18FDC413F8E317F337F4130FF2221E,1,,,61B2F9,카테지나　씨를　구하러　왔어요！,61B31A,어서　여기서　피해야　해요！！,quarantine,unresolved
P1_direct_ext3_exact_text_control_adjacent,61B32B,scenario_61B2F9,unverified,high_priority_batch_after_anchor_pass,さあ、カテジナさん、こっちです！！,"자, 카테지나 씨, 이쪽이에요！！",こ자、　카테지나　씨、　이쪽이에요！！,자、　카테지나　씨、　이쪽이에요！！,True,18E518C3BB0101010101010101,True,18F32B07F9CDF36607FCABF044,2,081C,True,61B31A,어서　여기서　피해야　해요！！,61B33D,어、　으응……,quarantine,unresolved
P1_direct_ext3_exact_text_control_adjacent,61B383,scenario_61B36E,unverified,high_priority_batch_after_anchor_pass,ティタ－ンズを迎え撃つぞ！！,티탄즈 녀석들을 요격한다！！,こ티탄즈　녀석들을　요격한다！！,티탄즈　녀석들을　요격한다！！,True,18E51811F001010101010101,True,18FDC415E0A62B7B406EF044,2,1728,True,61B377,아가마　긴급　발진！！,61B399,윽……！！,quarantine,unresolved
P2_direct_ext3_exact_text,61B3F7,scenario_61B3DD,unverified,second_batch_representative_runtime_test,パプテマス・シロッコという男から,팝티머스 시로코라는 분으로부터,こ팝티머스　시로코라는　분으로부터,팝티머스　시로코라는　분으로부터,True,18E51874E901010101010101,True,18FC162AF9F3F664E06BF124,1,,,61B3EB,제리드　메사　중위지？,61B404,신형　모빌슈트를　맡아　왔다。,quarantine,unresolved
P3_direct_ext3_control_adjacent_text_drift,61B412,scenario_61B3DD,unverified,confirm_current_text_then_rehome,……これを使え。,……이 기체를 사용하게.,こ……이걸　써。,……이걸　써。,,18E5181CC601010101,True,18F191F637E0012B0A,2,1728,True,61B404,신형　모빌슈트를　맡아　왔다。,61B425,이건……！！,quarantine,unresolved
P4_direct_ext3_text_drift,61B44D,scenario_61B439,unverified,review_translation_and_runtime_by_bundle,マウア－……ファラオ中尉だったな。,마우어…… 파라오 중위라고 했지.,こ마우아……　파라오　중위라고　했지。,마우아……　파라오　중위라고　했지。,,18E51811F801010101010101,True,18FAFCF191FA5CF559FB030A,1,,,61B440,이　모빌슈트라면　해낼　수　있어！！,61B45A,협력해　줘！,quarantine,unresolved
P3_direct_ext3_control_adjacent_text_drift,61B57A,scenario_61B563,unverified,confirm_current_text_then_rehome,もっと、優しくて……,훨씬 더 포근하고 상냥하며……,こ좀　더、상냥하고……,좀　더、상냥하고……,,18E5182CB20101010101,True,18F5DB07E0D5F8A8F191,2,082B,True,61B574,사람이　아니야！,61B589,무슨　소리냐！,quarantine,unresolved
P4_direct_ext3_text_drift,61B59B,scenario_61B589,unverified,review_translation_and_runtime_by_bundle,敵のパイロットに感情移入するな！,적국의 조종사에게 쓸데없이 감정을 이입하지 마라！,こ적　파일럿에게　감정이입하지　마！,적　파일럿에게　감정이입하지　마！,,18E5180BAF010101010101,True,187F05FD0B0CFA0DF77603,1,,,61B593,저건　적이다！,61B5A7,그러다　네가　죽는다！,quarantine,unresolved
P4_direct_ext3_text_drift,61B5CA,scenario_61B5BE,unverified,review_translation_and_runtime_by_bundle,フォウはあの機体のせいで,포우는 저 흉악한 소체 탓에 머리가 망가져,こ포우는　저　흉악한　소체　탓에　머리가,포우는　저　흉악한　소체　탓에　머리가,,18E518120C010101010101,True,18F712F5E1F0180534F276,1,,,61B5BE,……싫어！！,61B5D6,내가　누군지　모를　뿐이야！,quarantine,unresolved
P4_direct_ext3_text_drift,61B5E8,scenario_61B5BE,unverified,review_translation_and_runtime_by_bundle,正気さえ取り戻せば、,"제정신만 차릴 수 있다면,",こ제정신만　차릴　수　있다면、　다시　예전,제정신만　차릴　수　있다면、　다시　예전,,18E518274001010101010101,True,18F3B5F332D627E042F55C07,1,,,61B5D6,내가　누군지　모를　뿐이야！,61B5F5,원래의　포우로　돌아올　거야！,quarantine,unresolved
P5_non_direct_native_or_other,61B667,scenario_61B654,unverified,do_not_autofix_static_false_positive_possible,ならっ！！,그렇다면！！,こ그렇다면！！,그렇다면！！,True,18F3E8F044,,18F676F044,2,1728,True,61B654,목소리가　닿지　않는　건가……？,61B676,포우！,quarantine,unresolved
P2_direct_ext3_exact_text,61B75C,scenario_61B749,unverified,second_batch_representative_runtime_test,『爪を噛むくせを,『손톱 깨무는 버릇 좀,こ『손톱　깨무는　버릇　좀,『손톱　깨무는　버릇　좀,True,18E518121E010101010101,True,1868E50115E4E38C243415,1,,,61B749,어릴　때　자주　들었어。,61B768,그만두렴、　카미유』라고。,quarantine,unresolved
P2_direct_ext3_exact_text,61B78E,scenario_61B780,unverified,second_batch_representative_runtime_test,だってさ、カミ－ユって,"왜냐면, 카미유라는 이름은",こ왜냐면、　카미유라는　이름은,왜냐면、　카미유라는　이름은,True,18E518122101010101,True,18F6492507F8FBF156,1,,,61B780,그게　정말　싫었지。,61B798,여자아이　이름　같잖아？,quarantine,unresolved
P3_direct_ext3_control_adjacent_text_drift,61B7A3,scenario_61B780,unverified,confirm_current_text_then_rehome,大っ嫌いだったよ、ずっと……,나도 내 이름이 오랫동안 정말 혐오스러웠어……,こ계속　정말　싫었어……,계속　정말　싫었어……,,18E5180C69010101010101010101,True,185C09E28304F6462307F6E6F191,2,1728,True,61B798,여자아이　이름　같잖아？,61B7BD,……미안。,quarantine,unresolved
P5_non_direct_native_or_other,61B8E4,scenario_61B8DB,unverified,do_not_autofix_static_false_positive_possible,これでもう、,"이걸로 드디어,",こ이걸로　이제、,이걸로　이제、,,18F84D01,,18FCB207,1,,,61B8DB,카미유……,61B8E9,잊지　않아도　된다는　뜻……,quarantine,unresolved
P3_direct_ext3_control_adjacent_text_drift,61BA4F,scenario_61BA42,unverified,confirm_current_text_then_rehome,君のマシンだ……受け取ってくれ。,자네를 위해 수송되어 온 전용기일세…… 인수받아 기동하게.,こ자네　기체다……　받아주게。,자네　기체다……　받아주게。,,18E518123B01010101010101010101,True,186105F5D10DF191E00928D6FA3E0A,2,1728,True,61BA42,카미유　군……이었지。,61BA68,이건……？,quarantine,unresolved
P4_direct_ext3_text_drift,61BB86,scenario_61BB70,unverified,review_translation_and_runtime_by_bundle,しかし、こんなに早く,"하지만, 이토록 빠른 속도로",こ하지만　이렇게　빨리,하지만　이렇게　빨리,,18E5181B4501010101,True,18F82807F98DE06E24,1,,,61BB70,그래、　브라이트를　놀라게　하려고。,61BB90,전선에　복귀해　줄　줄은　몰랐네。,quarantine,unresolved
P1_direct_ext3_exact_text_control_adjacent,61BBB7,scenario_61BBA1,unverified,high_priority_batch_after_anchor_pass,頼むぞ、アムロ。,"수고해 주게나, 아무로.",こ수고해　주게나、　아무로。,수고해　주게나、　아무로。,True,18E518C3C601010101,True,18E075F0C507F8470A,2,1728,True,61BBAA,아무로가　돌아와　줘서　든든하군。,61BBCC,……아아！,quarantine,unresolved
P4_direct_ext3_text_drift,61BC04,scenario_61BBF1,unverified,review_translation_and_runtime_by_bundle,これ以上の戦闘は危険だな。,이 이상 무리하게 전투를 지속하는 건 기체 과부하로 자멸할 리스크가 크다.,こ더　싸우는　건　위험하군。,더　싸우는　건　위험하군。,,18E5181246010101010101010101,True,18F36DF3D105F33708F10AF5490A,1,,,61BBF8,약해지고　있는　건가……,61BC13,넘버　포를　후퇴시켜라！！,quarantine,unresolved
P3_direct_ext3_control_adjacent_text_drift,61BD57,scenario_61BD4A,unverified,confirm_current_text_then_rehome,こっ、この感じは……ううっ！！,"이, 이 불쾌하고 사악한 영적 파동은…… 으으윽！！",こ이、　이　느낌은……　으윽！！,이、　이　느낌은……　으윽！！,,18E51812510101010101010101010101,True,18F35907F362E044F2D6F191F78DF044,2,1728,True,61BD4A,……아윽！？,61BD73,카미유！！,quarantine,unresolved
P1_direct_ext3_exact_text_control_adjacent,61BD9E,scenario_61BD84,unverified,high_priority_batch_after_anchor_pass,……うっ！！,……윽！！,こ……윽！！,……윽！！,True,18E518E4910101,True,18F191F1EBF044,2,1728,True,61BD8E,일어난　거야……윽！！,61BDAF,이건……！,quarantine,unresolved
P4_direct_ext3_text_drift,61BE08,scenario_61BDFF,unverified,review_translation_and_runtime_by_bundle,システムの影響から逃れられる,세이레네 시스템의 전파 교란을 극복하고 자유로이 움직이는,こ시스템의　영향을　벗어나는,시스템의　영향을　벗어나는,,18E5184B50010101010101010101,True,18F90405F2C9F124E0151B1CF047,1,,,61BDFF,헤에……,61BE17,인간이　있다니　말이야。,quarantine,unresolved
P3_direct_ext3_control_adjacent_text_drift,61BE9B,scenario_61BE80,unverified,confirm_current_text_then_rehome,まったく、せっかちな人だなぁ。,"정말이지, 성미도 드럽게 급하신 영반이로군.",こ정말、　성급한　사람이네。,정말、　성급한　사람이네。,,18E5180C6A010101010101,True,18F98B07FC8F50F549830A,2,0802,True,61BE89,그렇게　소리치지　않아도　들려。,61BEAB,네놈！！,quarantine,unresolved
P4_direct_ext3_text_drift,61BED2,scenario_61BEC0,unverified,review_translation_and_runtime_by_bundle,このボクに直接とどめを刺して,이 내 손으로 직접 자네의 비참한 숨통을 끊어,こ내가　직접　끝내주길,내가　직접　끝내주길,,18E5183B55010101010101010101,True,18F362F2790CF29FFB66E24FF413,1,,,61BEC0,……그러니까、　안다니까。,61BEE1,끊어　주길　바라는　거지？,quarantine,unresolved
P4_direct_ext3_text_drift,61BEEF,scenario_61BEC0,unverified,review_translation_and_runtime_by_bundle,わざわざ残ってくれたのは,일부러 도망 안 치고 전선에 알짱거리며 대기한 건,こ일부러　남아준　건,일부러　남아준　건,,18E5180BB10101010101,True,18FA4CE01FFA3E11F44B,1,,,61BEE1,끊어　주길　바라는　거지？,61BEFA,그　때문이지？,quarantine,unresolved
P4_direct_ext3_text_drift,61BF63,scenario_61BF59,unverified,review_translation_and_runtime_by_bundle,『システム・セイレ－ネ』は,이 『시스템 세이레네』는,こ이　『시스템　세이레네』는　전사들의,이　『시스템　세이레네』는　전사들의,,18E5181A5301010101,True,1868F9042AFC276608,1,,,61BF59,소용없어。,61BF6D,병사의　정신에　작용해。,quarantine,unresolved
P4_direct_ext3_text_drift,61BF7A,scenario_61BF59,unverified,review_translation_and_runtime_by_bundle,かろうじて戦闘不能には,간신히 기체가 전투 불능 사태에 빠지진,こ간신히　기체가　전투　불능　사태에　빠지,간신히　기체가　전투　불능　사태에　빠지,,18E51846DD0101,True,18FC49F8D7F467,1,,,61BF6D,병사의　정신에　작용해。,61BF82,면한　것　같지만、　후후후……,quarantine,unresolved
P4_direct_ext3_text_drift,61BF8B,scenario_61BF59,unverified,review_translation_and_runtime_by_bundle,……それだけで手ー杯。,……그 정신력을 유지하는 것만으로도 벅차겠지.,こ……그것만으로도　벅차。,……그것만으로도　벅차。,,18E51874EC010101,True,18F191FBEAF5A20A,1,,,61BF82,면한　것　같지만、　후후후……,61BF94,제대로　싸울　수는　없어。,quarantine,unresolved
P4_direct_ext3_text_drift,61BFF4,scenario_61BFE3,unverified,review_translation_and_runtime_by_bundle,システムの影響圏内で動ける,세이레네 전파 영향권 내에서 멀쩡하게 구동되는,こ시스템　영향권에서　움직이는,시스템　영향권에서　움직이는,,18E5183B560101010101,True,18F90405F96416AAF4A2,1,,,61BFEB,저건……민간인？,61BFFF,일반인이　있었다니……,quarantine,unresolved
P3_direct_ext3_control_adjacent_text_drift,61C03C,scenario_61C030,unverified,confirm_current_text_then_rehome,モビルス－ツが？……あぁっ！！,모빌슈트가 강제로 조종당해？……아악！！,こ모빌슈트가？……　아앗！！,모빌슈트가？……　아앗！！,,18E5183C0D0101010101,True,18FD7917F843F7FCF044,2,1728,True,61C030,뭐、　뭐라고……？！,61C050,놔、　놔　줘……！！,quarantine,unresolved
P4_direct_ext3_text_drift,61C073,scenario_61C068,unverified,review_translation_and_runtime_by_bundle,ちゃんと意識まで正常に保ってるよ、,"정신 오염 없이 자아와 의식까지 말끔하게 유지하고 있어,",こ의식까지　정상으로　유지하고　있어、,의식까지　정상으로　유지하고　있어、,,18E518127501010101010101010101010101,True,18FA83F0BFF19DE05AE19B0CE0E3F6F32307,1,,,61C068,아아、　역시。,61C086,특이　체질인가……？,quarantine,unresolved
P3_direct_ext3_control_adjacent_text_drift,61C099,scenario_61C068,unverified,confirm_current_text_then_rehome,それとも、単に精神力が強いとか……,그게 아니면 단지 정신력이 남다르게 굳건하다거나……,こ아니면　그냥　정신력이　강한가……,아니면　그냥　정신력이　강한가……,,18E5181277010101010101010101010101,True,18FB5107E1720CF3775717E055F7D3F191,2,1728,True,61C086,특이　체질인가……？,61C0B4,이　자식！！,quarantine,unresolved
P4_direct_ext3_text_drift,61C0FF,scenario_61C0E6,unverified,review_translation_and_runtime_by_bundle,本当ならニュ－タイプ能力の高い者から,원래대로라면 뉴타입 자질과 감응도가 높은 자들부터,こ원래라면　뉴타입　능력이　높은　자부터,원래라면　뉴타입　능력이　높은　자부터,,18E518127C0101010101010101010101,True,18F264F515FD6CF0D305E0AD049FF124,1,,,61C0F6,너도　대단하군。,61C110,영향을　받을　텐데……,quarantine,unresolved
P4_direct_ext3_text_drift,61C121,scenario_61C0E6,unverified,review_translation_and_runtime_by_bundle,……まだ、動けるなんて。,……이 악 조건 하에서도 아직 움직일 수 있다니.,こ……아직　움직일　수　있다니。,……아직　움직일　수　있다니。,,18E518127E0101010101,True,18F191F19507AAFBB40A,1,,,61C110,영향을　받을　텐데……,61C12C,그만큼　이　사람을　좋아하는구나。,quarantine,unresolved
P4_direct_ext3_text_drift,61C20F,scenario_61C205,unverified,review_translation_and_runtime_by_bundle,サンプルはひとつあれば十分だからね。,실험실 표본은 저 여자 한 명이면 족하니까.,こ샘플은　하나면　충분하니까。,샘플은　하나면　충분하니까。,,18E5182BEE0101010101010101010101,True,18F19BF1FA08F5F9F3E549F08BFA8F0A,2,,,61C205,……그래。,61C221,こ……자、그녀를。,quarantine,unresolved
P3_direct_ext3_control_adjacent_text_drift,61C221,scenario_61C205,unverified,confirm_current_text_then_rehome,……さあ、彼女を。,"……자, 어서 저 여자를 이송해라.",こ……자、그녀를。,……자、그녀를。,,18E5180D370101010101,True,18F191F32B07F383150A,2,1728,True,61C20F,こ샘플은　하나면　충분하니까。,61C235,으으…카테지나　씨……,quarantine,unresolved
P4_direct_ext3_text_drift,61C27E,scenario_61C274,unverified,review_translation_and_runtime_by_bundle,システム・セイレ－ネというのは,세상을 교란하는 시스템 세이레네라는 것이,こ시스템　세이레네라는　게,시스템　세이레네라는　게,,18E5181B47010101,True,18F9042AFC27FCF2,1,,,61C274,……………,61C287,저걸　말하는　건가……,quarantine,unresolved
P4_direct_ext3_text_drift,61C32E,scenario_61C324,unverified,review_translation_and_runtime_by_bundle,システムとかいうのは,세이레네 주파수 생성 장치라는 건,こ그　시스템이라는　건,그　시스템이라는　건,,18E5182B320101,True,18F904FA48F44B,1,,,61C324,……그래。,61C336,저　가루다에　탑재돼　있었군。,quarantine,unresolved
P3_direct_ext3_control_adjacent_text_drift,61C349,scenario_61C324,unverified,confirm_current_text_then_rehome,ヤツが消えたとたん、頭が軽くなった。,"저 비행체가 공역에서 사라진 찰나, 머릿속 브레인 소음이 말끔히 사라졌네.",こ놈이　사라지자　머리가　가벼워졌어。,놈이　사라지자　머리가　가벼워졌어。,,18E5181295010101010101010101010101010101,True,18F2D417E05CF13613111907E10617E3B2F9D10A,2,1728,True,61C336,저　가루다에　탑재돼　있었군。,61C367,……임무　완료。,quarantine,unresolved
P1_direct_ext3_exact_text_control_adjacent,61C371,scenario_61C367,unverified,high_priority_batch_after_anchor_pass,これより、帰投する。,"지금 즉시, 기지로 귀환하겠다.",こ지금　즉시、　기지로　귀환하겠다。,지금　즉시、　기지로　귀환하겠다。,True,18E518129601010101,True,18FAE007F518F1CB0A,2,1728,True,61C367,……임무　완료。,61C384,………………,quarantine,unresolved
P3_direct_ext3_control_adjacent_text_drift,61C38D,scenario_61C384,unverified,confirm_current_text_then_rehome,……何者だったんだ、あのモビルス－ツ？,"……도대체 정체가 뭐였지, 저 특이한 모빌슈트 기체는？",こ……뭐였지、　그　모빌슈트？,……뭐였지、　그　모빌슈트？,,18E51812970101010101010101,True,18F191F42DFCDB07F3DAFD791D,2,1728,True,61C384,………………,61C3A6,………………,quarantine,unresolved
P4_direct_ext3_text_drift,61C3BF,scenario_61C3B4,unverified,review_translation_and_runtime_by_bundle,お前が頼みにしていたシステムとやらは,네놈이 전술의 중추로 맹신해 의지하던 그 시스템은,こ네가　믿던　시스템은,네가　믿던　시스템은,,18E5181B48010101010101010101010101,True,18359617E07569F7BCF26AF904133AF05B,1,,,61C3B4,……아인인가。,61C3D1,이제　없어졌다……。,quarantine,unresolved
P3_direct_ext3_control_adjacent_text_drift,61C3DB,scenario_61C3B4,unverified,confirm_current_text_then_rehome,……さあ、どうする？,"……자, 이제 어떻게 발악해 볼 테냐？",こ……자、　어떻게　할래？,……자、　어떻게　할래？,,18E5180C6B01010101,True,18F191F32B07FA741D,2,0807,True,61C3D1,이제　없어졌다……。,61C3E9,……윽！！,quarantine,unresolved
P4_direct_ext3_text_drift,61C3F3,scenario_61C3E9,unverified,review_translation_and_runtime_by_bundle,そんなものが無くたって、,"그까짓 시스템 교란 장치 따위 유실되었어도,",こ그런　게　없어도、,그런　게　없어도、,,18E5180BB301010101010101,True,18F823200517A424F3760B07,1,,,61C3E9,……윽！！,61C400,너희　정도는……！！,quarantine,unresolved
P5_non_direct_native_or_other,61C4EC,scenario_61C4E2,unverified,do_not_autofix_static_false_positive_possible,………………,………………,こ………………,………………,True,18F617F617,,18F617F617,2,1728,True,61C4E2,으、　응……,61C4FD,……윽！！,quarantine,unresolved
P4_direct_ext3_text_drift,61C50F,scenario_61C4FD,unverified,review_translation_and_runtime_by_bundle,そうだ！……カテジナさん！！,그렇지！…… 카테지나 씨는！！,こ그래！……카테지나　씨！！,그래！……카테지나　씨！！,,18E5182CB8010101010101,True,18F69CF747F9CDF366F044,1,,,61C506,여、　여기는……？,61C51B,카테지나　씨는！！,quarantine,unresolved
P4_direct_ext3_text_drift,61C56E,scenario_61C55A,unverified,review_translation_and_runtime_by_bundle,機体が壊れているわけでは,기체 외관이 파손되어 구동 불능에 빠진,こ기체　외관이　파손되어　구동　불능에,기체　외관이　파손되어　구동　불능에,,18E51812A901010101010101,True,18F01817E0A1FA5F3128F261,1,,,61C564,사람이　타고　있어……,61C57B,아닌　모양이지만……,quarantine,unresolved
P5_non_direct_native_or_other,61C586,scenario_61C55A,unverified,do_not_autofix_static_false_positive_possible,………………,………………,こ………………,………………,True,18F617F617,,18F617F617,2,1728,True,61C57B,아닌　모양이지만……,61C597,……좋아！,quarantine,unresolved
P2_direct_ext3_exact_text,61C62B,scenario_61C620,unverified,second_batch_representative_runtime_test,そういえば、貴様……,"그러고 보니, 네놈……",こ그러고　보니、　네놈……,그러고　보니、　네놈……,True,18E518C07F010101,True,18FCC107F1C0F191,2,,,61C620,……『파브니르』？,61C635,こ방금　전투……　예전처럼,quarantine,unresolved
P4_direct_ext3_text_drift,61C635,scenario_61C620,unverified,review_translation_and_runtime_by_bundle,今の戦闘……これまでのような,방금의 격전 과정에서…… 예전 조우 때 맛보았던,こ방금　전투……　예전처럼,방금　전투……　예전처럼,,18E5183B5901010101010101,True,187605F337F191FBE5F49E06,1,,,61C62B,こ그러고　보니、　네놈……,61C642,힘을　쓰지는　않았군。,quarantine,unresolved
P4_direct_ext3_text_drift,61C6AD,scenario_61C696,unverified,review_translation_and_runtime_by_bundle,ならば、貴様を恐れる理由はない！,"그렇다면, 이 내 손으로 너를 처단하는 건 식은 죽 먹기다！",こ그렇다면、네놈을　두려워할　이유　없다！,그렇다면、네놈을　두려워할　이유　없다！,,18E5181CCD0101010101010101010101,True,18F67707F1C015E163F047F3CCF6FE03,1,,,61C69D,네　힘은　빌린　거였군！！,61C6BE,……간다！,quarantine,unresolved
P2_direct_ext3_exact_text,61C716,scenario_61C70D,unverified,second_batch_representative_runtime_test,システム・セイレ－ネと,시스템 세이레네와,こ시스템　세이레네와,시스템　세이레네와,True,18E51812B60101,True,18F9042AFC2713,1,,,61C70D,………………,61C71E,파브니르라……,quarantine,unresolved
P4_direct_ext3_text_drift,61C76B,scenario_61C748,unverified,review_translation_and_runtime_by_bundle,たしか、ジ－クフリ－ドっていう英雄が,"기억하기론, 지크프리트라는 전설의 용사가",こ지크프리트란　영웅이,지크프리트란　영웅이,,18E51812BB0101010101010101,True,18F7D207FE0FF1560414F2B717,1,,,61C75A,사악한　용의　이름　아니던가？,61C779,그　피를　뒤집어써　불사신이　됐다지……,quarantine,unresolved
P4_direct_ext3_text_drift,61C800,scenario_61C7F2,unverified,review_translation_and_runtime_by_bundle,神話では竜を殺して血を浴びることで,신화 전개에선 용을 죽이고 그 선혈을 직접 샤워하듯 뒤집어써서,こ신화에선　용을　죽이고　피를　뒤집어써,신화에선　용을　죽이고　피를　뒤집어써,,18E5183B5B010101010101010101010101010101010101,True,18F458F261E2AA15E00CF413E14915E404E0510F181316,1,,,61C7F2,별일은　아닌데……,61C818,불사신이　됐잖아。,quarantine,unresolved
P4_direct_ext3_text_drift,61C822,scenario_61C7F2,unverified,review_translation_and_runtime_by_bundle,だったら、あの人の力のもとは,"그렇다면, 아인 그 사내의 강력한 무력의 본질은",こ그렇다면、　그　사람의　힘은,그렇다면、　그　사람의　힘은,,18E51812C201010101010101,True,18FB0A07F3DA50055705F7B4,1,,,61C818,불사신이　됐잖아。,61C82F,뭘까……하고　생각해서。,quarantine,unresolved
P4_direct_ext3_text_drift,61C8F9,scenario_61C8EB,unverified,review_translation_and_runtime_by_bundle,ボクはウッソ・エヴィン……,저는 웃소 에빈이라고 합니다……,こ전　웃소　에빈입니다……,전　웃소　에빈입니다……,,18E5182B37010101010101,True,18F27908F69F2AF8C4F191,1,,,61C8EB,앗！　죄、　죄송해요。,61C905,모빌슈트를　빌려　버렸습니다。,quarantine,unresolved
P4_direct_ext3_text_drift,61C97E,scenario_61C970,unverified,review_translation_and_runtime_by_bundle,アタシだってマスタ－するのに,정식 훈련을 거친 나조차 기동 라이선스를 따는 데,こ나도　익히는　데,나도　익히는　데,,18E51812D4010101010101,True,18F881F649FABDF1CB050C,1,,,61C970,네？　거짓말……！！,61C98A,１년쯤　걸렸는데……！！,quarantine,unresolved
P3_direct_ext3_control_adjacent_text_drift,61C9DC,scenario_61C9C4,unverified,confirm_current_text_then_rehome,今、ティタ－ンズと戦闘中なのよ！,현재 아군 함대는 티탄즈 녀석들과 치열하게 교전 중이라고！,こ지금　티탄즈와　싸우는　중이야！,지금　티탄즈와　싸우는　중이야！,,18E51812D9010101010101,True,187607FDC413F7B2F74803,2,0814,True,61C9CE,너、　상황은　알고　있어！？,61C9EC,알고　있습니다。,quarantine,unresolved
P4_direct_ext3_text_drift,61C9F5,scenario_61C9EC,unverified,review_translation_and_runtime_by_bundle,そのティタ－ンズの若い男の人に,그 악질적인 티탄즈의 젊은 사관 녀석에게,こ그　티탄즈의　젊은　남자에게,그　티탄즈의　젊은　남자에게,,18E51812DA010101010101010101,True,18F423FDC405E26C04E06B05500C,1,,,61C9EC,알고　있습니다。,61CA04,카테지나　씨를　끌려갔습니다。,quarantine,unresolved
P3_direct_ext3_control_adjacent_text_drift,61CA14,scenario_61C9EC,unverified,confirm_current_text_then_rehome,だから、取り返さないと……！,"그러니, 기필코 녀석의 덜미를 잡고 탈환해 와야 합니다……！",こ그러니　되찾아야……！,그러니　되찾아야……！,,18E51812DC01010101010101,True,18F82507D627E05BF9C6F60C,2,0809,True,61CA04,카테지나　씨를　끌려갔습니다。,61CA25,되찾는다고！？,quarantine,unresolved
P1_direct_ext3_exact_text_control_adjacent,61CACE,scenario_61CAC3,unverified,high_priority_batch_after_anchor_pass,う～ん……,으으음……,こ으으음……,으으음……,True,18E518C08A0101,True,1814E0F519F191,2,1728,True,61CAC3,그、　그렇지만……,61CAE1,……아、　알겠어요。,quarantine,unresolved
P4_direct_ext3_text_drift,61CAED,scenario_61CAE1,unverified,review_translation_and_runtime_by_bundle,ただし、ウッソ君。,"단, 한 가지 엄격하게 약속해 줘요 웃소 군.",こ단、　웃소　군。,단、　웃소　군。,,18E51812E4010101,True,18F6FC07F69F610A,1,,,61CAE1,……아、　알겠어요。,61CAF6,너무　위험한　짓은　하면　안　돼。,quarantine,unresolved
P4_direct_ext3_text_drift,61CB08,scenario_61CAE1,unverified,review_translation_and_runtime_by_bundle,１人で突っ込んで行かないで、,"혼자서 멋대로 전선을 이탈해 사지로 뛰쳐나가지 말고,",こ혼자　돌진하지　말고、,혼자　돌진하지　말고、,,18E5181B4D01010101010101010101,True,18CF5016E09409E0FAF2226BF96B07,1,,,61CAF6,너무　위험한　짓은　하면　안　돼。,61CB18,언니와　같이　가는　거야……알겠지？,quarantine,unresolved
P4_direct_ext3_text_drift,61CBAF,scenario_61CB96,unverified,review_translation_and_runtime_by_bundle,何人か頭痛がするという者がいますが,일부 대원들이 이명과 격심한 두통을 호소하고는 있습니다만,こ몇　명은　두통을　호소하지만、,몇　명은　두통을　호소하지만、,,18E51812EA01010101010101010101,True,189A500EE106E1E717FCE19F17FB6B,1,,,61CBA2,네、　모두　무사히　수용했습니다。,61CBBF,몸에는　이상이　없는　듯합니다。,quarantine,unresolved
P4_direct_ext3_text_drift,61CBF8,scenario_61CBE5,unverified,review_translation_and_runtime_by_bundle,まったく、ティタ－ンズも,"참나, 티탄즈 저 쓰레기 녀석들도",こ정말、　티탄즈도,정말、　티탄즈도,,18E5181B4E0101,True,18F98B07FDC420,1,,,61CBE5,병사를　전투　불능으로　만들다니……,61CC00,성가신　병기를　만들었군。,quarantine,unresolved
P4_direct_ext3_text_drift,61CC5B,scenario_61CC42,unverified,review_translation_and_runtime_by_bundle,あの時は不快感を感じただけで,그 당시에는 약간의 영적 이명과 불쾌감 체감에 그쳤고,こ그땐　불쾌감만　느꼈고,그땐　불쾌감만　느꼈고,,18E51812F201010101010101010101010101,True,18F3DAB70879E1A7E04415E0444CF3712816,1,,,61CC4B,비슷한　현상을　겪은　적이　있다。,61CC6E,전투　불능까지는　아니었지만。,quarantine,unresolved
P2_direct_ext3_exact_text,61CC90,scenario_61CC85,unverified,second_batch_representative_runtime_test,君たちがエルメスの受領に行って,자네들이 엘메스를 수령하러 갔다가,こ자네들이　엘메스를　수령하러　갔다가,자네들이　엘메스를　수령하러　갔다가,True,18E51812F40101010101010101,True,1861F758F95605F0940C6BF156,1,,,61CC85,그렇다면　혹시……,61CC9E,적의　공격을　받았을　때인가？,quarantine,unresolved
P2_direct_ext3_exact_text,61CCDA,scenario_61CCBD,unverified,second_batch_representative_runtime_test,……それを彼が,……그것을 그가,こ……그것을　그가,……그것을　그가,True,18E51812F80101,True,18F191F5B59517,1,,,61CCCD,원래　지온이　개발한　건가……,61CCE2,티탄즈에　가져다줬다는　말이군。,quarantine,unresolved
P4_direct_ext3_text_drift,61CD0E,scenario_61CD03,unverified,review_translation_and_runtime_by_bundle,あれほどの兵器が敵にあるとなると,저런 끔찍한 병기가 적의 손에 있다면,こ저런　병기가　적에게　있다면,저런　병기가　적에게　있다면,,18E5181B500101010101010101,True,18F3E5F8A3F4BF177FF8BAF95F,1,,,61CD03,하지만　어떻게　하지？,61CD1C,우리　작전도　다시　생각해야……,quarantine,unresolved
P4_direct_ext3_text_drift,61CD3C,scenario_61CD32,unverified,review_translation_and_runtime_by_bundle,下手に時間をかけるより、,"어설프게 시간을 지체하며 머뭇거리는 것보다,",こ괜히　시간을　끌기보다、,괜히　시간을　끌기보다、,,18E51874F4010101010101,True,18F0DE0CF478FB2CF48807,1,,,61CD32,……아니。,61CD48,여긴　단숨에　공격하는　게　낫다。,quarantine,unresolved
P4_direct_ext3_text_drift,61CD80,scenario_61CD6D,unverified,review_translation_and_runtime_by_bundle,幸い、あの兵器は先ほどの戦闘で,"다행히도, 그 병기는 방금 전 격전 과정에서",こ다행히　그　병기는　아까　전투에서,다행히　그　병기는　아까　전투에서,,18E5182B3A010101010101010101010101,True,18E12C0407F3DAF4BF08E01AF8A3F33716,1,,,61CD76,킬리만자로를　공격한다。,61CD92,손상을　입었다。,quarantine,unresolved
P4_direct_ext3_text_drift,61CD9E,scenario_61CD6D,unverified,review_translation_and_runtime_by_bundle,あれが再び現れる前にティタ－ンズの,그 흉물이 재기동하기 전에 신속히 티탄즈의,こ저게　다시　나오기　전에　티탄즈,저게　다시　나오기　전에　티탄즈,,18E5184B5901010101010101010101,True,18F6C6E0FBE051CCF047960CFDC405,1,,,61CD92,손상을　입었다。,61CDAE,거점을　함락하면　전황도　달라진다。,quarantine,unresolved
P4_direct_ext3_text_drift,61CDFB,scenario_61CDDB,unverified,review_translation_and_runtime_by_bundle,我々のモビルス－ツとパイロット、,"우리 측 모빌슈트 기체와 조종사 대원들,",こ우리　모빌슈트와　파일럿、,우리　모빌슈트와　파일럿、,,18E51813090101010101,True,186A7105FD7913FD0B07,1,,,61CDED,본격적으로　참전한다。,61CE06,그리고　아우도무라는　마음껏　써。,quarantine,unresolved
P4_direct_ext3_text_drift,61CEAF,scenario_61CE9C,unverified,review_translation_and_runtime_by_bundle,君は我々と同行したいということだが、,"자네는 우리와 함께 행동하며 종군하길 소망하고 있다만,",こ우리와　동행하고　싶다지만、,우리와　동행하고　싶다지만、,,18E5181310010101010101010101010101,True,1861086A7113F2B5FB7204141813F53807,1,,,61CEA4,웃소　군이라고　했지？,61CEC1,이　배는　전투함이다。　알고　있나？,quarantine,unresolved
P5_non_direct_native_or_other,61CEEA,scenario_61CED7,unverified,do_not_autofix_static_false_positive_possible,でも！,하지만！,こ하지만！,하지만！,True,18F3A701,,18F25E03,1,,,61CEE0,그　점은　잘　알고　있습니다。,61CEEF,저는　카테지나　씨를　구하고　싶어요！,quarantine,unresolved
P4_direct_ext3_text_drift,61CF47,scenario_61CF36,unverified,review_translation_and_runtime_by_bundle,１３才という年齢に戸惑いは覚えるが、,"겨우 13세라는 어린 나이가 몹시 마음에 걸리네만,",こ１３살이란　나이는　걱정되지만、,１３살이란　나이는　걱정되지만、,,18E518C3D5010101010101010101010101010101,True,18F03CE228F664F01D0CF115F27FE041F0BB1707,1,,,61CF36,이　배에　있는　아이는　너뿐이　아니다。,61CF5C,아이니까　안　된다고도　못　하지。,quarantine,unresolved
P4_direct_ext3_text_drift,61CF6F,scenario_61CF36,unverified,review_translation_and_runtime_by_bundle,ただし、君をパイロットとして使うかは,"단, 자네를 정식 전투 조종사로 기용해 출전시킬지는",こ다만、　자넬　파일럿으로　쓸지는,다만、　자넬　파일럿으로　쓸지는,,18E518131501010101010101010101,True,18F6FC076115FD0BF80CE001F1D808,1,,,61CF5C,아이니까　안　된다고도　못　하지。,61CF7F,아직　미정이다。　알아　둬。,quarantine,unresolved
P4_direct_ext3_text_drift,61CFE1,scenario_61CFD5,unverified,review_translation_and_runtime_by_bundle,よくそんな年でモビルス－ツなんて,대체 그 어린 나이에 이 거대한 모빌슈트를,こ그　나이에　ＭＳ를,그　나이에　ＭＳ를,,18E5184B5A01010101010101,True,18F497F823E07916FD79F855,1,,,61CFD5,열세　살이라고？,61CFEE,잘도　조종하네……,quarantine,unresolved
P4_direct_ext3_text_drift,61D07F,scenario_61D05D,unverified,review_translation_and_runtime_by_bundle,ミアンなんか、,"미안 너 역시,",こ미안　너　역시、　나랑　나이　차이도,미안　너　역시、　나랑　나이　차이도,,18E5184A3501,True,18F6DBF85307,1,,,61D070,누나인　척하기는……！,61D086,나랑　나이　차이도　별로　안　나잖아。,quarantine,unresolved
P4_direct_ext3_text_drift,61D0A7,scenario_61D09D,unverified,review_translation_and_runtime_by_bundle,アンタたちはともかく、,"너희 영반들은 제쳐두더라도,",こ너희　영반들은　제쳐두더라도、　우리　웃,너희　영반들은　제쳐두더라도、　우리　웃,,18E51848270101010101,True,18F5A5F762F17A0E2407,1,,,61D09D,괜찮잖아！,61D0B2,웃소　군은　너보다　어리잖아！！,quarantine,unresolved
P1_direct_ext3_exact_text_control_adjacent,61D1AC,scenario_61D1A2,unverified,high_priority_batch_after_anchor_pass,おそらく『ゼロ・システム』だな。,아마도 『제로 시스템』일 터이다.,こ아마도　『제로　시스템』일　터이다。,아마도　『제로　시스템』일　터이다。,True,18E51813300101010101010101,True,18FAA768F0652AF90466F5490A,2,0807,True,61D1A2,……그렇군。,61D1BE,……제로　시스템？,quarantine,unresolved
P4_direct_ext3_text_drift,61D1F3,scenario_61D1D5,unverified,review_translation_and_runtime_by_bundle,搭乗者の精神に干渉する力を備えている。,조종사의 뇌파 정신 회로에 인위적으로 간섭하는 기능이 있지.,こ탑승자의　정신에　간섭하는　힘이　있어。,탑승자의　정신에　간섭하는　힘이　있어。,,18E518133401010101010101010101010101,True,18F4EA9F05F3770CF2A3F1CB5715C5FB580A,2,,,61D1E6,안겨　주기　위한　장치다。,61D207,こ시스템의　영향권　안에서,quarantine,unresolved
P4_direct_ext3_text_drift,61D207,scenario_61D1D5,unverified,review_translation_and_runtime_by_bundle,システムの影響圏内で,그 끔찍한 세이레네 프로그램 전파 망 속에서도,こ시스템의　영향권　안에서,시스템의　영향권　안에서,,18E51813350101,True,18F90405F96416,1,,,61D1F3,こ탑승자의　정신에　간섭하는　힘이　있어。,61D20F,자유롭게　움직인　것도　그　때문이지。,quarantine,unresolved
P4_direct_ext3_text_drift,61D28C,scenario_61D279,unverified,review_translation_and_runtime_by_bundle,相手がゼロ・システムと判れば,"표적의 사양이 제로 시스템 탑재기라는 걸 간파한 이상,",こ상대가　제로　시스템이라면,상대가　제로　시스템이라면,,18E518133A010101010101010101,True,18F3D517F0652AF90413E170F03E,1,,,61D279,아니、　그렇게　서두를　필요는　없어。,61D29B,대처할　방법은　있다。,quarantine,unresolved
P4_direct_ext3_text_drift,61D2DF,scenario_61D2C2,unverified,review_translation_and_runtime_by_bundle,アイン・レヴィ、君は装置の,"아인 레비, 자네는 파손된 전파 장치의",こ아인　레비、　장치　복구에,아인　레비、　장치　복구에,,18E5184B5C01010101010101,True,18F5DC2AF76B076108F53705,1,,,61D2D3,저　건담에　투입한다。,61D2EC,전력을　다해　주게。,quarantine,unresolved
P3_direct_ext3_control_adjacent_text_drift,61D2F9,scenario_61D2C2,unverified,confirm_current_text_then_rehome,あのガンダムは我々が対処する。,그 제로 건담 녀석은 우리 형제가 직접 도살하지.,こ저　건담은　우리가　상대한다。,저　건담은　우리가　상대한다。,,18E5180C6D010101010101010101,True,18F3DAF90D086A7117F147F1CB0A,2,0807,True,61D2EC,전력을　다해　주게。,61D30C,………………,quarantine,unresolved
P4_direct_ext3_text_drift,61D329,scenario_61D31F,unverified,review_translation_and_runtime_by_bundle,デスパ－ダに積んでいたファブニ－ルも,내 데스파다 기체에 탑재해 둔 파프니르 시스템 역시,こ데스파다에　실린　파프니르도,데스파다에　실린　파프니르도,,18E5182B3D0101010101010101,True,18FCF80CE412F222F26AFDAC20,1,,,61D31F,……그렇지。,61D337,조정해야　하고……,quarantine,unresolved
P4_direct_ext3_text_drift,61D37A,scenario_61D36D,unverified,review_translation_and_runtime_by_bundle,我々が目的を達成するためには、,"우리가 설계한 궁극의 야망을 실현하려면,",こ우리　목적을　이루려면、,우리　목적을　이루려면、,,18E5181B550101010101010101,True,186A7117F12B15F4CBFC330807,1,,,61D36D,그래、　부탁한다。,61D388,세이레네가　필요하니까。,quarantine,unresolved
P4_direct_ext3_text_drift,61D3B7,scenario_61D3A8,unverified,review_translation_and_runtime_by_bundle,どうやら付近に基地らしきものが,"조사 결과, 근처 공역에 적의 비밀 기지로 추정되는",こ근처에　기지　같은　것이,근처에　기지　같은　것이,,18E5184B5D010101010101010101,True,18F9DAF28D0CF3351CF420200517,1,,,61D3A8,레이더에　반응입니다！,61D3C6,있는　모양입니다만……,quarantine,unresolved
P4_direct_ext3_text_drift,61D4E1,scenario_61D4D2,unverified,review_translation_and_runtime_by_bundle,今、Ｚガンダムが,"방금 전, 격납고의 Z 건담 소체가",こ지금　Ｚ　건담이,지금　Ｚ　건담이,,18E5182B3E010101,True,187607E1C9F90D17,1,,,61D4D2,모、　모빌슈트　덱입니다！,61D4EA,카타펄트에서　발진했다고……！,quarantine,unresolved
P3_direct_ext3_control_adjacent_text_drift,61D545,scenario_61D535,unverified,confirm_current_text_then_rehome,……今、迎えに行く！！,……내가 지금 구하러 갈 테니까！！,こ……지금　데리러　갈게！！,……지금　데리러　갈게！！,,18E5182CBE0101010101010101,True,18F1917607E0A6F0F96B24F044,2,1728,True,61D535,기다려　줘、　포우……！,61D55C,뭐！？　카미유가？,quarantine,unresolved
P2_direct_ext3_exact_text,61D63D,scenario_61D623,unverified,second_batch_representative_runtime_test,ブライト中佐。,브라이트 중령.,こ브라이트　중령。,브라이트　중령。,True,18E5181CD301,True,18F97EF4CA0A,1,,,61D62C,만일에　대비해　둘도　동행하게　하자。,61D644,뒷일은　부탁하네。,quarantine,unresolved
P4_direct_ext3_text_drift,61D711,scenario_61D702,unverified,review_translation_and_runtime_by_bundle,ホンコンで襲撃を受けた時いて,자네들이 홍콩에서 대공습을 당했다는 무전을 송수신하고,こ홍콩에서　습격받았단　말을　듣고,홍콩에서　습격받았단　말을　듣고,,18E5180BC301010101010101010101,True,18F9F116E2CF7B15E009F48FB7F275,1,,,61D702,카라바가　구해　줬지。,61D721,서둘러　왔는데……,quarantine,unresolved
P3_direct_ext3_control_adjacent_text_drift,61D731,scenario_61D702,unverified,confirm_current_text_then_rehome,どうやら必要はなかったようだな。,아무래도 내 걱정이 다소 기우였던 모양이군.,こ아무래도　필요　없었던　모양이군。,아무래도　필요　없었던　모양이군。,,18E5184C0C0101010101010101,True,18F9DAF4F6F09EFBAA14F5490A,2,0861,True,61D721,서둘러　왔는데……,61D743,아니……,quarantine,unresolved
P4_direct_ext3_text_drift,61D75D,scenario_61D743,unverified,review_translation_and_runtime_by_bundle,しかし、なんにせよ、,"하지만, 이유 여하를 막론하고,",こ하지만、　어쨌든、,하지만、　어쨌든、,,18E51813730101,True,18F82807FCA807,1,,,61D74B,이쪽도　여러　일이　있었지。,61D765,아무로가　돌아와　줘서　든든하군。,quarantine,unresolved
P1_direct_ext3_exact_text_control_adjacent,61D772,scenario_61D743,unverified,high_priority_batch_after_anchor_pass,よろしく頼むぞ、アムロ。,"아무쪼록 힘을 보태 주게나, 아무로.",こ아무쪼록　힘을　보태　주게나、　아무로。,아무쪼록　힘을　보태　주게나、　아무로。,True,18E518C3E2010101010101,True,18F9EAE075F0C507F8470A,2,0812,True,61D765,아무로가　돌아와　줘서　든든하군。,61D782,……그래。,quarantine,unresolved
P4_direct_ext3_text_drift,61D79E,scenario_61D794,unverified,review_translation_and_runtime_by_bundle,そのモビルス－ツって、,"그 격납고에 세워져 있는 모빌슈트는,",こ그　모빌슈트　말인데、,그　모빌슈트　말인데、,,18E5181CD4010101,True,18F423FD79F15607,1,,,61D794,……어？,61D7A7,아무로　씨가　타던　기체　맞죠。,quarantine,unresolved
P3_direct_ext3_control_adjacent_text_drift,61D7B7,scenario_61D794,unverified,confirm_current_text_then_rehome,カラ－、塗りなおしたんですか？,소체 외부 장갑 컬러를 새로 도색하여 교체한 겁니까？,こ색、　다시　칠했나요？,색、　다시　칠했나요？,,18E5181375010101010101010101010101,True,185AF01107E42727F525F41BF222F1E01D,2,080D,True,61D7A7,아무로　씨가　타던　기체　맞죠。,61D7CD,오、　카미유냐！,quarantine,unresolved
P4_direct_ext3_text_drift,61D7E4,scenario_61D7CD,unverified,review_translation_and_runtime_by_bundle,こいつはアムロ大尉のとは別もんさ。,이 기체는 아무로 대위가 타던 녀석과는 근원적으로 다른 물건이라네.,こ이건　아무로　대위　것과　달라。,이건　아무로　대위　것과　달라。,,18E518C3E401010101010101010101,True,18F8D8F847F08EF83BE0902019250A,1,,,61D7D8,마침　잘　왔군！,61D7F4,카미유、　네　전용　기체다。,quarantine,unresolved
P4_direct_ext3_text_drift,61D83C,scenario_61D814,unverified,review_translation_and_runtime_by_bundle,そん時のデ－タを元に作ったのが,그 당시 자네가 빚어낸 기본 설계안 데이터를 골조로 제작한 완성기가,こ그때　데이터로　만든　게,그때　데이터로　만든　게,,18E518137C01010101010101010101,True,182219B705F5D215E0880CB2F70317,1,,,61D828,바탕으로　새　기체를　설계했잖아？,61D84C,이　제타　건담이야。,quarantine,unresolved
P4_direct_ext3_text_drift,61D858,scenario_61D814,unverified,review_translation_and_runtime_by_bundle,ここにあるのが１号機で、,"격납고에 입고된 이 기체가 완성형 1호기이고,",こ여기　있는　게　１호기고、,여기　있는　게　１호기고、,,18E518137D01010101010101,True,18F79EF3E30517CFF2031607,1,,,61D84C,이　제타　건담이야。,61D865,아무로　대위　것은　２호기인　셈이지。,quarantine,unresolved
P5_non_direct_native_or_other,61D8C9,scenario_61D8AD,unverified,do_not_autofix_static_false_positive_possible,だったら……,그렇다면……,こ그렇다면……,그렇다면……,True,18F3E8F093,,18FB0AF191,2,080D,True,61D8B9,제가　써도　되는　거죠？,61D8D3,응？　뭐냐、　카미유？,quarantine,unresolved
P2_direct_ext3_exact_text,61D8F0,scenario_61D8E5,unverified,second_batch_representative_runtime_test,ベつに、なんでもないです。,"베팅,　아무것도　아닙니다.",こ베팅、　아무것도　아닙니다。,베팅、　아무것도　아닙니다。,True,18E51893DD0101,True,18F72207FEA40A,2,,,61D8E5,아、　아니에요……,61D8F9,こ………………,quarantine,unresolved
P5_non_direct_native_or_other,61D8F9,scenario_61D8E5,unverified,do_not_autofix_static_false_positive_possible,………………,………………,こ………………,………………,True,18F617F617,,18F617F617,2,1728,True,61D8F0,こ베팅、　아무것도　아닙니다。,61D90A,포우……。,quarantine,unresolved
P4_direct_ext3_text_drift,61D95F,scenario_61D93D,unverified,review_translation_and_runtime_by_bundle,彼女の協力を得られないことには,저 아이의 자발적 정신 파동 공명을 유도해 협력을 얻지 못하면,こ그녀의　협조를　못　얻으면,그녀의　협조를　못　얻으면,,18E51813870101010101010101010101,True,18F38305F45915E1831CF58E1813F467,1,,,61D950,아무래도　본인이　비협조적이라……,61D970,제대로　시험할　수도　없습니다。,quarantine,unresolved
P4_direct_ext3_text_drift,61D98E,scenario_61D97F,unverified,review_translation_and_runtime_by_bundle,せっかくシステムに適合できそうな,기껏 제어 프로그램 주파수에 정확히 매칭 적합 판정을 받은,こ모처럼　시스템에　맞을　듯한,모처럼　시스템에　맞을　듯한,,18E518138A010101010101010101,True,18FA0BF9040CE409B41632F42606,1,,,61D97F,……흠、　곤란하군。,61D99D,뉴타입을　확보했는데。,quarantine,unresolved
P4_direct_ext3_text_drift,61DA14,scenario_61DA0A,unverified,review_translation_and_runtime_by_bundle,そういう態度を続けるつもりなら……,그런 고집스러운 적대 태도를 지속해 나갈 작정이라면……,こ계속　그런　태도로　나온다면……,계속　그런　태도로　나온다면……,,18E518138F010101010101010101010101,True,18F94CF25815E061F4A2402027F515F191,2,,,61DA0A,……묵묵부답인가。,61DA27,こ……티파　아딜、　자네　신변에,quarantine,unresolved
P2_direct_ext3_exact_text,61DA27,scenario_61DA0A,unverified,second_batch_representative_runtime_test,……ティファ・アディ－ル、君に,"……티파 아딜, 자네 신변에",こ……티파　아딜、　자네　신변에,……티파　아딜、　자네　신변에,True,18E5181390010101010101,True,18F191F8EE2AFCD607610C,1,,,61DA14,こ계속　그런　태도로　나온다면……,61DA33,마땅한　처분을　내리게　될　거다。,quarantine,unresolved
P4_direct_ext3_text_drift,61DA6B,scenario_61DA4D,unverified,review_translation_and_runtime_by_bundle,早めに協力してくれた方が良いと思うよ。,이쯤에서 포기하고 얌전히 자발적으로 불어주는 편이 신상에 이로울 걸세.,こ빨리　협력하는　게　좋을　거야。,빨리　협력하는　게　좋을　거야。,,18E51813920101010101010101010101010101,True,18E06EF400F459F906117D17CAF2779414230A,1,,,61DA60,우리에게는　그럴　방법도　있어。,61DA7F,그렇지　않으면……,quarantine,unresolved
P2_direct_ext3_exact_text,61DB90,scenario_61DB86,unverified,second_batch_representative_runtime_test,こ、これっ！！,"이, 이것은！！",こ이、　이것은！！,이、　이것은！！,True,18E518139F010101,True,181807F36D09F044,1,,,61DB86,………윽！！,61DB99,모빌슈트잖아！,quarantine,unresolved
P3_direct_ext3_control_adjacent_text_drift,61DBA0,scenario_61DB86,unverified,confirm_current_text_then_rehome,こ、コレに乗れっていうのか！？,"나더러, 이 철갑 괴물에 올라타 조종하라는 지령이야！？",こ이、　이걸　타라고！？,이、　이걸　타라고！？,,18E518C3EB01010101010101010101,True,181807F3B60CE07CF83E04F633F040,2,0846,True,61DB99,모빌슈트잖아！,61DBB4,………………,quarantine,unresolved
P3_direct_ext3_control_adjacent_text_drift,61DBEA,scenario_61DBDC,unverified,confirm_current_text_then_rehome,オレ……神サマ信じちゃう！！,오늘부로 나…… 신의 존재를 진심으로 경배하며 믿을래！！,こ나……　신을　믿을래！！,나……　신을　믿을래！！,,18E51813A3010101010101010101010101,True,18F430F191E0C4F14BE0324C3B4E14F044,2,1728,True,61DBDC,됐다！　움직인다！！,61DC07,좋아、　이대로　도망가자、　티파！,quarantine,unresolved
P4_direct_ext3_text_drift,61DC6D,scenario_61DC60,unverified,review_translation_and_runtime_by_bundle,まさに絶体絶命ってカンジだけど……,그야말로 퇴로가 차단된 절체절명의 수렁이지만……,こ완전　절체절명인　느낌인데……,완전　절체절명인　느낌인데……,,18E51813A80101010101010101010101010101,True,18F84AE123BBE123E008F156F18F45F872F191,1,,,61DC60,２　대　１인가……,61DC81,이래선　싸울　수밖에　없겠지！,quarantine,unresolved
P4_direct_ext3_text_drift,61DF0E,scenario_61DEF9,unverified,review_translation_and_runtime_by_bundle,ちょっとばかしピンチなんだ。,나 지금 사방에서 조준 포격 세례를 처맞아 꽤 다급하거든.,こ조금　곤란한　상황이야。,조금　곤란한　상황이야。,,18E51813BC010101010101010101,True,18F9AB490E12E18D1AE03FF8540A,1,,,61DEF9,당신들　혹시　에우고　사람들！？,61DF1D,도와주지　않을래！？,quarantine,unresolved
P4_direct_ext3_text_drift,61DF51,scenario_61DF43,unverified,review_translation_and_runtime_by_bundle,ティタ－ンズからティファって子を,악질적인 티탄즈의 수용소에서 티파라는 귀여운 여자애를,こ티탄즈에게서　티파란　아이를,티탄즈에게서　티파란　아이를,,18E51813C0010101010101,True,18FDC4F124F8EEF156D115,1,,,61DF43,난　가로드　란！,61DF5D,구해　내긴　했는데……,quarantine,unresolved
P2_direct_ext3_exact_text,61DF6F,scenario_61DF43,unverified,second_batch_representative_runtime_test,……見ての通り、,"……보다시피,",こ……보다시피、,……보다시피、,True,18E5181CD601010101,True,18F1918AF397AE2707,1,,,61DF5D,구해　내긴　했는데……,61DF79,녀석들에게　쫓기고　있어。,quarantine,unresolved
P4_direct_ext3_text_drift,61DFC2,scenario_61DFB1,unverified,review_translation_and_runtime_by_bundle,ティタ－ンズの部隊を撃破し、,"가로드를 사냥하려는 저 티탄즈 요격대를 전원 소탕 격멸하고,",こ티탄즈　부대를　격파하고、,티탄즈　부대를　격파하고、,,18E51813C7010101010101,True,18FDC405F42815F1621207,1,,,61DFB1,전　함、　공격　태세로　전환！,61DFCE,그들을　구출한다！！,quarantine,unresolved
P4_direct_ext3_text_drift,61E00A,scenario_61DFFE,unverified,review_translation_and_runtime_by_bundle,……仕方ない。,"……이번 요격은 작전 실패로군, 어쩔 수 없지.",こ……어쩔　수　없군。,……어쩔　수　없군。,,18E51813C9010101,True,18F191F119F5260A,1,,,61DFFE,호오、　제법이군……,61E013,여기서는　물러나도록　하지。,quarantine,unresolved
P4_direct_ext3_text_drift,61E030,scenario_61E024,unverified,review_translation_and_runtime_by_bundle,まだ戦い足りないけど、,"아직 뼈마디를 더 으스러뜨려 사냥하고 싶지만,",こ아직　더　싸우고　싶지만、,아직　더　싸우고　싶지만、,,18E5182B43010101010101,True,18F1953904E09327FAF807,1,,,61E024,……여기까지야。,61E03C,죽을　수는　없으니까。,quarantine,unresolved
P3_direct_ext3_control_adjacent_text_drift,61E076,scenario_61E065,unverified,confirm_current_text_then_rehome,……んじゃ。,……그럼 이만 수고들 해！,こ……그럼。,……그럼。,,18E5181CD70101,True,18F19119F2D20A,2,1728,True,61E065,도와줘서　고마워！,61E087,잠깐、　기다리게！！,quarantine,unresolved
P2_direct_ext3_exact_text,61E0BE,scenario_61E0B1,unverified,second_batch_representative_runtime_test,……あ、いや！　とにかくだ。,"……아, 아니！ 어찌 되었든 말일세.",こ……아、　아니！　어찌　되었든　말일세。,……아、　아니！　어찌　되었든　말일세。,True,18E51813D10101010101010101,True,18F1911F07F28C0301FB010D0A,2,,,61E0B1,『아직』이라니……,61E0CD,こ그냥　가버리면　곤란해。,quarantine,unresolved
P4_direct_ext3_text_drift,61E0CD,scenario_61E0B1,unverified,review_translation_and_runtime_by_bundle,そのまま去られても困る。,자초지종 설명도 없이 휭하니 내빼면 곤란하지.,こ그냥　가버리면　곤란해。,그냥　가버리면　곤란해。,,18E51874FC0101010101010101,True,18F4232121E0DEFB45E1680F0A,1,,,61E0BE,こ……아、　아니！　어찌　되었든　말일세。,61E0DB,무슨　일이　있었는지　말해　주겠나？,quarantine,unresolved
P3_direct_ext3_control_adjacent_text_drift,61E105,scenario_61E0F2,unverified,confirm_current_text_then_rehome,じゃ、そっちに着艦するから……,"좋아, 일단 자네들 함선 데크에 입항해 착함할 테니까……",こ그럼、　그쪽에　착함할게……,그럼、　그쪽에　착함할게……,,18E518C3F00101010101010101,True,18F2D207F9DCE0646DF916F191,2,1728,True,61E0FA,아、　그렇다는　거구나。,61E11C,……앗、　맞다！,quarantine,unresolved
P4_direct_ext3_text_drift,61E18C,scenario_61E184,unverified,review_translation_and_runtime_by_bundle,そのフロスト兄弟ってのが,그 프로스트라는 양아치 형제 녀석들이,こ그　프로스트　형제가,그　프로스트　형제가,,18E51813D8010101010101,True,18F423F99BF1B9F1560517,1,,,61E184,그래！,61E198,티파를　백업으로　쓴다나　봐……,quarantine,unresolved
P4_direct_ext3_text_drift,61E1B4,scenario_61E1AC,unverified,review_translation_and_runtime_by_bundle,まさか、システム・セイレ－ネとか,"설마, 그 비정상적인 전파 무기인 시스템 세이레네를",こ설마、　시스템　세이레네라고,설마、　시스템　세이레네라고,,18E5180BC6010101010101,True,18F84507F9042AFC27F18D,1,,,61E1AC,백업？,61E1C0,부르는　거　말이지？,quarantine,unresolved
P4_direct_ext3_text_drift,61E202,scenario_61E1F8,unverified,review_translation_and_runtime_by_bundle,システムにはニュ－タイプが必要……,세이레네를 원활히 구동 제어하려면 핵심 뉴타입 표본이 필요하다……,こ시스템에는　뉴타입이　필요하다……,시스템에는　뉴타입이　필요하다……,,18E5183B6901010101010101,True,18F904F467FD6C17F4F6F191,1,,,61E1F8,……그렇군。,61E20F,그런　것인가。,quarantine,unresolved
P4_direct_ext3_text_drift,61E272,scenario_61E25E,unverified,review_translation_and_runtime_by_bundle,あれだけハデに立ちまわった以上、,"티탄즈 기지 한복판을 저렇게 벌집으로 들쑤셔 탈옥 소동을 낸 이상,",こ그렇게　요란하게　움직였으니、,그렇게　요란하게　움직였으니、,,18E51874FD01010101010101010101,True,18FAB37E730CE00E3B21F7E7F3D107,1,,,61E25E,그렇다면　우리와　함께　가지　않겠나？,61E282,티탄즈가　자네들을　놔두지　않겠지……,quarantine,unresolved
P4_direct_ext3_text_drift,61E293,scenario_61E25E,unverified,review_translation_and_runtime_by_bundle,我々と共に来れば、ティファ君を守ることが,우리 호위함대 내에 수용하여 안전을 도모하면 티파 양을 효과적으로 보호할 수,こ우리와　오면、　티파　군을,우리와　오면、　티파　군을,,18E51813E401010101010101010101010101010101,True,186A7113E07D0C9BF03E07F8EE6115E03B0F181317,1,,,61E282,티탄즈가　자네들을　놔두지　않겠지……,61E2A9,있을　텐데、　어떤가？,quarantine,unresolved
P5_non_direct_native_or_other,61E2C4,scenario_61E2B9,unverified,do_not_autofix_static_false_positive_possible,………………,………………,こ………………,………………,True,18F617F617,,18F617F617,2,1728,True,61E2B9,으음……,61E2D5,……뭐、　어쩔　수　없나。,quarantine,unresolved
P4_direct_ext3_text_drift,61E2E7,scenario_61E2D5,unverified,review_translation_and_runtime_by_bundle,わかったよ、アンタらとー緒に行く。,접수했어. 당분간 자네들의 보호막 밑에 기생해서 함께 가지.,こ알겠어、　당신들과　같이　갈게。,알겠어、　당신들과　같이　갈게。,,18E51813E6010101010101010101,True,18FC1007F5A5F056F0A30C6B240A,2,,,61E2D5,……뭐、　어쩔　수　없나。,61E2F7,こ그런　거니까、다시……,quarantine,unresolved
P4_direct_ext3_text_drift,61E2F7,scenario_61E2D5,unverified,review_translation_and_runtime_by_bundle,つ－わけで、改めて……,"그런 의미로다가, 정식 통성명으로……",こ그런　거니까、다시……,그런　거니까、다시……,,18E5183CE00101010101010101,True,18401031281607E17DF3F7F191,2,,,61E2E7,こ알겠어、　당신들과　같이　갈게。,61E306,こ내　본명은　가로드　란이다！,quarantine,unresolved
P2_direct_ext3_exact_text,61E306,scenario_61E2D5,unverified,second_batch_representative_runtime_test,オレはガロ－ド・ラン！,내 본명은 가로드 란이다！,こ내　본명은　가로드　란이다！,내　본명은　가로드　란이다！,True,18E51813E80101010101,True,18F43008FAAC2AF04303,1,,,61E2F7,こ그런　거니까、다시……,61E311,앞으로도　잘　부탁해！！,quarantine,unresolved
P4_direct_ext3_text_drift,61E340,scenario_61E330,unverified,review_translation_and_runtime_by_bundle,……じゃあ、アインが使った,"……그렇다면, 이전에 아인이 극비리로 기동했던",こ……그럼、　아인이　쓴,……그럼、　아인이　쓴,,18E51813E90101010101010101,True,18F191F66707F5DC17E001F150,1,,,61E330,시스템에는　뉴타입이　필요……,61E34E,시스템은　누가……？,quarantine,unresolved
P4_direct_ext3_text_drift,6200DD,scenario_6200BE,unverified,review_translation_and_runtime_by_bundle,リリ－ナ様のお考えに反することは承知。,리리나 님의 평화 사상에 반하는 행동임은 익히 압니다.,こ리리나님의　뜻에　어긋남은　압니다。,리리나님의　뜻에　어긋남은　압니다。,,18E5181461010101010101010101010101010101,True,18FB848BF444E04DF0F9E07AF1CB18F17EF5040A,2,,,6200CE,리리나　님은　말씀하시겠지요……,6200F3,こ하지만　방위력이　없으면,quarantine,unresolved
P4_direct_ext3_text_drift,6200F3,scenario_6200BE,unverified,review_translation_and_runtime_by_bundle,しかし、私は防衛力を持たなければ,그러나 제가 방위력을 갖추지 않으면,こ하지만　방위력이　없으면,하지만　방위력이　없으면,,18E5182B450101010101010101010101,True,18F828074108F3135715E012F37AF6EE,1,,,6200DD,こ리리나님의　뜻에　어긋남은　압니다。,620104,당한다는　결론에　이르렀습니다。,quarantine,unresolved
P4_direct_ext3_text_drift,620115,scenario_6200BE,unverified,review_translation_and_runtime_by_bundle,全ては私のー存。,이 모든 독단 결정은 제 책임입니다.,こ모두　제　독단입니다。,모두　제　독단입니다。,,18E5183B6A0101010101,True,1886F396410582E0D40A,1,,,620104,당한다는　결론에　이르렀습니다。,620120,일이　끝나면　어떤　처분도　받겠습니다。,quarantine,unresolved
P5_non_direct_native_or_other,620145,scenario_62013B,unverified,do_not_autofix_static_false_positive_possible,………………,………………,こ………………,………………,True,18F617F617,,18F617F617,2,1728,True,62013B,노인……！！,620156,제　생각은……,quarantine,unresolved
P4_direct_ext3_text_drift,62018A,scenario_62017A,unverified,review_translation_and_runtime_by_bundle,だが、王城への侵入は,"그렇지만, 왕성 내부로의 침투는",こ그렇지만、　왕성　내부로의　침투는　무슨,그렇지만、　왕성　내부로의　침투는　무슨,,18E5184822010101010101,True,18F53807F27AF577F0FF08,1,,,62017A,적의　수가　많군……,620196,무슨　일이　있어도　막아야　해！！,quarantine,unresolved
P3_direct_ext3_control_adjacent_text_drift,6201C7,scenario_6201AA,unverified,confirm_current_text_then_rehome,アナタとの約束にかけても……！,당신과 맺었던 굳은 약속을 걸고서라도……！,こ당신과의　약속을　걸고서라도……！,당신과의　약속을　걸고서라도……！,,18E5180C7001010101010101,True,18F809F17FF453F99C20F60C,2,1728,True,6201C0,젝스……。,6201DD,좋아！,quarantine,unresolved
P4_direct_ext3_text_drift,620237,scenario_62022A,unverified,review_translation_and_runtime_by_bundle,ティタ－ンズのライトニング・カウントが,티탄즈 소속의 라이트닝 카운트가,こ티탄즈의　라이트닝　카운트가,티탄즈의　라이트닝　카운트가,,18E5182B460101010101010101010101,True,18FDC4052E293E601A4F2A5A771A3E17,1,,,62022A,젝스　마키스……？,620248,어째서　이런　곳에？,quarantine,unresolved
P4_direct_ext3_text_drift,62026F,scenario_620262,unverified,review_translation_and_runtime_by_bundle,私はかつて騎士として,저는 과거 한 명의 왕국 기사로서,こ저는　예전에　기사로서,저는　예전에　기사로서,,18E5181B5E01010101,True,184108F7BEF1A8F80C,1,,,620262,리리나　왕비님이시군요。,620279,생크킹덤을　섬겼습니다。,quarantine,unresolved
P4_direct_ext3_text_drift,6202E6,scenario_6202BE,unverified,review_translation_and_runtime_by_bundle,戦いを否定するクイ－ン・リリ－ナの,일체의 무력 투쟁을 거부하시는 퀸 리리나의,こ싸움을　부정하는　퀸　리리나의,싸움을　부정하는　퀸　리리나의,,18E5183B6C0101010101010101010101,True,1839F293E376E076F1CBF91A2AFB8405,1,,,6202D4,이렇게　왕국을　지키러　왔습니다。,6202F7,뜻에　반하는　일이지만……,quarantine,unresolved
P4_direct_ext3_text_drift,620308,scenario_6202BE,unverified,review_translation_and_runtime_by_bundle,ここで完全平和への道を,여기서 조국 생크 킹덤이 구축해 온 완전 평화의 이정표를,こ여기서　완전평화로　가는　길을,여기서　완전평화로　가는　길을,,18E518147C0101010101,True,18F79DF9F7F577E0A415,1,,,6202F7,뜻에　반하는　일이지만……,620313,끊게　할　수는　없습니다。,quarantine,unresolved
P3_direct_ext3_control_adjacent_text_drift,620325,scenario_6202BE,unverified,confirm_current_text_then_rehome,王国を守るために戦わせていただきます！,"조국 수호를 위해, 부디 제가 총대를 쥐고 사투를 벌이도록 허락해 주십시오！",こ왕국을　지키기　위해　싸우겠습니다！,왕국을　지키기　위해　싸우겠습니다！,,18E51891B3010101010101010101010101,True,18F21415E03BFB4B39F868F26A0DF5B903,2,1728,True,620313,끊게　할　수는　없습니다。,620340,젝스、　괜찮은　건가요？,quarantine,unresolved
P4_direct_ext3_text_drift,62036E,scenario_62035B,unverified,review_translation_and_runtime_by_bundle,リリ－ナが完全平和という光に満ちた道を,리리나 네가 완전 평화라는 빛나는 이상향의 이정표를,こ리리나가　완전평화의　길을,리리나가　완전평화의　길을,,18E518147F01010101010101010101010101,True,18FB8417F9F7F664E02A0CE1ACF1F3E0A415,1,,,62035B,……내　손은　피로　물들어　있다。,620381,지금은　내가　나설　자리가　없다。,quarantine,unresolved
P4_direct_ext3_text_drift,620392,scenario_62035B,unverified,review_translation_and_runtime_by_bundle,私は王国に忠誠を誓う騎士ゼクス・マ－キス,나는 그저 왕국에 충성을 맹세한 외로운 기사 젝스 마키스,こ난　왕국에　충성을　맹세한　기사,난　왕국에　충성을　맹세한　기사,,18E5184B670101010101010101010101010101,True,184108F2140CF0DC15E33614F1A8F6A92AFAB8,1,,,620381,지금은　내가　나설　자리가　없다。,6203A6,……지금은　그것으로　충분하다。,quarantine,unresolved
P2_direct_ext3_exact_text,62042E,scenario_620424,unverified,second_batch_representative_runtime_test,私はティタ－ンズの,나는 티탄즈 소속의,こ나는　티탄즈　소속의,나는　티탄즈　소속의,True,18E518148901,True,184108FDC405,1,,,620424,……실례。,620435,팝티머스　시로코……。,quarantine,unresolved
P4_direct_ext3_text_drift,62043F,scenario_620424,unverified,review_translation_and_runtime_by_bundle,クイ－ン・リリ－ナを,퀸 리리나의 신변을 안전하게,こ퀸　리리나를,퀸　리리나를,,18E5183CE10101,True,18F91A2AFB8415,1,,,620435,팝티머스　시로코……。,620447,모시러　왔습니다。,quarantine,unresolved
P4_direct_ext3_text_drift,6204CD,scenario_6204B4,unverified,review_translation_and_runtime_by_bundle,クイ－ン・リリ－ナには,퀸 리리나께선 당분간,こ퀸　리리나는,퀸　리리나는,,18E5180BCB010101,True,18F91A2AFB84F467,1,,,6204BF,넘길　수는　없습니다。,6204D6,저희　거점으로　모시겠습니다。,quarantine,unresolved
P1_direct_ext3_exact_text_control_adjacent,6205FE,scenario_6205E5,unverified,high_priority_batch_after_anchor_pass,だから、アナタは私を……,"그러니까,　당신은　나를…",こ그러니까、　당신은　나를…,그러니까、　당신은　나를…,True,18E51893E0010101010101,True,18F82507F809084115F191,2,085D,True,6205F1,파일럿이라는　걸　알고　있어요。,62060E,………………,quarantine,unresolved
P2_direct_ext3_exact_text,6206A9,scenario_620689,unverified,second_batch_representative_runtime_test,そして、リリ－ナ……,그리고　리리나…,こ그리고　리리나…,그리고　리리나…,True,18E518C409010101,True,18F78707FB84F191,1,,,62069A,차례차례　없애고　있어……。,6206B2,네가　그　대상이　된　거다。,quarantine,unresolved
P2_direct_ext3_exact_text,6206BD,scenario_620689,unverified,second_batch_representative_runtime_test,オレは兵士だ。,나는　군인이다.,こ나는　군인이다。,나는　군인이다。,True,18E518C40B010101,True,18F43008F49F0D0A,1,,,6206B2,네가　그　대상이　된　거다。,6206C6,싸워서　놈들을　쓰러뜨린다。,quarantine,unresolved
P3_direct_ext3_control_adjacent_text_drift,62073B,scenario_62071B,unverified,confirm_current_text_then_rehome,世界に共通の考えは見出せないでしょう。,세계에　공통된　생각은　찾을　수　없을　것입니다.,こ세계　공통의　생각은　찾기　어렵겠죠。,세계　공통의　생각은　찾기　어렵겠죠。,,18E5183C1301010101010101010101010101010101,True,18F4480CE07DAE05E04DF0EC8A6F34F7F6F3FE140A,2,1728,True,62072A,같은　생각도　하지　못하면서、,62075C,……알겠어요、　히이로。,quarantine,unresolved
P1_direct_ext3_exact_text_control_adjacent,6207A4,scenario_620789,unverified,high_priority_batch_after_anchor_pass,……排除、開始！！,"……　배제,　개시！　！",こ……　배제、　개시！！,……　배제、　개시！！,True,18E518C4110101010101,True,18F191F24907F4B2F044,2,1728,True,620796,네오　지온　부대　섬멸……,6207B8,저건……에우고인가！！,quarantine,unresolved
P2_direct_ext3_exact_text,620882,scenario_620876,unverified,second_batch_representative_runtime_test,でも違う。私は自分の意志で,하지만　다르다.　내　의지로,こ하지만　다르다。　내　의지로,하지만　다르다。　내　의지로,True,18E518C419010101010101010101,True,18F25EDA140A4108F48A05F13016,1,,,620876,……상냥하구나。,620891,티탄즈　파일럿이　됐어。,quarantine,unresolved
P5_non_direct_native_or_other,620925,scenario_620915,unverified,do_not_autofix_static_false_positive_possible,ならば……,그렇다면…,こ그렇다면…,그렇다면…,True,18F3E8F08B,,18F677F191,2,1728,True,620915,……그게　이유인가、　소위。,620936,적어도　내　손으로,quarantine,unresolved
P2_direct_ext3_exact_text,6209AE,scenario_6209A3,unverified,second_batch_representative_runtime_test,なんで生きてる間にこんな出会いを,왜　살아있는　동안　이런　만남을,こ왜　살아있는　동안　이런　만남을,왜　살아있는　동안　이런　만남을,True,18E51893F6010101010101010101,True,18F856CEF603990CF5C8F15BF293,1,,,6209A3,싫어！！,6209BD,해야　하는　겁니까！？,quarantine,unresolved
P4_direct_ext3_text_drift,6209CD,scenario_6209A3,unverified,review_translation_and_runtime_by_bundle,敵になるっていうことは,적이된다는　것은,こ적이　된다는　건,적이　된다는　건,,18E5180D4801010101,True,187FF886F15604FA77,1,,,6209BD,해야　하는　겁니까！？,6209D7,서로　죽이게　되겠죠！？,quarantine,unresolved
P3_direct_ext3_control_adjacent_text_drift,620A27,scenario_620A0B,unverified,confirm_current_text_then_rehome,それじゃいけないんですか！？,그러면　안돼요！　？,こ그러면　안　됩니까！？,그러면　안　됩니까！？,,18E5182CC8010101010101010101,True,18F422F2D204F891F222F1E0F040,2,1728,True,620A19,지키는　일　정도는　할　수　있어요！,620A41,당신이란　사람은……,quarantine,unresolved
P3_direct_ext3_control_adjacent_text_drift,620A5D,scenario_620A41,unverified,confirm_current_text_then_rehome,でも、いつか私の心変わりも……,"하지만, 언제고 내 마음이 변할 날이 올지도……",こ하지만、　언젠가　내　마음도……,하지만、　언젠가　내　마음도……,,18E5182BF401010101010101010101,True,18F25E07F6544105F328F23E20F191,2,081E,True,620A4D,잔인할　만큼　상냥한　아이구나。,620A71,모르겠어요！　그런　건！！,quarantine,unresolved
P5_non_direct_native_or_other,620AD7,scenario_620ACC,unverified,do_not_autofix_static_false_positive_possible,おかしいよ！,이상해요！,こ이상해！,이상해！,,18F3FA01,,18FC9E03,1,,,620ACC,카테지나　씨……！,620ADC,이상합니다！,quarantine,unresolved
P1_direct_ext3_exact_text_control_adjacent,620AE1,scenario_620ACC,unverified,high_priority_batch_after_anchor_pass,目を覚ましてください！！,제발 정신 차려 주세요！！,こ제발　정신　차려　주세요！！,제발　정신　차려　주세요！！,True,18E518149D01010101,True,18B115E041FDF8F044,2,081D,True,620ADC,이상합니다！,620AEF,……시끄러워！！,quarantine,unresolved
P4_direct_ext3_text_drift,620C42,scenario_620C30,unverified,review_translation_and_runtime_by_bundle,エゥ－ゴと行動を共にし、,"에우고 함대와 동행하여 공동 전선을 펴고,",こ에우고와　함께　행동하고、,에우고와　함께　행동하고、,,18E518750601010101010101,True,18F8E313F2C015E07DF46F07,1,,,620C30,자네에게　새　임무가　있다네。,620C4F,티탄즈와　싸워라……알겠나、　히이로。,quarantine,unresolved
P4_direct_ext3_text_drift,620C98,scenario_620C8B,unverified,review_translation_and_runtime_by_bundle,アンタらエゥ－ゴと同様、,"자네들 에우고 세력과 마찬가지로,",こ자네들　에우고　세력과　마찬가지로、　티,자네들　에우고　세력과　마찬가지로、　티,,18E51849E30101010101,True,18F5A51CF8E313F27307,1,,,620C8B,나는　닥터　Ｊ다。,620CA3,티탄즈를　적으로　삼고　있지。,quarantine,unresolved
P1_direct_ext3_exact_text_control_adjacent,620CAE,scenario_620C8B,unverified,high_priority_batch_after_anchor_pass,ま、よろしく頼むわい。,"뭐, 아무쪼록 잘 부탁하네.",こ뭐、　아무쪼록　잘　부탁하네。,뭐、　아무쪼록　잘　부탁하네。,True,18E51814AF010101010101,True,182107F9EAE0758C31040A,2,1728,True,620CA3,티탄즈를　적으로　삼고　있지。,620CC3,먼저　그쪽　사정부터,quarantine,unresolved
P4_direct_ext3_text_drift,620CF8,scenario_620CEE,unverified,review_translation_and_runtime_by_bundle,もともとワシはジオン軍の技術者でな。,본래 나는 지온군의 핵심 연구원 기술자였다네.,こ원래　난　지온군　기술자였다。,원래　난　지온군　기술자였다。,,18E518C42701010101010101010101,True,18F902F16008F7AB8F05F7F7F2710A,1,,,620CEE,……음。,620D08,어떤　시스템　개발에　관여했지。,quarantine,unresolved
P4_direct_ext3_text_drift,620D7B,scenario_620D66,unverified,review_translation_and_runtime_by_bundle,彼女がシステム用に作り出されたのは,그 아이가 시스템 제어석 샘플용으로 제조된 건,こ그녀가　시스템용으로　만들어진　건,그녀가　시스템용으로　만들어진　건,,18E51814B801010101010101010101,True,18F38317F904C90CB2276FF833F44B,1,,,620D66,그렇게　무서운　얼굴로　노려보지　말게。,620D8B,내가　지온을　떠난　뒤의　일이네。,quarantine,unresolved
P4_direct_ext3_text_drift,620D9D,scenario_620D66,unverified,review_translation_and_runtime_by_bundle,アレの開発に反対してな……,그 비인도적인 시스템 개발에 결사반대하다가……,こ그　개발에　반대해서……,그　개발에　반대해서……,,18E5181B620101010101010101,True,18F2FA05F4B00CF536F5C0F191,1,,,620D8B,내가　지온을　떠난　뒤의　일이네。,620DAB,결국　팀에서　제외됐지。,quarantine,unresolved
P4_direct_ext3_text_drift,620E33,scenario_620E0D,unverified,review_translation_and_runtime_by_bundle,まぁ、生半可な人間では,"뭐, 어설프고 단련되지 않은 일반인은",こ뭐、　어중간한　사람은,뭐、　어중간한　사람은,,18E51814C0010101010101010101,True,18F18007CEE221E05806F0A2F261,1,,,620E1E,정신　간섭도　막아　주지。,620E42,시스템을　다룰　수　없지만　말일세。,quarantine,unresolved
P4_direct_ext3_text_drift,620E6C,scenario_620E57,unverified,review_translation_and_runtime_by_bundle,共に戦っていただけるというなら,우리와 함께 동행하며 전선에서 싸워 주신다면,こ함께　싸워주신다면、,함께　싸워주신다면、,,18E5184B6A0101010101010101,True,18E07D0C39F926F53DF9C8F515,1,,,620E60,당신들　사정은　알겠습니다。,620E7A,이보다　든든한　상대도　없겠군요。,quarantine,unresolved
P3_direct_ext3_control_adjacent_text_drift,620E88,scenario_620E57,unverified,confirm_current_text_then_rehome,どうか、よろしくお願いします。,"부디, 에우고 함대를 잘 보필해 주십시오.",こ부디、　잘　부탁드립니다。,부디、　잘　부탁드립니다。,,18E5183C14010101010101,True,18F89807FC18E0A0FAB60A,2,1728,True,620E7A,이보다　든든한　상대도　없겠군요。,620E9D,크와트로　대위！,quarantine,unresolved
P4_direct_ext3_text_drift,620F12,scenario_620EFF,unverified,review_translation_and_runtime_by_bundle,あれはウォンさんって言って,저분은 웡 리 씨라고 하셔서,こ저분은　웡　씨라고、,저분은　웡　씨라고、,,18E5180BCD010101010101,True,18F6D2F58AF72C0B7AF156,1,,,620F07,쓸데없는　소리　하지　마、　쥬도！,620F1E,에우고의　후원자야！,quarantine,unresolved
P4_direct_ext3_text_drift,620F74,scenario_620F58,unverified,review_translation_and_runtime_by_bundle,ティタ－ンズは大きく揺らいでいる。,티탄즈 진영은 근간부터 크게 요동치며 요동하고 있네.,こ티탄즈는　크게　흔들리고　있다。,티탄즈는　크게　흔들리고　있다。,,18E51814CC01010101010101010101,True,18FDC4085CF4FDE3781CF276F2900A,1,,,620F66,이번　생크킹덤　침공　실패……,620F84,지금이야말로　반격할　기회다。,quarantine,unresolved
P4_direct_ext3_text_drift,620FD2,scenario_620FB6,unverified,review_translation_and_runtime_by_bundle,連邦議会が味方についてくれれば,연방 의회가 아군 에우고의 정통성을 정식 지지해 준다면,こ연방의회가　우리　편이　되면,연방의회가　우리　편이　되면,,18E51814D101010101010101,True,18F92D17F3ABF9A1241BF03E,1,,,620FC4,우리　손으로　되찾는　것이다。,620FDF,티탄즈는　고립된다。,quarantine,unresolved
P4_direct_ext3_text_drift,620FE9,scenario_620FB6,unverified,review_translation_and_runtime_by_bundle,もちろん、そのためにはクワトロ大尉,"당연히, 그 정치적 선전전을 성공시키기 위해선 크와트로 대위",こ물론　그러려면　크와트로　대위、,물론　그러려면　크와트로　대위、,,18E51814D30101010101,True,18FA8407FDB2FB96F08E,1,,,620FDF,티탄즈는　고립된다。,620FF4,자네의　협력이　필요하지만……,quarantine,unresolved
P4_direct_ext3_text_drift,62107F,scenario_621076,unverified,review_translation_and_runtime_by_bundle,……わかりました、ウォン・リ－。,"……잘 알겠습니다, 웡 리 씨.",こ……잘　알겠습니다、　웡　리　씨。　그,……잘　알겠습니다、　웡　리　씨。　그,,18E5184A4A01010101010101,True,18F191FD4F07F58A2AF4D90A,1,,,621076,……………,62108C,맡도록　하죠。,quarantine,unresolved
P4_direct_ext3_text_drift,6210BE,scenario_62109C,unverified,review_translation_and_runtime_by_bundle,この作戦にはエゥ－ゴの命運がかかっている,이번 다카르 연설 선전전에는 우리 에우고의 운명이 걸려 있네.,こ이　작전에　에우고의　운명이　걸렸다。,이　작전에　에우고의　운명이　걸렸다。,,18E51814DD010101010101010101010101,True,18F362F1E3F467F8E305F0D017F142F920,1,,,6210AD,대위라면　그렇게　말할　줄　알았지。,6210D0,부디　작전을　성공시켜　주게。,quarantine,unresolved
P4_direct_ext3_text_drift,621146,scenario_621137,unverified,review_translation_and_runtime_by_bundle,いずれにせよ、戦局の混乱は,"어느 쪽이 되었든 간에, 이 전황의 극심한 혼란상은",こ어쨌든、　전국의　혼란은,어쨌든、　전국의　혼란은,,18E51814E40101010101,True,18FD6107F2CF05F51208,1,,,621137,글쎄……어느　쪽일까요。,621151,당신들이　바라는　바이기도　하겠지요。,quarantine,unresolved
P4_direct_ext3_text_drift,6211B2,scenario_6211A7,unverified,review_translation_and_runtime_by_bundle,そろそろあなた方にお出まし願おうと,슬슬 자네들 네오 지온 군대가 직접 무대에 강림해 줄 타이밍이라 여겨,こ슬슬　당신들이　나설　때라　보고,슬슬　당신들이　나설　때라　보고,,18E51814E901010101010101010101,True,18F924F6E87DF4736F2112E0A0F8A9,1,,,6211A7,그렇습니다。,6211C2,이렇게　찾아뵌　겁니다。,quarantine,unresolved
P4_direct_ext3_text_drift,6211E6,scenario_6211D2,unverified,review_translation_and_runtime_by_bundle,……戦乱の世が！,……피와 광기로 얼룩질 대전란의 시대가！！,こ……전란의　시대가！,……전란의　시대가！,,18E5180C720101010101,True,18F191F36005E03C1703,2,,,6211D2,드디어　기다리던　때가　왔군……,6211F2,こ하하하하핫！！,quarantine,unresolved
P5_non_direct_native_or_other,6211F2,scenario_6211D2,unverified,do_not_autofix_static_false_positive_possible,はははははっ！！,하하하하핫！！,こ하하하하핫！！,하하하하핫！！,True,18F34BF76C,,18FD96F044,2,1728,True,6211E6,こ……전란의　시대가！,621201,그럼　작전을　설명하겠다！,quarantine,unresolved
P4_direct_ext3_text_drift,621210,scenario_621201,unverified,review_translation_and_runtime_by_bundle,現在、ダカ－ルの連邦議会は事実上、,"현재, 다카르의 연방 의회는 실질적으로,",こ현재　다카르의　연방의회는　사실상,현재　다카르의　연방의회는　사실상,,18E51814ED010101010101010101,True,18F32007FB3205F92D08F3479D07,1,,,621201,그럼　작전을　설명하겠다！,62121F,티탄즈　지배하에　있다고　해도　좋다。,quarantine,unresolved
P4_direct_ext3_text_drift,62122E,scenario_621201,unverified,review_translation_and_runtime_by_bundle,今回の作戦は、この連邦議会を,"이번 탈환 작전의 목표는, 이 연방 의회를",こ이번　작전은　연방의회를,이번　작전은　연방의회를,,18E51814EF0101010101010101,True,18F2EB05F1E30807F362F92D15,1,,,62121F,티탄즈　지배하에　있다고　해도　좋다。,62123C,티탄즈에게서　탈환하는　것이다。,quarantine,unresolved
P4_direct_ext3_text_drift,621274,scenario_621254,unverified,review_translation_and_runtime_by_bundle,連邦議会がエゥ－ゴを支持するよう,연방 의회가 반역 단체인 에우고의 정통성을 정식 지지하도록,こ연방의회가　에우고를　지지하도록,연방의회가　에우고를　지지하도록,,18E51814F301010101010101,True,18F92D17F8E315F301F77B14,1,,,621266,제압이　목적은　아니다。,621281,의원들을　설득하는　것이　목적이다。,quarantine,unresolved
P3_direct_ext3_control_adjacent_text_drift,621291,scenario_621254,unverified,confirm_current_text_then_rehome,……そこで、クワトロ大尉の登場となる。,"……이에, 크와트로 대위 자네가 무대에 오를 세례이지.",こ……그래서　크와트로　대위가　나선다。,……그래서　크와트로　대위가　나선다。,,18E51814F50101010101010101010101,True,18F191F61607FB96F08E05F096F6950A,2,1728,True,621281,의원들을　설득하는　것이　목적이다。,6212AD,……………,quarantine,unresolved
P4_direct_ext3_text_drift,6212D9,scenario_6212B9,unverified,review_translation_and_runtime_by_bundle,そして、議会にティタ－ンズの非道を,"그리고, 전 세계가 시청하는 의회 중계에서 티탄즈의 폭력적이고 비인도적인 만행을",こ그리고　의회에　티탄즈의　비도를,그리고　의회에　티탄즈의　비도를,,18E51814F80101010101010101,True,18F78707F5230CFDC405F33E15,1,,,6212CA,연방　의회에　잠입한다。,6212E7,호소하는　것이　목적이다。,quarantine,unresolved
P4_direct_ext3_text_drift,6212F4,scenario_6212B9,unverified,review_translation_and_runtime_by_bundle,各パイロットはクワトロ大尉が,각 모빌슈트 조종사 대원들은 크와트로 대위의 소체가,こ각　파일럿은　크와트로　대위가,각　파일럿은　크와트로　대위가,,18E51814F9010101010101,True,18E035FD0B08FB96F08E17,1,,,6212E7,호소하는　것이　목적이다。,621300,의회에　도착할　수　있도록　호위한다。,quarantine,unresolved
P3_direct_ext3_control_adjacent_text_drift,621313,scenario_6212B9,unverified,confirm_current_text_then_rehome,……以上だ！,……이상 브리핑 끝이다！,こ……이상이다！,……이상이다！,,18E51819AE0101,True,18F191F3D10D03,2,1728,True,621300,의회에　도착할　수　있도록　호위한다。,621324,이건……,quarantine,unresolved
P4_direct_ext3_text_drift,62133A,scenario_621330,unverified,review_translation_and_runtime_by_bundle,ついさっき受領したばっかりの,방금 전 애너하임 공장에서 갓 하역 인도받은,こ방금　막　받은,방금　막　받은,,18E5182B4C010101010101010101,True,18F04FF5C6F094F41B49090EF22C,1,,,621330,Ｖ２　건담。,621349,최신형　기체야。,quarantine,unresolved
P4_direct_ext3_text_drift,62138B,scenario_621374,unverified,review_translation_and_runtime_by_bundle,ミノフスキ－ドライブを装備していて,등 뒤에 미노프스키 드라이브 유닛을 탑재하고 있어서,こ미노프스키　드라이브를　달아서,미노프스키　드라이브를　달아서,,18E5181501010101010101010101,True,18FD35442E298415F516F413F275,1,,,62137B,Ｖ　건담의　발전　강화형이지。,62139A,스스로　비행할　수도　있어。,quarantine,unresolved
P4_direct_ext3_text_drift,6213B3,scenario_6213A9,unverified,review_translation_and_runtime_by_bundle,で、誰がこのモビルス－ツに,"그런데, 대체 누가 이 막강한 신형 모빌슈트 조종석에",こ그런데　누가　이　ＭＳ를,그런데　누가　이　ＭＳ를,,18E5181B660101010101,True,181607E02BF64DFD790C,1,,,6213A9,대단해……！！,6213BE,타게　되는　겁니까？,quarantine,unresolved
P4_direct_ext3_text_drift,6213FB,scenario_6213F0,unverified,review_translation_and_runtime_by_bundle,どうせならウッソがブライト艦長に,기왕 이렇게 된 거 웃소 네가 직접 브라이트 함장님 방에 가서,こ차라리　웃소가　브라이트　함장에게,차라리　웃소가　브라이트　함장에게,,18E518C4340101010101010101,True,18F89AF515F69F17F97EF4FA0C,1,,,6213F0,아、　맞다！,621409,태워　달라고　부탁해　보면　어때？,quarantine,unresolved
P4_direct_ext3_text_drift,621451,scenario_621434,unverified,review_translation_and_runtime_by_bundle,ウッソならこのＶ２も,웃소 자네 정도의 자질이라면 이 신형 V2 건담 역시,こ웃소라면　이　Ｖ２도,웃소라면　이　Ｖ２도,,18E5184B6E0101010101,True,18F69FF515F362F16F20,1,,,621443,꽤　좋았던　모양이니　말이야。,62145C,잘　다룰　수　있지　않을까？,quarantine,unresolved
P4_direct_ext3_text_drift,6214DC,scenario_6214C5,unverified,review_translation_and_runtime_by_bundle,ソロモンの悪夢さんじゃないかい。,그 유명하신 솔로몬의 악몽 대령님 아니신가.,こ솔로몬의　악몽　아닌가。,솔로몬의　악몽　아닌가。,,18E518150E01010101,True,18F9D905F34AFE6C0A,1,,,6214CD,어디서　본　얼굴이다　했더니……,6214E6,에우고에　꼬리　치며　나타나셨군？,quarantine,unresolved
P4_direct_ext3_text_drift,621505,scenario_6214FA,unverified,review_translation_and_runtime_by_bundle,貴様こそティタ－ンズにくみして,네놈이야말로 우매하게 티탄즈의 앞잡이 노릇을 자처하며,こ네놈도　티탄즈에　붙고,네놈도　티탄즈에　붙고,,18E518151101010101010101,True,18F1C0F356FDC40C2469F413,1,,,6214FA,닥쳐！！,621512,지온　군인의　긍지는　어디　갔나！！,quarantine,unresolved
P4_direct_ext3_text_drift,62154E,scenario_62152E,unverified,review_translation_and_runtime_by_bundle,いちおう、アンタもオレも,"일단 냉정하게, 당신이나 나나 둘 다 지금",こ어쨌든　당신도　나도,어쨌든　당신도　나도,,18E5182B4F0101010101,True,18F97407F5A520F43020,1,,,62153C,지온　군인의　긍지라니、　그건　좀……,621559,에우고에　있잖아……,quarantine,unresolved
P4_direct_ext3_text_drift,6215C4,scenario_6215B5,unverified,review_translation_and_runtime_by_bundle,アンタらのせいで,너희 꽉 막힌 군바리 꼰대 녀석들 고집 탓에,こ너희　때문에,너희　때문에,,18E518750D,True,18F5A5FC36,1,,,6215B5,그래、　이쪽도　마찬가지야。,6215CA,내　도박은　물거품이　됐거든！,quarantine,unresolved
P3_direct_ext3_control_adjacent_text_drift,6215D8,scenario_6215B5,unverified,confirm_current_text_then_rehome,その借りはきっちり返してもらうよ！！,그 빚은 이 격전지에서 기필코 한 치 오차도 없이 받아내 주마！！,こ그　빚은　확실히　갚아줘야겠어！！,그　빚은　확실히　갚아줘야겠어！！,,18E51820010101010101010101010101,True,18F423E13AF22DF8EFE05BFC3823F044,2,1728,True,6215CA,내　도박은　물거품이　됐거든！,6215F2,어머나……,quarantine,unresolved
P3_direct_ext3_control_adjacent_text_drift,621609,scenario_6215F2,unverified,confirm_current_text_then_rehome,「星の屑」で邪魔しに来たボウヤじゃないか,과거 「별의 부서진 조각」 작전 공역에 끼어들어 난동 피우던 꼬맹이 녀석 아니신가.,こ『별의　부스러기』를　방해한　애송이군,『별의　부스러기』를　방해한　애송이군,,18E518200201010101010101010101010101010101,True,18E045E06905E192E04316F287F40C9B11F6BFFBB3,2,1728,True,6215FA,어디서　본　얼굴이다　했더니……,62162A,후후、　마침　잘됐군。,quarantine,unresolved
P4_direct_ext3_text_drift,621639,scenario_62162A,unverified,review_translation_and_runtime_by_bundle,あん時はアンタらがしゃしゃり出たおかげで,그 당시에는 자네들이 쓸데없이 주제넘게 오지랖을 부려준 덕분에,こ그땐　너희가　끼어드는　바람에,그땐　너희가　끼어드는　바람에,,18E518750E010101010101010101010101010101,True,181F19B708F5A5F048124E124E276F11350EA116,1,,,62162A,후후、　마침　잘됐군。,62164E,내　도박이　물거품이　됐지……,quarantine,unresolved
P4_direct_ext3_text_drift,62165D,scenario_62162A,unverified,review_translation_and_runtime_by_bundle,その時の借り……,그때 내 도박판을 개박살 낸 피의 외상값……,こ그때의　빚……,그때의　빚……,,18E5180BD20101010101,True,18F423B705E13A27F191,1,,,62164E,내　도박이　물거품이　됐지……,621668,확실히　갚아　주겠어！,quarantine,unresolved
P3_direct_ext3_control_adjacent_text_drift,6216C2,scenario_6216A6,unverified,confirm_current_text_then_rehome,できるもんならやってみるがいいさね！！,어디 이빨이 먹혀 들어가나 직접 들이받아 입증해 보시지！！,こ할　수　있으면　해봐！！,할　수　있으면　해봐！！,,18E5182009010101010101010101010101,True,18F64F20F2201CF2A20B69FA6B254DF044,2,1728,True,6216B4,뭘　할　수　있다는　거지！？,6216DD,시마　갈라하우……！！,quarantine,unresolved
P4_direct_ext3_text_drift,62170D,scenario_6216F4,unverified,review_translation_and_runtime_by_bundle,ちょうどいい機会だ、この場でまとめて,"실로 적절한 기회로다, 오늘 이 현장에서 묵은 채무를 한꺼번에",こ마침　좋은　기회군、　여기서　한꺼번에,마침　좋은　기회군、　여기서　한꺼번에,,18E5180BD301010101010101010101,True,18FDBEF3AE0D07F362BD162113F3F7,1,,,6216FE,한참　빚진　게　있었지……,62171D,청산해　주지　않겠어！！,quarantine,unresolved
P4_direct_ext3_text_drift,621866,scenario_62185B,unverified,review_translation_and_runtime_by_bundle,そっちはそっちで何とかしなよ！,그 폭주 깡통은 너희가 알아서 요격해 수습하라고！,こ그쪽은　그쪽대로　알아서　해！,그쪽은　그쪽대로　알아서　해！,,18E51875100101010101010101010101,True,1822093B0822093B169AF18DF4102303,1,,,62185B,……시끄럽군！,621877,나는　침입자를　처리하겠다！,quarantine,unresolved
P4_direct_ext3_text_drift,6218A3,scenario_621899,unverified,review_translation_and_runtime_by_bundle,あんまりのんびりしてられないようだからね,시간적 여유가 그리 넉넉해 보이지는 않으니,こ그리　느긋할　틈은　없는　모양이니、,그리　느긋할　틈은　없는　모양이니、,,18E5184B71010101010101010101010101,True,18FB5C0519E05127F4131CF58EF49EFA8F,1,,,621899,……자아。,6218B5,……서둘러　처리해　주지。,quarantine,unresolved
P3_direct_ext3_control_adjacent_text_drift,6218C3,scenario_621899,unverified,confirm_current_text_then_rehome,セラじゃなくて悪いけどね。,자네가 애타게 갈망하던 세라가 아니라 다소 아쉽겠지만 말이야.,こ세라가　아니라　미안하지만。,세라가　아니라　미안하지만。,,18E5182019010101010101,True,18F429FBE0E00FF8154D0A,2,1728,True,6218B5,……서둘러　처리해　주지。,6218DA,……아인！！,quarantine,unresolved
P2_direct_ext3_exact_text,6218F6,scenario_6218ED,unverified,second_batch_representative_runtime_test,どこだ……,어디냐……,こ어디냐……,어디냐……,True,18E518201A,True,18F7FFF191,1,,,6218ED,레인……！,6218FC,어디　있는　거야……！？,quarantine,unresolved
P4_direct_ext3_text_drift,62197B,scenario_62196B,unverified,review_translation_and_runtime_by_bundle,しょせん、借り物の力で戦っている,어차피 남의 정신 주파수를 불법 도용해 싸우는,こ결국　빌린　힘으로　싸우는,결국　빌린　힘으로　싸우는,,18E5183B7701010101010101010101,True,18F9B507E13A27E05F05571639F920,1,,,62196B,그래、　해　주마！！,62198B,네놈　따위는　내　적이　아니다！！,quarantine,unresolved
P4_direct_ext3_text_drift,6219CD,scenario_6219B7,unverified,review_translation_and_runtime_by_bundle,たしか神話では竜を殺して不死身の力を,기억하기론 신화 내용 속에서 용을 죽이고 그 피를 세례받아 불사의 권능을,こ신화에선　용을　죽여　불사의　힘을,신화에선　용을　죽여　불사의　힘을,,18E51891B60101010101010101010101010101,True,18F7D2F458F261E2AA15E00CF413F866055715,1,,,6219C1,『파브니르』란　이름이　딱　맞는군。,6219E1,얻은　영웅이　있다는　이야기였지？,quarantine,unresolved
P4_direct_ext3_text_drift,6219EF,scenario_6219B7,unverified,review_translation_and_runtime_by_bundle,貴様もそうだ……！,네놈의 그 위대한 무력 역시 그렇다……！,こ네놈도　마찬가지다……！,네놈도　마찬가지다……！,,18E5180C730101,True,18F1C0F946F60C,2,,,6219E1,얻은　영웅이　있다는　이야기였지？,6219F8,こ세라의　마음을　죽이고,quarantine,unresolved
P4_direct_ext3_text_drift,6219F8,scenario_6219B7,unverified,review_translation_and_runtime_by_bundle,セラの心を殺して,세라라는 가련한 소녀의 영혼 자아를 완전히 짓밟아 박살 내고,こ세라의　마음을　죽이고,세라의　마음을　죽이고,,18E5182028010101010101,True,18F42905E00B15E00CF413,1,,,6219EF,こ네놈도　마찬가지다……！,621A04,막대한　뉴타입　능력을　손에　넣었지！！,quarantine,unresolved
P4_direct_ext3_text_drift,621A15,scenario_6219B7,unverified,review_translation_and_runtime_by_bundle,貴様の力は借り物だ。,네놈이 자랑하는 무력은 빌려온 껍데기다.,こ네　힘은　빌린　거다。,네　힘은　빌린　거다。,,18E51875120101010101010101,True,18F1C0055708E13A27E05F0D0A,1,,,621A04,막대한　뉴타입　능력을　손에　넣었지！！,621A33,……윽！！,quarantine,unresolved
P2_direct_ext3_exact_text,621A5E,scenario_621A47,unverified,second_batch_representative_runtime_test,……君の本名もたしか,……자네의 본명 역시 프로필상,こ……자네의　본명　역시　프로필상,……자네의　본명　역시　프로필상,True,18E518202C0101010101,True,18F1916105F2D320F7D2,1,,,621A55,아아、그러고　보니……,621A69,지크프리트였지。,quarantine,unresolved
P2_direct_ext3_exact_text,621A70,scenario_621A47,unverified,second_batch_representative_runtime_test,でも、おあいにく様。,"하지만,　불행히도.",こ하지만、　불행히도。,하지만、　불행히도。,True,18E5189402010101,True,18F25E07FCBE8B0A,2,,,621A69,지크프리트였지。,621A7A,こ올드타입은　파브닐의,quarantine,unresolved
P4_direct_ext3_text_drift,621A7A,scenario_621A47,unverified,review_translation_and_runtime_by_bundle,オ－ルドタイプではファブニ－ルの,올드타입의 뇌 구조로는 파프니르 모듈의,こ올드타입은　파브닐의,올드타입은　파브닐의,,18E5187513010101,True,18FE0CF261FDAC05,1,,,621A70,こ하지만、　불행히도。,621A83,힘을　받을　수　없다……,quarantine,unresolved
P4_direct_ext3_text_drift,621A8F,scenario_621A47,unverified,review_translation_and_runtime_by_bundle,しょせん、オ－ルドタイプごときじゃ,어차피 하찮은 올드타입 찌꺼기 주제에,こ결국　올드타입　따위로는,결국　올드타입　따위로는,,18E5180BD5010101010101,True,18F9B507FE0CD31332F2D2,1,,,621A83,힘을　받을　수　없다……,621AAC,영웅이라……그런　건　아무래도　좋아。,quarantine,unresolved
P4_direct_ext3_text_drift,621AE4,scenario_621AD0,unverified,review_translation_and_runtime_by_bundle,竜の不死身の力は君ではなく、,"그 용을 도살해 쟁취한 불사의 권능은 네놈이 아닌,",こ용의　불사력은　네가　아니라、,용의　불사력은　네가　아니라、,,18E51820330101010101010101,True,18E2AA05F86605570861F9F607,1,,,621AD6,없다고　말하는　거야、　난！,621AF2,내가　쥐고　있어……세라　덕분에！,quarantine,unresolved
P4_direct_ext3_text_drift,621B04,scenario_621AD0,unverified,review_translation_and_runtime_by_bundle,君では、このボクに勝つことはできない。,네까짓 역량으론 이 위대한 나를 상대로 단 1승도 쟁취할 수 없어.,こ너론　나를　이길　수　없어。,너론　나를　이길　수　없어。,,18E518203501010101010101010101,True,1861F26107F362F2790CE003FE8D0A,2,,,621AF2,내가　쥐고　있어……세라　덕분에！,621B15,こ신화처럼、　공주의　배신으로,quarantine,unresolved
P4_direct_ext3_text_drift,621B15,scenario_621AD0,unverified,review_translation_and_runtime_by_bundle,神話通り、お姫様の裏切りで,"결국 신화 전개대로, 자네가 지키려던 공주님의 배신 탓에",こ신화처럼、　공주의　배신으로,신화처럼、　공주의　배신으로,,18E51820360101010101010101,True,18F85F270735F0E305F288F227,1,,,621B04,こ너론　나를　이길　수　없어。,621B23,영웅은……아니、　네놈은　죽는다！！,quarantine,unresolved
P4_direct_ext3_text_drift,621B7A,scenario_621B5D,unverified,review_translation_and_runtime_by_bundle,彼女のニュ－タイプ能力を使って,그녀의 초자연적인 미래 예지 능력을 조력받아,こ그녀의　뉴타입　능력으로,그녀의　뉴타입　능력으로,,18E518203C0101010101010101,True,18F38305FD6CF0D315E001F156,1,,,621B6E,세라의　힘을　빌리고　있기　때문이다。,621B88,우리　움직임을　예측하는　거겠지！！,quarantine,unresolved
P4_direct_ext3_text_drift,621C1D,scenario_621C0D,unverified,review_translation_and_runtime_by_bundle,マスタ－の障害となる人物は,마스터의 미래에 장애물이 되는 모든 방해 인자는,こ마스터에게　방해되는　인물은,마스터에게　방해되는　인물은,,18E5182B53010101010101,True,18FABD05F0CDF695F02008,1,,,621C0D,당신은　마스터의　위협이　됩니다。,621C29,신속히　제거해야　합니다。,quarantine,unresolved
P4_direct_ext3_text_drift,621C74,scenario_621C6B,unverified,review_translation_and_runtime_by_bundle,オレは……,나는 대체……,こ나는　대체……　나는　도대체　어떻게,나는　대체……　나는　도대체　어떻게,,18E5182A5401,True,18F43008F191,1,,,621C6B,세라……！,621C7B,나는　어떻게　해야　하지！？,quarantine,unresolved
P3_direct_ext3_control_adjacent_text_drift,621C89,scenario_621C6B,unverified,confirm_current_text_then_rehome,くっ……！！,큭……！！,こ윽……！！,윽……！！,,18E518D53601,True,18F0EEF60C03,2,1728,True,621C7B,나는　어떻게　해야　하지！？,621C99,데빌　건담……！！,quarantine,unresolved
P3_direct_ext3_control_adjacent_text_drift,621CC1,scenario_621CAB,unverified,confirm_current_text_then_rehome,いったい、何が起こってるんだ？,도대체 아래 격납고에서 무슨 파괴가 자행되고 있는 거지？,こ대체　무슨　일이　벌어진　거지？,대체　무슨　일이　벌어진　거지？,,18E518204A01010101010101010101,True,18FB6A079A17E0FFF359F390F22E1D,2,1728,True,621CB4,통로가　막혔어……！？,621CDC,……아무래도、,quarantine,unresolved
P4_direct_ext3_text_drift,621D24,scenario_621D15,unverified,review_translation_and_runtime_by_bundle,ワシならばデビルガンダムを,나 동방불패라면 데빌 건담 소체를,こ나라면　데빌　건담을,나라면　데빌　건담을,,18E5180BD6010101,True,18F160F677FE5015,1,,,621D15,진정해라、　도몬。,621D2D,함부로　폭주시키진　않는다。,quarantine,unresolved
P4_direct_ext3_text_drift,621D38,scenario_621D15,unverified,review_translation_and_runtime_by_bundle,おそらくはネオ・ジオンの者が,아마도 저 요새를 장악한 네오 지온의 애송이 놈들이,こ아마　네오　지온　사람이,아마　네오　지온　사람이,,18E5182CCC010101010101,True,18FCC9F1002AF7AB059F17,1,,,621D2D,함부로　폭주시키진　않는다。,621D44,잘못　다룬　것이겠지。,quarantine,unresolved
P3_direct_ext3_control_adjacent_text_drift,621D6D,scenario_621D58,unverified,confirm_current_text_then_rehome,デビルガンダムを取り押さえるぞ！！,힘을 합쳐 저 폭주하는 데빌 건담 소체부터 포획 진압하자！！,こ데빌　건담을　제압한다！！,데빌　건담을　제압한다！！,,18E5181CE101010101010101,True,18FE5015D627E12BF9BDF044,2,084E,True,621D60,지금은　싸울　때가　아니다！,621D7E,아、　아아……。,quarantine,unresolved
P4_direct_ext3_text_drift,621DDA,scenario_621DCA,unverified,review_translation_and_runtime_by_bundle,かつてキサマとの修行中に、,"지구 산맥에서 자네와 야생 수행을 거치던 시절,",こ예전에　너와　수련하다,예전에　너와　수련하다,,18E51820560101010101010101,True,18F7BEF736F17FE2246B520C07,1,,,621DCA,기억하느냐、　도몬？,621DE8,늑대　무리에게　습격당했던　일을。,quarantine,unresolved
P4_direct_ext3_text_drift,621E69,scenario_621E60,unverified,review_translation_and_runtime_by_bundle,ここはひとまず休戦だ！,오늘 이 전역에서만큼은 일단 사적인 휴전이다！,こ여긴　일단　휴전이다！,여긴　일단　휴전이다！,,18E518205C0101010101010101,True,18F79FE03913F18CE27C390D03,1,,,621E60,도몬！,621E77,힘을　합쳐　데빌　건담에　맞서자！！,quarantine,unresolved
P4_direct_ext3_text_drift,621EB5,scenario_621E9F,unverified,review_translation_and_runtime_by_bundle,何があった、ドモン・カッシュ！？,"안에서 무슨 대재앙이 터진 거냐, 도몬 카슈！？",こ무슨　일이냐、　도몬　캇슈！？,무슨　일이냐、　도몬　캇슈！？,,18E518206001010101010101,True,189AFB6D07F5892AFA53F040,1,,,621EAA,게다가　동방불패가……！？,621EC2,레인　미카무라를　찾았나！？,quarantine,unresolved
P4_direct_ext3_text_drift,621EF0,scenario_621ED9,unverified,review_translation_and_runtime_by_bundle,東方不敗が協力してくれる。,다행히 동방불패 늙은이가 힘을 보태 주기로 합의했다.,こ동방불패가　도와준다。,동방불패가　도와준다。,,18E518206301010101,True,18FA8517F459FCE60A,1,,,621EE3,하지만　데빌　건담을　방치할　순　없다。,621EFA,데빌　건담을　제압하자！！,quarantine,unresolved
P4_direct_ext3_text_drift,621F62,scenario_621F47,unverified,review_translation_and_runtime_by_bundle,私が代わりに話を聞こう。,그러니 내 차분하게 대역으로 회담에 임하도록 하지.,こ내가　대신　얘기를　듣지。,내가　대신　얘기를　듣지。,,18E5180BD70101010101010101010101,True,184117E0F2F23E0CE02E15E013F3500A,1,,,621F53,시그　군에게　당했거든。,621F73,샤기아　프로스트다。,quarantine,unresolved
P4_direct_ext3_text_drift,621FA0,scenario_621F81,unverified,review_translation_and_runtime_by_bundle,貴様らもデビルガンダムの,네놈들도 저 데빌 건담 소체가 보유한,こ네놈들도　데빌　건담의,네놈들도　데빌　건담의,,18E5184B75010101,True,18F1C0F069FE5005,1,,,621F8C,이　사태를　어떻게　수습할　셈이지！？,621FA9,힘은　알고　있겠지。,quarantine,unresolved
P4_direct_ext3_text_drift,621FB4,scenario_621F81,unverified,review_translation_and_runtime_by_bundle,このままヤツを放置すれば、基地どころか,"이대로 저 폭주 전차를 방치하면, 이 요새 기지는 물론이고",こ이대로　놈을　두면、　기지뿐　아니라,이대로　놈을　두면、　기지뿐　아니라,,18E518206C010101010101010101010101,True,18FB77F2D415F44DF7DD07F3353618420E,1,,,621FA9,힘은　알고　있겠지。,621FC6,아프리카　대륙이　멸망할　수도　있다！,quarantine,unresolved
P3_direct_ext3_control_adjacent_text_drift,621FD6,scenario_621F81,unverified,confirm_current_text_then_rehome,デビルガンダムを倒すのに手を貸せい！,"데빌 건담의 동력을 정지시키기 위해, 네놈들 화력도 당장 지원해라！",こ데빌　건담을　잡게　힘을　빌려라！,데빌　건담을　잡게　힘을　빌려라！,,18E518C4490101010101010101010101,True,18FE5015E0111E050C7215E0D9340403,2,1728,True,621FC6,아프리카　대륙이　멸망할　수도　있다！,621FF2,………………,quarantine,unresolved
P4_direct_ext3_text_drift,622030,scenario_622023,unverified,review_translation_and_runtime_by_bundle,彼らと協力してデビルガンダムに当たる。,일단 공멸을 피하기 위해 에우고 잔당들과 제휴하여 데빌 건담 요격에 집중한다.,こ그들과　협력해　데빌　건담을　막는다。,그들과　협력해　데빌　건담을　막는다。,,18E518C44A0101010101010101010101,True,1895F056F459F413FE500CE014F38D0A,1,,,622023,……세레인　익스페리。,622041,……좋겠지？,quarantine,unresolved
P4_direct_ext3_text_drift,62215F,scenario_62214E,unverified,review_translation_and_runtime_by_bundle,だが、デビルガンダムを,"하지만, 우리 대지에 악마 같은 데빌 건담이 활개 치는데",こ하지만　데빌　건담을,하지만　데빌　건담을,,18E518C44D0101,True,18F53807FE5015,1,,,62214E,다카르로　가는　건　맞다。,622167,방치한다고는　아무도　안　했다！,quarantine,unresolved
P4_direct_ext3_text_drift,6221D0,scenario_6221C6,unverified,review_translation_and_runtime_by_bundle,デビルガンダムの相手は彼らに任せ、,"데빌 건담의 자폭 격살 임무는 저 에우고 바보들에게 떠넘기고,",こ데빌　건담은　그들에게　맡기고、,데빌　건담은　그들에게　맡기고、,,18E518C44F0101010101010101,True,18FE5005F3D50895F057D83407,1,,,6221C6,……이제　끝이군。,6221DE,우리는　물러나도록　하지。,quarantine,unresolved
P4_direct_ext3_text_drift,62223E,scenario_62221B,unverified,review_translation_and_runtime_by_bundle,アイン・レヴィを安全な場所に連れ出す。,기절해 쓰러진 아인 레비의 신변을 신속히 안전지대로 이송해라.,こ아인　레비를　안전한　곳으로　옮긴다。,아인　레비를　안전한　곳으로　옮긴다。,,18E518208101010101010101010101010101,True,18F5DC2AF76B15F47506F2F20C901B6F1E0A,1,,,62222D,우리　차례는　끝났어。,622251,……너도　도와줄　거지？,quarantine,unresolved
P2_direct_ext3_exact_text,6222A0,scenario_622292,unverified,second_batch_representative_runtime_test,って、まさか！,"라고,　설마！",こ라고、　설마！,라고、　설마！,True,18E51894050101,True,18F15607F84503,1,,,622292,어？……세라！？,6222A8,방금　모빌슈트에　세라　씨가！？,quarantine,unresolved
P5_non_direct_native_or_other,6222C8,scenario_6222BF,unverified,do_not_autofix_static_false_positive_possible,シグ・ウェドナ－……。,시그·웨드너-…….,こ시그・웨드너……。,시그・웨드너……。,,18F50B2AFD0AF1910A,,18F50B2AFD0AF1910A,2,,,6222BF,………………,6222D3,こ더　이상　마스터께,quarantine,unresolved
P4_direct_ext3_text_drift,6222D3,scenario_6222BF,unverified,review_translation_and_runtime_by_bundle,これ以上マスタ－の,더　이상　마스터,こ더　이상　마스터께,더　이상　마스터께,,18E5184CEC010101,True,18F36DF3D1FABD05,1,,,6222C8,こ시그・웨드너……。,6222DC,폐를　끼치게　된다면……,quarantine,unresolved
P1_direct_ext3_exact_text_control_adjacent,6222ED,scenario_6222BF,unverified,high_priority_batch_after_anchor_pass,……わたしは、あなたを排除します。,…　…　저는　당신을　배제합니다.,こ…　…　저는　당신을　배제합니다。,…　…　저는　당신을　배제합니다。,True,18E518C4520101010101010101,True,18F191FACF07FA8AF249F6700A,2,1728,True,6222DC,폐를　끼치게　된다면……,622304,세라！！,quarantine,unresolved
P2_direct_ext3_exact_text,622321,scenario_622318,unverified,second_batch_representative_runtime_test,今の、ホントに,"지금,　정말로",こ지금、　정말로,지금、　정말로,True,18E51894080101,True,18760507F65F0C,1,,,622318,시그……,622329,그　세라　씨야……？,quarantine,unresolved
P1_direct_ext3_exact_text_control_adjacent,622343,scenario_622339,unverified,high_priority_batch_after_anchor_pass,だが、彼女は……,"하지만,　그녀는…",こ하지만、　그녀는…,하지만、　그녀는…,True,18E518940A01010101,True,18F53807F38308F191,2,1728,True,622339,……그래。,622358,………………,quarantine,unresolved
P3_direct_ext3_control_adjacent_text_drift,6223C8,scenario_6223B3,unverified,confirm_current_text_then_rehome,……どういうことなんだ！？,…………　무슨　일이야！　？,こ……무슨　일이야！？,……무슨　일이야！？,,18E5182CCF010101010101,True,18F191F8CB1813F854F040,2,1728,True,6223BE,레인이　데빌　건담에……,6223DD,으음……,quarantine,unresolved
P2_direct_ext3_exact_text,6223E6,scenario_6223DD,unverified,second_batch_representative_runtime_test,ネオ・ジオンのヤツラめ、人間を,"네오　지온의　녀석,　인간",こ네오　지온의　녀석、　인간,네오　지온의　녀석、　인간,True,18E518C458010101010101010101,True,18F1002AF7AB05F78A4707F0A215,1,,,6223DD,으음……,6223F5,데빌　건담의　코어로　써먹었군！,quarantine,unresolved
P4_direct_ext3_text_drift,622430,scenario_62241F,unverified,review_translation_and_runtime_by_bundle,デビルガンダムは人を取り込むことで,악마　건담은　사람을　캡처하여,こ데빌　건담은　사람을　흡수해서,데빌　건담은　사람을　흡수해서,,18E5184CED010101010101010101,True,18FE50085015D627E0FA8C181316,1,,,62241F,잘　들어라、　도몬！,62243F,진정한　힘을　발휘할　수　있게　된다！,quarantine,unresolved
P1_direct_ext3_exact_text_control_adjacent,62244F,scenario_62241F,unverified,high_priority_batch_after_anchor_pass,心してかからねば、こちらがやられるぞ！！,마음에　걸리면　이쪽을　할　수　있어！　！,こ마음에　걸리면　이쪽을　할　수　있어！！,마음에　걸리면　이쪽을　할　수　있어！！,True,18E518C0990101010101,True,18E00BFE3C07FEBEF044,2,084E,True,62243F,진정한　힘을　발휘할　수　있게　된다！,62245E,레인이　데빌　건담의　코어에……,quarantine,unresolved
P2_direct_ext3_exact_text,62246E,scenario_62245E,unverified,second_batch_representative_runtime_test,オ、オレは……,"오,　저는……",こ오、　저는……,오、　저는……,True,18E5189270010101,True,182C07F43008F191,1,,,62245E,레인이　데빌　건담의　코어에……,622477,레인과　싸워야　하나？,quarantine,unresolved
P4_direct_ext3_text_drift,6224A8,scenario_62249B,unverified,review_translation_and_runtime_by_bundle,キサマ……デビルガンダムの核に,키사마…　…　악마　건담의　핵에,こ네놈……데빌　건담의　핵에,네놈……데빌　건담의　핵에,,18E5181CE4010101010101,True,18F736F191FE5005E1460C,1,,,62249B,샤기아　프로스트다！！,6224B4,인간을　집어넣었구나！！,quarantine,unresolved
P4_direct_ext3_text_drift,6224F8,scenario_6224EA,unverified,review_translation_and_runtime_by_bundle,デビルガンダムは人を取り込むことで,악마　건담은　사람을　캡처하여,こ데빌　건담은　사람을　흡수해서,데빌　건담은　사람을　흡수해서,,18E5184CED010101010101010101,True,18FE50085015D627E0FA8C181316,1,,,6224EA,……모를　리가　있겠나！！,622507,진정한　힘을　발휘한다……,quarantine,unresolved
P4_direct_ext3_text_drift,622514,scenario_6224EA,unverified,review_translation_and_runtime_by_bundle,……貴様ら、デビルガンダムを,"…………　당신,　악마　건담",こ……네놈들、데빌　건담을,……네놈들、데빌　건담을,,18E5182CD00101010101,True,18F191F1C01C07FE5015,1,,,622507,진정한　힘을　발휘한다……,62251F,진정한　괴물로　키울　셈이냐！？,quarantine,unresolved
P2_direct_ext3_exact_text,6225B8,scenario_622598,unverified,second_batch_representative_runtime_test,これまでのデビルガンダムとは違う。,지금까지의　데빌　건담과는　다르다.,こ지금까지의　데빌　건담과는　다르다。,지금까지의　데빌　건담과는　다르다。,True,18E518C4640101010101,True,18FBE5FE50F17EDA140A,1,,,6225A6,흡수해　완전한　상태가　됐다。,6225C3,마음에　걸리면　이쪽을　할　수　있어！！,quarantine,unresolved
P2_direct_ext3_exact_text,6225E1,scenario_6225D8,unverified,second_batch_representative_runtime_test,オ、オレは……,"오,　저는……",こ오、　저는……,오、　저는……,True,18E5189270010101,True,182C07F43008F191,1,,,6225D8,………………,6225EA,레인과　싸워야　하나？,quarantine,unresolved
P5_non_direct_native_or_other,6226BE,scenario_6226A8,unverified,do_not_autofix_static_false_positive_possible,これ以上の増殖を許すな！！,이 이상의 증식을 결코 허용해선 안 된다！！,こ더　이상의　증식을　허용하지　마！！,더　이상의　증식을　허용하지　마！！,,18F714F04BF59101010101010101010101,,18F36DF3D105E1D4E4B415E068F1D1F044,2,1728,True,6226B1,데빌　건담에　공격을　집중해！,6226D9,………………,quarantine,unresolved
P4_direct_ext3_text_drift,6227BD,scenario_6227AA,unverified,review_translation_and_runtime_by_bundle,キサマもいっぱしの拳士ならば、,"자네 역시 어엿한 한 명의 권사라면,",こ네놈도　한　사람의　권사라면、,네놈도　한　사람의　권사라면、,,18E5180BDA01010101010101,True,18F736FD33E1C1E067F67707,1,,,6227AA,싸우기도　전에　포기해서야　되겠느냐！！,6227CA,『주먹을　걸고　구해　내겠다』……,quarantine,unresolved
P3_direct_ext3_control_adjacent_text_drift,6227DB,scenario_6227AA,unverified,confirm_current_text_then_rehome,……それくらいの気概を持たぬか！！,……그 정도의 호기로운 기개조차 품지 못하겠단 말이냐！！,こ……그　정도　기개도　없느냐！！,……그　정도　기개도　없느냐！！,,18E518208A01010101010101010101010101,True,18F191F422F944A0E3CE15E01211CB0EF044,2,1728,True,6227CA,『주먹을　걸고　구해　내겠다』……,6227F9,스승님……！！,quarantine,unresolved
P4_direct_ext3_text_drift,62296C,scenario_62294B,unverified,review_translation_and_runtime_by_bundle,デビルガンダムに石破天驚拳が,데빌 건담 본체에 아군의 석파천경권이,こ데빌　건담에　석파천경권이,데빌　건담에　석파천경권이,,18E518C4700101,True,18FE500CFBF217,1,,,62295E,아직　적이　남아　있지　않느냐！,622974,통한다는　건　이제　알았다！,quarantine,unresolved
P4_direct_ext3_text_drift,622985,scenario_62294B,unverified,review_translation_and_runtime_by_bundle,今日がダメならば、,"오늘 단죄하는 데 실패했다면,",こ오늘　안　되면、,오늘　안　되면、,,18E5184B7701010101,True,18F38117F36AF67707,1,,,622974,통한다는　건　이제　알았다！,62298F,내일　다시　도전하면　될　뿐이다！！,quarantine,unresolved
P3_direct_ext3_control_adjacent_text_drift,6229B6,scenario_6229AC,unverified,confirm_current_text_then_rehome,オレには石破天驚拳が……！,나에겐 석파천경권이라는 비장의 무기가……！,こ나에겐　석파천경권이……！,나에겐　석파천경권이……！,,18E5183C170101010101,True,18F430F467FBF217F60C,2,084A,True,6229AC,……그렇군。,6229C5,네　석파천경권은　아직　미숙하다。,quarantine,unresolved
P4_direct_ext3_text_drift,6229E6,scenario_6229C5,unverified,review_translation_and_runtime_by_bundle,さすれば、あのレインという,자네가 흠모하는 레인이라는,こ그러면　그　레인이라는,그러면　그　레인이라는,,18E5182B570101010101,True,18FAE907F3DAF750F664,1,,,6229D5,……기술을　갈고닦거라、　도몬。,6229F1,여자도　반드시　구할　수　있다。,quarantine,unresolved
P4_direct_ext3_text_drift,6229FF,scenario_6229C5,unverified,review_translation_and_runtime_by_bundle,そのためにも、まずはこの場を,"그 구출의 날을 도래하게 하려면, 일단 이 사지에서",こ그러려면　우선　여기서,그러려면　우선　여기서,,18E518209A0101010101,True,18FDA107F84FF362BD15,1,,,6229F1,여자도　반드시　구할　수　있다。,622A0A,살아남아야　한다……알겠느냐、　도몬！？,quarantine,unresolved
P3_direct_ext3_control_adjacent_text_drift,622A46,scenario_622A35,unverified,confirm_current_text_then_rehome,たしかに伝授したぞ、ドモンよ！,"자네 머릿속에 확실히 그 오의의 싹을 주입해 전수했네, 도몬！",こ확실히　전수했다、　도몬！,확실히　전수했다、　도몬！,,18E518209B01010101010101010101,True,18FA52E154E4DAF41B6E07F5892303,2,1728,True,622A35,……유파　동방불패　오의、　석파천경권。,622A5F,………………,quarantine,unresolved
P3_direct_ext3_control_adjacent_text_drift,622A7F,scenario_622A70,unverified,confirm_current_text_then_rehome,オレはまだ、師匠に聞きたいことが……！！,"저는 아직, 스승님께 해명받아야 할 수수께끼가 가득합니다……！！",こ난　아직　스승에게　물을　게……！！,난　아직　스승에게　물을　게……！！,,18E518209D0101010101010101010101010101,True,18F430F7AA07F57E0CE013F6EB181317F60C03,2,1728,True,622A70,기다려　주세요、　스승님！！,622A9E,……도몬이여。,quarantine,unresolved
P4_direct_ext3_text_drift,622AC1,scenario_622AAE,unverified,review_translation_and_runtime_by_bundle,サハラの地に横たわる砂の大地を、,"사하라 황무지에 가득 메운 비극적인 모래 대지를,",こ사하라에　펼쳐진　모래　대지를、,사하라에　펼쳐진　모래　대지를、,,18E51820A00101010101010101010101010101,True,18657E2E059E0CE2BBF38F0FE396055C9E1507,1,,,622AAE,이　아프리카에　펼쳐진　광경을……,622AD5,네　가슴에　새겨　두거라。,quarantine,unresolved
P3_direct_ext3_control_adjacent_text_drift,622AE7,scenario_622AAE,unverified,confirm_current_text_then_rehome,これぞ、人類の黄昏の光景よ。,"이것이야말로, 쇠퇴해 가는 인류 문명의 쓸쓸한 황혼의 참상일세.",こ이것이　인류　황혼의　풍경이다。,이것이　인류　황혼의　풍경이다。,,18E51820A2010101010101010101010101,True,18F36D6E07F00B05E4BCE4AC05F35F230A,2,084E,True,622AD5,네　가슴에　새겨　두거라。,622AFD,……스승님？,quarantine,unresolved
P3_direct_ext3_control_adjacent_text_drift,622B7F,scenario_622B5C,unverified,confirm_current_text_then_rehome,ヤツはどこだ！？,그 녀석은 지금 어느 격실에 박혀 있나！？,こ녀석은　어디　있지！？,녀석은　어디　있지！？,,18E5180C750101,True,18F2D4F95DF040,2,1728,True,622B6B,큰소리치더니만……！！,622B8D,네、　아까……,quarantine,unresolved
P3_direct_ext3_control_adjacent_text_drift,622C26,scenario_622C04,unverified,confirm_current_text_then_rehome,……そう言えば納得してもらえるかな。,……이 정도 신원 보증이면 도끼눈을 가라앉히기에 충분하겠지.,こ……이렇게　말하면　납득하려나。,……이렇게　말하면　납득하려나。,,18E51820AE010101010101010101010101,True,18F191F4267AF0E0F1F0F5CB1CF7A5060A,2,1728,True,622C18,나는　아인　레비의　동료다。,622C43,대체　나에게　무슨　용무지？,quarantine,unresolved
P4_direct_ext3_text_drift,622C6B,scenario_622C55,unverified,review_translation_and_runtime_by_bundle,なにしろ、彼にあなたの元に行くよう,"어찌 되었든 간에, 그 녀석에게 자네 밑으로 들어가 전술 연구를 보조하라고",こ무엇보다　그에게　당신에게　가라,무엇보다　그에게　당신에게　가라,,18E51820B101010101010101010101,True,18F9E307950CFA90E0880C6BF10414,1,,,622C55,……사후　관리라고　해　두지。,622C7B,권한　건　나니까……,quarantine,unresolved
P4_direct_ext3_text_drift,622C88,scenario_622C55,unverified,review_translation_and_runtime_by_bundle,……なに、デビルガンダムのことならば,"……뭐, 행방불명된 데빌 건담 소체 건이라면",こ……뭐、　데빌　건담이라면,……뭐、　데빌　건담이라면,,18E5182B5801010101010101,True,18F191F51C07FE50F5E4F677,1,,,622C7B,권한　건　나니까……,622C95,걱정할　필요　없어。,quarantine,unresolved
P3_direct_ext3_control_adjacent_text_drift,622C9E,scenario_622C55,unverified,confirm_current_text_then_rehome,テストの結果は良好だったよ。,시험 가동 데이터 분석 결과는 아주 양호했으니까.,こ테스트　결과는　좋았어。,테스트　결과는　좋았어。,,18E51820B30101010101010101,True,18F59805F47608F4C9F646230A,2,082A,True,622C95,걱정할　필요　없어。,622CB0,양호하다고！？,quarantine,unresolved
P4_direct_ext3_text_drift,622D1C,scenario_622CFF,unverified,review_translation_and_runtime_by_bundle,その傷を回復させるため、,"소체는 대파된 장갑을 자가 수복하기 위해,",こ그　상처를　회복하려고、,그　상처를　회복하려고、,,18E51820B8010101010101,True,18F423E14115F54EFBB207,1,,,622D0F,데빌　건담이　상처를　입었어。,622D28,데빌　건담은　먹이를　찾아　움직인다。,quarantine,unresolved
P4_direct_ext3_text_drift,622D39,scenario_622CFF,unverified,review_translation_and_runtime_by_bundle,例えば、人が大量にいて取り込むための,"이를테면, 인구 밀도가 비정상적으로 높고 흡수 가능한",こ가령　사람이　많고　흡수할,가령　사람이　많고　흡수할,,18E51820B901010101010101010101010101010101,True,18E18BF0E0075017F5720CF275D627E0FA8C11F404,1,,,622D28,데빌　건담은　먹이를　찾아　움직인다。,622D4F,모빌슈트도　풍부한　도시……,quarantine,unresolved
P3_direct_ext3_control_adjacent_text_drift,622DD0,scenario_622DBA,unverified,confirm_current_text_then_rehome,ついに我らの動く時がきた！！,마침내 우리 군이 침공을 감행해 기동할 때가 도래했다！！,こ드디어　우리가　움직일　때다！！,드디어　우리가　움직일　때다！！,,18E51820C0010101010101010101,True,18F6996AF059AA24B7173211F044,2,1728,True,622DC4,시마・가라하우를　불러！,622DE5,……네！,quarantine,unresolved
P4_direct_ext3_text_drift,622EE5,scenario_622ED2,unverified,review_translation_and_runtime_by_bundle,あれはウォンさんっていって,저분은 웡 리 씨라고 하셔서,こ저분은　웡　리　씨라고　하셔서　우리　에,저분은　웡　리　씨라고　하셔서　우리　에,,18E5183731010101010101,True,18F6D2F58AF72C0BF26D0B,1,,,622EDA,쓸데없는　소리　하지　마、　쥬도！,622EF1,에우고의　후원자야！,quarantine,unresolved
P4_direct_ext3_text_drift,622F4D,scenario_622F2B,unverified,review_translation_and_runtime_by_bundle,おかげで新型戦艦とモビルス－ツを,덕분에　새로운　전함과　모빌스　투,こ덕분에　신형　전함과　ＭＳ를,덕분에　신형　전함과　ＭＳ를,,18E5184B790101010101010101,True,18350EA116F3A9F2C413FD7915,1,,,622F3C,마주친　건　오히려　잘됐군。,622F5B,자네들에게　넘겨줄　수　있다。,quarantine,unresolved
P4_direct_ext3_text_drift,622F99,scenario_622F7C,unverified,review_translation_and_runtime_by_bundle,モビルス－ツの方はダブルゼ－タと言って,함께 적재하여 수송해 온 최신형 모빌슈트는 더블 제타라고 해서,こ모빌슈트는　더블　제타라고　해,모빌슈트는　더블　제타라고　해,,18E51820D001010101010101,True,18FD79057D08FD5A137AF156,1,,,622F87,하이퍼　메가입자포를　탑재했지。,622FA6,제타의　후계기다。,quarantine,unresolved
P4_direct_ext3_text_drift,622FAF,scenario_622F7C,unverified,review_translation_and_runtime_by_bundle,ダカ－ルのネオ・ジオンと当たる際に,향후 다카르 전역에서 네오 지온 주력군과 격돌할 때,こ다카르의　네오　지온과　싸울　때,다카르의　네오　지온과　싸울　때,,18E5181B72010101010101010101010101,True,18FB3205F1002AF7AB13E014F38DE16A0C,1,,,622FA6,제타의　후계기다。,622FC1,전력으로　도움이　될　거다。,quarantine,unresolved
P4_direct_ext3_text_drift,622FF3,scenario_622FE4,unverified,review_translation_and_runtime_by_bundle,ダカ－ルでハマ－ンのネオ・ジオンに,오직 다카르 사투에서 하만의 네오 지온 주력군을,こ다카르에서　하만의　네오　지온에,다카르에서　하만의　네오　지온에,,18E518C4820101010101010101,True,18FB3216FA2905F1002AF7AB0C,1,,,622FE4,감사는　필요　없다。,623001,승리해　준다면　그걸로　됐다。,quarantine,unresolved
P3_direct_ext3_control_adjacent_text_drift,62300C,scenario_622FE4,unverified,confirm_current_text_then_rehome,それが君たちの仕事のはずだ。,그 격전 소탕이 자네들 군인들이 밥값으로 해야 할 사명이니까.,こ그게　너희　일일　테니까。,그게　너희　일일　테니까。,,18E518751B0101010101010101,True,18F5A461F761F198F44B740D0A,2,0861,True,623001,승리해　준다면　그걸로　됐다。,62301E,……네。,quarantine,unresolved
P4_direct_ext3_text_drift,62307E,scenario_623070,unverified,review_translation_and_runtime_by_bundle,これで戦局はさらに,이로써 앞으로의 전황 판짜기는 한층 더,こ이걸로　전황은　더욱,이걸로　전황은　더욱,,18E5180BDD01010101,True,18F62DF2CF08F3570C,1,,,623070,쿠쿠쿠쿠……재미있군！！,623088,혼돈에　빠지겠군！！,quarantine,unresolved
P3_direct_ext3_control_adjacent_text_drift,6230E8,scenario_6230CA,unverified,confirm_current_text_then_rehome,機を見て、我らも出陣する！！,"적절한 타이밍을 포착해, 아군 역시 즉시 출진해 사냥한다！！",こ기회를　봐서、　우리도　출진한다！！,기회를　봐서、　우리도　출진한다！！,,18E51820DD0101010101010101010101,True,1880158A0B076AF0696FE23FF1CBF044,2,1728,True,6230D6,놀게　두는　것도　지루하지。,6230FF,……네！！,quarantine,unresolved
P2_direct_ext3_exact_text,623170,scenario_623152,unverified,second_batch_representative_runtime_test,……私はエゥ－ゴの,……저는 에우고 소속의,こ……저는　에우고　소속의,……저는　에우고　소속의,True,18E51820E4010101,True,18F1914108F8E305,1,,,623162,말씀드릴　것이　있습니다。,623179,크와트로　바지나　대위……,quarantine,unresolved
P4_direct_ext3_text_drift,623203,scenario_6231E9,unverified,review_translation_and_runtime_by_bundle,あのクワトロとかいう男の,연단에 버티고 서 있는 저 크와트로라는 자식의,こ그　크와트로란　남자의,그　크와트로란　남자의,,18E51820E90101010101,True,18F3DAFB96FA48E06B05,1,,,6231F4,멋대로　굴다니……！！,62320E,헛소리를　멈추게　해라！！,quarantine,unresolved
P4_direct_ext3_text_drift,623244,scenario_623228,unverified,review_translation_and_runtime_by_bundle,ここで議員に被害が出れば,우리가 저 청사를 포격해 애꿎은 연방 의원들이 사망해 피해를 입는다면,こ여기서　의원에게　피해가　나면,여기서　의원에게　피해가　나면,,18E518751D01010101010101,True,18F79DF52A0CF45E176FF03E,1,,,623231,에우고도　어리석은　짓을　하는군……,623251,모든　책임을　에우고에　씌울　수　있다,quarantine,unresolved
P4_direct_ext3_text_drift,6232A3,scenario_623296,unverified,review_translation_and_runtime_by_bundle,アタシはシロッコのためなら,나 캬라 슨은 위대하신 시로코 자네를 위해서라면,こ난　시로코를　위해서라면,난　시로코를　위해서라면,,18E51820EF0101010101,True,18F88108F9F3F865F515,1,,,623296,……알고　있네、　시로코。,6232AE,무슨　일이든　해낼　거야……,quarantine,unresolved
P3_direct_ext3_control_adjacent_text_drift,6232D6,scenario_6232C6,unverified,confirm_current_text_then_rehome,思う存分、戦わせてもらうぜ！！,"원 없이, 이 난장판 전장에서 학살극을 벌여 주마！！",こ마음껏　싸워주지！！,마음껏　싸워주지！！,,18E51820F10101010101010101010101,True,189414E0D4A30739F868201C14C7F044,2,1728,True,6232CD,잘　알고　있군、　시로코！！,6232F0,티탄즈　모빌슈트　부대　출현！,quarantine,unresolved
P4_direct_ext3_text_drift,62331E,scenario_623304,unverified,review_translation_and_runtime_by_bundle,演説が終わるまで,크와트로 대위의 폭로 연설이 무사히 방송 완료될 때까지,こ연설이　끝날　때까지,연설이　끝날　때까지,,18E51820F50101010101,True,18F2A417E010310FF19D,1,,,62330F,전　함、　의사당　주변에　전개！！,623329,의사당을　지켜　내라！！,quarantine,unresolved
P4_direct_ext3_text_drift,623345,scenario_62333D,unverified,review_translation_and_runtime_by_bundle,敵のモビルス－ツが,만약 단 1기라도 적의 습격 모빌슈트가,こ적　모빌슈트가,적　모빌슈트가,,18E51820F701,True,187F05FD7917,1,,,62333D,잘　들어라！,62334C,의사당에　침입하면　끝장이다！,quarantine,unresolved
P3_direct_ext3_control_adjacent_text_drift,62335E,scenario_62333D,unverified,confirm_current_text_then_rehome,１機も近づけさせるんじゃないぞ！！,청사 경계선 내부로 단 1기조차 발을 들여놓지 못하도록 격살하라！！,こ１기도　접근시키지　마라！！,１기도　접근시키지　마라！！,,18E51820F9010101010101010101010101,True,18CF8020E04AE14B28F82C19F8DF6EF044,2,1728,True,62334C,의사당에　침입하면　끝장이다！,62337B,전원、　전투를　개시하라！！,quarantine,unresolved
P3_direct_ext3_control_adjacent_text_drift,6233DE,scenario_6233B9,unverified,confirm_current_text_then_rehome,ジオン公国のシャアとしてではなく……,지온 공국의 야만적인 군신 샤아로서가 아니라……,こ지온공국의　샤아로서가　아니라……,지온공국의　샤아로서가　아니라……,,18E518C489010101010101010101,True,18F7ABF28105F7F1F80CF9F6F191,2,1728,True,6233CA,지온의　뜻을　잇는　자로서　말하겠다。,6233F8,지온　다이쿤의　아들,quarantine,unresolved
P4_direct_ext3_text_drift,623466,scenario_623442,unverified,review_translation_and_runtime_by_bundle,現在、ティタ－ンズが……,"그럼에도 현재, 독재 집단 티탄즈가……",こ현재、　티탄즈가……,현재、　티탄즈가……,,18E5184C1601010101,True,18F32007FDC417F191,2,,,623451,자비가처럼　욕망에　뿌리　둔　게　아니다,623471,こ지구연방군을　제것처럼　쓰는　현실이,quarantine,unresolved
P4_direct_ext3_text_drift,623471,scenario_623442,unverified,review_translation_and_runtime_by_bundle,地球連邦軍を我が物にしている事実は,지구 연방군 전체를 사조직으로 강탈해 전횡을 휘두르는 사실은,こ지구연방군을　제것처럼　쓰는　현실이,지구연방군을　제것처럼　쓰는　현실이,,18E518210201010101010101010101,True,18FCD1156A17E05FF7BCF290F34708,1,,,623466,こ현재、　티탄즈가……,623481,악의적임을　깨달아야　한다！,quarantine,unresolved
P4_direct_ext3_text_drift,6234C2,scenario_623496,unverified,review_translation_and_runtime_by_bundle,そして、宇宙に出た人類は,"그럼에도, 우주로 이주해 영토를 개척한 인류는",こ그리고　우주로　나온　인류는,그리고　우주로　나온　인류는,,18E518210601010101010101,True,18F78707F08F0C6F11F00B08,1,,,6234AA,지구가　인간의　무게로　가라앉지　않게,6234CF,생활권을　넓혀　가면서、,quarantine,unresolved
P4_direct_ext3_text_drift,6234E0,scenario_623496,unverified,review_translation_and_runtime_by_bundle,人類そのものの力を身につけたと誤解をして,"인류 본연의 질적 성장을 완수해 냈다고 자만해 오판하며,",こ인류의　힘까지　얻었다고　착각했고、,인류의　힘까지　얻었다고　착각했고、,,18E518210801010101010101010101010101010101,True,18F00BF4232005055715E049F711F379E2B4BEF601,2,,,6234CF,생활권을　넓혀　가면서、,6234F7,こ자비가　같은　자들을,quarantine,unresolved
P4_direct_ext3_text_drift,6234F7,scenario_623496,unverified,review_translation_and_runtime_by_bundle,ザビ家のようなものを,자비 가문 같은 괴물 독재 분자들을,こ자비가　같은　자들을,자비가　같은　자들을,,18E51821090101010101,True,18F055E0B4FA27200515,1,,,6234E0,こ인류의　힘까지　얻었다고　착각했고、,623502,설치게　내버려　둔　역사를　지녔다……,quarantine,unresolved
P4_direct_ext3_text_drift,62353E,scenario_62351D,unverified,review_translation_and_runtime_by_bundle,宇宙に出ることによって、,"인류가 대기권을 이탈해 우주로 나아감으로써,",こ우주로　나오면서、,우주로　나오면서、,,18E518210D010101,True,18F08F0C6FFE1807,1,,,623529,이　역사를　되풀이해선　안　된다！,623547,인간이　능력을　넓힐　수　있다고。,quarantine,unresolved
P3_direct_ext3_control_adjacent_text_drift,623558,scenario_62351D,unverified,confirm_current_text_then_rehome,なぜ信じることができないのか！？,어째서 그 자명한 이치를 신뢰하지 못하고 부정하는 것입니까！？,こ왜　믿을　수　없는　건가！？,왜　믿을　수　없는　건가！？,,18E518210F0101010101010101010101,True,18F522E032F2D1181317FAD8050EF040,2,1728,True,623547,인간이　능력을　넓힐　수　있다고。,623572,티탄즈도　그러고　있다！,quarantine,unresolved
P4_direct_ext3_text_drift,6235AD,scenario_62358A,unverified,review_translation_and_runtime_by_bundle,しかし、すでに人類は地球から,"하지만, 마침내 우리 인류는 이 유아기적 지구라는 요람을",こ하지만　이제　인류는　지구에서,하지만　이제　인류는　지구에서,,18E51821130101010101010101,True,18F82807F86BF00B08F570F124,1,,,62359B,요람　속에서　놀아　왔다。,6235BB,떠나야　할　때가　온　것이다！！,quarantine,unresolved
P4_direct_ext3_text_drift,623600,scenario_6235D6,unverified,review_translation_and_runtime_by_bundle,地球を自然のゆりかごの中に戻し、,"이 소중한 대지를 본래의 태초 자연 요람 상태로 돌려놓고,",こ지구를　자연의　요람으로　돌리고、,지구를　자연의　요람으로　돌리고、,,18E51821160101010101010101010101010101,True,18F57015F48705E121270ED305520CE0421207,1,,,6235ED,지구를　더럽혀야　한단　말인가！！,623614,인간은　우주에서　자립해야　한다……,quarantine,unresolved
P4_direct_ext3_text_drift,623647,scenario_62362E,unverified,review_translation_and_runtime_by_bundle,このダカ－ルさえ,실제로 우리가 딛고 선 이 다카르 대지조차,こ이　다카르조차,이　다카르조차,,18E51821190101,True,18F362FB32F332,1,,,62362E,……지구는　물의　행성이　아니게　돼！！,62364F,사막에　삼켜지려　하고　있다……,quarantine,unresolved
P4_direct_ext3_text_drift,62367E,scenario_62366C,unverified,review_translation_and_runtime_by_bundle,今、だれもがこの美しい地球を,"지금 이 순간, 여기 모인 모든 양심들이 이 찬란한 푸른 지구를",こ지금　누구나　이　아름다운　지구를,지금　누구나　이　아름다운　지구를,,18E518211C01010101010101010101,True,1876070D1B20F64DE24EF45CF57015,1,,,62366C,그만큼　지구는　지쳐　있다！！,62368E,남기고　싶어　한다！！,quarantine,unresolved
P4_direct_ext3_text_drift,62369A,scenario_62366C,unverified,review_translation_and_runtime_by_bundle,ならば、自分の欲求を果たすためだけに、,"그렇다면, 오직 사적인 영달과 지배 욕구를 충족시키기 위해,",こ그렇다면　자기　욕망만을　위해、,그렇다면　자기　욕망만을　위해、,,18E518211E0101010101010101010101010101010101,True,18F67707F48A05E19FE27E15E0D1111E1147F53D0C07,1,,,62368E,남기고　싶어　한다！！,6236B1,지구에　기생충처럼　들러붙어……,quarantine,unresolved
P4_direct_ext3_text_drift,623753,scenario_62372B,unverified,review_translation_and_runtime_by_bundle,……それこそ悪であり、,"……이 법과 규범을 무시하는 그들의 폭거야말로 진정한 악이며,",こ……그것이야말로　악이며、,……그것이야말로　악이며、,,18E51821270101010101,True,18F191FA31E00FF79B07,1,,,62373F,거역하면　모두　악이라　부르지만……,62375E,인류를　쇠퇴시킨다고　단언할　수　있다！,quarantine,unresolved
P3_direct_ext3_control_adjacent_text_drift,6237D6,scenario_6237BA,unverified,confirm_current_text_then_rehome,しかし、ティタ－ンズは……,"그렇지만, 티탄즈 저 미치광이 녀석들은……",こ하지만、　티탄즈는……,하지만、　티탄즈는……,,18E5180C7801010101,True,18F82807FDC408F191,2,1728,True,6237C7,제압한　것도　잘못입니다。,6237E9,……샤아입니다。,quarantine,unresolved
P4_direct_ext3_text_drift,6238CA,scenario_6238AE,unverified,review_translation_and_runtime_by_bundle,議会での決議を待つことなく、,"정당한 합의 법 절차를 개시해 기다리지도 않고,",こ의회의　결의를　기다리지　않고、,의회의　결의를　기다리지　않고、,,18E5182135010101010101010101010101,True,18F523F269E019E05215D7401813062407,1,,,6238BA,동조하는　의원도　있는데、,6238DC,무력으로　반대　의견을　짓밟았다！！,quarantine,unresolved
P4_direct_ext3_text_drift,6238EE,scenario_6238AE,unverified,review_translation_and_runtime_by_bundle,この事実を、,"이 엄연한 비극의 팩트를 앞에 두고,",こ이　사실을、,이　사실을、,,18E5183B810101,True,18F362F3471507,1,,,6238DC,무력으로　반대　의견을　짓밟았다！！,6238F6,의원　여러분은　어떻게　생각하십니까！？,quarantine,unresolved
P4_direct_ext3_text_drift,623956,scenario_623949,unverified,review_translation_and_runtime_by_bundle,そして、ティタ－ンズは議会の支持を失い,이 테러 충격파 탓에 티탄즈는 의회의 정치적 정통성 지지 기반을 몽땅 상실하고,こ그리고　티탄즈는　의회　지지를　잃고,그리고　티탄즈는　의회　지지를　잃고,,18E518213A0101010101010101010101,True,18F78707FDC408F52305F30115E05D04,1,,,623949,……그렇다。,623967,더욱　고립되어　가겠지……,quarantine,unresolved
P1_direct_ext3_exact_text_control_adjacent,623975,scenario_623949,unverified,high_priority_batch_after_anchor_pass,……ふふふ。,……후후후.,こ……후후후。,……후후후。,True,18E518C05801,True,18F191F87F0A,2,1728,True,623967,더욱　고립되어　가겠지……,623985,뭐라고！,quarantine,unresolved
P3_direct_ext3_control_adjacent_text_drift,6239C2,scenario_6239A4,unverified,confirm_current_text_then_rehome,私もジ・オで出るぞ！！,나 역시 내 전용기 디 오로 직접 전선에 출격하겠다！！,こ나도　디　오로　나간다！！,나도　디　오로　나간다！！,,18E518213F01010101010101,True,184120452A2C166FF3EFF044,2,1728,True,6239B5,무력으로　의사당을　제압한다！,6239D8,그만해、　시로코！！,quarantine,unresolved
P4_direct_ext3_text_drift,6239E4,scenario_6239D8,unverified,review_translation_and_runtime_by_bundle,こんなところで戦って,민간인들이 미어터지는 이런 도시 한복판에서 포격을 감행해,こ이런　곳에서　싸워서,이런　곳에서　싸워서,,18E518214101,True,18FE1A39F156,1,,,6239D8,그만해、　시로코！！,6239EB,거리에　피해를　줄　셈이냐！？,quarantine,unresolved
P4_direct_ext3_text_drift,623A19,scenario_6239FD,unverified,review_translation_and_runtime_by_bundle,シャアのようなニュ－タイプのなり損ないは,샤아 녀석처럼 근본도 없이 겉도는 뉴타입의 찌꺼기 뇌세포 분자는,こ샤아　같은　뉴타입　실패작은,샤아　같은　뉴타입　실패작은,,18E5183B82010101010101010101,True,18F7F1FA27FD6CF779E231F52608,1,,,623A08,세계를　파멸로　이끌　뿐이다、　소년。,623A28,숙청되어야　하는　것이다！！,quarantine,unresolved
P4_direct_ext3_text_drift,623A4C,scenario_623A40,unverified,review_translation_and_runtime_by_bundle,本当に排除しなければならないのは,우리가 전장에서 정작 청소해 도려내야 할 타깃은,こ정말　배제해야　할　자는,정말　배제해야　할　자는,,18E51821470101010101010101010101,True,18F2640CF249F410F6EEF515F526F44B,1,,,623A40,그건　틀렸다！！,623A5D,중력에　영혼을　빼앗긴　인간들이잖아！！,quarantine,unresolved
P4_direct_ext3_text_drift,623A70,scenario_623A40,unverified,review_translation_and_runtime_by_bundle,けど、そのために大勢の人間が,"그렇지만, 그 숙청을 명분 삼아 무고한 시민들이",こ하지만　그러다　많은　사람이,하지만　그러다　많은　사람이,,18E518214901010101010101,True,18F49607FCF0F03405F0A217,1,,,623A5D,중력에　영혼을　빼앗긴　인간들이잖아！！,623A7D,죽는　건　잘못됐어！！,quarantine,unresolved
P4_direct_ext3_text_drift,623AF7,scenario_623AD1,unverified,review_translation_and_runtime_by_bundle,常に世の中を動かしてきたのは,역사 이래로 세상의 이정표를 개혁해 진보시킨 것은,こ언제나　세상을　움직인　건,언제나　세상을　움직인　건,,18E5184B7D0101010101010101010101,True,18E19B0CE03C055215AAF6783211F44B,1,,,623AE9,무슨　일을　할　수　있었다는　거냐！？,623B08,극소수의　천재다！,quarantine,unresolved
P4_direct_ext3_text_drift,623B5B,scenario_623B46,unverified,review_translation_and_runtime_by_bundle,人間の……,우리 인류가 보유한……,こ인간의……,인간의……,,18E5181CE901,True,18F0A205F191,1,,,623B52,팝티머스　시로코！！,623B62,인류의　가능성은……,quarantine,unresolved
P4_direct_ext3_text_drift,623B6C,scenario_623B46,unverified,review_translation_and_runtime_by_bundle,オマエが考えてるような,네놈처럼 편협한 장사꾼 머리 굴려 재단해 평가하는,こ네놈이　생각하는　것처럼,네놈이　생각하는　것처럼,,18E5183CF201010101010101,True,18F68F17E04DF11E0FF49E06,1,,,623B62,인류의　가능성은……,623B79,하찮은　것이　아니야！！,quarantine,unresolved
P3_direct_ext3_control_adjacent_text_drift,623BBB,scenario_623BA6,unverified,confirm_current_text_then_rehome,この、オレの身体を通して出る力が！！,나의 이 육신과 영혼의 고통을 통로 삼아 분출되는 우주의 이 위대한 오라가！！,こ이　내　몸을　통해　나오는　힘이！！,이　내　몸을　통해　나오는　힘이！！,,18E518215C0101010101010101010101010101,True,18F36207F43005F2F715AEF4136F0F5717F044,2,1728,True,623BAD,전쟁을　놀이로　삼는　시로코에게는！,623BD8,뭐、　말도　안　돼……！！,quarantine,unresolved
P3_direct_ext3_control_adjacent_text_drift,623C03,scenario_623BEE,unverified,confirm_current_text_then_rehome,……くっ！！,……큭！！,こ……윽！！,……윽！！,,18E518E4910101,True,18F191F0EEF044,2,1728,True,623BFA,이　힘은！？,623C14,시로코……,quarantine,unresolved
P4_direct_ext3_text_drift,623D74,scenario_623D6A,unverified,review_translation_and_runtime_by_bundle,カテジナさんが邪魔をすると言うのなら！,카테지나 씨가 끝내 아군 평화 작전을 방해하는 적장으로 버틴다면！,こ카테지나　씨가　방해한다면！,카테지나　씨가　방해한다면！,,18E518216B010101010101010101,True,18F9CDF727F287F849137AF9D603,2,,,623D6A,쏘겠습니다！！,623D84,こ난、　카테지나　씨를　쏘겠어！！,quarantine,unresolved
P3_direct_ext3_control_adjacent_text_drift,623D84,scenario_623D6A,unverified,confirm_current_text_then_rehome,ボクは、カテジナさんを撃ちますよ！！,"저는, 설령 제 살점을 도려내는 고통이 따르더라도 당신을 쏠 겁니다！！",こ난、　카테지나　씨를　쏘겠어！！,난、　카테지나　씨를　쏘겠어！！,,18E518216C010101010101010101,True,18F2790807F9CDF73D7BF952F044,2,1728,True,623D74,こ카테지나　씨가　방해한다면！,623D9E,나에　대한　마음을　떨쳐　냈나！？,quarantine,unresolved
P1_direct_ext3_exact_text_control_adjacent,623E7B,scenario_623E59,unverified,high_priority_batch_after_anchor_pass,私など、大したことはしていない。,난　그리　대단한　일은　안　했어。,こ난　그리　대단한　일은　안　했어。,난　그리　대단한　일은　안　했어。,True,18E5182177010101010101010101,True,1841F51F075CF97D08F413F60A0A,2,087B,True,623E6B,설득해　두신　덕분입니다。,623E8E,……아니요。,quarantine,unresolved
P2_direct_ext3_exact_text,623E98,scenario_623E8E,unverified,second_batch_representative_runtime_test,議員の皆さんはアナタのことを信じて,의원들은　당신을　믿고,こ의원들은　당신을　믿고,의원들은　당신을　믿고,True,18E51821780101010101010101010101,True,18F52A05E1DBF731F809F8CDE032F2DA,1,,,623E8E,……아니요。,623EA9,에우고에　협력을　약속한　겁니다。,quarantine,unresolved
P1_direct_ext3_exact_text_control_adjacent,623EB9,scenario_623E8E,unverified,high_priority_batch_after_anchor_pass,すベてはアナタのお力です。,모두　당신의　힘　덕분입니다。,こ모두　당신의　힘　덕분입니다。,모두　당신의　힘　덕분입니다。,True,18E518941B0101010101010101,True,181EDEF396F809F44457F27D0A,2,082B,True,623EA9,에우고에　협력을　약속한　겁니다。,623ECB,………………,quarantine,unresolved
P2_direct_ext3_exact_text,623F20,scenario_623F06,unverified,second_batch_representative_runtime_test,あとは宇宙に逃げて行った,이제　우주로　도망간,こ이제　우주로　도망간,이제　우주로　도망간,True,18E518217D0101010101010101,True,18F644F08F0CE015F0F86BF150,1,,,623F16,티탄즈는　고립됐다。,623F2E,티탄즈와　네오・지온을　쫓으면　돼。,quarantine,unresolved
P2_direct_ext3_exact_text,623F3F,scenario_623F06,unverified,second_batch_representative_runtime_test,君のおかげでエゥ－ゴもカラバも,자네　덕분에　에우고도　카라바도,こ자네　덕분에　에우고도　카라바도,자네　덕분에　에우고도　카라바도,True,18E518217E0101010101010101,True,1861F4440EA116F8E320F63D20,1,,,623F2E,티탄즈와　네오・지온을　쫓으면　돼。,623F4D,전례　없이　사기가　올랐는데……,quarantine,unresolved
P3_direct_ext3_control_adjacent_text_drift,624107,scenario_6240EE,unverified,confirm_current_text_then_rehome,人身御供の家系だと……,희생양이　되는　집안이라니……,こ인신공양의　가계라고……,인신공양의　가계라고……,,18E5184CF40101010101,True,18F9A805F38EF547F191,2,0842,True,6240FB,나는　인신공양이라더군。,624116,……그럼　나도　그런　걸까？,quarantine,unresolved
P2_direct_ext3_exact_text,62415A,scenario_624142,unverified,second_batch_representative_runtime_test,……その言葉は取り消すわ。,…　…　그　말은　취소할게.,こ…　…　그　말은　취소할게。,…　…　그　말은　취소할게。,True,18E518927401010101010101010101,True,18F191F423F53C08D627E05CF1C90A,2,,,624153,말한　적이　있지만……,62416B,こ무엇이　있었는지는　모르지만、,quarantine,unresolved
P2_direct_ext3_exact_text,62416B,scenario_624142,unverified,second_batch_representative_runtime_test,何があったのかはわからないけど、,"무엇이　있었는지는　모르지만,",こ무엇이　있었는지는　모르지만、,무엇이　있었는지는　모르지만、,True,18E518942201010101010101,True,189AFB6D05F12CFCAFF49607,1,,,62415A,こ…　…　그　말은　취소할게。,624178,오빠는　변했어……,quarantine,unresolved
P4_direct_ext3_text_drift,62419C,scenario_62418E,unverified,review_translation_and_runtime_by_bundle,私に、兄さんの,"부디 제가, 오라버니의",こ제가、오빠를,제가、오빠를,,18E5182CD7010101,True,18410C07E002F730,1,,,62418E,……캐스발　오빠。,6241A5,돕게　해　주세요。,quarantine,unresolved
P3_direct_ext3_control_adjacent_text_drift,6241F0,scenario_6241D6,unverified,confirm_current_text_then_rehome,……エゥ－ゴにしてやられたか。,……에우고 녀석들의 책략에 보기 좋게 놀아났군.,こ……에우고에게　당했나。,……에우고에게　당했나。,,18E518218B010101010101,True,18F191F8E3F7BCF92E0E0A,2,1728,True,6241E0,의회의　지지를　잃을　줄이야……,624202,그렇게　낙담하지　마、　시로코。,quarantine,unresolved
P4_direct_ext3_text_drift,62424A,scenario_624227,unverified,review_translation_and_runtime_by_bundle,たかだか議会を敵に回したくらい,고작　의회를　적으로　돌린　정도가,こ고작　의회를　적으로　돌린　게,고작　의회를　적으로　돌린　게,,18E5180BE201010101010101010101,True,18F95CF523157F0CE025F41B241C04,1,,,62423C,그런　표정은　당신답지　않아。,62425A,뭐가　어떻다는　거야？,quarantine,unresolved
P1_direct_ext3_exact_text_control_adjacent,624262,scenario_624227,unverified,high_priority_batch_after_anchor_pass,アナタには力があるわ。,당신에겐　힘이　있어。,こ당신에겐　힘이　있어。,당신에겐　힘이　있어。,True,18E51821920101010101,True,18F809F46757F587310A,2,083E,True,62425A,뭐가　어떻다는　거야？,624271,……힘？,quarantine,unresolved
P4_direct_ext3_text_drift,6242C3,scenario_6242B9,unverified,review_translation_and_runtime_by_bundle,切り札はもうすぐ完成するわ。,궁극의 카드는 이제 곧 완성을 코앞에 두고 있어요.,こ비장의　수는　곧　완성돼。,비장의　수는　곧　완성돼。,,18E518219801010101010101010101,True,18E05627E277F88DF1DCF08DF77D0A,2,,,6242B9,……그래。,6242D4,こ그때까지의　시간을、,quarantine,unresolved
P4_direct_ext3_text_drift,6242D4,scenario_6242B9,unverified,review_translation_and_runtime_by_bundle,それまでの時間を、,"그 개발이 완료될 때까지의 전술적 시간 간격을,",こ그때까지의　시간을、,그때까지의　시간을、,,18E5182199010101,True,18F9A705F4781507,1,,,6242C3,こ비장의　수는　곧　완성돼。,6242DD,그들이　벌어　주면　돼……,quarantine,unresolved
P4_direct_ext3_text_drift,6242EE,scenario_6242B9,unverified,review_translation_and_runtime_by_bundle,……そうよ。,……그렇고말고요.,こ……그래요。,……그래요。,,18E5183B8401,True,18F191F6A60A,1,,,6242DD,그들이　벌어　주면　돼……,6242F5,아무도　당신을　방해하게　두지　않을게。,quarantine,unresolved
P1_direct_ext3_exact_text_control_adjacent,624305,scenario_6242B9,unverified,high_priority_batch_after_anchor_pass,うふふふ……,우후후후……,こ우후후후……,우후후후……,True,18E518219C,True,18FAA5F191,2,1728,True,6242F5,아무도　당신을　방해하게　두지　않을게。,624314,………………,quarantine,unresolved
P5_non_direct_native_or_other,62439F,scenario_624396,unverified,do_not_autofix_static_false_positive_possible,まさか……,설마……,こ설마……,설마……,True,18FF59F191,,18F845F191,2,1728,True,624396,………………,6243AF,대단한　군세군요。,quarantine,unresolved
P5_non_direct_native_or_other,624422,scenario_624416,unverified,do_not_autofix_static_false_positive_possible,………………,………………,こ………………,………………,True,18F617F617,,18F617F617,2,1728,True,624416,아니요……아무것도　아니에요。,624433,（모두　거짓말을　하고　있어……,quarantine,unresolved
P3_direct_ext3_control_adjacent_text_drift,62445A,scenario_624433,unverified,confirm_current_text_then_rehome,（この卑屈さはなに？　これが大人なの？）,（이 구역질 나는 비굴함의 정체는 뭐지？ 이게 어른들의 역겨운 세계인가？）,こ（이　비굴함은　뭐지？　이게어른인가？）,（이　비굴함은　뭐지？　이게어른인가？）,,18E51821A901010101010101010101010101010101010101,True,18E10CF362E25EE25525F09E0C1D01F622F582F51B1DE10D,2,1728,True,624445,진심으로　웃는　사람은　없어！）,62447C,에우고인가！,quarantine,unresolved
P4_direct_ext3_text_drift,6244CA,scenario_6244BF,unverified,review_translation_and_runtime_by_bundle,いいだろう、オマエには右翼を任せる。,"좋다, 자네에게 함대 우익의 지휘 통제권을 전임하마.",こ좋다、　네겐　우익을　맡긴다。,좋다、　네겐　우익을　맡긴다。,,18E51821AF010101010101010101010101,True,18FC7D07F68FF467E48BE23E15D8F5560A,1,,,6244BF,……그레미인가。,6244DC,에우고를　해치워라！,quarantine,unresolved
P4_direct_ext3_text_drift,62451C,scenario_62450D,unverified,review_translation_and_runtime_by_bundle,これだけの軍勢を,이토록 방대한 기동 부대를,こ이만한　군세를,이만한　군세를,,18E5182B6001,True,18FCF7F42715,1,,,62450D,역시　하만　칸이군요。,624523,흐트러짐　없이　통솔하다니……,quarantine,unresolved
P3_direct_ext3_control_adjacent_text_drift,624535,scenario_62450D,unverified,confirm_current_text_then_rehome,厳しい戦いになりそうだ。,가장 처참하고 험난한 혈전이 전개될 것 같군.,こ힘든　싸움이　되겠군。,힘든　싸움이　되겠군。,,18E5184C1A0101010101010101,True,18E217F45C39F27C0627F69C0A,2,1728,True,624523,흐트러짐　없이　통솔하다니……,624549,하지만　다카르를　네오　지온,quarantine,unresolved
P3_direct_ext3_control_adjacent_text_drift,624569,scenario_624549,unverified,confirm_current_text_then_rehome,なんとしても解放せねば！,무슨 수를 써서라도 기필코 해방시켜야만 하네！,こ어떻게든　해방해야　해！,어떻게든　해방해야　해！,,18E5180C7B010101,True,18FD65F3CDF6BE03,2,1728,True,624559,지배하에　둘　수는　없다。,62457D,전　함、　공격　태세로　전환！！,quarantine,unresolved
P4_direct_ext3_text_drift,624591,scenario_62457D,unverified,review_translation_and_runtime_by_bundle,ネオ・ジオン軍を撃破し、,"악질적인 네오 지온 부대를 격멸 소탕하고,",こ악질적인　네오　지온　부대를　격멸　소탕,악질적인　네오　지온　부대를　격멸　소탕,,18E518C4A101010101010101,True,18F1002AF7AB8F15F1621207,1,,,62457D,전　함、　공격　태세로　전환！！,62459E,다카르를　해방하라！！,quarantine,unresolved
P4_direct_ext3_text_drift,624641,scenario_62462C,unverified,review_translation_and_runtime_by_bundle,地球の命運をネオ・ジオンに預ける,조국 대지의 안보를 야만적인 네오 지온에게 통째로 이양할,こ지구의　운명을　네오・지온에　맡길,지구의　운명을　네오・지온에　맡길,,18E518C4A2010101010101010101010101,True,18F57005F0D015F1002AF7AB0CE21EF4A2,1,,,624636,연방　의원입니까！？,624653,여기　온　것　아닙니까！？,quarantine,unresolved
P4_direct_ext3_text_drift,624662,scenario_62462C,unverified,review_translation_and_runtime_by_bundle,それなのに、戦闘が始まったとたん,"그렇지만, 전투가 시작되자마자",こ그런데　전투가　시작되자마자,그런데　전투가　시작되자마자,,18E5183B8701010101010101010101,True,18FBE307F33717E02DF199F3791119,1,,,624653,여기　온　것　아닙니까！？,624672,꼴사납게　허둥대다니！！,quarantine,unresolved
P3_direct_ext3_control_adjacent_text_drift,624681,scenario_62462C,unverified,confirm_current_text_then_rehome,恥ずかしいとは思わないんですか！？,정말로 국회의원 자질을 의심케 하는 추태가 부끄럽지 않습니까！？,こ부끄럽지도　않습니까！？,부끄럽지도　않습니까！？,,18E51821C1010101010101010101010101,True,18E18E74F671F17E94F880F222F1E0F040,2,1728,True,624672,꼴사납게　허둥대다니！！,624699,으……,quarantine,unresolved
P2_direct_ext3_exact_text,6246B3,scenario_6246A9,unverified,second_batch_representative_runtime_test,……リィナ！？,……리나！？,こ……리나！？,……리나！？,True,18E51821C20101,True,18F191F59EF040,1,,,6246A9,……윽！？,6246BB,리나가　저기에　있는　건가！？,quarantine,unresolved
P1_direct_ext3_exact_text_control_adjacent,62472F,scenario_624720,unverified,high_priority_batch_after_anchor_pass,……って、えぇっ！？,"……어라, 으에엣！？",こ……어라、　으에엣！？,……어라、　으에엣！？,True,18E51821C8010101010101,True,18F191F156072BB809F040,2,1728,True,624720,리나、　구하러　왔어！,62474B,여기서　기다리면,quarantine,unresolved
P4_direct_ext3_text_drift,6247A9,scenario_624792,unverified,review_translation_and_runtime_by_bundle,ジュド－・ア－シタ。,주도 아시타.,こ쥬도　아시타。　자네는　연단에　오르며,쥬도　아시타。　자네는　연단에　오르며,,18E51853600101,True,18FAA92AFB480A,1,,,624792,전에　말했잖아？　네가　필요하다고。,6247B1,너는　못　봤나？,quarantine,unresolved
P4_direct_ext3_text_drift,6247BA,scenario_624792,unverified,review_translation_and_runtime_by_bundle,議事堂でぶざまに慌てふためく,포격 소음 하나에 청사 안에서 비명 지르며 추태 부리던,こ의사당에서　꼴사납게　허둥대는,의사당에서　꼴사납게　허둥대는,,18E5184B810101010101010101010101,True,18F6FA16B5E006210CE2C90B5B114724,1,,,6247B1,너는　못　봤나？,6247CB,연방　의원들을？,quarantine,unresolved
P4_direct_ext3_text_drift,6247D5,scenario_624792,unverified,review_translation_and_runtime_by_bundle,我らネオ・ジオンに尻尾をふるヤツらこそ、,"살기 위해 우리 네오 지온 군화 밑에 기어 꼬리를 치는 자들이야말로,",こ네오・지온에　꼬리치는　자들이야말로、,네오・지온에　꼬리치는　자들이야말로、,,18E518C4A3010101010101010101010101010101,True,186A1CF1002AF7AB0CF4E3155B0FF2D41CF35607,1,,,6247CB,연방　의원들을？,6247EA,이　지구를　썩게　하는　근원이다。,quarantine,unresolved
P4_direct_ext3_text_drift,624828,scenario_62481C,unverified,review_translation_and_runtime_by_bundle,ぞっとするほど暗く冷たい宇宙を,숨 막히고 온몸이 얼어붙을 만큼 시리도록 차가운 우주 심연을,こ소름끼치게　어둡고　찬　우주를　보며,소름끼치게　어둡고　찬　우주를　보며,,18E51821D301010101010101010101010101,True,186EF15AF1CBF16AE1C324E3061104F08F15,1,,,62481C,나는　소행성　지대에서……,62483B,바라보며　여러　해를　살아왔지……,quarantine,unresolved
P4_direct_ext3_text_drift,62484D,scenario_62481C,unverified,review_translation_and_runtime_by_bundle,その間に地球の愚かな人間たちは何をした？,우리가 우주 먼지 마실 동안 편안하게 대지를 밟던 연방 인간들은 무얼 했는가？,こ그동안　지구의　어리석은　자들은뭘했지？,그동안　지구의　어리석은　자들은뭘했지？,,18E51821D5010101010101010101010101010101,True,18F423990CF57005E179F135F0A2F7629AF5FF1D,2,,,62483B,바라보며　여러　해를　살아왔지……,624863,こ지구　재건에만　몰두해、,quarantine,unresolved
P4_direct_ext3_text_drift,624863,scenario_62481C,unverified,review_translation_and_runtime_by_bundle,地球再建に奔走する,망가진 지구 인프라 재건이라는 미명 하에,こ지구　재건에만　몰두해、,지구　재건에만　몰두해、,,18E51821D6010101010101010101,True,18F570E0FBE2D60CE487E203F1CB,1,,,62484D,こ그동안　지구의　어리석은　자들은뭘했지？,624872,정작　지구　오염은　돌아보지　않고……,quarantine,unresolved
P4_direct_ext3_text_drift,624883,scenario_62481C,unverified,review_translation_and_runtime_by_bundle,あろうことか污染を拡大させてきた！！,끝내 탐욕의 잔재로 환경오염 규모를 극대화해 파괴를 가속했다！！,こ오히려　오염을　더　키웠다！！,오히려　오염을　더　키웠다！！,,18E518C4A60101010101010101010101010101,True,181F421418F18DF3E715F4D025F55E3211F044,2,,,624872,정작　지구　오염은　돌아보지　않고……,624898,こ그걸　용납할　순　없어！！,quarantine,unresolved
P3_direct_ext3_control_adjacent_text_drift,624898,scenario_62481C,unverified,confirm_current_text_then_rehome,それを許すわけにはいかない！！,스페이스노이드로서 그런 대지의 파괴 만행을 방관해 용서할 순 없지！！,こ그걸　용납할　순　없어！！,그걸　용납할　순　없어！！,,18E51821D701010101010101010101,True,18F5B5E068F1C9F498F08AF5EBF044,2,083B,True,624883,こ오히려　오염을　더　키웠다！！,6248AC,하만……！！,quarantine,unresolved
P4_direct_ext3_text_drift,6248CF,scenario_6248B9,unverified,review_translation_and_runtime_by_bundle,不思議なものだ……私はオマエといると,실로 기묘하고 불가사의한 일이지…… 난 오직 자네와 대면하고 있으면,こ이상하군……　너와　있으면,이상하군……　너와　있으면,,18E51821DA01010101010101010101,True,18F5E20620050DF1914108F68FF973,1,,,6248C1,너무　말이　많았군。,6248DF,나도　모르게　속마음을　털어놓게　돼。,quarantine,unresolved
P4_direct_ext3_text_drift,62492A,scenario_62490D,unverified,review_translation_and_runtime_by_bundle,だが、おまえは流れに,"그렇지만, 자네는 이 거대한 시대의 조류에",こ하지만　넌　흐름을,하지만　넌　흐름을,,18E51821E00101010101,True,18F53807F8D5E0CDF037,1,,,62491C,자질이　있는　건　느껴져……。,624935,타는　법을　너무　몰라。,quarantine,unresolved
P3_direct_ext3_control_adjacent_text_drift,624944,scenario_62490D,unverified,confirm_current_text_then_rehome,直感に頼っていれば、いずれ破滅するぞ。,"단순 감정과 직감에만 맹신해 칼날을 휘두르다간, 기필코 머지않아 참수당할 걸세.",こ직감만　믿다간、　언젠가　파멸한다。,직감만　믿다간、　언젠가　파멸한다。,,18E51821E201010101010101010101010101010101,True,18E066E0440CE075F15604F03E07F800F18EF7710A,2,083B,True,624935,타는　법을　너무　몰라。,62495E,뉴타입　따윈　몰라！,quarantine,unresolved
P4_direct_ext3_text_drift,6249A9,scenario_62498C,unverified,review_translation_and_runtime_by_bundle,初めは私に期待を抱かせ、,"매번 초창기 조우에선 내 가슴에 뉴타입의 일말의 기대를 심어주고,",こ처음엔　내게　기대를　주고、,처음엔　내게　기대를　주고、,,18E51821E601010101010101010101,True,18E139F406410CF30515E233F13C07,1,,,624999,내　감정대로　움직이겠다니……！！,6249B9,마지막　순간에　나를　배신하다니……！！,quarantine,unresolved
P3_direct_ext3_control_adjacent_text_drift,624ADB,scenario_624AC1,unverified,confirm_current_text_then_rehome,続きは天国とかでやるんだな！！,그 끈끈한 남매 상봉극의 결말은 저승길 지옥에나 가서 전개해라！！,こ나머진　저세상에서　마저　하자！！,나머진　저세상에서　마저　하자！！,,18E51821EF01010101010101010101010101,True,18E061F4E8E152E0B2F18D163AF65806F044,2,1728,True,624ACE,그런　끈적한　건！,624AF9,하마아아안！！！,quarantine,unresolved
P2_direct_ext3_exact_text,624B4B,scenario_624B40,unverified,second_batch_representative_runtime_test,や、ヤメロ……！！,"그, 그만둬……！！",こ그、　그만둬……！！,그、　그만둬……！！,True,18E51821F101010101,True,183A079CB93CF60C03,1,,,624B40,……히익！！,624B55,오지　마！！,quarantine,unresolved
P4_direct_ext3_text_drift,624B96,scenario_624B7F,unverified,review_translation_and_runtime_by_bundle,今、安全な場所に,오빠가 지금 즉시 가장 안전한 대피 격실로,こ지금　안전한　곳으로,지금　안전한　곳으로,,18E5182B6501010101,True,187607F47506F2F20C,1,,,624B8B,하만은　이미　도망쳤다。,624BA0,데려다　줄　테니까。,quarantine,unresolved
P4_direct_ext3_text_drift,624BCD,scenario_624BB5,unverified,review_translation_and_runtime_by_bundle,すぐに片付けて戻る。,가서 적들을 번개처럼 쓸어버리고 조속히 이리로 귀환하마.,こ금방　끝내고　돌아올게。,금방　끝내고　돌아올게。,,18E51821FA010101010101,True,18F71FF3EDF493E0420F0A,1,,,624BC2,여기　숨어　있어。,624BD9,그때까지　기다리고　있어。,quarantine,unresolved
P3_direct_ext3_control_adjacent_text_drift,624C46,scenario_624C37,unverified,confirm_current_text_then_rehome,リィナ－－っ！！,리나 ㅡ ㅡ ！！,こ리나　　　！！,리나　　　！！,,18E51821FF010101,True,18F59EF20609F044,2,1728,True,624C37,저　장소는……！！,624C58,……데빌　건담에　손대게　둘　순,quarantine,unresolved
P3_direct_ext3_control_adjacent_text_drift,624CA9,scenario_624C88,unverified,confirm_current_text_then_rehome,そう、こんな風に……,"그래, 이를테면 바로 이런 연출처럼……",こ그래、　이런　식으로……,그래、　이런　식으로……,,18E5182BFC010101010101,True,18F42607F5C8E1730CF191,2,1728,True,624C9A,해　줘야　할　일이　있거든。,624CBE,하、　하만　님！,quarantine,unresolved
P3_direct_ext3_control_adjacent_text_drift,624D9D,scenario_624D89,unverified,confirm_current_text_then_rehome,……きっさまらぁぁっ！！,……이 더럽고 야만스러운 개자식들아아앗！！,こ……네놈들！！,……네놈들！！,,18E5184C1B01010101010101,True,18F1913209F34F1CF76CF044,2,1728,True,624D93,그런　일로　리나가……！！,624DB5,호오、　어떻게　하려나……？,quarantine,unresolved
P3_direct_ext3_control_adjacent_text_drift,624DE1,scenario_624DC8,unverified,confirm_current_text_then_rehome,なら、相手をしてあげようじゃないか！！,"기꺼이 놀아주지, 어디 그 분노의 이빨이 먹히나 한번 들이받아 보시지！！",こ그럼、　상대해주지！！,그럼、　상대해주지！！,,18E51822140101010101010101010101,True,18F51507F3D5F6011FA1F49EFBB3F044,2,1728,True,624DD5,쓰러뜨릴　생각인가？,624DFB,후후후후……,quarantine,unresolved
P3_direct_ext3_control_adjacent_text_drift,624FE8,scenario_624FD3,unverified,confirm_current_text_then_rehome,まだ、気は熟していないということか。,"아직, 세계를 붕괴시킬 진정한 타이밍이 무르익지 않았다는 뜻이로군.",こ아직、　때가　무르익지　않았나。,아직、　때가　무르익지　않았나。,,18E518752C01010101010101010101010101,True,18F19507A008E21AF413FB4A041418F18D0A,2,1728,True,624FD3,이렇게까지　힘을　키웠을　줄이야……,625004,……큭！,quarantine,unresolved
P5_non_direct_native_or_other,62500E,scenario_625004,unverified,do_not_autofix_static_false_positive_possible,こんなところで,이런 지저분하고 험난한 사지에서,こ이런　곳에서,이런　곳에서,,18F8EA,,18FE1A,1,,,625004,……큭！,625012,당할　수는　없다！！,quarantine,unresolved
P4_direct_ext3_text_drift,625095,scenario_625080,unverified,review_translation_and_runtime_by_bundle,なら、どうして！？,의식이 회복되었다면 더더욱 어째서！？,こ그럼　왜！？,그럼　왜！？,,18E5184B85010101,True,18F51507F900F040,1,,,62508A,설마　의식이……！？,62509E,왜　거부하는　거야、　레인！！,quarantine,unresolved
P1_direct_ext3_exact_text_control_adjacent,6250C1,scenario_6250B6,unverified,high_priority_batch_after_anchor_pass,『来ないで……ドモン』,『오지 마…… 도몬』,こ『오지　마……　도몬』,『오지　마……　도몬』,True,18E518222C0101010101,True,18689BF7F6F191F58966,2,084E,True,6250B6,『……오지　마』,6250D0,레인……！,quarantine,unresolved
P2_direct_ext3_exact_text,6250D9,scenario_6250D0,unverified,second_batch_representative_runtime_test,そ、そんな……,"그, 그럴 수가……",こ그、　그럴　수가……,그、　그럴　수가……,True,18E518222D0101,True,182207F823F191,2,,,6250D0,레인……！,6250E2,こ레인이　날　거부하다니……,quarantine,unresolved
P4_direct_ext3_text_drift,6250E2,scenario_6250D0,unverified,review_translation_and_runtime_by_bundle,レインに拒まれるなんて……,유일한 정신적 지주였던 레인에게 거절당하다니……,こ레인이　날　거부하다니……,레인이　날　거부하다니……,,18E518222E010101010101010101,True,18F7500CE25BF1A7F3F8190BF191,1,,,6250D9,こ그、　그럴　수가……,6250F1,난　어떻게　해야　하지……！,quarantine,unresolved
P4_direct_ext3_text_drift,625134,scenario_62511F,unverified,review_translation_and_runtime_by_bundle,彼女を助けるんだろう！？,네 목숨보다 소중한 여인을 요격해 살리러 온 것 아니었나！？,こ그녀를　구할　거잖아！？,그녀를　구할　거잖아！？,,18E518223001010101010101,True,18F38315E000FA1F4214F040,2,,,625126,그런　꼴이라서　어쩌겠어！！,625142,こ한두　번　거절당했다고,quarantine,unresolved
P4_direct_ext3_text_drift,625142,scenario_62511F,unverified,review_translation_and_runtime_by_bundle,１度や２度拒まれたくらいで,고작 한두 번 거절당하고 밀려났다고 해서,こ한두　번　거절당했다고,한두　번　거절당했다고,,18E5184B8601010101010101010101010101,True,18CFE0233AE026E023E25BF1A711241CF276,1,,,625134,こ그녀를　구할　거잖아！？,625155,포기하지　마！！,quarantine,unresolved
P5_non_direct_native_or_other,62519C,scenario_62517C,unverified,do_not_autofix_static_false_positive_possible,あきらめるな！,절대 미련을 버리거나 포기하지 마라！,こ포기하지　마라！,포기하지　마라！,,18F92C01,,18FD5F03,1,,,62518D,늦는다고！！,6251A1,몇　번이든　부딪혀　가！！,quarantine,unresolved
P4_direct_ext3_text_drift,625263,scenario_62524B,unverified,review_translation_and_runtime_by_bundle,今からでも遅くないわ！,지금이라도 늦지 않았으니 용기를 내요！,こ지금이라도　늦지　않았어！,지금이라도　늦지　않았어！,,18E5181C1501010101010101,True,1876F124F25EE0A8F7893103,2,,,625254,그녀에게　전해야　해！,625271,こ당신의　진짜　마음을,quarantine,unresolved
P4_direct_ext3_text_drift,625271,scenario_62524B,unverified,review_translation_and_runtime_by_bundle,アナタの本当の気持ちを,자네 내면의 숨겨둔 가식 없는 진심을,こ당신의　진짜　마음을,당신의　진짜　마음을,,18E518223F010101010101,True,18F80905F26405F21CF216,1,,,625263,こ지금이라도　늦지　않았어！,62527D,레인　씨에게　부딪치는　거야！！,quarantine,unresolved
P4_direct_ext3_text_drift,6252FD,scenario_6252F4,unverified,review_translation_and_runtime_by_bundle,オレは、戦うことしかできない,"나는, 전장에서 주먹질하는 것밖에 모르는",こ나는、　전장에서　주먹질하는　것밖에,나는、　전장에서　주먹질하는　것밖에,,18E518224201010101010101,True,18F4300807391418F805FAD8,1,,,6252F4,레인……,62530A,서투른　남자야……,quarantine,unresolved
P3_direct_ext3_control_adjacent_text_drift,625316,scenario_6252F4,unverified,confirm_current_text_then_rehome,だから、こんな風にしか言えない……,"그렇기에, 오직 이런 투박한 화법으로밖에 전하지 못하지만……",こ그러니、　이렇게밖엔　말　못해……,그러니、　이렇게밖엔　말　못해……,,18E518224301010101010101010101,True,18F82507F5C8E173F7B97AF64CF191,2,087E,True,62530A,서투른　남자야……,62532A,『………………』,quarantine,unresolved
P4_direct_ext3_text_drift,6253CD,scenario_6253C1,unverified,review_translation_and_runtime_by_bundle,でも、アタシもう,"하지만 나, 두 번 다시",こ하지만　나、　두　번　다시　자네　곁을,하지만　나、　두　번　다시　자네　곁을,,18E51819E4010101,True,18F25E07F881F29B,1,,,6253C1,미안해、　도몬……,6253D6,당신　곁을　떠나지　않을게……！！,quarantine,unresolved
P1_direct_ext3_exact_text_control_adjacent,6253F6,scenario_6253E8,unverified,high_priority_batch_after_anchor_pass,ずっと……,영원토록……,こ영원토록……,영원토록……,True,18E518224D,True,18F6E6F191,2,087D,True,6253E8,놓지　않겠어……！！,625400,……계속　함께야！,quarantine,unresolved
P3_direct_ext3_control_adjacent_text_drift,6254FD,scenario_6254DE,unverified,confirm_current_text_then_rehome,後悔しなくてすんで……な。,적어도 나처럼 평생 뼈저린 후회 속에 징징거리진 않게 되어서…… 말일세.,こ후회하지　않게　돼서……　말이지。,후회하지　않게　돼서……　말이지。,,18E5182258010101010101010101,True,18F00EF410F0F21EF222F191060A,2,1728,True,6254EC,그녀를　무사히　되찾아　다행이야。,625515,………………,quarantine,unresolved
P2_direct_ext3_exact_text,62551E,scenario_625515,unverified,second_batch_representative_runtime_test,でも、シグ……,"그렇지만, 시그……",こ그렇지만、　시그……,그렇지만、　시그……,True,18E518C4B0010101,True,18F25E07F50BF191,2,,,625515,………………,625528,こ『손닿지　않는　곳』이라니……,quarantine,unresolved
P3_direct_ext3_control_adjacent_text_drift,625528,scenario_625515,unverified,confirm_current_text_then_rehome,『手の届かないところ』って……,자네가 뱉은 『돌아올 수 없는 황천길』이라는 건……,こ『손닿지　않는　곳』이라니……,『손닿지　않는　곳』이라니……,,18E518752E0101010101010101010101,True,18687205E1BEF5EB13184266F156F191,2,0809,True,62551E,こ그렇지만、　시그……,62553D,설마　시그는　세라를……？,quarantine,unresolved
P4_direct_ext3_text_drift,6256FE,scenario_6256F4,unverified,review_translation_and_runtime_by_bundle,これでデビルガンダムが,이걸로 저 흉악한 데빌 건담 소체가,こ이제　데빌　건담이,이제　데빌　건담이,,18E5181B8201,True,18F62DFE5017,1,,,6256F4,……그래。,625705,두　번　다시　되살아나지　않아……,quarantine,unresolved
P3_direct_ext3_control_adjacent_text_drift,625718,scenario_6256F4,unverified,confirm_current_text_then_rehome,父さん、母さん……,"아버지, 어머니…… 보고 계시나요.",こ아버지、어머니……,아버지、어머니……,,18E5184CFB01010101010101,True,18E0BCF36607E1BCF366F191,2,1728,True,625705,두　번　다시　되살아나지　않아……,625730,도몬……,quarantine,unresolved
P4_direct_ext3_text_drift,6257A9,scenario_62579B,unverified,review_translation_and_runtime_by_bundle,『ジュド－といると気持ちがいいってことが,『주도 오빠와 동행해 함께 있으면 기분 좋은 영혼의 안락이 온다는 걸,こ『쥬도와　있으면　기분　좋다는　걸,『쥬도와　있으면　기분　좋다는　걸,,18E5185362010101010101010101,True,1868FAA9F973F21C3BF621F8DA17,1,,,62579B,『쥬도는　적이　아니야！』,6257B8,왜　모르는　거야！？』,quarantine,unresolved
P4_direct_ext3_text_drift,625837,scenario_62582B,unverified,review_translation_and_runtime_by_bundle,ジュド－といると気持ちがいいってことが,주도 오빠와 동행해 함께 있으면 기분 좋은 영혼의 안락이 온다는 걸,こ쥬도와　있으면　기분　좋다는　걸,쥬도와　있으면　기분　좋다는　걸,,18E51843770101010101010101,True,18FAA9F973F21C3BF621F8DA17,1,,,62582B,쥬도는　적이　아니야！,625845,왜　모르는　거야！？,quarantine,unresolved
P3_direct_ext3_control_adjacent_text_drift,625892,scenario_625878,unverified,confirm_current_text_then_rehome,これまでだ……引き上げる！！,형세 불리다…… 전원 일제히 요격을 멈추고 철수 퇴각한다！！,こ여기까지다……　철수한다！！,여기까지다……　철수한다！！,,18E51822720101010101010101,True,18FBEFF191E024329DF10DF044,2,1728,True,62587F,조금만　더면　하만을　쓰러뜨렸는데！,6258A9,왜　내가　이런……,quarantine,unresolved
P3_direct_ext3_control_adjacent_text_drift,6258B8,scenario_6258A9,unverified,confirm_current_text_then_rehome,くっ！　出直しだ！！,큭！ 기지로 후퇴해 다음 기회를 도모하겠다！！,こ큭！　다시　시작이다！！,큭！　다시　시작이다！！,,18E5182BFE010101010101,True,18F0EE0301F109F416F044,2,1728,True,6258A9,왜　내가　이런……,6258CD,적　전력、　침묵！！,quarantine,unresolved
P4_direct_ext3_text_drift,6258FF,scenario_6258F5,unverified,review_translation_and_runtime_by_bundle,これでダカ－ルはネオ・ジオンの手から,이로써 행정 수도 다카르는 네오 지온의 잔학한 폭압 손아귀에서,こ이로써　다카르는　네오　지온의　손에서,이로써　다카르는　네오　지온의　손에서,,18E5180D5F01010101010101010101,True,18F62DFB3208F1002AF7AB0572F124,1,,,6258F5,……네。,62590F,해방됐습니다。,quarantine,unresolved
P4_direct_ext3_text_drift,625933,scenario_62591E,unverified,review_translation_and_runtime_by_bundle,あなた方の勇敢な活躍で,대원 여러분들이 목숨 바쳐 전개해 준 용맹한 투혼 덕분에,こ여러분의　용감한　활약으로,여러분의　용감한　활약으로,,18E5182278010101010101,True,18F6E87D05F45006F31C16,1,,,625929,에우고　여러분。,62593F,연방　의회가　구해졌습니다。,quarantine,unresolved
P4_direct_ext3_text_drift,625993,scenario_625980,unverified,review_translation_and_runtime_by_bundle,さっきまではハマ－ンに,방금 전 적의 포격 테러 소음이 들릴 때까지만 해도 하만 칸 부츠 밑에 기며,こ아까까진　하만에게,아까까진　하만에게,,18E518227B010101,True,18F5C6F62BFA290C,1,,,625987,제멋대로인　녀석들이군……！,62599C,굽실거리더니　말이야！！,quarantine,unresolved
P4_direct_ext3_text_drift,6259EB,scenario_6259D9,unverified,review_translation_and_runtime_by_bundle,あの、その……落ちこんだりとか、,"그게, 그러니까…… 내심 리나의 피격 대파에 낙담하거나 슬퍼하고",こ저기、　그……　낙담하거나,저기、　그……　낙담하거나,,18E518228001010101010101010101010101,True,18F3DA07F423F191E0333B18F22EF2290E07,1,,,6259D9,어？　’무슨　일이냐’고……,6259FE,하지　않으세요？,quarantine,unresolved
P4_direct_ext3_text_drift,625A2A,scenario_625A15,unverified,review_translation_and_runtime_by_bundle,……あっ、いえ！！,"……앗, 아냐, 실례！！",こ……앗、　아뇨！！,……앗、　아뇨！！,,18E5181B830101010101,True,18F191F3D607F254F044,1,,,625A22,여동생이……,625A35,그런　걸　물으면　실례겠죠。,quarantine,unresolved
P3_direct_ext3_control_adjacent_text_drift,625A56,scenario_625A49,unverified,confirm_current_text_then_rehome,確かに、また離れ離れになっちゃったな。,의회 대파 과정에서 기류에 휘말려 또 강제로 이산가족이 되어 버렸네.,こ확실히、　또　떨어지게　됐군。,확실히、　또　떨어지게　됐군。,,18E51822870101010101010101010101010101010101,True,18E005F13407F194E0651BE065F037F5203B4EF7020A,2,0883,True,625A49,아아、　리이나　말이야？,625A71,에엣！？　헤어지다니……,quarantine,unresolved
P4_direct_ext3_text_drift,625AAB,scenario_625A8F,unverified,review_translation_and_runtime_by_bundle,……そんな気がするんだ。,……내 뉴타입 직감이 뇌리 속에서 그렇게 희망을 노래해 주고 있거든.,こ……그런　기분이　들어。,……그런　기분이　들어。,,18E518228B0101010101,True,18F191F823A017F9570A,2,,,625AA0,다시　리나를　만날　수　있어。,625AB7,こ그래서　난　나대로,quarantine,unresolved
P4_direct_ext3_text_drift,625AB7,scenario_625A8F,unverified,review_translation_and_runtime_by_bundle,だから、オレはオレで,"그렇기에, 나는 내 자리에서",こ그래서　난　나대로,그래서　난　나대로,,18E5183B8F0101010101,True,18F82507F43008F43016,1,,,625AAB,こ……그런　기분이　들어。,625AC2,내가　할　수　있는　일을　할　거야。,quarantine,unresolved
P4_direct_ext3_text_drift,625ACE,scenario_625A8F,unverified,review_translation_and_runtime_by_bundle,ネオ・ジオンと戦って,추악한 네오 지온 군대와 성실히 격돌하여,こ네오・지온과　싸워서,네오・지온과　싸워서,,18E518C4BA0101010101,True,18F1002AF7AB1339F156,1,,,625AC2,내가　할　수　있는　일을　할　거야。,625AD9,조금이라도　빨리　싸움을　끝내겠어。,quarantine,unresolved
P4_direct_ext3_text_drift,625C04,scenario_625BF1,unverified,review_translation_and_runtime_by_bundle,以前、私は兄さんが間違っていると,예전에　형이　잘못하면,こ예전에、나는　형님이　잘못됐다고,예전에、나는　형님이　잘못됐다고,,18E5180D57010101010101010101,True,18F2DE074108E002F727F083FC3B,1,,,625BF1,……변했구나、　오빠。,625C13,말한　적이　있지만……,quarantine,unresolved
P4_direct_ext3_text_drift,625C55,scenario_625C47,unverified,review_translation_and_runtime_by_bundle,今の兄さんになら、,"오늘 이 연단에서 대의를 포교하신 오라버니라면,",こ지금의　오빠라면、,지금의　오빠라면、,,18E51822940101010101,True,187605E002F72FF51507,1,,,625C47,……캐스발　오빠。,625C60,나도　힘을　빌려주고　싶어。,quarantine,unresolved
P4_direct_ext3_text_drift,625C72,scenario_625C47,unverified,review_translation_and_runtime_by_bundle,……いえ、私に兄さんの,"……아니요, 저에게 오라버니를",こ……아니요、　저에게　오라버니를　원대한,……아니요、　저에게　오라버니를　원대한,,18E5184A2A01010101010101,True,18F191F25407410CE002F730,1,,,625C60,나도　힘을　빌려주고　싶어。,625C7F,돕게　해　주세요。,quarantine,unresolved
P4_direct_ext3_text_drift,625CD1,scenario_625CB0,unverified,review_translation_and_runtime_by_bundle,ー方、グレミ－・トトの反乱軍は,"반면, 모반을 감행한 그레미 토토의 반란군은",こ한편、　그레미　토토　반란군은,한편、　그레미　토토　반란군은,,18E51822970101010101010101,True,18F02B07F9C72AF19C05F84C08,1,,,625CC1,현재　사이드　３　근처에　전개　중……,625CDF,전력을　모으는　중이라고　합니다。,quarantine,unresolved
P4_direct_ext3_text_drift,625CE9,scenario_625CB0,unverified,review_translation_and_runtime_by_bundle,両者の戦力は,양 진영 간의 군사적 화력 성능 격차는,こ양측　전력은,양측　전력은,,18E51822990101,True,18F3E105F38708,1,,,625CDF,전력을　모으는　중이라고　합니다。,625CF1,거의　막상막하인　듯합니다……,quarantine,unresolved
P3_direct_ext3_control_adjacent_text_drift,625D1B,scenario_625D04,unverified,confirm_current_text_then_rehome,……これはチャンスだな。,……우리에겐 전세를 종식할 더할 나위 없는 절호의 기회로다.,こ……이건　기회군。,……이건　기회군。,,18E518229B0101010101,True,18F191F630FB1BF5490A,2,0861,True,625D04,네오　지온이　둘로　갈렸나。,625D2A,……네。,quarantine,unresolved
P4_direct_ext3_text_drift,625D34,scenario_625D2A,unverified,review_translation_and_runtime_by_bundle,両者の戦いに乗じれば、,"두 영반들이 피 터지게 자멸전을 벌이는 기류에 편승해 습격한다면,",こ양측　싸움을　이용하면、,양측　싸움을　이용하면、,,18E518229C0101010101010101,True,18F3E10539F27CE07C4CF03E07,1,,,625D2A,……네。,625D42,단숨에　네오　지온을　섬멸할　수　있죠。,quarantine,unresolved
P3_direct_ext3_control_adjacent_text_drift,625D79,scenario_625D6E,unverified,confirm_current_text_then_rehome,ネオ・ジオンとの決着をつけに！！,네오 지온 녀석들과의 모든 길고 질긴 악연의 고리를 완전히 매듭지으러！！,こ네오・지온과　결판내러！！,네오・지온과　결판내러！！,,18E518C4C1010101010101010101,True,18F1002AF7ABF17FF3F6F969F044,2,1728,True,625D6E,……가요。,625D91,………………,quarantine,unresolved
P4_direct_ext3_text_drift,625E0D,scenario_625DFF,unverified,review_translation_and_runtime_by_bundle,もっとも、トレ－ニングって言っても……,"하긴, 그 녀석이 말하는 단련 훈련이라는 게 늘 무모하다만……",こ뭐、　훈련이라고　해도……,뭐、　훈련이라고　해도……,,18E51822A30101010101010101,True,18FAC807FD85F1567AF6F2F191,2,,,625DFF,훈련이라도　나간　건가？,625E1C,こ…　…　의외로　피의　기분이　많은　녀석,quarantine,unresolved
P4_direct_ext3_text_drift,625E1C,scenario_625DFF,unverified,review_translation_and_runtime_by_bundle,……意外に血の気の多いヤツだから,…　…　의외로　피의　기분이　많은　녀석이니까,こ…　…　의외로　피의　기분이　많은　녀석,…　…　의외로　피의　기분이　많은　녀석,,18E518942701010101010101010101010101,True,18F191F0D20CE14905A005E0B904F2D4F825,1,,,625E0D,こ뭐、　훈련이라고　해도……,625E2F,싸움이라도　걸러　갔을지도　모르지。,quarantine,unresolved
P3_direct_ext3_control_adjacent_text_drift,625E4E,scenario_625E44,unverified,confirm_current_text_then_rehome,まさか……！？,설마…　？,こ설마……！？,설마……！？,,18E5180DA501,True,18F845F60C1D,2,0861,True,625E44,……윽！！,625E59,……레인　씨？,quarantine,unresolved
P4_direct_ext3_text_drift,625EBD,scenario_625EA4,unverified,review_translation_and_runtime_by_bundle,ワシのデビルガンダムを……！,독수리의　악마　건담을…,こ내　데빌　건담을……！,내　데빌　건담을……！,,18E5183CFD01010101,True,18F16005FE5015F60C,1,,,625EAE,무슨　짓을　했는지　아느냐！？,625EC7,용서　못　한다、　도몬……！,quarantine,unresolved
P4_direct_ext3_text_drift,625EEC,scenario_625EDC,unverified,review_translation_and_runtime_by_bundle,デビルガンダムを使って,악마　건담으로,こ데빌　건담을　이용해,데빌　건담을　이용해,,18E5180DA6010101,True,18FE5015E001F156,1,,,625EDC,……닥쳐、　동방불패！！,625EF5,세계를　자기　것으로　만들려는　악당이！,quarantine,unresolved
P4_direct_ext3_text_drift,625F23,scenario_625F15,unverified,review_translation_and_runtime_by_bundle,いつワシがそんなモノを,언제　독수리가　그런　물건을,こ내가　언제　그런　걸,내가　언제　그런　걸,,18E5180D610101010101,True,18F26EF160FAD1F52B15,1,,,625F15,……이　멍청아아！！,625F2E,원한다고　했더냐！！,quarantine,unresolved
P4_direct_ext3_text_drift,625F49,scenario_625F3E,unverified,review_translation_and_runtime_by_bundle,では、デビルガンダムを使って,그럼　악마　건담을　사용하여,こ그럼、데빌　건담을　써서,그럼、데빌　건담을　써서,,18E5181CF5010101010101,True,18F26107FE5015E001F156,1,,,625F3E,……뭐라고！？,625F55,뭘　할　생각이었어！？,quarantine,unresolved
P4_direct_ext3_text_drift,62602D,scenario_62601E,unverified,review_translation_and_runtime_by_bundle,弟子が師匠を超えようなど,제자가　스승을　넘어서자,こ제자가　스승을　넘어서려　하다니,제자가　스승을　넘어서려　하다니,,18E5181CF60101010101010101,True,18F2E717F57E15E223F67BF51F,1,,,62601E,이　멍청아！！,62603B,１０년은　멀었다！！,quarantine,unresolved
P3_direct_ext3_control_adjacent_text_drift,6260A3,scenario_626097,unverified,confirm_current_text_then_rehome,十二王方牌！　大車りぃぃぃんっ！！,십이왕　방패！　대차　리　ぃ！,こ십이왕방패！　대차병！！,십이왕방패！　대차병！！,,18E518F2BD0101010101010101010101010101010101010101,True,18E0F8E087E0547DE3F40301F04127E0B5E0B5E0B5F226F044,2,1728,True,626097,비기！！,6260C6,누오오옷！！,quarantine,unresolved
P4_direct_ext3_text_drift,6260F7,scenario_6260EE,unverified,review_translation_and_runtime_by_bundle,まだわからぬのか！,아직　몰라？,こ아직도　모르겠나！,아직도　모르겠나！,,18E5183CFF0101010101,True,18F19531F124CB050E03,1,,,6260EE,에잇……！,626102,이　바보　제자야아！！,quarantine,unresolved
P4_direct_ext3_text_drift,626164,scenario_626155,unverified,review_translation_and_runtime_by_bundle,人々が戦いにうつつをぬかしておる間に,사람들이　싸움에　우울증을　느끼는　동안,こ사람들이　싸움에　정신　팔린　동안,사람들이　싸움에　정신　팔린　동안,,18E5183D4501010101010101010101010101,True,1850711739F27C14404015CBF678350F990C,1,,,626155,티탄즈니　에우고니……,626177,이런　광경이　세계　곳곳에　퍼졌다。,quarantine,unresolved
P2_direct_ext3_exact_text,62618B,scenario_626155,unverified,second_batch_representative_runtime_test,このアフリカの砂漠だけではない！！,이　아프리카　사막만이　아니다！　！,こ이　아프리카　사막만이　아니다！！,이　아프리카　사막만이　아니다！！,True,18E518944001010101010101,True,18F362FB5E05F4D1FDB8F044,2,,,626177,이런　광경이　세계　곳곳에　퍼졌다。,626199,こ오스트레일리아를　보지　못했나！？,quarantine,unresolved
P4_direct_ext3_text_drift,626199,scenario_626155,unverified,review_translation_and_runtime_by_bundle,オ－ストラリアを見なんだか！？,오스트레일리아를　본다！　？,こ오스트레일리아를　보지　못했나！？,오스트레일리아를　보지　못했나！？,,18E5181CF701010101,True,18FE1D158AF9E0F040,1,,,62618B,こ이　아프리카　사막만이　아니다！！,6261A3,콜로니　낙하로　죽은　땅을！！,quarantine,unresolved
P4_direct_ext3_text_drift,6261B6,scenario_626155,unverified,review_translation_and_runtime_by_bundle,北米もまたしかり！！,북미도　역시！　！,こ북미도　마찬가지다！！,북미도　마찬가지다！！,,18E5184D460101010101,True,18F461F87BF43127F044,2,,,6261A3,콜로니　낙하로　죽은　땅을！！,6261C2,こ도몬！　지구가　죽어가는　광경에서,quarantine,unresolved
P4_direct_ext3_text_drift,6261C2,scenario_626155,unverified,review_translation_and_runtime_by_bundle,ドモンよ！　貴様は地球の断末魔の光景に,도몬이야！　너는　지구의　끝마의　광경에,こ도몬！　지구가　죽어가는　광경에서,도몬！　지구가　죽어가는　광경에서,,18E5183D010101010101010101010101010101010101,True,18F589230301F1C008F57005E128E13DE0A505F35F0C,1,,,6261B6,こ북미도　마찬가지다！！,62620D,……뭐라고！？,quarantine,unresolved
P3_direct_ext3_control_adjacent_text_drift,626230,scenario_626222,unverified,confirm_current_text_then_rehome,……諸悪の根源は人類よ。,……모든 재앙의 근원은 바로 인류다.,こ……모든　악의　근원은　인류다。,……모든　악의　근원은　인류다。,,18E5183D460101010101010101,True,18F191F1A905F1B008F00B230A,2,084E,True,626222,후후、　모르겠느냐？,626242,……뭐、　뭐라고！？,quarantine,unresolved
P4_direct_ext3_text_drift,626270,scenario_626255,unverified,review_translation_and_runtime_by_bundle,ふはははは……そうだ、それがいい！,"푸하하하하…… 그래, 그게 가장 이상적이지！",こ후하하하……　그래、　그거다！,후하하하……　그래、　그거다！,,18E5184D47010101010101010101,True,185BFADCF191F69C07F5A4F25303,1,,,626260,자연은　저절로　되살아난다……,62627F,그게　제일이다！！,quarantine,unresolved
P3_direct_ext3_control_adjacent_text_drift,62628B,scenario_626255,unverified,confirm_current_text_then_rehome,そのためならば人類など滅んでしまえ！！,대지의 부활을 위해서라면 인류 따위 몽땅 멸망해 버려라！！,こ그걸　위해선　인류쯤　사라져도　돼！！,그걸　위해선　인류쯤　사라져도　돼！！,,18E51822A8010101010101010101010101010101,True,18F4231147F677F00BF51FE08AF22212212BF044,2,084E,True,62627F,그게　제일이다！！,6262A4,당、　당신은……！！,quarantine,unresolved
P4_direct_ext3_text_drift,6262CA,scenario_6262B9,unverified,review_translation_and_runtime_by_bundle,なにがニュ－タイプ……,우매하게 뉴타입인지 뭔지 떠들어대고……,こ무슨　뉴타입……,무슨　뉴타입……,,18E5184B8A0101,True,18F63FFD6CF191,1,,,6262B9,아직도　모르겠느냐아！！,6262D2,뭐가　인류의　혁신이냐！！,quarantine,unresolved
P4_direct_ext3_text_drift,6262DF,scenario_6262B9,unverified,review_translation_and_runtime_by_bundle,地球の惨状に目を背けて戦う人間どもに,신음하는 지구의 비극 참상을 외면한 채 사리사욕으로 총질이나 해대는 인간 쓰레기들에게,こ지구의　참상을　외면하고　싸우는자들에게,지구의　참상을　외면하고　싸우는자들에게,,18E51822AC01010101010101010101010101010101,True,18F57005E3E1E0B80CB115E200F4933914F0A2F5E0,1,,,6262D2,뭐가　인류의　혁신이냐！！,6262F5,어떤　미래가　있다는　거냐！！,quarantine,unresolved
P1_direct_ext3_exact_text_control_adjacent,62644D,scenario_626443,unverified,high_priority_batch_after_anchor_pass,ぐっ、ゴホ、ゴホ……！！,"크윽, 컥, 쿨럭……！！",こ크윽、　컥、　쿨럭……！！,크윽、　컥、　쿨럭……！！,True,18E51822B901010101010101,True,18F2B407F24C07F24CF60C03,2,1728,True,626443,……윽！,626465,에잇……！！,quarantine,unresolved
P4_direct_ext3_text_drift,62646F,scenario_626465,unverified,review_translation_and_runtime_by_bundle,こんな身体でさえなければワシが直接,망가져 가는 내 육신만 아니었어도 내가 직접 조종간을 쥐고,こ이런　몸만　아니었다면　내가　직접,이런　몸만　아니었다면　내가　직접,,18E51822BB0101010101010101010101,True,18F5C8F2F716F33206F6EEF16017F29F,1,,,626465,에잇……！！,626480,데빌　건담에　탔을　텐데……！,quarantine,unresolved
P3_direct_ext3_control_adjacent_text_drift,62648E,scenario_626465,unverified,confirm_current_text_then_rehome,それがくやしいわ……！！,뼈저린 한으로 사무쳐 억울하구나……！！,こ그게　분해……！！,그게　분해……！！,,18E5184C1E010101010101,True,18F5A4243AF45C31F60C03,2,1728,True,626480,데빌　건담에　탔을　텐데……！,6264A0,도、　동방불패……！！,quarantine,unresolved
P4_direct_ext3_text_drift,62658B,scenario_62657C,unverified,review_translation_and_runtime_by_bundle,それを忘れてなにが自然の……,"그 자명한 모태를 부정하고 망각한 채, 대체 무슨 명분으로 자연의……",こ그걸　잊고　무슨　자연의……,그걸　잊고　무슨　자연의……,,18E51822C7010101010101010101,True,18F5B5E15BF032F63FF48705F191,1,,,62657C,……말하자면　자연의　일부！,62659A,……지구　재생이냐！！,quarantine,unresolved
P4_direct_ext3_text_drift,6265BA,scenario_6265B0,unverified,review_translation_and_runtime_by_bundle,共に生き続ける,생명의 순리대로 대지와 상생해 나아갈,こ함께　살아가는,함께　살아가는,,18E5183D470101010101,True,18E07D0CCE32E061F4A2,1,,,6265B0,……그래！,6265C5,인류를　없앤　이상향　따위……,quarantine,unresolved
P3_direct_ext3_control_adjacent_text_drift,6265D7,scenario_6265B0,unverified,confirm_current_text_then_rehome,……愚の骨頂っ！！,……그저 극도의 모순이자 멍청한 망상일 뿐이다！！,こ……어리석음의　극치다！！,……어리석음의　극치다！！,,18E51822CC0101010101010101,True,18F191E17905E2CDE4E709F044,2,1728,True,6265C5,인류를　없앤　이상향　따위……,6265EE,흥……！,quarantine,unresolved
P4_direct_ext3_text_drift,6268F0,scenario_6268D5,unverified,review_translation_and_runtime_by_bundle,人類もまた、自然のー部……,"인류라는 불완전한 존재 역시, 자연을 구성하는 일부……",こ인류도　또、　자연의　일부……,인류도　또、　자연의　일부……,,18E51822E50101010101010101,True,18F00BF87B07F48705F05EF191,2,,,6268E2,너에게　배웠다……,6268FF,こ그걸　없애는　건,quarantine,unresolved
P4_direct_ext3_text_drift,6268FF,scenario_6268D5,unverified,review_translation_and_runtime_by_bundle,それを抹殺するなど,그 생명의 기둥을 억지로 뽑아 몰살하겠다는 망상은,こ그걸　없애는　건,그걸　없애는　건,,18E51822E6010101,True,18F5B5F2ADF77636,1,,,6268F0,こ인류도　또、　자연의　일부……,626908,자연을　파괴하는　것과　같다는　걸……,quarantine,unresolved
P4_direct_ext3_text_drift,62696D,scenario_62694F,unverified,review_translation_and_runtime_by_bundle,なのにオレは……,그럼에도 어리석은 저는……,こ그런데　나는……,그런데　나는……,,18E5183D02010101,True,18F744F43008F191,2,,,62695B,처음으로　스승님의　슬픔을　알았다……！,626977,こ당신을　넘는　것만　생각해,quarantine,unresolved
P4_direct_ext3_text_drift,626977,scenario_62694F,unverified,review_translation_and_runtime_by_bundle,アンタと張り合うことだけを考えていた,그저 애송이처럼 스승님을 이겨보겠다는 오기에만 집착하여,こ당신을　넘는　것만　생각해,당신을　넘는　것만　생각해,,18E51822EC0101010101010101010101010101,True,18F5A513E25227B4141813F878E04DF11EF26A,1,,,62696D,こ그런데　나는……,62698B,이야기를　들으려　하지도　않았어……！！,quarantine,unresolved
P3_direct_ext3_control_adjacent_text_drift,62699D,scenario_62694F,unverified,confirm_current_text_then_rehome,なのに師匠は最後までオレのことを……！！,그럼에도 스승님께선 임종의 순간까지 이 못난 제자를 단련시키고자……！！,こ그런데도　스승은　끝까지　나를……！！,그런데도　스승은　끝까지　나를……！！,,18E51822EE010101010101010101010101,True,18F744F57E08F409F19DF430F8CDF60C03,2,1728,True,62698B,이야기를　들으려　하지도　않았어……！！,6269BA,뭐……,quarantine,unresolved
P4_direct_ext3_text_drift,6269D1,scenario_6269BA,unverified,review_translation_and_runtime_by_bundle,だがな、見てくれ……,"그렇지만, 이것 좀 확인해 주게……",こ하지만、봐　줘……,하지만、봐　줘……,,18E5184D030101010101,True,18F614078A0B241BF191,2,,,6269C2,어차피　나는　대죄인이다……,6269DD,こ내　몸은　한조각도,quarantine,unresolved
P4_direct_ext3_text_drift,6269DD,scenario_6269BA,unverified,review_translation_and_runtime_by_bundle,ワシの身体はー片たりとも,내 뇌와 신체 구석구석은 단 한 터럭조차,こ내　몸은　한조각도,내　몸은　한조각도,,18E51822F0010101010101010101,True,18F16005F2F70882E1B211F22920,1,,,6269D1,こ하지만、봐　줘……,6269EC,데빌　건담　세포에　잠식되지　않았어……,quarantine,unresolved
P4_direct_ext3_text_drift,626A26,scenario_626A19,unverified,review_translation_and_runtime_by_bundle,オマエと再会しておらねば……,만약 자네와 최전선에서 운명적으로 조우하지 않았더라면……,こ너와　다시　만나지　않았다면……,너와　다시　만나지　않았다면……,,18E51822F4010101010101010101,True,18F68F13F321F413351C4D49F191,2,,,626A19,그래、　도몬……！！,626A36,こ네가　데빌　건담　추격에,quarantine,unresolved
P4_direct_ext3_text_drift,626A36,scenario_626A19,unverified,review_translation_and_runtime_by_bundle,オマエがデビルガンダム追撃に,자네가 데빌 건담 추격 임무를 부여받고,こ네가　데빌　건담　추격에,네가　데빌　건담　추격에,,18E5181B8801010101,True,18F68F17FE50F0AE0C,1,,,626A26,こ너와　다시　만나지　않았다면……,626A40,나서지　않았다면……,quarantine,unresolved
P3_direct_ext3_control_adjacent_text_drift,626A4E,scenario_626A19,unverified,confirm_current_text_then_rehome,こんなことにはならなかったのに……！,이런 영광스러운 최후를 장식하진 못했을 게야……！,こ이런　일은　없었을　텐데……！,이런　일은　없었을　텐데……！,,18E51822F6010101010101010101,True,18FBDDF467F51506F6AE050CF60C,2,084E,True,626A40,나서지　않았다면……,626A61,………………,quarantine,unresolved
P3_direct_ext3_control_adjacent_text_drift,626BD4,scenario_626BC8,unverified,confirm_current_text_then_rehome,今までどこに行っていたんだ！？,지금껏 승인도 없이 대체 어느 전투 구역을 헤매다 기귀한 겐가！？,こ지금까지　어디　있었던　거야！？,지금까지　어디　있었던　거야！？,,18E51823030101010101010101,True,1876F19DF8026BF926F22EF040,2,084E,True,626BC8,도몬　카슈！？,626BE6,마스터　아시아와,quarantine,unresolved
P4_direct_ext3_text_drift,626C3C,scenario_626C2A,unverified,review_translation_and_runtime_by_bundle,このオレなんかより,나처럼 주먹질이나 해대는 애송이보다,こ나　같은　놈보다,나　같은　놈보다,,18E5184B8E01010101,True,18F362F430F853F488,1,,,626C2A,……스승님은　위대한　분이었어。,626C46,나보다　훨씬　지구를　생각했지……,quarantine,unresolved
P4_direct_ext3_text_drift,626CB2,scenario_626C9C,unverified,review_translation_and_runtime_by_bundle,……いいのか、君は？,……자네 개인의 목표는 정리가 끝난 겐가？,こ……그래도　되겠나、　자네？,……그래도　되겠나、　자네？,,18E5183C2101010101,True,18F191FAE40761081D,2,,,626CA4,바라던　바지만……,626CBD,こ데빌　건담을　쓰러뜨린다는,quarantine,unresolved
P4_direct_ext3_text_drift,626CBD,scenario_626C9C,unverified,review_translation_and_runtime_by_bundle,デビルガンダムを倒すという,가문을 붕괴시킨 사탄 데빌 건담을 처단하겠다는,こ데빌　건담을　쓰러뜨린다는,데빌　건담을　쓰러뜨린다는,,18E518C4DB01010101,True,18FE5015E0111EF664,1,,,626CB2,こ……그래도　되겠나、　자네？,626CC7,사명은　다한　것　아닌가？,quarantine,unresolved
P5_non_direct_native_or_other,626CD5,scenario_626C9C,unverified,do_not_autofix_static_false_positive_possible,だったら……,그렇다면 구태여 위험한 전선에……,こ그렇다면……,그렇다면……,,18F3E8F093,,18FB0AF191,2,084E,True,626CC7,사명은　다한　것　아닌가？,626CDF,……나는　스승님의　뜻을　잇겠다。,quarantine,unresolved
P4_direct_ext3_text_drift,626D1D,scenario_626CF9,unverified,review_translation_and_runtime_by_bundle,今はティタ－ンズだネオ・ジオンだと,지금처럼 티탄즈니 네오 지온이니 하며 지저분하게,こ지금은　티탄즈니　네오・지온이니,지금은　티탄즈니　네오・지온이니,,18E518C4DC0101010101010101,True,187608FDC40DF1002AF7ABF547,1,,,626D0C,지구　재생을　내　손으로　이루고　싶어。,626D2B,싸울　때가　아니야。,quarantine,unresolved
P4_direct_ext3_text_drift,626D35,scenario_626CF9,unverified,review_translation_and_runtime_by_bundle,この戦い……,이 소모적인 우매한 전쟁을……,こ이　싸움……,이　싸움……,,18E5183B950101,True,18F3623904F191,1,,,626D2B,싸울　때가　아니야。,626D3D,조금이라도　빨리　끝내야　해。,quarantine,unresolved
P4_direct_ext3_text_drift,626D66,scenario_626D56,unverified,review_translation_and_runtime_by_bundle,君用のドックは常に開けてある……,자네 갓 건담 전용 정비 도크는 언제든 비워두고 있었네……,こ네　도크는　언제나　비워두겠다……,네　도크는　언제나　비워두겠다……,,18E5182318010101010101010101010101,True,1861C905F75208E19B0CCDF493F3E3F191,2,,,626D56,……그래、　맞는　말이야。,626D79,こ자네가　남겠다면,quarantine,unresolved
P4_direct_ext3_text_drift,626D79,scenario_626D56,unverified,review_translation_and_runtime_by_bundle,君がとどまるというのならば,아군 함선에 상주하며 공동 전선을 펴겠다면,こ자네가　남겠다면,자네가　남겠다면,,18E5180BF201010101010101,True,1861171336F1A6F66405F677,1,,,626D66,こ네　도크는　언제나　비워두겠다……,626D86,마음대로　하게。,quarantine,unresolved
P3_direct_ext3_control_adjacent_text_drift,626DEC,scenario_626DD7,unverified,confirm_current_text_then_rehome,私が女王としてふがいないばかりに……,내가 여왕으로서 좀 더 현명하고 확고하지 못했던 탓에……,こ내가　여왕으로　부족해서……,내가　여왕으로　부족해서……,,18E518231F010101010101010101010101,True,184117F486F80C5B17F60A490EF22AF191,2,1728,True,626DE1,자네에게　폐를　끼치는군。,626E04,무슨　말씀을　하십니까！,quarantine,unresolved
P4_direct_ext3_text_drift,626E8A,scenario_626E6E,unverified,review_translation_and_runtime_by_bundle,おとなしく従えば同門のよしみだ、,"얌전히 조약안에 서명하고 항복하면 한솥밥 먹던 옛 정을 생각해서,",こ순순히　따르면　같은　문중　정으로、,순순히　따르면　같은　문중　정으로、,,18E518753A0101010101010101010101,True,18FC89E14AF0E0D0E1E805F490690D07,1,,,626E81,해리　오드！！,626E9B,반죽음　정도로　봐주지！！,quarantine,unresolved
P4_direct_ext3_text_drift,626ECA,scenario_626EAE,unverified,review_translation_and_runtime_by_bundle,数を頼んでの脅迫など……！,물량 스펙만 믿고 으스대며 협박하는 야만스러운 꼬락서니라니……！,こ수를　믿고　협박하다니……！,수를　믿고　협박하다니……！,,18E518753B010101010101010101010101,True,18E0D615E075F22205E2D8E280F51FF60C,2,,,626EB9,누가　그런　헛소리에　어울려　주겠나！！,626EDD,こ너　같은　비열한　자가　있어서,quarantine,unresolved
P4_direct_ext3_text_drift,626EDD,scenario_626EAE,unverified,review_translation_and_runtime_by_bundle,オマエのような下劣なものがいるから,네놈처럼 출세에 눈이 멀어 설치는 비열한 자들이 득실대기에,こ너　같은　비열한　자가　있어서,너　같은　비열한　자가　있어서,,18E518232601010101010101010101,True,18F68FFA27A5E29D062005F628F124,1,,,626ECA,こ수를　믿고　협박하다니……！,626EED,나는　깅가남을　버린　것이다！！,quarantine,unresolved
P4_direct_ext3_text_drift,626F0D,scenario_626F03,unverified,review_translation_and_runtime_by_bundle,月の女王さまってのはアンタだな。,달나라에서 고귀한 여왕 놀이하시던 분이 바로 당신이로군.,こ달의　여왕이란　게　당신이군。,달의　여왕이란　게　당신이군。,,18E5182329010101010101010101010101,True,18E07705F486F34FF156F44BF5A5F5490A,1,,,626F03,……이런！,626F1F,미안하지만　도망치게　두진　않겠어！,quarantine,unresolved
P3_direct_ext3_control_adjacent_text_drift,626F59,scenario_626F43,unverified,confirm_current_text_then_rehome,……なんということ！,……이 대체 무슨 천인공노할 비극인가！,こ……이　무슨　일인가！,……이　무슨　일인가！,,18E5181C19010101,True,18F191FC03181303,2,1728,True,626F4C,티탄즈와　손을　잡았다고！？,626F6B,모든　것은　디아나　소렐……,quarantine,unresolved
P4_direct_ext3_text_drift,626FD8,scenario_626FB2,unverified,review_translation_and_runtime_by_bundle,ソレル家がしでかした不始末は、,"소렐 왕가가 자초한 추태의 똥오줌 뒷수습은,",こ소렐가가　저지른　잘못은、,소렐가가　저지른　잘못은、,,18E518753C010101010101,True,18F885E0B4FDABF68A0807,1,,,626FC4,자들이　나타나　전란을　일으킨다……,626FE4,깅가남　가문이　씻어야　하니까　말이야！,quarantine,unresolved
P4_direct_ext3_text_drift,6270AE,scenario_627090,unverified,review_translation_and_runtime_by_bundle,連邦との接触を絶って孤立した,연방 정부와의 모든 외교 채널을 차단하고 은둔하며 고립된,こ연방과　접촉을　끊고　고립된,연방과　접촉을　끊고　고립된,,18E518233A0101010101010101010101,True,18F425F17FF06115E123F156F23CF41B,1,,,627090,달로　이주한　사람들의　후손이지。,6270BF,생활을　한다고　들었는데……,quarantine,unresolved
P4_direct_ext3_text_drift,6270D1,scenario_627090,unverified,review_translation_and_runtime_by_bundle,まさか、女王その人が,"설마, 그 고고한 은둔국가의 군주 여왕 본인이",こ설마、　여왕　본인이,설마、　여왕　본인이,,18E518233C0101010101,True,18F84507F486F4235017,1,,,6270BF,생활을　한다고　들었는데……,6270DC,이런　곳까지　나오실　줄이야……,quarantine,unresolved
P4_direct_ext3_text_drift,627103,scenario_6270F5,unverified,review_translation_and_runtime_by_bundle,ヤツはディアナ様を排除し、,"그 반역자는 디아나 여왕님 신변을 격살 배제하고,",こ놈은　디아나　님을　제거하고、,놈은　디아나　님을　제거하고、,,18E518C4E301010101010101,True,18F2D408F8E78B15F2491207,1,,,6270F5,……깅가남의　짓이다！,627110,지구연방에　간섭하려는　것이다！！,quarantine,unresolved
P4_direct_ext3_text_drift,627144,scenario_627124,unverified,review_translation_and_runtime_by_bundle,私はエゥ－ゴの方々に保護を求める！,우리는 에우고 함대의 고결한 신사분들께 임시 정치적 망명을 요청하네！,こ에우고　여러분께　보호를　청한다！,에우고　여러분께　보호를　청한다！,,18E5182340010101010101010101010101,True,184108F8E3057D710CF4F115E27EF41903,1,,,627132,디아나　님의　친위대장입니다！,627156,부디　디아나　님을……,quarantine,unresolved
P3_direct_ext3_control_adjacent_text_drift,6271C5,scenario_6271A7,unverified,confirm_current_text_then_rehome,こちらハヤト、了解だ！！,"여기는 하야토 수송선, 작전 라져했다！！",こ여기는　하야토、　알겠다！！,여기는　하야토、　알겠다！！,,18E5183C22010101010101,True,18F70AF59D07F0280DF044,2,1728,True,6271B5,내버려　둘　수는　없으니까！,6271DC,……정말이지！,quarantine,unresolved
P4_direct_ext3_text_drift,6271E7,scenario_6271DC,unverified,review_translation_and_runtime_by_bundle,こちらヘンケン！,여기는 헨켄 함장！,こ여기는　헨켄！,여기는　헨켄！,,18E5182B7101,True,18F70AF98603,1,,,6271DC,……정말이지！,6271EE,라디쉬도　문제없다！！,quarantine,unresolved
P4_direct_ext3_text_drift,62720B,scenario_6271FD,unverified,review_translation_and_runtime_by_bundle,ア－ガマをハリ－・オ－ド機に接触させろ！,아가마 본선을 해리 오드 대위의 호위 기체 인근선까지 접현 진입시켜라！,こ아가마를　해리　오드기에　접촉시켜！,아가마를　해리　오드기에　접촉시켜！,,18E518234A0101010101010101010101,True,18FB7815F7BB2AF760800CF061F82D03,2,,,6271FD,좋아！　전투　개시다！！,62721D,こ중위와　디아나　여왕을　보호한다！！,quarantine,unresolved
P3_direct_ext3_control_adjacent_text_drift,62721D,scenario_6271FD,unverified,confirm_current_text_then_rehome,中尉とディアナ女王を保護する！！,해리 대위 소체와 디아나 여왕의 안전한 영접 신변 확보를 완료한다！！,こ중위와　디아나　여왕을　보호한다！！,중위와　디아나　여왕을　보호한다！！,,18E518C4E701010101010101010101,True,18F55913F8E7F48615F4F1F1CBF044,2,1728,True,62720B,こ아가마를　해리　오드기에　접촉시켜！,627238,좋아！　이제　아가마가,quarantine,unresolved
P4_direct_ext3_text_drift,627256,scenario_627238,unverified,review_translation_and_runtime_by_bundle,それまでア－ガマと,"신호 연동이 무사히 정돈 완료될 때까지, 우리 아가마 본선과",こ그때까지　아가마와,그때까지　아가마와,,18E518234D01,True,18F9A7FB7813,1,,,627245,해리　중위의　기체와　『교신』한다！,62725D,해리　중위가　당하지　않게　해　줘！,quarantine,unresolved
P5_non_direct_native_or_other,62726A,scenario_627238,unverified,do_not_autofix_static_false_positive_possible,たのんだぞ！！,"대원들의 어깨가 무겁다, 엄호에 총력을 기해라！！",こ부탁한다！！,부탁한다！！,,18FDB3F044,,18FCBFF044,2,1728,True,62725D,해리　중위가　당하지　않게　해　줘！,627279,디、　디아나　님……,quarantine,unresolved
P4_direct_ext3_text_drift,6272B4,scenario_6272A1,unverified,review_translation_and_runtime_by_bundle,この作戦では私たちティタ－ンズの力を,이번 소탕 작전을 통해 우리 정예 티탄즈의 막강한 지배 무력을,こ이번　작전에서　우리　티탄즈의　힘을,이번　작전에서　우리　티탄즈의　힘을,,18E518235301010101010101010101,True,18F362F1E3F26141F375FDC4055715,1,,,6272AC,알고　있겠지。,6272C4,깅가남에게　보여　줘야　해……,quarantine,unresolved
P4_direct_ext3_text_drift,6272E7,scenario_6272DC,unverified,review_translation_and_runtime_by_bundle,オレたちの手で女王を捕まえて、,"우리 요격대로 저 거만한 여왕년 목덜미를 움켜쥐어 생포하고,",こ우리　손으로　여왕을　잡고、,우리　손으로　여왕을　잡고、,,18E51823560101010101010101010101,True,18F430F7617216F48615E09721F11E07,1,,,6272DC,그래、　알고　있어。,6272F8,아가마도　침몰시키면　되는　거지。,quarantine,unresolved
P4_direct_ext3_text_drift,62732A,scenario_627320,unverified,review_translation_and_runtime_by_bundle,シロッコの女の監視付きか……,시로코의 침실이나 드나드는 감시원 계집년을 조수로 대동한 꼴이라니……,こ시로코　여자의　감시까지……,시로코　여자의　감시까지……,,18E51823580101010101010101010101,True,18F9F3059705E35AE230E063F500F191,1,,,627320,……흥！,62733B,나도　우습게　보였군！,quarantine,unresolved
P4_direct_ext3_text_drift,627382,scenario_62736E,unverified,review_translation_and_runtime_by_bundle,いつかティタ－ンズをこの手にするためには,머지않아 이 위대한 티탄즈 지배권을 내 손아귀에 거머쥐는 대업을 위해선,こ언젠가　티탄즈를　내　손에　넣으려면,언젠가　티탄즈를　내　손에　넣으려면,,18E518235C010101010101010101,True,18F654FDC4F6FB72F5DD11F40008,1,,,627378,……그래、　그렇지。,627391,굴욕도　견뎌　내야　해。,quarantine,unresolved
P3_direct_ext3_control_adjacent_text_drift,6273EF,scenario_6273DF,unverified,confirm_current_text_then_rehome,アナタの後ろにはいつも私がいるって……,"네가 탄 기체 등 뒤의 사각지대에는, 언제나 내 수호기 방패가 지키고 서 있을 거란 걸……",こ당신　뒤엔　항상　내가　있다는　걸……,당신　뒤엔　항상　내가　있다는　걸……,,18E518236001010101010101,True,18F80905AFFD5141FBF7F191,2,1728,True,6273DF,……기억해　둬。,627405,……제리드으으！！,quarantine,unresolved
P3_direct_ext3_control_adjacent_text_drift,6274E3,scenario_6274D7,unverified,confirm_current_text_then_rehome,……っ！　マウア－！？,……윽！ 마우아의 주파수 메아리 영혼 주파수인가！？,こ……！　마우아！？,……！　마우아！？,,18E51823680101010101,True,18F191090301FAFCF040,2,1728,True,6274D7,나、　나는……,6274F9,『제리드、　너는　절대　지지　않아』,quarantine,unresolved
P4_direct_ext3_text_drift,62750E,scenario_6274F9,unverified,review_translation_and_runtime_by_bundle,『アナタは世界を正しい方向に,『당신은 붕괴해 가는 세계의 역사의 흐름을 정당하고 올바른 궤적 이정표로,こ『당신은　세계를　올바른　방향으로,『당신은　세계를　올바른　방향으로,,18E518754201010101010101010101,True,1868F80908F44815E05AF45CF0750C,1,,,6274F9,『제리드、　너는　절대　지지　않아』,62751E,이끌　수　있어……』,quarantine,unresolved
P4_direct_ext3_text_drift,62753E,scenario_627534,unverified,review_translation_and_runtime_by_bundle,オレはただ、,"이 제리드는 단지,",こ난　그저、,난　그저、,,18E5180BF401,True,18F430F5B407,1,,,627534,그런　건　됐어！,627545,내　손에　모두　쥐고　싶을　뿐이야！！,quarantine,unresolved
P3_direct_ext3_control_adjacent_text_drift,62757A,scenario_627563,unverified,confirm_current_text_then_rehome,『あなたにとって、今はそれが正しい』,"『당신의 인생 야망 행보 상, 지금 이 순간만큼은 그 피의 투쟁이 절대 참이란다』",こ『당신에겐、　지금　그게　옳아』,『당신에겐、　지금　그게　옳아』,,18E518236E010101010101010101010101,True,1868FA93F1870B077608F5A4E05AF45C66,2,0833,True,627563,『살아남는　것、　싸우는　것……』,627590,마우아……！！,quarantine,unresolved
P4_direct_ext3_text_drift,627638,scenario_62762D,unverified,review_translation_and_runtime_by_bundle,戦艦でモビルス－ツの,설마 손상된 아군 전함 본체 장갑으로 적 습격 모빌슈트의,こ전함으로　모빌슈트의,전함으로　모빌슈트의,,18E51823750101,True,18F2C416FD7905,1,,,62762D,……뭐라고！？,627640,방패가　되겠다는　거냐！！,quarantine,unresolved
P4_direct_ext3_text_drift,6276F1,scenario_6276D9,unverified,review_translation_and_runtime_by_bundle,あたしたちはそうした人たちのために,"우리는 차마 전선에서 통곡하지 못하고, 그 스러진 넋들을 기리기 위해",こ우린　그런　사람들을　위해,우린　그런　사람들을　위해,,18E518754601010101010101010101,True,181F11F41B3B08F8E050F76111F400,1,,,6276D9,이　싸움에서　많은　사람이　죽었어。,627701,마음속으로　울었지……。,quarantine,unresolved
P4_direct_ext3_text_drift,627710,scenario_6276D9,unverified,review_translation_and_runtime_by_bundle,でもね、レコアさん……あなたが死んでも,"하지만 말이야, 레코아 씨…… 만약 자네가 여기서 비참하게 전사하더라도",こ하지만、　레코아　씨……　당신이　죽어도,하지만、　레코아　씨……　당신이　죽어도,,18E518237D0101010101010101010101,True,18F68807F791F366F191FA9CADF22220,1,,,627701,마음속으로　울었지……。,627721,아무도　울어　주지　않을걸？,quarantine,unresolved
P3_direct_ext3_control_adjacent_text_drift,627730,scenario_6276D9,unverified,confirm_current_text_then_rehome,それでいいの？,자네 최후가 그런 조롱거리 비극으로 끝장나도 정녕 후회가 없단 말인가？,こ그래도　괜찮아？,그래도　괜찮아？,,18E518237F,True,18FC42051D,2,0880,True,627721,아무도　울어　주지　않을걸？,62773A,아무도　없어도　돼。,quarantine,unresolved
P3_direct_ext3_control_adjacent_text_drift,62790D,scenario_627901,unverified,confirm_current_text_then_rehome,私、見たわ……,내 눈으로 똑똑히 주파수 너머의 섬광을 관찰했단다……,こ나、　봤어……,나、　봤어……,,18E518238F010101,True,1841078AF38FF191,2,1728,True,627901,아아、　카미유……,62791C,이제　됐어요！,quarantine,unresolved
P4_direct_ext3_text_drift,627963,scenario_627942,unverified,review_translation_and_runtime_by_bundle,だから……,그러하니까……,こ그러니까……,그러니까……,,18E518C5EE,True,18F825F191,1,,,627951,흡수해　힘으로　만들　수　있어……,627969,그걸　당신이　하는　거야……,quarantine,unresolved
P4_direct_ext3_text_drift,627B23,scenario_627B1A,unverified,review_translation_and_runtime_by_bundle,タ－ンＸの月光蝶システムは,턴 엑스 기체가 사출하는 월광접 시스템 유닛은,こ턴Ｘ의　월광접　시스템은,턴Ｘ의　월광접　시스템은,,18E5187550010101010101,True,18F85CE04E05F67CF90408,1,,,627B1A,나노머신이다！,627B2F,나노머신으로　모든　물질을　분해한다！,quarantine,unresolved
P3_direct_ext3_control_adjacent_text_drift,627B9B,scenario_627B81,unverified,confirm_current_text_then_rehome,……アナタ方を助けに来ました！！,……동지들이 참변을 당하기 전에 요격 원호를 도우러 긴급 입항했소！！,こ……당신들을　도우러　왔습니다！！,……당신들을　도우러　왔습니다！！,,18E51823A60101010101010101010101,True,18F191F8097D15E000F4989BF7A7F044,2,1728,True,627B8F,우리는　크로스본　뱅가드……,627BB5,……킨케두！,quarantine,unresolved
P4_direct_ext3_text_drift,627F98,scenario_627F87,unverified,review_translation_and_runtime_by_bundle,私の力が必要な時はいつでも言って、,"내　힘이　필요할　때는　언제든지　말하고,",こ내　힘이　필요할　때는　언제든지　말해、,내　힘이　필요할　때는　언제든지　말해、,,18E5182D2E01010101010101010101010101,True,1841055717F4F606B7F08A40F25E7AF15607,1,,,627F87,가로드는……내가　지킬　테니까。,627FAB,……가로드。,quarantine,unresolved
P4_direct_ext3_text_drift,627FDB,scenario_627FC3,unverified,review_translation_and_runtime_by_bundle,ティファの愛のパワ－で,티파의　사랑의　파워,こ티파의　사랑의　파워로,티파의　사랑의　파워로,,18E5184D4C0101010101,True,18F8EE05E10905F5C416,1,,,627FCD,각오해라、　프로스트　형제！！,627FE6,너희　따위　날려　버릴　테니까！！,quarantine,unresolved
P1_direct_ext3_exact_text_control_adjacent,628100,scenario_6280E7,unverified,high_priority_batch_after_anchor_pass,出なおすぞ、オルバ。,"다시　나오자,　올바.",こ다시　나오자、　올바。,다시　나오자、　올바。,True,18E518C4F70101010101,True,186FF525F1DB07F7160A,2,0817,True,6280F1,예상　이상으로　강해졌군。,62810F,아、　알았어、　형님。,quarantine,unresolved
P1_direct_ext3_exact_text_control_adjacent,6281BB,scenario_6281A5,unverified,high_priority_batch_after_anchor_pass,クロスボ－ン・バンガ－ドの……,크로스본　뱅가드의…,こ크로스본　뱅가드의…,크로스본　뱅가드의…,True,18E518C4FD01010101,True,18FD452AFCD205F191,2,0867,True,6281A5,당신들　덕분입니다……살았어요。,6281C9,……베라　로나입니다。,quarantine,unresolved
P4_direct_ext3_text_drift,6281D8,scenario_6281C9,unverified,review_translation_and_runtime_by_bundle,とりあえず、マザ－・バンガ－ドを,"우선,　마자　-　방가드",こ우선、마더　뱅가드를,우선、마더　뱅가드를,,18E5180D6A0101010101,True,18FC2207F5942AFCD215,1,,,6281C9,……베라　로나입니다。,6281E3,그쪽과　합류시키겠습니다。,quarantine,unresolved
P1_direct_ext3_exact_text_control_adjacent,6281EC,scenario_6281C9,unverified,high_priority_batch_after_anchor_pass,詳しいお話はそれから……,자세한　이야기는　그때…,こ자세한　이야기는　그때…,자세한　이야기는　그때…,True,18E518945C01010101010101010101,True,18E215F45C35E02E08F422F124F191,2,0861,True,6281E3,그쪽과　합류시키겠습니다。,628200,……알겠습니다。,quarantine,unresolved
P2_direct_ext3_exact_text,628283,scenario_62826B,unverified,second_batch_representative_runtime_test,たしか、ブッホ・コンツェルンを母体とした,분명히　부흐　콘체른을　모체로,こ분명히　부흐　콘체른을　모체로,분명히　부흐　콘체른을　모체로,True,18E5189462010101010101010101,True,18F7D207F5AA2AFD9515F07EF808,1,,,628277,나도　어느　정도　알고　있다。,628292,반연방　조직이었지。,quarantine,unresolved
P4_direct_ext3_text_drift,628299,scenario_62826B,unverified,review_translation_and_runtime_by_bundle,マイッツァ－・ロナという人物を中心に,마이자　-　로나라는　인물을　중심으로,こ마이처　로나라는　인물을　중심으로,마이처　로나라는　인물을　중심으로,,18E518C504010101010101010101,True,18FD7D2AF307F664F02015F3DE0C,1,,,628292,반연방　조직이었지。,6282A8,귀족주의를　밀어붙였을　텐데……,quarantine,unresolved
P4_direct_ext3_text_drift,6282B6,scenario_62826B,unverified,review_translation_and_runtime_by_bundle,その思想は我々エゥ－ゴより,그　사상은　우리　에고보다,こ그　사상은　우리　에우고보다,그　사상은　우리　에우고보다,,18E5183D0801010101010101,True,18F423F00A086A71F8E3F488,1,,,6282A8,귀족주의를　밀어붙였을　텐데……,6282C3,티탄즈나　자비가에　가깝다。,quarantine,unresolved
P4_direct_ext3_text_drift,628336,scenario_628324,unverified,review_translation_and_runtime_by_bundle,とある事件で祖父が死に、私は,"모종의 습격 사건으로 할아버님이 돌아가신 뒤, 저는",こ어떤　사건으로　조부가　죽어、　나는,어떤　사건으로　조부가　죽어、　나는,,18E51823C1010101010101010101,True,18F5BFF36816F11317AD0C074108,1,,,628324,마이처　로나는　제　할아버지였습니다。,628345,크로스본　뱅가드를　물려받았습니다。,quarantine,unresolved
P4_direct_ext3_text_drift,62838F,scenario_62837F,unverified,review_translation_and_runtime_by_bundle,しかし、ム－ンレィスでもない,"그렇지만, 달의 문레이스 가문 소속도 아닌",こ하지만　문레이스도　아닌,하지만　문레이스도　아닌,,18E51823C6010101,True,18F82807FDB3FAB5,1,,,62837F,적이라면……그　깅가남인가？,628398,너희가　어떻게　그자를　알지？,quarantine,unresolved
P4_direct_ext3_text_drift,628424,scenario_62840D,unverified,review_translation_and_runtime_by_bundle,たしか連邦軍の諜報活動を,기억하기론 과거 연방 기밀 첩보 네트워크의,こ연방군의　첩보활동을,연방군의　첩보활동을,,18E51823CF01010101,True,18F7D2F72A05F92515,1,,,628418,그　이름은　들어　본　적　있다。,62842E,장악해　지휘하던　인물이라던가……,quarantine,unresolved
P4_direct_ext3_text_drift,628466,scenario_628446,unverified,review_translation_and_runtime_by_bundle,定期的に連邦政府の方々と,기밀 채널을 통해 주기적으로 연방 사령부 수장단과,こ정기적으로　연방정부와,정기적으로　연방정부와,,18E518C5070101010101,True,18F5D50CF9D0057D7113,1,,,628456,완전히　접촉을　끊은　건　아닙니다。,628471,연락을　주고받고　있었지요。,quarantine,unresolved
P4_direct_ext3_text_drift,62847C,scenario_628446,unverified,review_translation_and_runtime_by_bundle,ハンゲルグさんはそうした人たちから,한겔구 씨는 그 정계 기밀 커뮤니티 경로를 통해,こ한겔그　씨는　그들에게서,한겔그　씨는　그들에게서,,18E51823D20101010101,True,18FC9AFE5550F375F124,1,,,628471,연락을　주고받고　있었지요。,628487,정보를　얻고　있었군요？,quarantine,unresolved
P4_direct_ext3_text_drift,62849E,scenario_628494,unverified,review_translation_and_runtime_by_bundle,私は職業柄、以前からム－ンレィスの,"정보기관 직업 특성상, 일찍이 문레이스 왕가의",こ전　직업상　전부터　문레이스의,전　직업상　전부터　문레이스의,,18E51823D40101010101010101,True,184108F80B07F2DEF124FDB305,1,,,628494,……네。,6284AC,동향을　주시하고　있었으니까요。,quarantine,unresolved
P4_direct_ext3_text_drift,6284B9,scenario_628494,unverified,review_translation_and_runtime_by_bundle,その調査の過程でギンガナムー門に,그 첩보 탐색 경로 도중 깅가남 군사 일가 세력단에,こ조사　중　깅가남　일문에,조사　중　깅가남　일문에,,18E51823D6010101010101010101,True,18F423F3DD05F43616FCD5F0250C,1,,,6284AC,동향을　주시하고　있었으니까요。,6284C8,심상치　않은　움직임이　있음을　알고……,quarantine,unresolved
P4_direct_ext3_text_drift,6284D4,scenario_628494,unverified,review_translation_and_runtime_by_bundle,べラさんたちに万ーの場合に備えての,베라 총사령관님께 만약의 파국 사태를 대비해 군비를 확장할 수 있도록,こ베라　씨들에게　만일을　대비한,베라　씨들에게　만일을　대비한,,18E51823D701010101010101010101,True,18F002FC71F33B05F30C0CC5F11E05,1,,,6284C8,심상치　않은　움직임이　있음을　알고……,6284E4,준비를　진행하게　했습니다。,quarantine,unresolved
P3_direct_ext3_control_adjacent_text_drift,6284EE,scenario_628494,unverified,confirm_current_text_then_rehome,正直、役立ってほしくはなかったが……,"내심, 이 대항 군비가 실전에 투입되는 참극만큼은 안 오길 소망했습니다만……",こ솔직히　쓸　일은　없길　바랐지만……,솔직히　쓸　일은　없길　바랐지만……,,18E51823D901010101010101010101010101,True,18F3E807F4D3F1568E1224F09EF6AE17F191,2,0861,True,6284E4,준비를　진행하게　했습니다。,628505,하지만　당신의　선견지명　덕분에,quarantine,unresolved
P5_non_direct_native_or_other,628524,scenario_628505,unverified,do_not_autofix_static_false_positive_possible,ありがとうございます。,진심으로 깊이 경의를 표하며 감사드립니다.,こ감사합니다。,감사합니다。,,18F30801,,18FECC0A,2,,,62851A,우리가　살아난　셈입니다。,62852A,こ한겔그　씨。,quarantine,unresolved
P4_direct_ext3_text_drift,62852A,scenario_628505,unverified,review_translation_and_runtime_by_bundle,ハンゲルグさん。,한겔구 씨.,こ한겔그　씨。,한겔그　씨。,,18E51823DC01,True,18FC9AF3660A,1,,,628524,こ감사합니다。,628531,그리고　베라　로나　씨。,quarantine,unresolved
P4_direct_ext3_text_drift,628590,scenario_628584,unverified,review_translation_and_runtime_by_bundle,あのタ－ンＸというモビルス－ツは,깅가남이 탑승하는 턴 엑스라는 미지의 모빌슈트는,こ그　턴Ｘ라는　모빌슈트는,그　턴Ｘ라는　모빌슈트는,,18E518755A01010101010101,True,18F3DAF85CE04EF664FD7908,1,,,628584,……확실히　그렇군。,62859D,너무　위험해。,quarantine,unresolved
P4_direct_ext3_text_drift,6285D2,scenario_6285BC,unverified,review_translation_and_runtime_by_bundle,もとは外宇宙から漂着した機体をもとに,"본래 태양계 외곽의 외우주 공간에서 표류해 낙하한 기체 잔해를 토대로,",こ원래　외우주에서　표류해온　기체를,원래　외우주에서　표류해온　기체를,,18E51823E5010101010101010101010101,True,18F7B4F83DF124F029F41BF0181520130C,1,,,6285C9,우리도　잘　모릅니다。,6285E4,선대가　만든　모빌슈트라는　것뿐……,quarantine,unresolved
P4_direct_ext3_text_drift,628637,scenario_62862A,unverified,review_translation_and_runtime_by_bundle,ギム・ギンガナムをどうにかするには,기암 깅가남 녀석의 야망을 무력화해 처단하려면,こ김　깅가남을　막으려면,김　깅가남을　막으려면,,18E51823E90101010101010101,True,18F1B82AFCD515F09B0C0EFB2E,1,,,62862A,어디까지　진짜인진　모르겠지만……,628645,월광접　대책이　필요하겠군。,quarantine,unresolved
P4_direct_ext3_text_drift,628699,scenario_628679,unverified,review_translation_and_runtime_by_bundle,そのための、Ｖ２用パワ－アップパ－ツも,"그 초고출력 광의 날개 강화를 보조할, V2 전용 출력 부품 역시",こ그를　위한　Ｖ２　강화　파츠도,그를　위한　Ｖ２　강화　파츠도,,18E51823EE01010101010101010101,True,18FCF107F16FC9F5C426516CF83420,1,,,62868D,일시적으로　무력화할　수　있습니다。,6286A9,준비해　두었습니다。,quarantine,unresolved
P4_direct_ext3_text_drift,6286B0,scenario_628679,unverified,review_translation_and_runtime_by_bundle,光の翼が月光蝶を押さえこんでいる間に,V2의 광의 날개가 턴 엑스의 월광접 출력을 필사적으로 억눌러 압살하는 틈을 타,こ빛의　날개가　월광접을　누르는　동안,빛의　날개가　월광접을　누르는　동안,,18E5181A310101010101010101010101010101,True,18E02A05E23E17F67C15E12BF33218F94B990C,1,,,6286A9,준비해　두었습니다。,6286C4,턴　엑스를　격파할　수　있다면……,quarantine,unresolved
P4_direct_ext3_text_drift,62873E,scenario_628725,unverified,review_translation_and_runtime_by_bundle,では、ディアナ女王。,"그렇다면, 디아나 여왕 폐하.",こ그럼、　디아나　여왕。,그럼、　디아나　여왕。,,18E5184B9501010101,True,18F26107F8E7F4860A,1,,,62872E,이제　깅가남에　대처할　수　있겠군！,628748,깅가남에게　갑시다。,quarantine,unresolved
P4_direct_ext3_text_drift,628765,scenario_628757,unverified,review_translation_and_runtime_by_bundle,ギンガナムは月に……,깅가남의 역모 본진은 저 달의 공역……,こ깅가남은　달에……,깅가남은　달에……,,18E5182C0501010101,True,18FCD508E0770CF191,2,,,628757,네、　부탁드려요。,628770,こ우리　문레이스의　수도、,quarantine,unresolved
P4_direct_ext3_text_drift,628770,scenario_628757,unverified,review_translation_and_runtime_by_bundle,私たちム－ンレィスの首都、,"우리 문레이스 문명의 유구한 수도 행성,",こ우리　문레이스의　수도、,우리　문레이스의　수도、,,18E5180BF80101010101,True,1841F375FDB305F51E07,1,,,628765,こ깅가남은　달에……,62877B,폰　시티에　있을　겁니다。,quarantine,unresolved
P2_direct_ext3_exact_text,6287BA,scenario_6287AC,unverified,second_batch_representative_runtime_test,ブライト艦長。,브라이트 함장.,こ브라이트　함장。,브라이트　함장。,True,18E518C50B01,True,18F97EF4FA0A,2,,,6287AC,……그거　다행이군。,6287C2,こ그녀에게　헨켄　함장의　빈자리를,quarantine,unresolved
P4_direct_ext3_text_drift,6287C2,scenario_6287AC,unverified,review_translation_and_runtime_by_bundle,彼女にはヘンケン艦長の抜けた穴を,그녀 베라 론다에게는 요격 전사한 헨켄 함장의 대열 사각지대를,こ그녀에게　헨켄　함장의　빈자리를,그녀에게　헨켄　함장의　빈자리를,,18E51823FE010101010101010101010101,True,18F383F467F986F4FA05E119F48FE37415,1,,,6287BA,こ브라이트　함장。,6287D4,메워　주면　어떻겠나？,quarantine,unresolved
P3_direct_ext3_control_adjacent_text_drift,6287F8,scenario_6287E9,unverified,confirm_current_text_then_rehome,べラさん、よろしくお願いします。,"베라 님, 부디 아군 함대의 후방 조율을 부탁드립니다.",こ베라　씨、　잘　부탁합니다。,베라　씨、　잘　부탁합니다。,,18E518199A0101010101010101,True,18F002F36607FC18E0A0FAB60A,2,0867,True,6287E9,……대위님　말씀대로입니다。,62880A,네、　이쪽이야말로요。,quarantine,unresolved
P4_direct_ext3_text_drift,628868,scenario_628840,unverified,review_translation_and_runtime_by_bundle,いちどドックに戻して,본부 정비 도크에 긴급 회항하여 입고시켜,こ한번　도크로　돌려서,한번　도크로　돌려서,,18E5184B960101010101,True,18F893F7520CE042F413,1,,,628853,이쪽은　꽤　오래　써　왔으니,628873,다시　오버홀해야　해。,quarantine,unresolved
P2_direct_ext3_exact_text,628895,scenario_62888B,unverified,second_batch_representative_runtime_test,では、ブライト艦長。,"그렇다면, 브라이트 함장.",こ그렇다면、　브라이트　함장。,그렇다면、　브라이트　함장。,True,18E518C50C01010101,True,18F26107F97EF4FA0A,2,,,62888B,……그렇군요。,6288A0,こ마더　뱅가드가　라디쉬의,quarantine,unresolved
P4_direct_ext3_text_drift,6288A0,scenario_62888B,unverified,review_translation_and_runtime_by_bundle,マザ－・バンガ－ドにラ－ディッシュの,마더 뱅가드 기함에게 저 넬 아가마의,こ마더　뱅가드가　라디쉬의,마더　뱅가드가　라디쉬의,,18E518C5E80101010101,True,18F5942AFCD20CFE5705,1,,,628895,こ그렇다면、　브라이트　함장。,6288AB,빈자리를　메워　달라고　하면　어떻겠나？,quarantine,unresolved
P3_direct_ext3_control_adjacent_text_drift,6288D4,scenario_6288C2,unverified,confirm_current_text_then_rehome,べラさん、よろしくお願いします。,"베라 님, 부디 아군 함대의 후방 조율을 부탁드립니다.",こ베라　씨、　잘　부탁합니다。,베라　씨、　잘　부탁합니다。,,18E518199A0101010101010101,True,18F002F36607FC18E0A0FAB60A,2,0867,True,6288C2,……네、　대위님　말씀대로입니다。,6288E6,네、　이쪽이야말로요。,quarantine,unresolved
P3_direct_ext3_control_adjacent_text_drift,628914,scenario_6288F9,unverified,confirm_current_text_then_rehome,……らしくないじゃないか。,……자네들 프로스트 형제의 명성답지 않게 몹시 추하군.,こ……너답지　않잖아。,……너답지　않잖아。,,18E51830090101010101,True,18F191F605F526FBB30A,2,1728,True,628906,뒤처질　줄이야……,62892A,자네는　에우고를　얕보는　듯하지만、,quarantine,unresolved
P4_direct_ext3_text_drift,62894C,scenario_62892A,unverified,review_translation_and_runtime_by_bundle,彼らは強くなった。,녀석들은 수많은 사지를 뚫으며 스펙이 비약적으로 향상되었어.,こ그들은　강해졌어。,그들은　강해졌어。,,18E5182AB801010101,True,1895F05BE055F9D10A,1,,,62893C,그　생각은　고치는　게　좋다。,628956,아마　우리　최대의　장애가　되겠지。,quarantine,unresolved
P4_direct_ext3_text_drift,628968,scenario_62892A,unverified,review_translation_and_runtime_by_bundle,君だってー度は、シグ・ウェドナ－に,"자네 아인 역시 과거 전역에서, 시그 웨드너 녀석의 기습에",こ너도　한번은　시그　웨드너에게,너도　한번은　시그　웨드너에게,,18E518C50D010101010101010101,True,1861F649F0130807F50B2AFD0A0C,1,,,628956,아마　우리　최대의　장애가　되겠지。,628977,당했을　텐데。,quarantine,unresolved
P4_direct_ext3_text_drift,6289A1,scenario_628987,unverified,review_translation_and_runtime_by_bundle,セラがシステムを使いこなせてれば,세라 저 인형 녀석이 시스템 뇌파 전파를 완벽히 출력해 냈다면,こ세라가　시스템을　조종했다면,세라가　시스템을　조종했다면,,18E518300E0101010101010101010101,True,18F42917F90415E001041806F55EF03E,1,,,628994,완전하지　않았기　때문이다！！,6289B2,그　녀석　따위……！！,quarantine,unresolved
P4_direct_ext3_text_drift,6289CF,scenario_6289C5,unverified,review_translation_and_runtime_by_bundle,たとえ全力を発揮できたとしても,설령 세라를 갈아 넣어 시스템 원시 출력을 100% 해방한다 해도,こ전력을　낼　수　있더라도,전력을　낼　수　있더라도,,18E5183AC6010101010101010101,True,18F7C7F09A15F10E1632F379F5CB,1,,,6289C5,……아니。,6289DE,현재　시스템에는　한계가　있다。,quarantine,unresolved
P3_direct_ext3_control_adjacent_text_drift,628A0A,scenario_6289EF,unverified,confirm_current_text_then_rehome,それまでは無理は禁物だよ。,그 대업 완수 전엔 전선에서 무리하게 개죽음당하는 건 금물일세.,こ그때까진　무리는　금물이야。,그때까진　무리는　금물이야。,,18E51891C601010101010101,True,18F9A708F1BC08F0FAF5500A,2,0807,True,6289FC,완성까지는　아직　시간이　있어。,628A1B,………………,quarantine,unresolved
P3_direct_ext3_control_adjacent_text_drift,628A48,scenario_628A27,unverified,confirm_current_text_then_rehome,少なくとも時間を稼がねば……,테라 수오노 기체 하역 전까지 적어도 일정 시간을 벌어야 해……,こ적어도　시간을　벌어야……,적어도　시간을　벌어야……,,18E518301401010101010101010101,True,18880624F17AF47815E2C5F882F191,2,0817,True,628A36,강해지지　않도록　손을　써야　해。,628A5C,깅가남만으로는　벅찬　모양이군。,quarantine,unresolved
P4_direct_ext3_text_drift,628A9F,scenario_628A80,unverified,review_translation_and_runtime_by_bundle,彼のオモチャも,그가 애타게 개발 중인 전용기 장난감 디 오 역시,こ그의　장난감도,그의　장난감도,,18E518301701,True,189505F9B720,1,,,628A8C,그에게　한　번　더　일하게　하자。,628AA6,곧　쓸　수　있게　될　테고。,quarantine,unresolved
P5_non_direct_native_or_other,628AB8,scenario_628A80,unverified,do_not_autofix_static_false_positive_possible,ふふふふ……,후후후후……,こ후후후후……,후후후후……,True,18FF70FF07,,18FA22F191,2,1728,True,628AA6,곧　쓸　수　있게　될　테고。,628AC8,깅가남　함대、　디아나　카운터의,quarantine,unresolved
P4_direct_ext3_text_drift,628B66,scenario_628B52,unverified,review_translation_and_runtime_by_bundle,ブライト艦長たちが,인질 격실에 감금되어 있던 브라이트 함장 일행이,こ브라이트　함장들이,브라이트　함장들이,,18E518C5110101,True,18F97EF4FAF758,1,,,628B52,……백의　궁전에서　통신입니다！！,628B6E,회견장에서　탈출했다고　합니다！！,quarantine,unresolved
P5_non_direct_native_or_other,628BE6,scenario_628BCB,unverified,do_not_autofix_static_false_positive_possible,ア－ガマは,아가마 본선은 기체 출력을 극대화하여,こ아가마는,아가마는,,18F98E01,,18FB7808,1,,,628BDB,브라이트　일행을　구출한다！,628BEB,전속력으로　백의　궁전으로　가라！！,quarantine,unresolved
P4_direct_ext3_text_drift,628BFB,scenario_628BCB,unverified,review_translation_and_runtime_by_bundle,マザ－・バンガ－ドは,마더 뱅가드 기함은 침투하는,こ마더　뱅가드는,마더　뱅가드는,,18E5182B7A0101,True,18F5942AFCD208,1,,,628BEB,전속력으로　백의　궁전으로　가라！！,628C03,아가마를　엄호하라！！,quarantine,unresolved
P3_direct_ext3_control_adjacent_text_drift,628C68,scenario_628C54,unverified,confirm_current_text_then_rehome,ここに、ブライトたちはいる！！,인질 레이더망 확인 결과 저 지하 격실에 브라이트 일행이 생존해 있다！！,こ여기에　브라이트들이　있다！！,여기에　브라이트들이　있다！！,,18E518C5130101010101,True,18F79E07F97EFC95F044,2,1728,True,628C5B,이　건물까지　전진시켜라！,628C7C,……웃소　군！！,quarantine,unresolved
P4_direct_ext3_text_drift,628CFB,scenario_628CF1,unverified,review_translation_and_runtime_by_bundle,君はネオ・ジオンの者だろう？,자네 군복의 마크는 네오 지온 소속의 조종병 아닌가？,こ자넨　네오　지온　사람이지？,자넨　네오　지온　사람이지？,,18E518C5140101010101010101,True,186108F1002AF7AB059FF5AE1D,1,,,628CF1,……대체　어떻게　된　거지？,628D09,왜　우리를　돕는　거지？,quarantine,unresolved
P4_direct_ext3_text_drift,628D4F,scenario_628D41,unverified,review_translation_and_runtime_by_bundle,だが、ハマ－ン様のお命じになったことだ,"하지만, 하만 님께서 직접 결재안에 날인하신 특급 기밀 밀명이다.",こ하지만　하만　님의　명령이니、,하지만　하만　님의　명령이니、,,18E5183037010101010101010101010101,True,18F53807FA298BF444E0084CFB9518130D,1,,,628D41,그건　나도　모른다。,628D61,분명　깊은　이유가　있겠지。,quarantine,unresolved
P3_direct_ext3_control_adjacent_text_drift,628D71,scenario_628D41,unverified,confirm_current_text_then_rehome,さあ、行くぞ……ついて来るのだ！,"자, 주절주절 질문할 여유 없다…… 날 따라 엄호 구역으로 뛰어라！",こ자、　가자……　따라와라！,자、　가자……　따라와라！,,18E518303901010101010101010101,True,18F32B076BF0EAF191F6979BF70903,2,1728,True,628D61,분명　깊은　이유가　있겠지。,628D87,앗！　기、　기다리게……,quarantine,unresolved
P3_direct_ext3_control_adjacent_text_drift,628DBB,scenario_628D9C,unverified,confirm_current_text_then_rehome,……さあ、ディアナ様、こちらへ。,"……자 폐하, 제 어깨를 잡으시고 엄호 격실 이송 경로로 뛰어 내리십시오.",こ……자、　디아나　님、　이쪽으로。,……자、　디아나　님、　이쪽으로。,,18E518C5170101010101010101,True,18F191F32B07F8E78B07FB0E0A,2,0845,True,628DAD,지금은　여기서　빠져나가는　게　먼저다。,628DCD,……브라이트　함장。,quarantine,unresolved
P2_direct_ext3_exact_text,628E31,scenario_628E26,unverified,second_batch_representative_runtime_test,……って、ええっ！？,"……어라, 으에엣！？",こ……어라、　으에엣！？,……어라、　으에엣！？,True,18E518C51A0101010101,True,18F191F15607F749F040,2,,,628E26,브라이트　함장！！,628E3D,こ대체　뭐야、　너는！？,quarantine,unresolved
P3_direct_ext3_control_adjacent_text_drift,628E3D,scenario_628E26,unverified,confirm_current_text_then_rehome,なんなんだよ、オマエは！？,네놈은 침투 요격 때 보았던 그 프로스트 형제의 사냥개 자식 아니냐！？,こ대체　뭐야、　너는！？,대체　뭐야、　너는！？,,18E518303D01010101,True,18FD7B07F68F08F040,2,1728,True,628E31,こ……어라、　으에엣！？,628E4D,함장을　구해　준　은인에게,quarantine,unresolved
P4_direct_ext3_text_drift,628EDF,scenario_628ED1,unverified,review_translation_and_runtime_by_bundle,現在、ギンガナム艦隊の,"현재, 깅가남 반역 함대 직속의",こ현재　깅가남　함대의,현재　깅가남　함대의,,18E5183B9D01010101,True,18F32007FCD5F50105,1,,,628ED1,아、　네！！,628EE9,모빌슈트　부대와　교전　중입니다！,quarantine,unresolved
P3_direct_ext3_control_adjacent_text_drift,628F19,scenario_628EFA,unverified,confirm_current_text_then_rehome,……これより反撃に移る！,……지금 이 순간부로 깅가남 반역군에 전면 역공을 단행한다！,こ……이제　반격한다！,……이제　반격한다！,,18E518304A01010101010101,True,18F191FAE0F54C0CE0FE0F03,2,084B,True,628F07,나를　포함해　인질은　무사히　구출됐다！,628F2A,……알겠습니다！！,quarantine,unresolved
P3_direct_ext3_control_adjacent_text_drift,629117,scenario_62910C,unverified,confirm_current_text_then_rehome,タ、タ－ンＸの月光蝶が……！！,"턴, 턴 엑스의 파괴 월광접 나노머신 소용돌이가 역으로 분해 교란당하고 있어……！！",こ터、　턴Ｘ의　월광접이……！！,터、　턴Ｘ의　월광접이……！！,,18E5184AB5010101010101010101,True,183007F85CE04E05F67C17F60C03,2,1728,True,62910C,……뭐라고！？,629131,해냈군、　웃소　군！！,quarantine,unresolved
P4_direct_ext3_text_drift,6291D5,scenario_6291C3,unverified,review_translation_and_runtime_by_bundle,ー年戦争でギレンが使ったソ－ラ－・レイだ,과거 1년 전쟁 당시 독재자 기렌 자비가 인류 도살용으로 쏘았던 솔라 레이 시스템의 재림일세.,こ１년전쟁에서　기렌이　쓴　솔라　레이다,１년전쟁에서　기렌이　쓴　솔라　레이다,,18E518C51C010101010101010101010101,True,18FA9116F6D717E001F150FBA02AF1380D,2,,,6291CB,콜로니　레이저인가！！,6291E8,こ티탄즈나　네오　지온이,quarantine,unresolved
P4_direct_ext3_text_drift,6291E8,scenario_6291C3,unverified,review_translation_and_runtime_by_bundle,ティタ－ンズかネオ・ジオンが,티탄즈 놈들이나 네오 지온의 극단 분자들이,こ티탄즈나　네오　지온이,티탄즈나　네오　지온이,,18E518C51D0101010101,True,18FDC40EF1002AF7AB17,1,,,6291D5,こ１년전쟁에서　기렌이　쓴　솔라　레이다,6291F3,그와　같은　병기를　썼음이　틀림없다。,quarantine,unresolved
P4_direct_ext3_text_drift,62923D,scenario_629230,unverified,review_translation_and_runtime_by_bundle,また会えたとは……,이 피비린내 격전지 공역에서 다시 조우하게 될 줄이야……,こ또　만날　줄이야……,또　만날　줄이야……,,18E518C0A6010101,True,18F194C1F8CEF191,1,,,629230,오랜만이군、　샤아。,629246,이　인연、　이상하지　않겠어。,quarantine,unresolved
P4_direct_ext3_text_drift,6292E1,scenario_6292CD,unverified,review_translation_and_runtime_by_bundle,これに対抗するため、,"그 엄청난 레이저 섬광 파괴력을 요격해 억제하기 위해,",こ이에　맞서기　위해、,이에　맞서기　위해、,,18E5180B36010101,True,18F62EF1A2FB9B07,1,,,6292D4,콜로니　레이저를　완성했다。,6292EA,우리는　네오　지온과　손을　잡는다。,quarantine,unresolved
P4_direct_ext3_text_drift,629327,scenario_62931A,unverified,review_translation_and_runtime_by_bundle,また会えたとは……,이 피비린내 격전지 공역에서 다시 조우하게 될 줄이야……,こ또　만날　줄이야……,또　만날　줄이야……,,18E518C0A6010101,True,18F194C1F8CEF191,1,,,62931A,오랜만이군、　샤아。,629330,이　인연、　이상하지　않겠어。,quarantine,unresolved
P4_direct_ext3_text_drift,6293A0,scenario_62938C,unverified,review_translation_and_runtime_by_bundle,これに対抗するため、,"그 엄청난 레이저 섬광 파괴력을 요격해 억제하기 위해,",こ이에　맞서기　위해、,이에　맞서기　위해、,,18E5180B36010101,True,18F62EF1A2FB9B07,1,,,629393,콜로니　레이저를　완성했다。,6293A9,우리는　네오　지온과　손을　잡는다。,quarantine,unresolved
P3_direct_ext3_control_adjacent_text_drift,629414,scenario_6293FB,unverified,confirm_current_text_then_rehome,私はそれだけの権限を与えられている。,나 웡 리는 그 정도 정치 거래안에 날인해 조율할 전권 위임 권한을 쥐고 있으니까.,こ내겐　그만한　권한이　있다。,내겐　그만한　권한이　있다。,,18E518306601010101010101010101010101,True,184108FBEBE22BE11B15E1202BF792F2900A,2,0857,True,629409,그　사실을　철저히　주지시키겠다。,62942B,……그렇군。,quarantine,unresolved
P4_direct_ext3_text_drift,629467,scenario_62945D,unverified,review_translation_and_runtime_by_bundle,シャアからそのようなことを,내 옛 정인인 샤아 네 입술을 통해 그런 다급한 전술 원조를,こ샤아에게　그런　부탁을,샤아에게　그런　부탁을,,18E5182B7C0101010101,True,18F7F1F124FC4D181315,1,,,62945D,……후후。,629472,기쁘군。,quarantine,unresolved
P4_direct_ext3_text_drift,62947F,scenario_62945D,unverified,review_translation_and_runtime_by_bundle,だが、困ったものだな。,"그렇지만, 참으로 안타깝고 볼품없구나.",こ하지만　곤란하군。,하지만　곤란하군。,,18E518306A01010101,True,18F53807E168FD710A,1,,,629472,기쁘군。,629489,너는　부탁하는　법을　모르는　모양이군。,quarantine,unresolved
P4_direct_ext3_text_drift,6294DD,scenario_6294D3,unverified,review_translation_and_runtime_by_bundle,約束は守る。,웡 리가 수락한 자비 가문 복권 서명 약속은 내가 목숨 걸고 보증해 이행하마.,こ약속은　지킨다。,약속은　지킨다。,,18E518306E010101,True,18F45308E03B0F0A,1,,,6294D3,……후후。,6294E6,우리　힘을　그　눈에　새겨　두거라。,quarantine,unresolved
P4_direct_ext3_text_drift,629570,scenario_629563,unverified,review_translation_and_runtime_by_bundle,ハマ－ンなんかと手を組んで,하만 칸 저 잔악한 마녀년과 손잡고 작전하다가,こ하만　같은　자와　손잡았다가,하만　같은　자와　손잡았다가,,18E5183076010101010101,True,18FA29F99F7215E0B6F222,1,,,629563,저는　반대입니다。,62957C,뒤에서　총　맞는　건　사양하겠어요！！,quarantine,unresolved
P3_direct_ext3_control_adjacent_text_drift,6295D3,scenario_6295C7,unverified,confirm_current_text_then_rehome,作戦が始まるまで、自室で謹慎していろ！！,"공습 개시 전까지 함 내 전술 행동을 멈추고, 네 개인 침실 격실에서 조용히 자숙하며 자중해라！！",こ작전　시작까지　방에서　근신해라！！,작전　시작까지　방에서　근신해라！！,,18E518307A0101010101010101010101010101010101010101,True,18F1E317E02DF1A6F19D07B6E38916E4C1E295F4130442F044,2,1728,True,6295C7,그만해、　카츠！！,6295F8,에우고는　옛　군대　그대로네요。,quarantine,unresolved
P4_direct_ext3_text_drift,629635,scenario_629625,unverified,review_translation_and_runtime_by_bundle,まさか、アナタもこの作戦に,"혹시, 자네마저 이번 네오 지온 공동 제휴 작전안에",こ설마、　당신도　이　작전에,설마、　당신도　이　작전에,,18E518307D010101010101,True,18F84507F809F8AEF1E30C,1,,,629625,……아아、　베라　로나。,629641,반대하고　있습니까？,quarantine,unresolved
P4_direct_ext3_text_drift,62965A,scenario_629650,unverified,review_translation_and_runtime_by_bundle,コロニ－・レ－ザ－を攻略するには,저 요새 포탑 콜로니 레이저를 공략 분쇄하기 위해선,こ콜로니　레이저를　공략하려면,콜로니　레이저를　공략하려면,,18E518307F010101010101,True,18FA7D2AF91515F0B5FB2E,1,,,629650,……아니요。,629666,우리　전력만으로는　부족하니까요。,quarantine,unresolved
P4_direct_ext3_text_drift,629676,scenario_629650,unverified,review_translation_and_runtime_by_bundle,……それに、あのハマ－ンという人は,"……게다가, 저 하만 칸이라는 네오 지온의 총수는",こ……그리고　그　하만이란　사람은,……그리고　그　하만이란　사람은,,18E5183080010101010101010101,True,18F191F5AC07F3DAFA29F6645008,1,,,629666,우리　전력만으로는　부족하니까요。,629685,믿어도　될　것　같습니다。,quarantine,unresolved
P4_direct_ext3_text_drift,6296B7,scenario_6296AD,unverified,review_translation_and_runtime_by_bundle,ただ……,단지……,こ단지……　작전　내내　긴장의　끈을　늦춰,단지……　작전　내내　긴장의　끈을　늦춰,,18E51839E3,True,18F371F191,1,,,6296AD,……네。,6296BD,방심할　수는　없다고　생각합니다。,quarantine,unresolved
P4_direct_ext3_text_drift,6296CB,scenario_6296AD,unverified,review_translation_and_runtime_by_bundle,あの人自身はともかくとして、,"하만 개인의 신용도와 무관하게, 그녀는",こ그　사람　자신과는　별개로、,그　사람　자신과는　별개로、,,18E5183084010101010101,True,18F3DA50F489FC06F80C07,1,,,6296BD,방심할　수는　없다고　생각합니다。,6296D7,네오　지온을　이끄는　입장이니까요。,quarantine,unresolved
P4_direct_ext3_text_drift,629782,scenario_62975F,unverified,review_translation_and_runtime_by_bundle,それと、新型のモビルス－ツも,"그리고, 함께 탑재하여 수송해 온 신형 특수 모빌슈트 역시",こ그리고　신형　ＭＳ도,그리고　신형　ＭＳ도,,18E5183B9E0101010101,True,18F5AB07F3A905FD7920,1,,,62976C,얼마　전　완성한　최신예함이지。,62978D,준비해　두었다。,quarantine,unresolved
P4_direct_ext3_text_drift,629794,scenario_62975F,unverified,review_translation_and_runtime_by_bundle,ダブルゼ－タガンダムと言って,"더블 제타 건담이라고 칭해지며,",こ더블　제타　건담이라고、,더블　제타　건담이라고、,,18E5182B7D01010101,True,18FD5AF90D137AF156,1,,,62978D,준비해　두었다。,62979E,제타의　후계기로　개발된　신형이다。,quarantine,unresolved
P4_direct_ext3_text_drift,6297CB,scenario_6297C3,unverified,review_translation_and_runtime_by_bundle,君らにはティタ－ンズのシロッコとアクシズ,귀관들이 이 건담에 탑승해 티탄즈의 교활한 시로코와 액시즈,こ너희는　티탄즈의　시로코와,너희는　티탄즈의　시로코와,,18E518308C01010101010101,True,1861F635FDC405F9F313FB74,1,,,6297C3,그래。,6297D8,하만을　쓰러뜨려야　한다。,quarantine,unresolved
P4_direct_ext3_text_drift,6297EA,scenario_6297C3,unverified,review_translation_and_runtime_by_bundle,そのための新戦艦であり、,"그 소탕 임무를 원호하기 위한 최신형 기함이며,",こ그걸　위한　신형　전함과,그걸　위한　신형　전함과,,18E5184B9A0101010101,True,18FCF1E021F2C4F79B07,1,,,6297D8,하만을　쓰러뜨려야　한다。,6297F5,신형　모빌슈트다。,quarantine,unresolved
P4_direct_ext3_text_drift,6297FE,scenario_6297C3,unverified,review_translation_and_runtime_by_bundle,諸君らには期待しているぞ。,우주 본부 장성단은 귀관 대원들에게 엄청난 기대를 품고 있네.,こ제군을　기대하고　있다。,제군을　기대하고　있다。,,18E51830900101010101,True,18F152F635F305FCCB0A,1,,,6297F5,신형　모빌슈트다。,629809,부디　우리에게　승리를　가져다주게。,quarantine,unresolved
P3_direct_ext3_control_adjacent_text_drift,629829,scenario_629820,unverified,confirm_current_text_then_rehome,ご期待にそえるよう努力します。,본부 장성단 기대에 실망시키지 않도록 임무 완수에 목숨을 걸겠습니다.,こ기대에　부응하도록　노력하겠습니다。,기대에　부응하도록　노력하겠습니다。,,18E51830920101010101010101010101,True,18D3F3050C22F0BBF49EE50D57F6700A,2,1728,True,629820,네……,629843,……브라이트　중령。,quarantine,unresolved
P4_direct_ext3_text_drift,629881,scenario_629879,unverified,review_translation_and_runtime_by_bundle,ティタ－ンズのコロニ－・レ－ザ－は,인류를 향해 총구를 겨누는 티탄즈의 콜로니 레이저 포대 작동은,こ티탄즈의　콜로니　레이저는,티탄즈의　콜로니　레이저는,,18E51830950101010101,True,18FDC405FA7D2AF91508,1,,,629879,네。,62988C,막아야　합니다。,quarantine,unresolved
P4_direct_ext3_text_drift,6298B5,scenario_629896,unverified,review_translation_and_runtime_by_bundle,この戦乱には我らム－ンレィスも,이 피비린내 나는 우주 전란에는 우리 문레이스 왕가 역시,こ이　전란에는　우리　문레이스도,이　전란에는　우리　문레이스도,,18E5182B7E01010101010101,True,18F362F360F4676A1CFDB320,1,,,6298A6,당신들과　동행시키지요。,6298C2,관여하고　있습니다。,quarantine,unresolved
P4_direct_ext3_text_drift,6298C9,scenario_629896,unverified,review_translation_and_runtime_by_bundle,女王として手をこまねいて,일국의 영광스러운 여왕으로서 무고한 피가 흐르는 걸 팔짱 끼고,こ여왕으로서　손놓고,여왕으로서　손놓고,,18E518309A01010101010101,True,18F486F80C721518214DF275,1,,,6298C2,관여하고　있습니다。,6298D6,지켜볼　수는　없습니다。,quarantine,unresolved
P4_direct_ext3_text_drift,629929,scenario_629917,unverified,review_translation_and_runtime_by_bundle,女王の申し出、,"여왕 폐하의 숭고한 결단에 따른 원군 파견안을,",こ여왕의　제안、,여왕의　제안、,,18E51830A001010101,True,18F48605E0EF126F07,1,,,629917,……바라던　바입니다。,629933,감사히　받아들이겠습니다。,quarantine,unresolved
P4_direct_ext3_text_drift,6299F3,scenario_6299E0,unverified,review_translation_and_runtime_by_bundle,初めは私に期待を抱かせ、,"매번 초창기 회담 조우에선 내 가슴에 일말의 기대를 품게 하고,",こ처음엔　내게　기대를　주고、,처음엔　내게　기대를　주고、,,18E51830A801010101010101010101,True,18E139F406410CF30515E233F13C07,1,,,6299E0,변하지　않았군、　너는……,629A03,마지막에　나를　배신하다니……！,quarantine,unresolved
P4_direct_ext3_text_drift,629A2B,scenario_629A15,unverified,review_translation_and_runtime_by_bundle,私も自分の卑怯さは,나 자신 역시 내가 지닌 우유부단함 및 비겁한 생리만큼은,こ나도　내　비겁함은,나도　내　비겁함은,,18E51830A90101010101,True,184120F48A05F5672508,1,,,629A15,……무슨　말을　해도　상관없어。,629A36,자각하고　있다고　생각해。,quarantine,unresolved
P4_direct_ext3_text_drift,629AF1,scenario_629AE0,unverified,review_translation_and_runtime_by_bundle,そもそもこのあたりにモビルス－ツの,애초에 이런 척박한 폐광 동굴 공역에 모빌슈트 전용……,こ애초에　이　근처엔　ＭＳ,애초에　이　근처엔　ＭＳ,,18E5180BFF01010101010101,True,18FAD5F3621F11F22AFD7905,1,,,629AE0,게다가　내가　모르는　기체다。,629AFE,격납고가　없어야　하는데……,quarantine,unresolved
P1_direct_ext3_exact_text_control_adjacent,629B69,scenario_629B4C,unverified,high_priority_batch_after_anchor_pass,そうしてくれると助かる。,그렇게　해주면　도움이　된다.,こ그렇게　해주면　도움이　된다。,그렇게　해주면　도움이　된다。,True,18E518A001010101010101,True,18F426FCE613E000F1230A,2,1728,True,629B5C,평범한　기체는　아닐　거야……,629B7E,스트라이크　건담？,quarantine,unresolved
P4_direct_ext3_text_drift,629BF2,scenario_629BDF,unverified,review_translation_and_runtime_by_bundle,技術者に調ベさせたが、月光蝶のように,엔지니어가　조베　했지만　달빛　나비처럼,こ기술진이　조사했지만、　월광접처럼,기술진이　조사했지만、　월광접처럼,,18E5181B970101010101010101,True,18F7F70CE0C0FC2C07F67CFA17,1,,,629BE6,저　기체에는　월광접이　없어。,629C00,위험한　장비는　없는　듯하다。,quarantine,unresolved
P2_direct_ext3_exact_text,629C2F,scenario_629C1B,unverified,second_batch_representative_runtime_test,おそらく、これからの戦いは,아마　앞으로의　싸움은,こ아마　앞으로의　싸움은,아마　앞으로의　싸움은,True,18E518A00301010101,True,18FAA707FC1939F27F,1,,,629C24,당신들이　사용하세요。,629C39,더　엄격해질　테니까……,quarantine,unresolved
P4_direct_ext3_text_drift,629C50,scenario_629C46,unverified,review_translation_and_runtime_by_bundle,この先ティタ－ンズやネオ・ジオンと,앞으로　티탄과　네오　지온,こ앞으로　티탄과　네오　지온　대항하기에는,앞으로　티탄과　네오　지온　대항하기에는,,18E51826F6010101010101010101,True,18F362E01AFDC43AF1002AF7AB13,1,,,629C46,……그렇군요。,629C5F,맞서려면　전력은　많을수록　좋습니다。,quarantine,unresolved
P5_non_direct_native_or_other,629C72,scenario_629C46,unverified,do_not_autofix_static_false_positive_possible,ありがたくいただいておきます。,고맙습니다.,こ감사히　받아두겠습니다。,감사히　받아두겠습니다。,,18F93601,,18FEF20A,2,1728,True,629C5F,맞서려면　전력은　많을수록　좋습니다。,629C81,전　함、　배치　완료했습니다！,quarantine,unresolved
P4_direct_ext3_text_drift,629CB4,scenario_629CA9,unverified,review_translation_and_runtime_by_bundle,これよりコロニ－・レ－ザ－攻略作戦を,이것보다　콜로니　-　·　레　-　더　-　공략　작전,こ지금부터　콜로니・레이저　공략작전을,지금부터　콜로니・레이저　공략작전을,,18E518E4BD0101010101010101,True,18FAE0FA7D2AF915F0B5F1E315,1,,,629CA9,……좋아！！,629CC2,개시한다！！,quarantine,unresolved
P2_direct_ext3_exact_text,629CCA,scenario_629CA9,unverified,second_batch_representative_runtime_test,各部隊はネオ・ジオンと協力しつつ,각　부대는　네오　지온과　협력하면서,こ각　부대는　네오　지온과　협력하면서,각　부대는　네오　지온과　협력하면서,True,18E518C53E01010101010101010101,True,18F58F08F1002AF7AB13F459124040,1,,,629CC2,개시한다！！,629CDA,콜로니　레이저로　향하라！！,quarantine,unresolved
P2_direct_ext3_exact_text,629D03,scenario_629CEC,unverified,second_batch_representative_runtime_test,敵が狙いを定める前に,적이　목표를　정하기　전에,こ적이　목표를　정하기　전에,적이　목표를　정하기　전에,True,18E518A0070101010101010101,True,187F17E129F293E076F419960C,1,,,629CEC,이　작전은　신속한　기동이　관건이다！！,629D11,콜로니・레이저를　파괴하는　거다！！,quarantine,unresolved
P3_direct_ext3_control_adjacent_text_drift,629D44,scenario_629D24,unverified,confirm_current_text_then_rehome,各員、たのんだぞ！,"각원,　접어라！",こ각자、　부탁한다！,각자、　부탁한다！,,18E5182CF00101,True,18F14907FCBF03,2,1728,True,629D33,봉쇄할　수　있느냐에　달렸다！！,629D55,여기는　디아나　소렐。,quarantine,unresolved
P4_direct_ext3_text_drift,629D7E,scenario_629D75,unverified,review_translation_and_runtime_by_bundle,エゥ－ゴと手を組んでまで,에고와　손을　잡고까지,こ에우고와　손을　잡으면서까지,에우고와　손을　잡으면서까지,,18E5183D0E01010101010101,True,18F8E3137215E0B6F222F19D,1,,,629D75,후후후……,629D8B,일부러　공격하러　오다니……,quarantine,unresolved
P3_direct_ext3_control_adjacent_text_drift,629D9B,scenario_629D75,unverified,confirm_current_text_then_rehome,……っているな、ハマ－ンめ。,"……하고　있구나,　하만메.",こ……하고　있구나、　하만　녀석。,……하고　있구나、　하만　녀석。,,18E5181D490101010101010101,True,18F191E292F9200607FA29470A,2,1728,True,629D8B,일부러　공격하러　오다니……,629DAF,콜로니　레이저　발사　준비、,quarantine,unresolved
P4_direct_ext3_text_drift,629DE4,scenario_629DCB,unverified,review_translation_and_runtime_by_bundle,要さえ消えてしまば,가장 핵심적인 적 기함만 격침해 없새버린다면,こ핵심만　사라지면,핵심만　사라지면,,18E51830B3010101010101,True,1881F332E05CF11E122149,1,,,629DD4,조준을　에우고　기함에　맞춰라！！,629DF0,나머지는　오합지졸에　불과하다！！,quarantine,unresolved
P3_direct_ext3_control_adjacent_text_drift,629E05,scenario_629DCB,unverified,confirm_current_text_then_rehome,通常戦力でじゅうぶん駆逐できる！,아군의 통상 화력 스펙만으로도 충분히 격멸 구축할 수 있어！,こ통상전력으로도　충분히　쓸어버린다！,통상전력으로도　충분히　쓸어버린다！,,18E5183A8A01010101010101010101010101,True,18AEE19BF387164CE1EC14B519F1A4F64F03,2,1728,True,629DF0,나머지는　오합지졸에　불과하다！！,629E1E,……헉！！,quarantine,unresolved
P4_direct_ext3_text_drift,629E49,scenario_629E33,unverified,review_translation_and_runtime_by_bundle,この２つの勢力が消えれば,이 두 거대 방해 세력만 우주 공역에서 소멸한다면,こ이　두　세력이　사라지면,이　두　세력이　사라지면,,18E51830B501010101010101010101,True,18F362E026F118F13E17E05C2BF03E,1,,,629E3B,그리고　하만의　네오　지온。,629E59,그레미　토토　따위　두렵지　않다。,quarantine,unresolved
P4_direct_ext3_text_drift,629E6C,scenario_629E33,unverified,review_translation_and_runtime_by_bundle,……最後に勝つのは私だ。,……전쟁의 최종 승리 왕관을 쓰는 승리자는 바로 나 시로코다.,こ……마지막에　이기는　건　나다。,……마지막에　이기는　건　나다。,,18E5183D0F0101010101010101,True,18F191F4090CE003F804410D0A,1,,,629E59,그레미　토토　따위　두렵지　않다。,629E7A,후후후후……,quarantine,unresolved
P3_direct_ext3_control_adjacent_text_drift,629E9A,scenario_629E88,unverified,confirm_current_text_then_rehome,タ－ゲット、エゥ－ゴ旗艦だ！！,조준 타깃 조준점은 에우고의 기함 아가마선이다！！,こ표적、　에우고　기함이다！！,표적、　에우고　기함이다！！,,18E51830B8010101010101,True,18FD0707F8E3F2BD0DF044,2,1728,True,629E88,콜로니　레이저　충전을　서둘러라！！,629EB1,브라이트　함장！,quarantine,unresolved
P3_direct_ext3_control_adjacent_text_drift,629EF9,scenario_629EE1,unverified,confirm_current_text_then_rehome,なんとしても発射を阻止しろ！！,무슨 수단을 동원해서라도 레이저 발사를 저지 격파해야 한다！！,こ무슨　수를　써서든　발사를　막아라！！,무슨　수를　써서든　발사를　막아라！！,,18E51830BD01010101010101,True,18FD65F10215F464F3FDF044,2,1728,True,629EE9,전력으로　콜로니　레이저로　가라！！,629F0F,콜로니　레이저　조준은　아직인가！？,quarantine,unresolved
P4_direct_ext3_text_drift,629FA3,scenario_629F8E,unverified,review_translation_and_runtime_by_bundle,あと２タ－ン以内に,앞으로 단 2턴 이내에,こ앞으로　단　２턴　이내에,앞으로　단　２턴　이내에,,18E51830C0010101010101,True,18F3D9E026F85CC4E0CE0C,1,,,629F95,콜로니　레이저가　발사된다！！,629FAF,콜로니・레이저를　파괴하는　거다！！,quarantine,unresolved
P4_direct_ext3_text_drift,629FED,scenario_629FDC,unverified,review_translation_and_runtime_by_bundle,なんとしてもこのタ－ン中に,어떻게 해서든 이번 턴 이내에 포대를 격침해 정지시켜라,こ무슨　수를　써서든　이번　턴에,무슨　수를　써서든　이번　턴에,,18E51830C401010101,True,18FD65F362F85C520C,1,,,629FDC,안　돼、　시간이　없어！！,629FF7,콜로니・레이저를　파괴하는　거다！！,quarantine,unresolved
P4_direct_ext3_text_drift,62A02F,scenario_62A024,unverified,review_translation_and_runtime_by_bundle,こうなれば総力戦だ！,일이 이리 된 바에야 아군의 모든 사격 화력을 동원한 총력전이다！,こ이렇게　되면　총력전이다！,이렇게　되면　총력전이다！,,18E51830C701010101,True,18FD00E0BE57390D03,2,,,62A024,……동요하지　마라！！,62A03A,こ전군으로　에우고와　네오　지온을,quarantine,unresolved
P4_direct_ext3_text_drift,62A03A,scenario_62A024,unverified,review_translation_and_runtime_by_bundle,全軍をもってエゥ－ゴとネオ・ジオンを,아군 전 병력을 전개해 침입하는 에우고와 네오 지온 잔당을,こ전군으로　에우고와　네오　지온을,전군으로　에우고와　네오　지온을,,18E5184B9E010101010101010101,True,18F584F9ADF8E313F1002AF7AB15,1,,,62A02F,こ이렇게　되면　총력전이다！,62A049,맞아　싸운다！！,quarantine,unresolved
P4_direct_ext3_text_drift,62A08E,scenario_62A080,unverified,review_translation_and_runtime_by_bundle,グレミ－軍がアクシズを,그레미의 반란군이 우리 본진 요새인 액시즈를,こ그레미군이　액시즈를,그레미군이　액시즈를,,18E5180B37010101,True,18F9C78F17FB7415,1,,,62A080,그、　그레미군입니다！！,62A097,점령했다는　보고가……！！,quarantine,unresolved
P5_non_direct_native_or_other,62A0B1,scenario_62A0A6,unverified,do_not_autofix_static_false_positive_possible,………………,………………,こ………………,………………,True,18F617F617,,18F617F617,2,,,62A0A6,……뭐라고！？,62A0B8,こ……어쩔　수　없군。,quarantine,unresolved
P4_direct_ext3_text_drift,62A0B8,scenario_62A0A6,unverified,review_translation_and_runtime_by_bundle,……やむをえんな。,"……형세의 판짜기가 틀어져 퇴로를 잃었군, 부득이한 퇴각이다.",こ……어쩔　수　없군。,……어쩔　수　없군。,,18E51830C901,True,18F191FDA80A,1,,,62A0B1,こ………………,62A0BF,나머지는　에우고에　맡긴다！,quarantine,unresolved
P3_direct_ext3_control_adjacent_text_drift,62A0CA,scenario_62A0A6,unverified,confirm_current_text_then_rehome,全部隊、撒退せよ！！,"전투함 및 전 모빌슈트 부대, 일제히 요격을 멈추고 신속히 철수해라！！",こ전　부대、　철수하라！！,전　부대、　철수하라！！,,18E518399A0101010101,True,18F74207F238F557F044,2,1728,True,62A0BF,나머지는　에우고에　맡긴다！,62A0DE,……무슨　일이지！？,quarantine,unresolved
P4_direct_ext3_text_drift,62A0FC,scenario_62A0EE,unverified,review_translation_and_runtime_by_bundle,グレミ－軍がアクシズを,그레미의 반란군이 우리 본진 요새인 액시즈를,こ그레미군이　액시즈를,그레미군이　액시즈를,,18E5180B37010101,True,18F9C78F17FB7415,1,,,62A0EE,그、　그레미군입니다！！,62A105,점령했다는　보고가……！！,quarantine,unresolved
P4_direct_ext3_text_drift,62A11F,scenario_62A114,unverified,review_translation_and_runtime_by_bundle,アクシズを奪われては,우리의 핵심 보급지 액시즈 본진을 강탈당한 상태로 후퇴하면,こ액시즈를　빼앗기면,액시즈를　빼앗기면,,18E51830CC0101010101,True,18FB7415E131F242F396,1,,,62A114,……안　돼！！,62A12A,우리는　고립되고　만다！,quarantine,unresolved
P3_direct_ext3_control_adjacent_text_drift,62A137,scenario_62A114,unverified,confirm_current_text_then_rehome,全部隊、撒退せよ！！,"전투함 및 전 모빌슈트 부대, 일제히 요격을 멈추고 신속히 철수해라！！",こ전　부대、　철수하라！！,전　부대、　철수하라！！,,18E518399A0101010101,True,18F74207F238F557F044,2,1728,True,62A12A,우리는　고립되고　만다！,62A14B,……샤아。,quarantine,unresolved
P3_direct_ext3_control_adjacent_text_drift,62A155,scenario_62A14B,unverified,confirm_current_text_then_rehome,いずれ貴様との決着はつける！,머지않아 네놈과의 묵은 원한은 칼날로 확실하게 매듭짓겠다！,こ언젠가　너와는　결판을　내겠다！,언젠가　너와는　결판을　내겠다！,,18E5184A9D010101010101010101,True,18F800F1C0F17FF3F608F0810F03,2,1728,True,62A14B,……샤아。,62A16D,……………,quarantine,unresolved
P4_direct_ext3_text_drift,62A221,scenario_62A218,unverified,review_translation_and_runtime_by_bundle,生の感情を出すようでは、,"그리 멘탈 깨진 감정선에 휩싸여 주먹질해대는 꼬락서니로는,",こ생감정을　드러내선、,생감정을　드러내선、,,18E5181AC20101010101,True,18CE05F316156FFCA007,1,,,62A218,훗……,62A22C,속물은　움직여도　내겐　안　통한다。,quarantine,unresolved
P4_direct_ext3_text_drift,62A2C8,scenario_62A2B2,unverified,review_translation_and_runtime_by_bundle,ようやく面白くなってきた！,이제야 전장 판짜기가 꽤나 피비린내 나게 흥미진진해졌어！,こ이제야　전장　판짜기가　꽤나　피비린내,이제야　전장　판짜기가　꽤나　피비린내,,18E51830D801010101010101,True,18FAECF2F624F5200B321103,1,,,62A2BA,조금은　하는　모양이군……。,62A2D5,하하하핫！！,quarantine,unresolved
P4_direct_ext3_text_drift,62A70A,scenario_62A6FD,unverified,review_translation_and_runtime_by_bundle,タ－ンＸに攻撃を集中！！,턴 엑스 소체에 전 함선 포문을 돌려 융단 폭격해라！！,こ턴Ｘ에　공격을　집중！！,턴Ｘ에　공격을　집중！！,,18E5183AC80101010101010101,True,18F85CE04E0CF35A15F334F044,1,,,62A6FD,큭！……동요하지　마라！！,62A718,무슨　일이　있어도　놈을　떨어뜨려라！！,quarantine,unresolved
P4_direct_ext3_text_drift,62A782,scenario_62A775,unverified,review_translation_and_runtime_by_bundle,我らの闘争本能の赴くままに,우리 내면의 솟구치는 야수 투쟁 본능이 이끄는 궤적대로,こ우리의　투쟁본능이　가는　대로,우리의　투쟁본능이　가는　대로,,18E51830F80101010101010101,True,186AF059F8E505E3432421210C,1,,,62A775,하하하하！　그래、　그거다！！,62A790,턴끼리　에너지를　다　써　버리면、,quarantine,unresolved
P3_direct_ext3_control_adjacent_text_drift,62A7A1,scenario_62A775,unverified,confirm_current_text_then_rehome,地球は滅ぼされないかもしれんぞぉ！,도리어 인류 대지는 멸망하지 않고 구제받아 연명할지도 모르지 않느냐！！,こ지구는　안　망할지도　모른다！,지구는　안　망할지도　모른다！,,18E51830F9010101010101010101010101,True,18F57008E08AE102F35BF526FC536EBA03,2,0883,True,62A790,턴끼리　에너지를　다　써　버리면、,62A7B7,그런　건가아！！,quarantine,unresolved
P4_direct_ext3_text_drift,62A801,scenario_62A7F0,unverified,review_translation_and_runtime_by_bundle,死を意識するから、,"칼침에 뇌세포가 으스러져 죽을 위기를 눈앞에서 대면하기에,",こ죽음을　의식하니까、,죽음을　의식하니까、,,18E51891C8010101,True,18AD15F0BFF91607,1,,,62A7F0,싸우면　기운이　나는군、　로라！！,62A80A,살아　있음을　실감할　수　있다！！,quarantine,unresolved
P4_direct_ext3_text_drift,62A853,scenario_62A849,unverified,review_translation_and_runtime_by_bundle,命を繰り返すためには,생명의 윤회와 생존 경쟁의 나선 궤도를 멈추지 않으려면,こ생명을　이어가려면,생명을　이어가려면,,18E51830FF010101010101010101,True,18E00815E1D727E05B1E11F40008,1,,,62A849,……아니야！,62A862,싸움을　계속해야　하니　남은　거다！,quarantine,unresolved
P4_direct_ext3_text_drift,62AAB4,scenario_62AAA7,unverified,review_translation_and_runtime_by_bundle,わざわざやられに出向くとは、,"아군 지원 병력도 없이 혼자 기어 나와 사지에서 요격당해 대파당하다니,",こ일부러　당하러　오다니、,일부러　당하러　오다니、,,18E518310E01010101010101,True,18FA4C3A1CF037F126F84207,1,,,62AAA7,후、　깅가남　녀석……,62AAC1,어리석은　놈이군……。,quarantine,unresolved
P3_direct_ext3_control_adjacent_text_drift,62AB6F,scenario_62AB51,unverified,confirm_current_text_then_rehome,全部隊、エゥ－ゴに攻撃を集中せよ！！,"전투함 및 전 모빌슈트 부대, 일제히 아가마 에우고 본진을 조준해 격살하라！！",こ전　부대、　에우고에　공격　집중！！,전　부대、　에우고에　공격　집중！！,,18E518299D0101010101010101010101,True,18F74207F8E30CF35A15F334F557F044,2,1728,True,62AB60,이제　두려울　것　없다！！,62AB89,팝티머스　님……！！,quarantine,unresolved
P3_direct_ext3_control_adjacent_text_drift,62AC33,scenario_62AC26,unverified,confirm_current_text_then_rehome,……意外に使えん男だ。,……생각보단 잔재주 밖에 없는 무능한 녀석이었구먼.,こ……뜻밖에　쓸모없는　남자군。,……뜻밖에　쓸모없는　남자군。,,18E518311B010101010101010101,True,18F191F0D20CE001F076E06B0D0A,2,1728,True,62AC26,제리드가　당했나……,62AC4B,적　함대、　전력　소실！,quarantine,unresolved
P4_direct_ext3_text_drift,62ACFC,scenario_62ACE0,unverified,review_translation_and_runtime_by_bundle,諸悪の根源は、ミネバさまをいただき……,"이 모든 우주 분열 비극의 핵심 원인은, 어린 미네바 폐하를 인질로 옹립하고……",こ모든　악의　근원은　미네바를　앞세워……,모든　악의　근원은　미네바를　앞세워……,,18E518C5570101010101010101010101010101,True,18F1A905F1B00807F6ACF34F15F26A0D32F191,2,,,62ACEC,이제　인내할　때는　끝났다！,62AD11,こ기만의　지온을　잇고자　한,quarantine,unresolved
P4_direct_ext3_text_drift,62AD11,scenario_62ACE0,unverified,review_translation_and_runtime_by_bundle,ぎまんあふれるジオンを受け継ごうとした,위선과 기만으로 가득 찬 독재 자비 가문 복권극을 자행하려 획책하던,こ기만의　지온을　잇고자　한,기만의　지온을　잇고자　한,,18E518C5580101010101010101010101010101010101,True,18E04C21191F5BF047F7AB15E00928E11DD3F1F1F41B,1,,,62ACFC,こ모든　악의　근원은　미네바를　앞세워……,62AD28,하만　칸에게　있다！！,quarantine,unresolved
P4_direct_ext3_text_drift,62AD33,scenario_62ACE0,unverified,review_translation_and_runtime_by_bundle,真なるネオ・ジオンをこの手に握るのは、,"순수한 장병들의 피로 건조할 진정한 네오 지온의 통치권을 계승할 자격은,",こ진정한　네오　지온을　손에　넣을　자는、,진정한　네오　지온을　손에　넣을　자는、,,18E518C5590101010101010101010101010101,True,18E084F514F1002AF7ABF6FB720CE1FFF70D07,2,,,62AD28,하만　칸에게　있다！！,62AD48,こ하만의　목을,quarantine,unresolved
P4_direct_ext3_text_drift,62AD48,scenario_62ACE0,unverified,review_translation_and_runtime_by_bundle,ハマ－ンの首を,그 반역자 하만 칸의 목지를 참수해,こ하만의　목을,하만의　목을,,18E51831230101,True,18FA2905E23B15,1,,,62AD33,こ진정한　네오　지온을　손에　넣을　자는、,62AD50,내　앞에　바칠　제군들이다！！,quarantine,unresolved
P5_non_direct_native_or_other,62ADC8,scenario_62ADA7,unverified,do_not_autofix_static_false_positive_possible,ふふふ……,후후후…,こ후후후……,후후후……,,18F28AF093,,18F87FF191,2,1728,True,62ADB7,……실력을　보도록　하지。,62ADD7,마음에　들어、　그레미。　좋아。,quarantine,unresolved
P4_direct_ext3_text_drift,62AE0A,scenario_62ADF6,unverified,review_translation_and_runtime_by_bundle,昨日までハマ－ンに,어제까지만 해도 하만 칸 군화 밑을 핥으며,こ어제까지　하만에게,어제까지　하만에게,,18E5184AC90101010101,True,18E442E06CF19DFA290C,1,,,62ADF6,네가　기뻐하라고　하는　말이　아니다。,62AE15,충성을　맹세했던　자들이다……,quarantine,unresolved
P3_direct_ext3_control_adjacent_text_drift,62AE23,scenario_62ADF6,unverified,confirm_current_text_then_rehome,……地球をくれてやるぐらい覚悟しないとな,……그들을 포섭해 사냥개로 기용하려면 대지의 지배권 일부를 떼어 줄 각오쯤은 진작 해두었지.,こ……지구를　내줄　각오쯤은　해야겠군。,……지구를　내줄　각오쯤은　해야겠군。,,18E518312901010101010101010101010101010101,True,18F191F5701524F0323A0FE01D1C04F37EF74E1306,2,1728,True,62AE15,충성을　맹세했던　자들이다……,62AE44,역시　그레미군。,quarantine,unresolved
P4_direct_ext3_text_drift,62AE52,scenario_62AE44,unverified,review_translation_and_runtime_by_bundle,兵士たちを乗せるのが上手いのは、,"하급 장병들 멘탈 선동해 사지로 밀어 넣는 선동 솜씨 하나는,",こ병사들을　들뜨게　하는　솜씨는、,병사들을　들뜨게　하는　솜씨는、,,18E518312B010101010101010101010101,True,18F49FF767E07CF5560517F47EF27E0807,1,,,62AE44,역시　그레미군。,62AE64,자비가의　피인가？,quarantine,unresolved
P4_direct_ext3_text_drift,62AED1,scenario_62AEB6,unverified,review_translation_and_runtime_by_bundle,では、アイン・レヴィは,"그렇다면, 아인 레비 자네는 소체를 대동해",こ그럼　아인　레비는,그럼　아인　레비는,,18E5182B830101010101,True,18F26107F5DC2AF76B08,1,,,62AEC1,『테라　스오노』가　완성됐나……,62AEDC,액시즈에서　대기해　줘。,quarantine,unresolved
P4_direct_ext3_text_drift,62AEE6,scenario_62AEB6,unverified,review_translation_and_runtime_by_bundle,機会が訪れ次第、,"전선 공역에서 하만의 기동 궤적 틈새가 발생하는 찰나에,",こ기회가　오는　대로、,기회가　오는　대로、,,18E51831320101010101,True,18F3AE17E3801BF16907,1,,,62AEDC,액시즈에서　대기해　줘。,62AEF1,하만에게　저걸　사용한다。,quarantine,unresolved
P4_direct_ext3_text_drift,62AF29,scenario_62AF15,unverified,review_translation_and_runtime_by_bundle,すぐに飛びつくかと思ったのに、,"공적 독차지하려고 즉시 캐터펄트로 출격해 날뛸 줄 예상했거늘,",こ바로　달려들　줄　알았는데、,바로　달려들　줄　알았는데、,,18E5181AAB0101010101010101010101,True,18F71FE16FE05140F0DD1394F7030C07,1,,,62AF15,그레미　토토치고는　신중하군。,62AF3A,후방에서　대기라니……,quarantine,unresolved
P4_direct_ext3_text_drift,62AF45,scenario_62AF15,unverified,review_translation_and_runtime_by_bundle,やっぱりハマ－ンの首は,결국 하만 칸 저년의 목줄 참수 훈장은,こ역시　하만의　목은,역시　하만의　목은,,18E518313501010101,True,18FA7FFA2905E23B08,1,,,62AF3A,후방에서　대기라니……,62AF4F,자기들끼리　차지하고　싶은　건가？,quarantine,unresolved
P3_direct_ext3_control_adjacent_text_drift,62AF5C,scenario_62AF15,unverified,confirm_current_text_then_rehome,それとも、ボクらを信用してないとか……,"그게 아니면, 애초에 우리 프로스트 형제 전력을 불신해 배제하려는 흉책인가……",こ아니면　우릴　못　믿는　건가……,아니면　우릴　못　믿는　건가……,,18E51831370101010101010101010101,True,18FB5107F279F072F1C7F5C0F7D3F191,2,0807,True,62AF4F,자기들끼리　차지하고　싶은　건가？,62AF71,……글쎄。,quarantine,unresolved
P3_direct_ext3_control_adjacent_text_drift,62AF93,scenario_62AF86,unverified,confirm_current_text_then_rehome,……おそらくはな。,……필시 99% 확정 팩트일 걸세.,こ……아마도。,……아마도。,,18E5182CBB0101,True,18F191FCC9060A,2,0817,True,62AF86,둘　다겠지……,62AF9F,형님……,quarantine,unresolved
P4_direct_ext3_text_drift,62AFC9,scenario_62AFAD,unverified,review_translation_and_runtime_by_bundle,この局面でフリ－ハンドを,이 피비린내 격전 난전 국면에서 아군의 전술적 자율 지휘권을,こ이　국면에서　자유롭게,이　국면에서　자유롭게,,18E518313C01010101010101010101,True,18F362E19AE0B11663F4D97E1A4415,1,,,62AFBD,우리에게는　편하다。,62AFD9,움직일　수　있다니　더할　나위　없군。,quarantine,unresolved
P4_direct_ext3_text_drift,62B016,scenario_62B007,unverified,review_translation_and_runtime_by_bundle,当面は、グレミ－の手並みを,"향후 일정 국면 동안은, 저 도련님 그레미의 전쟁 서커스 장기자랑을",こ당분간　그레미의　솜씨를,당분간　그레미의　솜씨를,,18E518313F01010101010101,True,18F46E0807F9C705F1BBF40D,1,,,62B007,……그렇다는　거다。,62B023,지켜보기로　하지。,quarantine,unresolved
P4_direct_ext3_text_drift,62B030,scenario_62B007,unverified,review_translation_and_runtime_by_bundle,我々が動くのはそれからでいい。,아군 형제 기체가 실전 사출해 기동하는 건 녀석이 자멸한 뒤라도 충분하니까.,こ우리가　움직이는　건　그　후면　돼。,우리가　움직이는　건　그　후면　돼。,,18E518314001010101010101010101,True,186A7117AAF887F422F12416F2530A,2,,,62B023,지켜보기로　하지。,62B041,こ후후후……,quarantine,unresolved
P5_non_direct_native_or_other,62B041,scenario_62B007,unverified,do_not_autofix_static_false_positive_possible,ふふふ……,후후후…,こ후후후……,후후후……,,18F28AF093,,18F87FF191,2,1728,True,62B030,こ우리가　움직이는　건　그　후면　돼。,62B050,사이드　３　함대가　움직였습니다！,quarantine,unresolved
P4_direct_ext3_text_drift,62B0B7,scenario_62B0A9,unverified,review_translation_and_runtime_by_bundle,正規軍には介入をひかえるようにとの,본부 장성단으로부터 연방 정규군 전력은 절대 내전에 개입하지 말고 관망하라는,こ정규군엔　개입을　삼가라는,정규군엔　개입을　삼가라는,,18E51831450101010101010101010101010101,True,18F3BD8FF467F53215E0390EF0BBF49E0CF17F,1,,,62B0A9,전혀　없습니다。,62B0CB,통지가　내려왔습니다。,quarantine,unresolved
P4_direct_ext3_text_drift,62B0F7,scenario_62B0D7,unverified,review_translation_and_runtime_by_bundle,……しかし、我々はこのまま,"……그렇지만, 우리 에우고 요격 연합군마저 이 참상을",こ……하지만　우린　이대로,……하지만　우린　이대로,,18E518314901010101010101,True,18F191F828076A71F88C2121,1,,,62B0EC,연방　정부다운　태도군。,62B104,손　놓고　지켜볼　수는　없지。,quarantine,unresolved
P4_direct_ext3_text_drift,62B115,scenario_62B0D7,unverified,review_translation_and_runtime_by_bundle,ブライト中佐。,브라이트 중령.,こ브라이트　중령。　우리　역시　즉시　전력,브라이트　중령。　우리　역시　즉시　전력,,18E51826D001,True,18F97EF4CA0A,1,,,62B104,손　놓고　지켜볼　수는　없지。,62B11C,우리도　현지로　가자。,quarantine,unresolved
P4_direct_ext3_text_drift,62B15F,scenario_62B153,unverified,review_translation_and_runtime_by_bundle,横合いからグレミ－軍を叩き、アクシズを,"취약한 대열 측면에서 그레미 군을 기습 격멸하고, 본진 요새인 액시즈 통제권을",こ측면에서　그레미군을　치고、　액시즈를,측면에서　그레미군을　치고、　액시즈를,,18E518314F010101010101010101010101,True,18E2BBB4F7E4F9C78F15E18A3207FB7415,1,,,62B153,우선　그레미군이다！,62B171,우리　통제　아래　두겠다！,quarantine,unresolved
P4_direct_ext3_text_drift,62B17E,scenario_62B153,unverified,review_translation_and_runtime_by_bundle,そして、退路を断った後に,그리하여 달아날 적들의 퇴로 격실을 철저히 차단해 봉쇄한 뒤에,こ그리고　퇴로를　끊은　뒤,그리고　퇴로를　끊은　뒤,,18E518C55F0101010101010101,True,18F78707F03D15E128F150AF0C,1,,,62B171,우리　통제　아래　두겠다！,62B18C,하만군과　결전을　벌인다！,quarantine,unresolved
P1_direct_ext3_exact_text_control_adjacent,62B1B0,scenario_62B1A6,unverified,high_priority_batch_after_anchor_pass,やろう、ブライト中佐。,"합세하세, 브라이트 중령.",こ합세하세、　브라이트　중령。,합세하세、　브라이트　중령。,True,18E518C56001010101,True,18F6B607F97EF4CA0A,2,1728,True,62B1A6,……음。,62B1C5,전원、　출격　준비에　들어가라！,quarantine,unresolved
P4_direct_ext3_text_drift,62B1D6,scenario_62B1C5,unverified,review_translation_and_runtime_by_bundle,目標はアクシズ！,최종 공습 목표 좌표는 액시즈 요새！,こ목표는　액시즈！,목표는　액시즈！,,18E51831540101,True,18F17508FB7403,1,,,62B1C5,전원、　출격　준비에　들어가라！,62B1DE,네오　지온군과　최종　결전을　벌인다！！,quarantine,unresolved
P4_direct_ext3_text_drift,62B236,scenario_62B22C,unverified,review_translation_and_runtime_by_bundle,二つのネオ・ジオンとエゥ－ゴを,서로 물고 뜯을 두 지온 세력과 아군 에우고 함대까지,こ두　네오　지온과　에우고를,두　네오　지온과　에우고를,,18E5181B9C010101010101010101,True,18E087F118F1002AF7AB13F8E315,1,,,62B22C,……있어。,62B245,말려들게　한　결전이다……,quarantine,unresolved
P4_direct_ext3_text_drift,62B250,scenario_62B22C,unverified,review_translation_and_runtime_by_bundle,……必ずヤツは,……기필코 그 잔인한 녀석이라면 이 어수선한 틈을 타,こ……반드시　놈은,……반드시　놈은,,18E518315701010101,True,18F191E00D74F2D408,1,,,62B245,말려들게　한　결전이다……,62B25A,개입해　올　거다。,quarantine,unresolved
P4_direct_ext3_text_drift,62B2AF,scenario_62B2A2,unverified,review_translation_and_runtime_by_bundle,彼女が出てきたら,만약 세뇌당한 세라의 기체가 네놈 앞길을 요격해 습격해 온다면,こ그녀가　나오면,그녀가　나오면,,18E518315A01010101,True,18F383176F0B32111C,1,,,62B2A2,……있잖아、　시그？,62B2B9,넌　어떻게　할　거야？,quarantine,unresolved
P3_direct_ext3_control_adjacent_text_drift,62B2D9,scenario_62B2CD,unverified,confirm_current_text_then_rehome,オレがあいつを殺すか……,내가 이 억센 참격으로 그 아이의 숨통을 끊어 안식에 처하게 하거나……,こ내가　그녀를　죽이거나……,내가　그녀를　죽이거나……,,18E518315D010101010101,True,18F430FD21E00CF1E0F191,2,0809,True,62B2CD,……글쎄。,62B2E9,……시그！？,quarantine,unresolved
P4_direct_ext3_text_drift,62B30F,scenario_62B2F8,unverified,review_translation_and_runtime_by_bundle,実際に出会ってみないことには,칼바람 부는 최전선 격전지에서 직접 눈을 마주하고 격돌하기 전엔,こ실제로　만나보지　않으면,실제로　만나보지　않으면,,18E518316001010101010101010101,True,18F3BC0CF15BF15669F5261813F467,1,,,62B304,이　나를　죽일지。,62B31F,뭐라　말할　수　없겠군……。,quarantine,unresolved
P5_non_direct_native_or_other,62B329,scenario_62B2F8,unverified,do_not_autofix_static_false_positive_possible,………………,………………,こ………………,………………,True,18F617F617,,18F617F617,2,1728,True,62B31F,뭐라　말할　수　없겠군……。,62B339,티탄즈　뉴타입　연구소……,quarantine,unresolved
P3_direct_ext3_control_adjacent_text_drift,62B414,scenario_62B3F1,unverified,confirm_current_text_then_rehome,強化人間たちを出せ！,연구동 병동 격실에 수용된 강화인간 부대를 즉각 사출 출격시켜라！,こ강화인간들을　내보내！,강화인간들을　내보내！,,18E518316E010101,True,18F9A4F7676F3403,2,0885,True,62B404,살려서　돌려보낼　순　없다。,62B421,……네。,quarantine,unresolved
P3_direct_ext3_control_adjacent_text_drift,62B485,scenario_62B460,unverified,confirm_current_text_then_rehome,アイナ、キミの力を貸してくれ……！,"아이나, 내 부족한 참격 화력에 부디 힘을 보태어 주렴……！",こ아이나、　네　힘을　빌려줘……！,아이나、　네　힘을　빌려줘……！,,18E5182A9901010101010101010101,True,18F5ED07F586055715E0D9F906F60C,2,1728,True,62B476,아이들을　구할　수　없어……,62B49B,……네。,quarantine,unresolved
P4_direct_ext3_text_drift,62B505,scenario_62B4FC,unverified,review_translation_and_runtime_by_bundle,展開しているのはティタ－ンズの,진형을 구비하고 요격 대기 중인 기체들은 티탄즈 사령부 직속의,こ전개한　건　티탄즈의,전개한　건　티탄즈의,,18E51831790101010101,True,18F470FB54F44BFDC405,1,,,62B4FC,예！！,62B510,뉴타입　전용　모빌슈트입니다！,quarantine,unresolved
P4_direct_ext3_text_drift,62B530,scenario_62B525,unverified,review_translation_and_runtime_by_bundle,どうやらここはティタ－ンズの,외관 기동 제원으로 보아 필시 티탄즈 가문 소속의,こ아무래도　여긴　티탄즈의,아무래도　여긴　티탄즈의,,18E518317C010101,True,18F9DAF79FFDC405,1,,,62B525,저　시설……,62B539,뉴타입　연구소인　모양입니다。,quarantine,unresolved
P4_direct_ext3_text_drift,62B545,scenario_62B525,unverified,review_translation_and_runtime_by_bundle,ですが、あそこにいるモビルス－ツは,"그렇지만, 저 기지 입구에 버티고 서서 요격 방어를 펴는 모빌슈트의",こ하지만　저기　있는　모빌슈트는,하지만　저기　있는　모빌슈트는,,18E5183AB20101010101,True,18F8AB071FFC43FD7908,1,,,62B539,뉴타입　연구소인　모양입니다。,62B550,대체……,quarantine,unresolved
P3_direct_ext3_control_adjacent_text_drift,62B5A7,scenario_62B58E,unverified,confirm_current_text_then_rehome,オレたちに力を貸してください！！,부디 우리 가련한 구출 부대에 자네들 에우고의 강력한 요격 화력을 보태어 주십시오！！,こ우리에게　힘을　빌려주세요！！,우리에게　힘을　빌려주세요！！,,18E51831830101010101010101,True,18F430F75E5715E0D9FDA9F044,2,080B,True,62B59B,전　연방군　군인입니다！,62B5B9,저　연구소에　우리가　키우던,quarantine,unresolved
P4_direct_ext3_text_drift,62B5DC,scenario_62B5B9,unverified,review_translation_and_runtime_by_bundle,ニュ－タイプ研究のためだと、,"고작 살인 병기 뉴타입 반응 인자 연구 표본을 수급한다는 해괴한 미명 하에,",こ뉴타입　연구를　위해서라며、,뉴타입　연구를　위해서라며、,,18E518318601010101010101,True,18FD6CE0CBE0E2F865F54707,1,,,62B5CB,아이들이　붙잡혀　있습니다。,62B5E9,끌려가　버렸습니다……,quarantine,unresolved
P4_direct_ext3_text_drift,62B638,scenario_62B624,unverified,review_translation_and_runtime_by_bundle,彼らに協力して研究所に捕らわれた,아마다 중위 일행과 공동 합세하여 연구소 격실 내부에 감금된,こ그들과　협력해　연구소에　잡힌,그들과　협력해　연구소에　잡힌,,18E518318B0101010101010101010101,True,1895F057F459F413F8360CE0971CF6D1,1,,,62B624,……전　함、　１종　전투　배치！！,62B649,아이들을　구출한다！！,quarantine,unresolved
P3_direct_ext3_control_adjacent_text_drift,62B6B6,scenario_62B698,unverified,confirm_current_text_then_rehome,出撃させろ！！,즉각 봉인 게이트 개방해 전장에 강제 사출시켜 출격해라！！,こ출격시켜！！,출격시켜！！,,18E51831910101,True,18F164F82DF044,2,0885,True,62B6A4,넘길　수는　없다！！,62B6C2,네、　네！！,quarantine,unresolved
P3_direct_ext3_control_adjacent_text_drift,62B706,scenario_62B6E9,unverified,confirm_current_text_then_rehome,彼らはオマエのゼロを殺そうとしている！,저 사악한 날파리 자식들이 네 영혼의 단 하나뿐인 구원자 제로를 참살하려 획책하고 있어！,こ놈들이　네　제로를　죽이려　한다！,놈들이　네　제로를　죽이려　한다！,,18E5183194010101010101010101010101,True,1895F05BF68F05F06515E00CF6A1FB5403,2,1728,True,62B6FA,저기　있는　놈이　네　적이다！！,62B71E,제로를……？,quarantine,unresolved
P5_non_direct_native_or_other,62B729,scenario_62B71E,unverified,do_not_autofix_static_false_positive_possible,………………,………………,こ………………,………………,True,18F617F617,,18F617F617,2,1728,True,62B71E,제로를……？,62B73A,……용서　못　해！！,quarantine,unresolved
P3_direct_ext3_control_adjacent_text_drift,62B7BC,scenario_62B7A3,unverified,confirm_current_text_then_rehome,彼女はＮＴ一００１と呼ばれていた。,그 연구소의 극비 프로젝트 고유 코드명이 바로 NT-001(엔티 제로제로원)이었지.,こ그녀는　ＮＴ－００１이라　불렸지。,그녀는　ＮＴ－００１이라　불렸지。,,18E518319C0101010101010101010101010101,True,18F38308F56EE1BFF78B13E070F3100BF26A0A,2,0802,True,62B7B2,뉴타입이　있었어。,62B7D4,그게　저　소녀라고……？,quarantine,unresolved
P4_direct_ext3_text_drift,62B7F2,scenario_62B7E8,unverified,review_translation_and_runtime_by_bundle,私と同じように、ティタ－ンズに捕まって,"나 제로 무라사메와 마찬가지로, 티탄즈 가문 사냥개 놈들에게 생포되어",こ나처럼　티탄즈에　붙잡혀,나처럼　티탄즈에　붙잡혀,,18E518319E01010101010101010101,True,184113D0F9CC07FDC40CE097F1990B,1,,,62B7E8,……아마도。,62B802,보존돼　있었을지도　몰라……,quarantine,unresolved
P4_direct_ext3_text_drift,62B839,scenario_62B826,unverified,review_translation_and_runtime_by_bundle,ゼロ・ムラサメのこと？,"바로 자네, 제로 무라사메 자네를 칭함인가？",こ바로　자네、　제로　무라사메　자네를　칭,바로　자네、　제로　무라사메　자네를　칭,,18E51831A101010101,True,18F0652AF998F5E41D,1,,,62B826,그녀가　말한　『제로』란……,62B843,하지만　그는……,quarantine,unresolved
P3_direct_ext3_control_adjacent_text_drift,62B86E,scenario_62B854,unverified,confirm_current_text_then_rehome,徹底的にやらせてもらうぞ！！,아예 건물 뼈대까지 흔적도 없이 분쇄해 융단 폭격으로 도려내 주마！！,こ철저하게　부숴주겠어！！,철저하게　부숴주겠어！！,,18E5182AB0010101010101010101,True,18E40EE360E0480C3AFD7F6EF044,2,1728,True,62B85E,나쁜　기억밖에　없으니까……,62B886,제로를　해치려는　놈들은……,quarantine,unresolved
P4_direct_ext3_text_drift,62B90B,scenario_62B8EE,unverified,review_translation_and_runtime_by_bundle,でなければ、無理矢理にでも,"그마저도 실패한다면, 강제로 기체 관절부를 참격해 무력화하고",こ아니면　억지로라도,아니면　억지로라도,,18E51831AC01010101010101,True,18FCF907F1BCE411E029F838,1,,,62B8FB,정신적　충격을　주거나……,62B918,제압하는　수밖에……,quarantine,unresolved
P4_direct_ext3_text_drift,62B926,scenario_62B8EE,unverified,review_translation_and_runtime_by_bundle,……どちらにせよ、,"……어느 전술적 우회로를 택하든 간에,",こ……어느　쪽이든、,……어느　쪽이든、,,18E51831AD01,True,18F191FD6607,1,,,62B918,제압하는　수밖에……,62B92D,그렇게　간단하진　않을　겁니다。,quarantine,unresolved
P4_direct_ext3_text_drift,62B9C0,scenario_62B9A5,unverified,review_translation_and_runtime_by_bundle,私たちは研究所に捕らえられている,우리는　연구소에　갇혀,こ우리는　연구소에　붙잡혀　있어,우리는　연구소에　붙잡혀　있어,,18E5181D0901010101010101010101,True,1841F762F8360CE0971C2BF792F290,1,,,62B9AE,연구소　녀석들에게　놀아나지　마！,62B9D0,아이들을　구하려는　것뿐이야！！,quarantine,unresolved
P4_direct_ext3_text_drift,62B9E2,scenario_62B9A5,unverified,review_translation_and_runtime_by_bundle,その…ゼロか！？…レイラの大切な人を,그…　제로인가！　？　…레이라의　소중한　사람을,こ그…　제로인가！　？　…레이라의　소중한,그…　제로인가！　？　…레이라의　소중한,,18E518C56B01010101010101010101010101,True,18F42302F0650EF04002F74F05F01B065015,1,,,62B9D0,아이들을　구하려는　것뿐이야！！,62B9F5,해칠　생각은　없어！,quarantine,unresolved
P4_direct_ext3_text_drift,62BA37,scenario_62BA28,unverified,review_translation_and_runtime_by_bundle,私もレイラと同じ、人工的に創り出された,나도　레이라와　같은　인공적으로　만들어졌다,こ나도　레이라와　같은　인공적으로　만들어,나도　레이라와　같은　인공적으로　만들어,,18E518C56E01010101010101010101010101,True,184120F74F13D04C07F7DB0CE3E9276FF833,1,,,62BA28,나를　믿어　줘、　레이라。,62BA4A,뉴타입……강화인간이야。,quarantine,unresolved
P4_direct_ext3_text_drift,62BA55,scenario_62BA28,unverified,review_translation_and_runtime_by_bundle,……だが、彼ら…ロンド・べルの人たちは,"하지만,　그들은……",こ……하지만、그들…론도・벨　사람들은,……하지만、그들…론도・벨　사람들은,,18E5182CF401010101010101010101010101,True,18F191F53807951C02F88F2AF0030550F762,1,,,62BA4A,뉴타입……강화인간이야。,62BA68,그런　나를　받아　줬어。,quarantine,unresolved
P1_direct_ext3_exact_text_control_adjacent,62BAAE,scenario_62BA91,unverified,high_priority_batch_after_anchor_pass,だから、私たちと来い！　レイラ！！,"그래서,　우리와　와라！　라일라！　！",こ그래서、　우리와　와라！　라일라！！,그래서、　우리와　와라！　라일라！！,True,18E518C57201010101010101010101,True,18F8250741F75D9B040301F74FF044,2,087C,True,62BAA1,믿을　만해。,62BAC2,………………,quarantine,unresolved
P1_direct_ext3_exact_text_control_adjacent,62BADE,scenario_62BAD5,unverified,high_priority_batch_after_anchor_pass,ええ、わかったわ！！,"그래,　알았어！　！",こ그래、　알았어！！,그래、　알았어！！,True,18E518A016010101,True,18F14007FC13F044,2,1728,True,62BAD5,세라……,62BAF0,그래、　레이라……그럼　됐어。,quarantine,unresolved
P1_direct_ext3_exact_text_control_adjacent,62BB72,scenario_62BB5C,unverified,high_priority_batch_after_anchor_pass,っ！…あぁ、う……！！,"어！　…아,　으……！　！",こ어！　…아、　으……！！,어！　…아、　으……！！,True,18E518A019010101010101,True,1809F0A0F3C40714F60C03,2,1728,True,62BB68,내게　상냥했어……,62BB93,그、　그래……,quarantine,unresolved
P2_direct_ext3_exact_text,62BBBB,scenario_62BBAD,unverified,second_batch_representative_runtime_test,研究所はアナタの記憶を操作して,연구소는　당신의　기억을　조작하고,こ연구소는　당신의　기억을　조작하고,연구소는　당신의　기억을　조작하고,True,18E518A01C010101010101010101,True,18F83608F80905F33D15F4DAF413,1,,,62BBAD,속지　마！！,62BBCA,멋대로　조종하려는　거야！！,quarantine,unresolved
P4_direct_ext3_text_drift,62BBDC,scenario_62BBAD,unverified,review_translation_and_runtime_by_bundle,私たちはゼロに会ったわ！！,우리는　0을　만났어！　！,こ우리는　０을　만났어！！　그는　당신을,우리는　０을　만났어！！　그는　당신을,,18E5184A3A0101010101010101,True,1841F762F0650CC1F15031F044,1,,,62BBCA,멋대로　조종하려는　거야！！,62BBEA,그는　널　위해　싸우려　했어……,quarantine,unresolved
P2_direct_ext3_exact_text,62BBF9,scenario_62BBAD,unverified,second_batch_representative_runtime_test,ここにゼロはいないわ！,여기　제로는　없어！,こ여기　제로는　없어！,여기　제로는　없어！,True,18E518C579010101010101,True,18F79EF065F08AF5263103,1,,,62BBEA,그는　널　위해　싸우려　했어……,62BC05,당신은　속고　있어！！,quarantine,unresolved
P2_direct_ext3_exact_text,62BC4B,scenario_62BC42,unverified,second_batch_representative_runtime_test,……違う。,……　다르다.,こ……　다르다。,……　다르다。,True,18E518A02101,True,18F191DA140A,1,,,62BC42,………………,62BC52,나는　ＮＴ００１이　아니야……,quarantine,unresolved
P2_direct_ext3_exact_text,62BC60,scenario_62BC42,unverified,second_batch_representative_runtime_test,私は、レイラ・レイモンドよ！！,나는　레이라　레이몬드야！　！,こ나는　레이라　레이몬드야！！,나는　레이라　레이몬드야！！,True,18E518C57B01010101010101,True,18410807F74F2AFCB023F044,1,,,62BC52,나는　ＮＴ００１이　아니야……,62BC6D,더는　너희　말을　따르지　않아！,quarantine,unresolved
P1_direct_ext3_exact_text_control_adjacent,62BC97,scenario_62BC84,unverified,high_priority_batch_after_anchor_pass,さあ、こっちへ！！,"자,　이쪽으로！　！",こ자、　이쪽으로！！,자、　이쪽으로！！,True,18E518A025010101,True,18F32B07FA82F044,2,087C,True,62BC84,……세뇌가　풀렸구나！！,62BCA4,네、　알겠어요。,quarantine,unresolved
P4_direct_ext3_text_drift,62BD0F,scenario_62BCFB,unverified,review_translation_and_runtime_by_bundle,とらわれていたニュ－タイプたちを,잡힌　뉴　타입들을,こ붙잡혀　있던　뉴타입들을,붙잡혀　있던　뉴타입들을,,18E5184D1401010101010101,True,18131CF2420BF26AFD6CF767,1,,,62BD02,전　부대를　연구소로　진격시켜라！,62BD1C,구출한다！！,quarantine,unresolved
P2_direct_ext3_exact_text,62BDCB,scenario_62BDC1,unverified,second_batch_representative_runtime_test,そういえば、君たちはこの二人を,"말하자면,　너희들은　이　두　사람을",こ말하자면、　너희들은　이　두　사람을,말하자면、　너희들은　이　두　사람을,True,18E518A02E01010101010101,True,18FCC10761F762F362F4F715,1,,,62BDC1,이름을……,62BDD8,키우고　있었다고　했지……,quarantine,unresolved
P4_direct_ext3_text_drift,62BDE7,scenario_62BDC1,unverified,review_translation_and_runtime_by_bundle,彼らは君たちの子供には見えない。,그들은　너희　아이들에게는　보이지　않는다.,こ저들은　자네들　자식으론　안　보이는데、,저들은　자네들　자식으론　안　보이는데、,,18E5180C0701010101010101010101,True,1895F05B61F761F336F4678AF64C0A,1,,,62BDD8,키우고　있었다고　했지……,62BDF7,너희와　어떤　관계지？,quarantine,unresolved
P4_direct_ext3_text_drift,62BE24,scenario_62BE09,unverified,review_translation_and_runtime_by_bundle,施設から逃げ出してきたところで,보초들의 감시를 뚫고 연구소 시설을 탈출해 방황하던 중에,こ시설에서　도망치던　중에,시설에서　도망치던　중에,,18E5183AC70101010101010101,True,18F41CF124E015A16FFAA8FA4A,1,,,62BE16,길러진　아이들입니다。,62BE32,우리가　만났습니다만、,quarantine,unresolved
P4_direct_ext3_text_drift,62BE3E,scenario_62BE09,unverified,review_translation_and_runtime_by_bundle,あの子たちは施設でかなり,그 가련한 아이들이 폐쇄된 실험 시설 내부에서,こ그　아이들은　시설에서　상당히,그　아이들은　시설에서　상당히,,18E51831B5010101010101,True,18F3DAD1F762F41C16F5F0,1,,,62BE32,우리가　만났습니다만、,62BE4A,심한　일을　겪었던　모양이에요。,quarantine,unresolved
P4_direct_ext3_text_drift,62BE82,scenario_62BE60,unverified,review_translation_and_runtime_by_bundle,そんな所に彼らを帰すことなんて,그런 생체 지옥 구렁텅이에 가련한 아이들을 다시 반환하여 돌려보내는 비극은,こ그런　곳에　아이들을　돌려보내는　건,그런　곳에　아이들을　돌려보내는　건,,18E51831B901010101010101010101,True,18F823E0180C95F072E0ABF588F855,1,,,62BE72,번호로　불렸습니다。,62BE92,도저히　없었습니다……,quarantine,unresolved
P4_direct_ext3_text_drift,62BE9F,scenario_62BE60,unverified,review_translation_and_runtime_by_bundle,それで、ボクたちで彼らを引きとって,"그리하여, 우리 동지들이 아이들을 입양하여",こ그래서　우리가　아이들을　맡아,그래서　우리가　아이들을　맡아,,18E51831BA01010101010101010101010101,True,18F5A807F279F3751695F072E02432F1870B,1,,,62BE92,도저히　없었습니다……,62BEB2,함께　살았어요。,quarantine,unresolved
P2_direct_ext3_exact_text,62BF0D,scenario_62BEEF,unverified,second_batch_representative_runtime_test,……それで、,"……그렇다면,",こ……그렇다면、,……그렇다면、,True,18E51831C001,True,18F191F5A807,1,,,62BEFE,우리와　만났다는　거군。,62BF14,시로　아마다　군이라고　했나？,quarantine,unresolved
P4_direct_ext3_text_drift,62BF22,scenario_62BEEF,unverified,review_translation_and_runtime_by_bundle,これから、君たちは,"요격이 끝난 작전 국면 이후, 자네들은",こ요격이　끝난　작전　국면　이후、　자네들,요격이　끝난　작전　국면　이후、　자네들,,18E51831C20101,True,18F9FD0761F762,1,,,62BF14,시로　아마다　군이라고　했나？,62BF2A,어떻게　할　생각이지？,quarantine,unresolved
P4_direct_ext3_text_drift,62BF35,scenario_62BEEF,unverified,review_translation_and_runtime_by_bundle,もし良かったら、我々ロンド・べルで,"만약 자네들만 괜찮다면, 우리 론도 벨 전함 배속으로",こ괜찮다면、　우리　론도　벨이,괜찮다면、　우리　론도　벨이,,18E51831C401010101010101010101,True,18F26FCAFBAD076A71F88F2AF00316,1,,,62BF2A,어떻게　할　생각이지？,62BF45,너희를　보호하고　싶은데……,quarantine,unresolved
P4_direct_ext3_text_drift,62BF81,scenario_62BF78,unverified,review_translation_and_runtime_by_bundle,あの子たちのことを考えるのなら,"구출된 저 상처 입은 아이들의 요양 안위를 도모하려면,",こ아이들을　생각한다면,아이들을　생각한다면,,18E51831C80101010101010101010101,True,18F3DAD1F761181315E04DF0BB05F515,1,,,62BF78,시로……,62BF92,보호받는　편이　좋다고　생각해요。,quarantine,unresolved
P4_direct_ext3_text_drift,62BFA4,scenario_62BF78,unverified,review_translation_and_runtime_by_bundle,たとえそれで、私たちの素性が,"비록 그 보호 혜택의 대가로, 우리들의 탈영 전과 등 기밀 신원이",こ설령　그　일로　우리　정체가,설령　그　일로　우리　정체가,,18E51831CA01010101010101,True,18F7C7F5A80741F761F29117,1,,,62BF92,보호받는　편이　좋다고　생각해요。,62BFB1,드러나게　되더라도……,quarantine,unresolved
P4_direct_ext3_text_drift,62BFCF,scenario_62BFC6,unverified,review_translation_and_runtime_by_bundle,……そうだな。,"……맞아, 자네 판단이 백번 옳네.",こ……그렇군。,……그렇군。,,18E51831CC01,True,18F191FA050A,1,,,62BFC6,아이나……,62BFD6,브라이트　함장에게　솔직히　말하자。,quarantine,unresolved
P4_direct_ext3_text_drift,62C00A,scenario_62BFF7,unverified,review_translation_and_runtime_by_bundle,オレは連邦の軍人で、,"저는 연방 육군의 전선 장교 출신이었고,",こ난　연방군인이었고、,난　연방군인이었고、,,18E51831CF010101010101,True,18F43008F42505F02E1607,1,,,62BFF7,우리는　탈주병입니다。,62C016,아이나는　지온군　군인이었습니다……,quarantine,unresolved
P4_direct_ext3_text_drift,62C024,scenario_62BFF7,unverified,review_translation_and_runtime_by_bundle,互いに殺しあわなければならないことに,"전쟁의 이치라곤 하나, 사랑하는 연인끼리 서로 총구를 겨눠 격살해야 하는 비극에",こ서로　죽여야　하는　걸,서로　죽여야　하는　걸,,18E51831D001010101010101010101010101,True,18E27FF27CE00C121FFC1BF515F52618130C,1,,,62C016,아이나는　지온군　군인이었습니다……,62C037,견딜　수　없어　군을　빠져나왔습니다。,quarantine,unresolved
P4_direct_ext3_text_drift,62C094,scenario_62C085,unverified,review_translation_and_runtime_by_bundle,この部隊には元ジオンだの元ティタ－ンズ,우리 론도 벨의 함대 배속 격실에는 자네들처럼 전 지온이니 전 티탄즈니 하는,こ이　부대엔　전　지온이나　전　티탄즈가,이　부대엔　전　지온이나　전　티탄즈가,,18E518C586010101010101010101010101,True,18F362F428F467E088F7AB0D05E088FDC4,1,,,62C085,그　걱정은　하지　마。,62C0A6,하는　사람들이　널렸어……,quarantine,unresolved
P4_direct_ext3_text_drift,62C0B3,scenario_62C085,unverified,review_translation_and_runtime_by_bundle,そう言うオレもネオ・ジオンを,그리 뻐기는 나 역시 네오 지온 군세를,こ이런　나도　네오　지온을,이런　나도　네오　지온을,,18E5182B86010101010101010101,True,18F4267A14F43020F1002AF7AB15,1,,,62C0A6,하는　사람들이　널렸어……,62C0C2,뛰쳐나온　처지거든。,quarantine,unresolved
P4_direct_ext3_text_drift,62C0D3,scenario_62C085,unverified,review_translation_and_runtime_by_bundle,ジョニ－・ライデンって言えば,조니 라이덴이라는 내 붉은 번개 코드명을 읊조리면,こ조니　라이덴이라면,조니　라이덴이라면,,18E5182AB7010101010101,True,18FB5B2AFB9FF1567AF0E0,1,,,62C0C2,뛰쳐나온　처지거든。,62C0DF,너희도　알고　있겠지？,quarantine,unresolved
P4_direct_ext3_text_drift,62C129,scenario_62C119,unverified,review_translation_and_runtime_by_bundle,我々は君たちの,우리 론도 벨 지휘부는 귀관들이 겪은,こ우린　자네들의,우린　자네들의,,18E5180C080101,True,186A710861F761,1,,,62C121,아무튼……,62C131,과거를　캐물을　생각은　없다。,quarantine,unresolved
P4_direct_ext3_text_drift,62C13B,scenario_62C119,unverified,review_translation_and_runtime_by_bundle,君たちが我々に同行を希望するなら、,"귀관 연인들이 우리 요격 노선에 동참하길 진심으로 희망한다면,",こ너희가　우리와　동행하길　원한다면、,너희가　우리와　동행하길　원한다면、,,18E51831DF0101010101010101010101,True,1861F7586A710CF2B515F440F7761C07,1,,,62C131,과거를　캐물을　생각은　없다。,62C14C,조건　없이　받아들이겠다。,quarantine,unresolved
P3_direct_ext3_control_adjacent_text_drift,62C160,scenario_62C119,unverified,confirm_current_text_then_rehome,……どうだね？,……우리 사령부 결재안을 승낙하겠나？,こ……어떤가？,……어떤가？,,18E5184CBD01,True,18F191FA6F1D,2,080B,True,62C14C,조건　없이　받아들이겠다。,62C16B,그　제안、,quarantine,unresolved
P3_direct_ext3_control_adjacent_text_drift,62C182,scenario_62C16B,unverified,confirm_current_text_then_rehome,私は、アイナ・サハリン。,제 이름은 아이나 사하린이라고 합니다.,こ저는、　아이나　사하린입니다。,저는、　아이나　사하린입니다。,,18E5184C2B01010101010101,True,18410807F5ED2A657E531A0A,2,083D,True,62C177,기꺼이　받아들이겠습니다。,62C193,저는　시로　아마다입니다。,quarantine,unresolved
P3_direct_ext3_control_adjacent_text_drift,62C1A3,scenario_62C193,unverified,confirm_current_text_then_rehome,よろしくお願いします！！,앞으로 전선에서 훌륭한 화력 원호를 다하겠습니다！！,こ잘　부탁드립니다！！,잘　부탁드립니다！！,,18E51831E601010101,True,18FC18E0A0FAB6F044,2,1728,True,62C193,저는　시로　아마다입니다。,62C1B6,으、　응……,quarantine,unresolved
P4_direct_ext3_text_drift,62C1F3,scenario_62C1E0,unverified,review_translation_and_runtime_by_bundle,マインドコントロ－ルの影響が,티탄즈 놈들이 가한 마인드 컨트롤 세뇌 전파의 부작용이,こ마인드　컨트롤의　영향이,마인드　컨트롤의　영향이,,18E51831E90101,True,18FEDD05F2C917,1,,,62C1E0,……그래、　너무　움직이지　마라。,62C1FB,아직　완전히　빠지지　않았으니까。,quarantine,unresolved
P4_direct_ext3_text_drift,62C224,scenario_62C214,unverified,review_translation_and_runtime_by_bundle,気をつけて。,매우 주의해 주세요.,こ매우　주의해　주세요。　무리하게　기체를,매우　주의해　주세요。　무리하게　기체를,,18E518277801,True,18A0F7EB0B0A,1,,,62C214,아、　눈을　떴구나？,62C22B,너무　움직이지　않는　게　좋아。,quarantine,unresolved
P4_direct_ext3_text_drift,62C238,scenario_62C214,unverified,review_translation_and_runtime_by_bundle,お医者さんの話しだと、まだマインド,"함 내 의료 장교의 진찰 데이터 분석 결과, 아직 머릿속에 세뇌",こ의사　말로는　아직　마인드,의사　말로는　아직　마인드,,18E51831EE0101010101010101010101010101,True,1835E3A89FF730E02EF4161307F19537291A44,1,,,62C22B,너무　움직이지　않는　게　좋아。,62C24C,컨트롤의　영향이　남아　있대。,quarantine,unresolved
P4_direct_ext3_text_drift,62C292,scenario_62C281,unverified,review_translation_and_runtime_by_bundle,……私はブライト・ノア。,……나는 함대 사령관 브라이트 노아 대령일세.,こ……난　브라이트　노아。,……난　브라이트　노아。,,18E518C589010101010101,True,18F1914108F97E2AF4F00A,1,,,62C281,자네는　레이라　레이몬드　군이지？,62C29E,이　부대를　지휘하고　있지。,quarantine,unresolved
P4_direct_ext3_text_drift,62C2AD,scenario_62C281,unverified,review_translation_and_runtime_by_bundle,だいたいの事情は,자네 신상에 얽힌 잔혹한 전사 내막은,こ대강의　사정은,대강의　사정은,,18E5180C09010101,True,180DF72605F33008,1,,,62C29E,이　부대를　지휘하고　있지。,62C2B6,연구소　사람들에게　들었다。,quarantine,unresolved
P4_direct_ext3_text_drift,62C2C5,scenario_62C281,unverified,review_translation_and_runtime_by_bundle,君は旧ジオンの研究施設で,보고서에 따르면 자네는 구 지온의 생체 연구소 격실에서,こ자넨　구　지온　연구시설에서,자넨　구　지온　연구시설에서,,18E518C58A010101010101,True,186108E28BF7AB05FA5416,1,,,62C2B6,연구소　사람들에게　들었다。,62C2D1,길러진　강화인간이라던데……,quarantine,unresolved
P4_direct_ext3_text_drift,62C307,scenario_62C2EF,unverified,review_translation_and_runtime_by_bundle,……それよりも、もし良かったら、,"……그보다는, 자네만 신변이 동의한다면,",こ……그보다、　괜찮다면、,……그보다、　괜찮다면、,,18E51831F601010101010101,True,18F191FCC407F26FCAFBAD07,1,,,62C2F9,자네　신상을　캐물을　생각은　없어。,62C314,우리와　함께　가지　않겠나？,quarantine,unresolved
P4_direct_ext3_text_drift,62C351,scenario_62C330,unverified,review_translation_and_runtime_by_bundle,我々と同行してくれれば、そういった者たち,"아군 전함의 정식 대원으로 등록해 합류해 준다면, 그런 사악한 납치 세력들",こ우리와　동행한다면　그런　자들로부터,우리와　동행한다면　그런　자들로부터,,18E51831FA010101010101010101,True,186A7113F2B5FDC907FC419FF375,1,,,62C340,자네는　노려지는　처지다……,62C360,자네를　지켜　줄　수　있다。,quarantine,unresolved
P3_direct_ext3_control_adjacent_text_drift,62C36C,scenario_62C330,unverified,confirm_current_text_then_rehome,……どうかね？,……아군 보호 조약을 수락하겠나？,こ……어떤가？,……어떤가？,,18E5184CBD01,True,18F191FADF1D,2,1728,True,62C360,자네를　지켜　줄　수　있다。,62C37E,하지만、　나는……,quarantine,unresolved
P4_direct_ext3_text_drift,62C3C0,scenario_62C3B0,unverified,review_translation_and_runtime_by_bundle,ティタ－ンズの施設に送られた時、,"차가운 티탄즈 특수 감옥 격실로 이송되어 절망할 때,",こ티탄즈　시설로　보내졌을　때、,티탄즈　시설로　보내졌을　때、,,18E51831FF0101010101010101,True,18FDC405F41C0CE17FF790B707,1,,,62C3B0,무라사메　연구소의　강화인간이에요。,62C3CE,그만은　상냥하게　대해　줬어요……。,quarantine,unresolved
P4_direct_ext3_text_drift,62C3DC,scenario_62C3B0,unverified,review_translation_and_runtime_by_bundle,彼は戦いに連れ出されて、それっきり……,"그렇지만 그는 강제로 참격 기체에 태워져 무단 사출된 뒤, 생사 불명으로 끊겼고……",こ그는　전장에　끌려간　뒤　소식이……,그는　전장에　끌려간　뒤　소식이……,,18E51832010101010101010101010101010101,True,18950839F27C901B6FF83707F422093227F191,2,,,62C3CE,그만은　상냥하게　대해　줬어요……。,62C3F1,こ……그래도　제로를　다시　보고　싶어요。,quarantine,unresolved
P4_direct_ext3_text_drift,62C3F1,scenario_62C3B0,unverified,review_translation_and_runtime_by_bundle,……でも、私はゼロにもうー度会いたい。,"……그래도, 전 제로를 다시 단 한 번만이라도 살아서 품에 안고 싶어요.",こ……그래도　제로를　다시　보고　싶어요。,……그래도　제로를　다시　보고　싶어요。,,18E51832020101010101010101010101010101,True,18F191F25E074108F065F46214F013C1F7260A,1,,,62C3DC,こ그는　전장에　끌려간　뒤　소식이……,62C405,그를　찾아내고　싶습니다。,quarantine,unresolved
P4_direct_ext3_text_drift,62C424,scenario_62C413,unverified,review_translation_and_runtime_by_bundle,それならば、彼…ゼロ君の捜索に,자네의 소망인 그 제로 중위의 수색 전술에,こ그럼　그、　제로　군의　수색을,그럼　그、　제로　군의　수색을,,18E518320301010101010101010101,True,18F422F677079502F0656105F2E50C,1,,,62C41B,그런　사정이　있었군。,62C434,우리도　협력하겠다。,quarantine,unresolved
P4_direct_ext3_text_drift,62C43E,scenario_62C413,unverified,review_translation_and_runtime_by_bundle,連邦軍の情報網を使えば、,"연방 군사 위성의 기밀 감청 첩보망을 우회해 추적하면,",こ연방군의　정보망을　쓰면、,연방군의　정보망을　쓰면、,,18E5183205010101010101010101,True,18F72A05F4A6E39315E001F0E007,1,,,62C434,우리도　협력하겠다。,62C44D,더　빨리　찾을　수　있을　거다。,quarantine,unresolved
P3_direct_ext3_control_adjacent_text_drift,62C486,scenario_62C471,unverified,confirm_current_text_then_rehome,私の力で役に立てるなら……,이 누더기 같은 개조 출력이 아군 작전에 밥값으로나마 기여할 수 있다면……,こ제　힘이　도움이　된다면……,제　힘이　도움이　된다면……,,18E5183AC00101010101010101010101,True,1841055716E0E90CE00EF390F515F191,2,0861,True,62C47A,당신들과　함께　가게　해　주세요。,62C49B,레이라　레이몬드　군이었지。,quarantine,unresolved
P4_direct_ext3_text_drift,62C4E3,scenario_62C4D9,unverified,review_translation_and_runtime_by_bundle,では、作戦を発動せよ！！,"좋다, 즉각 본 대열 소탕 작전을 발동하라！！",こ그럼、　작전을　발동하라！！,그럼、　작전을　발동하라！！,,18E5183C2C0101010101010101,True,18F26107F1E315F0E6F557F044,2,,,62C4D9,그렇군……。,62C4F2,こ놈들을　섬멸하고、　진정한,quarantine,unresolved
P4_direct_ext3_text_drift,62C4F2,scenario_62C4D9,unverified,review_translation_and_runtime_by_bundle,きゃつらのせん滅をもって、真の,"에우고 날파리 녀석들의 일망타진 격멸을 신호탄 삼아, 역사적인 진짜",こ놈들을　섬멸하고、　진정한,놈들을　섬멸하고、　진정한,,18E518320D0101010101010101010101,True,18324E40F059F551E08AF9AD07E08405,1,,,62C4E3,こ그럼、　작전을　발동하라！！,62C503,오퍼레이션　메테오를　시작하는　거다！！,quarantine,unresolved
P4_direct_ext3_text_drift,62C543,scenario_62C531,unverified,review_translation_and_runtime_by_bundle,アレはティタ－ンズでも,사출된 저 특이한 기형 기체들은 티탄즈의 사양도 아니고,こ저건　티탄즈도,저건　티탄즈도,,18E5183211010101,True,18F2FA08FDC4F25E,1,,,62C531,적　모빌슈트、　식별　불능！！,62C54C,네오　지온　것도　아닙니다！！,quarantine,unresolved
P4_direct_ext3_text_drift,62C59E,scenario_62C585,unverified,review_translation_and_runtime_by_bundle,……スぺシャルズ用に計画されていた,……스페셜즈 전용으로 극비 설계 진행 중이던 차세대 중장갑,こ……스페셜즈용으로　계획했던,……스페셜즈용으로　계획했던,,18E518321501010101010101010101,True,18F1912FE0B3F7E65FC90CF35CFC6C,1,,,62C594,소속했던　부대……,62C5AE,모빌슈트라고　생각합니다。,quarantine,unresolved
P4_direct_ext3_text_drift,62C5B8,scenario_62C585,unverified,review_translation_and_runtime_by_bundle,開発は放棄されたと,기밀 폐기 승인을 받고 도중에 개발 백지화되었다고,こ개발은　포기됐다고,개발은　포기됐다고,,18E5181BA1010101,True,18F4B008F365FA15,1,,,62C5AE,모빌슈트라고　생각합니다。,62C5C1,들었는데……,quarantine,unresolved
P3_direct_ext3_control_adjacent_text_drift,62C5F5,scenario_62C5D1,unverified,confirm_current_text_then_rehome,しかし、いったいどこの勢力が……,"그렇지만, 대체 어느 거대 세력이 배후에서 이 전쟁 판짜기를 조율 중이길래……",こ하지만、　대체　어느　세력이……,하지만、　대체　어느　세력이……,,18E518321B010101010101010101,True,18F82807FB6A36F362F13E17F191,2,0824,True,62C5E8,배치했다는　건가？,62C624,브라이트　함장！！,quarantine,unresolved
P4_direct_ext3_text_drift,62C646,scenario_62C63B,unverified,review_translation_and_runtime_by_bundle,こうなれば詮索は後回しだ！,정체 파악이나 배후 분석은 요격이 끝난 뒤로 이월한다！,こ이렇게　되면　조사는　나중이다！,이렇게　되면　조사는　나중이다！,,18E518D008010101010101,True,18FD00F1ED08F009F41603,1,,,62C63B,……뭐라고！？,62C652,각자　적　모빌슈트를　요격하라！！,quarantine,unresolved
P2_direct_ext3_exact_text,62C6EA,scenario_62C6C6,unverified,second_batch_representative_runtime_test,……っ！,……윽！,こ……윽！,……윽！,True,18E518F299,True,18F1910903,1,,,62C6D9,각　기지에　큰　피해가……,62C6F0,이、　이건！！,quarantine,unresolved
P4_direct_ext3_text_drift,62C70F,scenario_62C703,unverified,review_translation_and_runtime_by_bundle,元サンクキングダム女王が,전 생크 킹덤의 여왕 폐하이자 현 연방 핵심 정객이신 리리나 님이,こ전　생크킹덤　여왕이,전　생크킹덤　여왕이,,18E5183227010101,True,18E088FEA0F48617,1,,,62C703,리리나　도리안！？,62C718,쿠데타　부대에　납치됐다고！？,quarantine,unresolved
P4_direct_ext3_text_drift,62C75E,scenario_62C745,unverified,review_translation_and_runtime_by_bundle,ク－デタ－部隊にはティタ－ンズおよび,그 반란 부대 대열에는 패퇴했던 티탄즈 잔당 및,こ쿠데타군엔　티탄즈와,쿠데타군엔　티탄즈와,,18E518322C010101010101,True,18FBCFF428F467FDC4F81D,1,,,62C755,연방군　기지를　제압……,62C76A,네오　지온　잔당도　가담한　모양입니다。,quarantine,unresolved
P4_direct_ext3_text_drift,62C7C0,scenario_62C7B8,unverified,review_translation_and_runtime_by_bundle,本部は我々ロンド・べルにク－デタ－を,연방 사령부는 아군 론도 벨에게 최전선 급파 명령을 하달해 이 쿠데타를,こ본부는　우리　론도　벨에　쿠데타를,본부는　우리　론도　벨에　쿠데타를,,18E518323001010101010101010101,True,18F29A086A71F88F2AF0030CFBCF15,1,,,62C7B8,어떻게　하시겠습니까？,62C7D0,진압하라고　했습니다만……,quarantine,unresolved
P4_direct_ext3_text_drift,62C848,scenario_62C837,unverified,review_translation_and_runtime_by_bundle,オぺレ－ション・メテオを,인류 도살 작전인 오퍼레이션 메테오의 사출을,こ오퍼레이션　메테오를,오퍼레이션　메테오를,,18E5181BA20101,True,18FE1E2AF6AF15,1,,,62C837,놈들의　본대는　우주에　있다。,62C850,발동하기　위해서지。,quarantine,unresolved
P4_direct_ext3_text_drift,62C8C1,scenario_62C89E,unverified,review_translation_and_runtime_by_bundle,地球にコロニ－落としをしかけ、その混乱に,"지구 표면에 거대 콜로니 시설을 자유 낙하해 충돌시키는 인류 도살극을 감행하고, 대혼란의 틈새를",こ지구에　콜로니를　떨어뜨리고、,지구에　콜로니를　떨어뜨리고、,,18E518323C010101010101010101010101010101,True,18F5700CFA7DE033F18B15F4312807F423F5120C,1,,,62C8AC,반연방　콜로니　세력의　계획이지……,62C8D6,편승해　건담으로　지구를　제압하는……,quarantine,unresolved
P4_direct_ext3_text_drift,62C8E8,scenario_62C89E,unverified,review_translation_and_runtime_by_bundle,ウイング・ゼロも、もともとは,"내가 설계한 윙 제로 기체 역시, 본래는",こ윙　제로도、　원래는,윙　제로도、　원래는,,18E518323D010101010101,True,18FA982AF0652007F90208,1,,,62C8D6,편승해　건담으로　지구를　제압하는……,62C8F4,그　일에　만든　ＭＳ　중　하나였지。,quarantine,unresolved
P4_direct_ext3_text_drift,62C92C,scenario_62C916,unverified,review_translation_and_runtime_by_bundle,連邦がティタ－ンズとエゥ－ゴにわかれて,연방 정부가 티탄즈와 에우고 세력으로 분열되어 자기들끼리,こ연방이　티탄즈와　에우고로　갈려,연방이　티탄즈와　에우고로　갈려,,18E5183240010101010101010101,True,18F42517FDC413F8E30C310EF032,1,,,62C916,하지만　우리가　건담을　들고　나오고……,62C93B,내전을　시작해　작전은　취소됐네。,quarantine,unresolved
P4_direct_ext3_text_drift,62C952,scenario_62C916,unverified,review_translation_and_runtime_by_bundle,わざわざコロニ－を落とすまでもなく,"굳이 우리 쪽에서 콜로니를 투하해 인류를 도살해 판을 깨지 않더라도,",こ굳이　콜로니를　떨굴　필요도　없이,굳이　콜로니를　떨굴　필요도　없이,,18E518324201010101010101010101,True,18FA4CFA7D15E033F189F19D200624,1,,,62C93B,내전을　시작해　작전은　취소됐네。,62C962,지구가　혼란에　빠졌으니까。,quarantine,unresolved
P4_direct_ext3_text_drift,62C96F,scenario_62C916,unverified,review_translation_and_runtime_by_bundle,もっとも、アンタらがあっという間に,"단, 자네들 에우고 연합군이 유례없이 영민하게 전선을 수습해",こ다만、　당신들이　순식간에,다만、　당신들이　순식간에,,18E5183243010101010101010101,True,18FAC807F5A5F048F3D6F664990C,1,,,62C962,지구가　혼란에　빠졌으니까。,62C97E,지구를　평정한　덕에……,quarantine,unresolved
P4_direct_ext3_text_drift,62C98E,scenario_62C916,unverified,review_translation_and_runtime_by_bundle,……ヤツらは介入する機会を,……음지에서 기회만 엿보던 그 반역 세력 놈들이 내전에 침투할 정당한 핑계를,こ……놈들은　끼어들　기회를,……놈들은　끼어들　기회를,,18E5183245010101010101010101,True,18F191F2D4F05BF532F1CBF3AE15,1,,,62C97E,지구를　평정한　덕에……,62C9AC,……그놈들이란　누구지？,quarantine,unresolved
P4_direct_ext3_text_drift,62C9CB,scenario_62C9C1,unverified,review_translation_and_runtime_by_bundle,デキム・バ－トンという男に率いられた,"데킴 바톤이라는 탐욕스럽고 잔인한 영감이 총수로 군림해 이끄는,",こ데킴　바톤이란　남자가　이끄는,데킴　바톤이란　남자가　이끄는,,18E51832480101010101010101010101,True,18F5B82AFB38F664E06B0CE11E04F790,1,,,62C9C1,바톤　재단。,62C9DC,지구권에서도　손꼽히는　재벌이지。,quarantine,unresolved
P4_direct_ext3_text_drift,62C9EE,scenario_62C9C1,unverified,review_translation_and_runtime_by_bundle,地球が平和に治まっていくのにって,"전쟁이 종식되고 대지가 영구 평화 궤도로 흘러가는 꼴을 쳐다보며 위기감에 똥줄이 타자,",こ지구가　평화로워지려　하자,지구가　평화로워지려　하자,,18E5183AC4010101010101010101010101010101,True,18F57017F46A0CE2ABF1990B04F0F60CE292F156,1,,,62C9DC,지구권에서도　손꼽히는　재벌이지。,62CA03,마침내　행동에　나선　셈인가……,quarantine,unresolved
P4_direct_ext3_text_drift,62CA17,scenario_62C9C1,unverified,review_translation_and_runtime_by_bundle,理由は何にせよ、バ－トン財団が,"그들이 대는 어떤 감상적 핑계가 되었든 간에, 바톤 재단이",こ이유가　뭐든、　바톤　재단이,이유가　뭐든、　바톤　재단이,,18E518324A010101010101010101,True,18F3CC089A0CF55707FB38F3A817,1,,,62CA03,마침내　행동에　나선　셈인가……,62CA26,행동을　시작한　건　틀림없다。,quarantine,unresolved
P4_direct_ext3_text_drift,62CA36,scenario_62C9C1,unverified,review_translation_and_runtime_by_bundle,そして、やつらがオぺレ－ション・メテオに,"그리고, 만약 저들이 당초 설계되었던 오퍼레이션 메테오의 매뉴얼 그대로",こ놈들이　오퍼레이션　메테오대로,놈들이　오퍼레이션　메테오대로,,18E518324C01010101010101,True,18F78707F941FE1E2AF6AF0C,1,,,62CA26,행동을　시작한　건　틀림없다。,62CA52,콜로니　낙하를　감행한다……는　건가。,quarantine,unresolved
P4_direct_ext3_text_drift,62CA67,scenario_62CA52,unverified,review_translation_and_runtime_by_bundle,そうなったら最悪の事態だな。,"그 콜로니가 대지에 추락해 충돌하는 순간, 인류의 3분의 2가 증발하는 대파멸의 사태가 도래하겠군.",こ그렇게　되면　최악이군。,그렇게　되면　최악이군。,,18E518D00D010101010101,True,18FDDAF4F805F324F5490A,1,,,62CA52,콜로니　낙하를　감행한다……는　건가。,62CA73,무슨　수를　써서든　막아야　해。,quarantine,unresolved
P4_direct_ext3_text_drift,62CAA6,scenario_62CA82,unverified,review_translation_and_runtime_by_bundle,防ぐといっても,"추락을 선제 차단하려 요격하고 싶어도,",こ막는다고　해도,막는다고　해도,,18E51832520101,True,18E0D7E01DFBD8,1,,,62CA94,어느　콜로니를　손에　넣을　셈이지？,62CAAE,어디인지　모르면……,quarantine,unresolved
P4_direct_ext3_text_drift,62CACC,scenario_62CABE,unverified,review_translation_and_runtime_by_bundle,特に設備を用意しなくても,"번거롭게 추진용 연소 로켓 유닛을 우주에서 매설하는 공사를 안 벌이더라도,",こ별도　설비　없이도,별도　설비　없이도,,18E5184AC701010101010101010101,True,18E1500CE130C515F4C8F410F0F220,1,,,62CABE,뭐、　간단하다네。,62CADC,자력으로　이동할　수　있고……,quarantine,unresolved
P4_direct_ext3_text_drift,62CAE8,scenario_62CABE,unverified,review_translation_and_runtime_by_bundle,しかも、軍が駐留しておらず,"상대적으로 방어선이 구축되어 있지 않아 아군 정규 병력의 경계 경비가 느슨하고,",こ게다가　군이　주둔하지　않아,게다가　군이　주둔하지　않아,,18E51832550101010101010101,True,18F835078F17F3DFF41335F04B,1,,,62CADC,자력으로　이동할　수　있고……,62CAF6,손에　넣기　쉬운　소행성이……,quarantine,unresolved
P4_direct_ext3_text_drift,62CB18,scenario_62CB0B,unverified,review_translation_and_runtime_by_bundle,よし、ト－レス！,"좋아, 신속히 전파 수급해라, 토레스 중사！",こ좋아、　토레스！,좋아、　토레스！,,18E51832580101,True,18F49007FB5D03,1,,,62CB0B,그렇군、　액시즈인가！！,62CB20,전　부대에　통보하라！！,quarantine,unresolved
P3_direct_ext3_control_adjacent_text_drift,62CB2A,scenario_62CB0B,unverified,confirm_current_text_then_rehome,これよりロンド・べルはアクシズに向かう！,이 시간부로 우리 론도 벨의 기수 항로 좌표를 액시즈 소행성으로 긴급 회항해 조준한다！,こ이제　론도　벨은　액시즈로　간다！,이제　론도　벨은　액시즈로　간다！,,18E518325A0101010101010101010101,True,18FAE0F88F2AF00308FB740CD5F14503,2,084B,True,62CB20,전　부대에　통보하라！！,62CB3F,……알겠습니다！！,quarantine,unresolved
P4_direct_ext3_text_drift,62CB70,scenario_62CB66,unverified,review_translation_and_runtime_by_bundle,このオぺレ－ション・メテオをもって、,"이 찬란한 오퍼레이션 메테오 대지 도살 발사가 종막을 장식하는 순간,",こ이　오퍼레이션　메테오로、,이　오퍼레이션　메테오로、,,18E518325E010101010101,True,18F362FE1E2AF6AFF9AD07,1,,,62CB66,……그렇소。,62CB7C,바톤　일족의　패권은　확립된다……,quarantine,unresolved
P4_direct_ext3_text_drift,62CC40,scenario_62CC20,unverified,review_translation_and_runtime_by_bundle,連邦に対してだけではなく、,"연방 군사 사령부뿐만이 아닌,",こ연방뿐만　아니라、,연방뿐만　아니라、,,18E51832670101010101010101,True,18F4250CE01BF413FA58062407,1,,,62CC2E,지금은　연방정부　외무차관……,62CC4E,콜로니에도　큰　영향력을　지녔지。,quarantine,unresolved
P4_direct_ext3_text_drift,62CC60,scenario_62CC20,unverified,review_translation_and_runtime_by_bundle,そう、あなたの権力はあなた自身が,"그러하오, 공주가 보유한 정치적 입지는 자네 스스로",こ그래、　당신의　권력은　스스로,그래、　당신의　권력은　스스로,,18E51832690101010101010101,True,18F42607FA90F0AFF9F5F48917,1,,,62CC4E,콜로니에도　큰　영향력을　지녔지。,62CC6E,생각하는　것보다　훨씬　강하오。,quarantine,unresolved
P5_non_direct_native_or_other,62CC7D,scenario_62CC20,unverified,do_not_autofix_static_false_positive_possible,ふふふふ……,후후후후……,こ후후후후……,후후후후……,True,18FF70FF07,,18FA22F191,2,1728,True,62CC6E,생각하는　것보다　훨씬　강하오。,62CC8E,……………,quarantine,unresolved
P4_direct_ext3_text_drift,62CD25,scenario_62CD11,unverified,review_translation_and_runtime_by_bundle,諸君らロンド・べルに,용맹한 귀관들의 론도 벨 요격단 전력에,こ자네들　론도　벨에,자네들　론도　벨에,,18E5184BA70101010101,True,18F1521CF88F2AF0030C,1,,,62CD11,전력이　부족하지　않나？,62CD30,협력하고　싶네。,quarantine,unresolved
P3_direct_ext3_control_adjacent_text_drift,62CD3D,scenario_62CD11,unverified,confirm_current_text_then_rehome,私のことは、そう……,"향후 내 신분 성명은 무전 상에서 젝스가 아닌, 그렇게……",こ나를、　그래……,나를、　그래……,,18E518327301010101,True,1841F94907F426F191,2,1728,True,62CD30,협력하고　싶네。,62CD52,……말하자면　불을　끄는　바람。,quarantine,unresolved
P2_direct_ext3_exact_text,62CD62,scenario_62CD52,unverified,second_batch_representative_runtime_test,プリべンタ－・ウィンドとでも,프리벤터 윈드라는 코드명으로,こ프리벤터　윈드라는　코드명으로,프리벤터　윈드라는　코드명으로,True,18E5183275010101010101010101,True,186C53D21A30102A77461A44F648,1,,,62CD52,……말하자면　불을　끄는　바람。,62CD71,불러　주겠나。,quarantine,unresolved
P4_direct_ext3_text_drift,62CD92,scenario_62CD83,unverified,review_translation_and_runtime_by_bundle,……貴官を我々ロンド・べルに迎えよう。,……귀관의 합류를 론도 벨 함대 일원으로서 흔쾌히 수락해 영접하겠네.,こ……귀관을　우리　론도　벨에　맞이하지。,……귀관을　우리　론도　벨에　맞이하지。,,18E51832770101010101010101010101010101,True,18F191F01A156A71F88F2AF0030CE0A6F67B0A,1,,,62CD83,설마　자네가　협력해　줄　줄이야……,62CDA6,지금　해치를　열게　하겠다。,quarantine,unresolved
P5_non_direct_native_or_other,62CDF2,scenario_62CDE9,unverified,do_not_autofix_static_false_positive_possible,ゼクス……,젝스……,こ젝스……,젝스……,True,18F6A9F093,,18F6A9F191,1,,,62CDE9,예……,62CDF8,１년　２일　만이네요。,quarantine,unresolved
P4_direct_ext3_text_drift,62CE6D,scenario_62CE4B,unverified,review_translation_and_runtime_by_bundle,く、く……が、戦力を分散させたのは,"크, 크크…… 그렇지만, 아군 추격을 차단하려 전술 화력을 사방으로 분산시킨 것은",こ크、　큭……　전력을　나눈　건,크、　큭……　전력을　나눈　건,,18E5183280010101010101010101010101,True,18240724F1911707F38715F004F826F44B,1,,,62CE5D,역시　론드　벨답군。,62CE7F,너희의　실수다！！,quarantine,unresolved
P4_direct_ext3_text_drift,62CEA7,scenario_62CE92,unverified,review_translation_and_runtime_by_bundle,べラ様を我らの拠点へと,총사령관 베라 님 신변을 우리의 안전한 우주 본부 거점으로,こ베라　님을　우리　거점으로,베라　님을　우리　거점으로,,18E5183BAB01010101010101,True,18F0028B156AF059F3F1F578,1,,,62CE9C,이탈을　지원하라！！,62CEB4,모셔　오는　거다！！,quarantine,unresolved
P4_direct_ext3_text_drift,62CED1,scenario_62CEC5,unverified,review_translation_and_runtime_by_bundle,マザ－バンガ－ドを守るように,탈출 기함 마더 뱅가드의 퇴각로 사각지대를 호위하듯,こ마더　뱅가드를　지키도록,마더　뱅가드를　지키도록,,18E51832860101010101,True,18FE7A15E03B0FF49E0C,1,,,62CEC5,적　모빌슈트　출현！！,62CEDC,전개하고　있습니다！！,quarantine,unresolved
P4_direct_ext3_text_drift,62CF02,scenario_62CEE7,unverified,review_translation_and_runtime_by_bundle,こちらもモビルス－ツを出すぞ！！,본 함선에서도 즉각 모빌슈트 요격 편대를 사출한다！！,こ우리도　ＭＳ를　내보낸다！！,우리도　ＭＳ를　내보낸다！！,,18E5182B8B010101010101,True,18FB0DFD79156FF1DBF044,1,,,62CEF6,이탈시킬　셈인가……,62CF0E,목표는　마더　뱅가드！,quarantine,unresolved
P4_direct_ext3_text_drift,62CF16,scenario_62CEE7,unverified,review_translation_and_runtime_by_bundle,全機、マザ－バンガ－ドにとりついて,"전 기체, 마더 뱅가드 기함의 측면 장갑에 바짝 접근 영접해 접현하고",こ전　기체、　마더　뱅가드에　붙어서,전　기체、　마더　뱅가드에　붙어서,,18E518328B010101010101,True,18F56D07FE7A0C1327F697,1,,,62CF0E,목표는　마더　뱅가드！,62CF22,발을　묶어라！！,quarantine,unresolved
P4_direct_ext3_text_drift,62CF2D,scenario_62CEE7,unverified,review_translation_and_runtime_by_bundle,ネェル・ア－ガマで接舷して,넬 아가마 요격함 본선 몸뚱이를 직접 마더 뱅가드 외벽에 접현하여,こ넬　아가마로　접현해서,넬　아가마로　접현해서,,18E518328D010101010101,True,18F5962AFB7816F0B4F413,1,,,62CF22,발을　묶어라！！,62CF39,베라　로나를　구출한다！！,quarantine,unresolved
P4_direct_ext3_text_drift,62CF6A,scenario_62CF51,unverified,review_translation_and_runtime_by_bundle,それまでなんとかしてマザ－バンガ－ドの,"연동 수급이 무사히 정돈 완료될 때까지, 어떻게든 마더 뱅가드가",こ그때까지　마더　뱅가드의,그때까지　마더　뱅가드의,,18E51832910101010101,True,18F9A7F96FF413FE7A05,1,,,62CF5D,마더　뱅가드에　교신한다！,62CF75,이탈을　막아　줘！！,quarantine,unresolved
P4_direct_ext3_text_drift,62D054,scenario_62D048,unverified,review_translation_and_runtime_by_bundle,いかんっ！　こっちを狙っているぞ！！,위험하다！ 저 미친 자비네가 아군 조종석 격실을 정밀 조준 사격하고 있어！！,こ안　돼！　이쪽을　노린다！！,안　돼！　이쪽을　노린다！！,,18E518D01101010101010101010101,True,18FA1B0301F359F216E129FC3AF044,1,,,62D048,건담　Ｘ２！？,62D064,적함과의　록을　해제해라！！,quarantine,unresolved
P3_direct_ext3_control_adjacent_text_drift,62D1A2,scenario_62D189,unverified,confirm_current_text_then_rehome,今のうちにマザ－バンガ－ドを！！,아군 요격 편대원들은 이 틈을 타 신속히 마더 뱅가드 기함을 확보해 탈환하십시오！！,こ지금　마더　뱅가드를！！,지금　마더　뱅가드를！！,,18E51832A601010101,True,1876FAA1FE7A15F044,2,0861,True,62D194,자비네는　내가　막는다！！,62D1B0,……알겠다！！,quarantine,unresolved
P4_direct_ext3_text_drift,62D1D3,scenario_62D1C5,unverified,review_translation_and_runtime_by_bundle,ネェル・ア－ガマは接舷状態にあるため,현재 넬 아가마 본선은 도킹 접현 고정 상태이기 때문에,こ넬　아가마는　접현　중이라,넬　아가마는　접현　중이라,,18E51832A901010101010101010101,True,18F5962AFB7808F0B4F20CF8BA1147,1,,,62D1C5,전　모빌슈트대에　통보！,62D1E3,이동할　수　없다！,quarantine,unresolved
P4_direct_ext3_text_drift,62D1EC,scenario_62D1C5,unverified,review_translation_and_runtime_by_bundle,マザ－バンガ－ドの奪還まで,마더 뱅가드 기함을 완전히 탈환해 정돈 완료할 때까지,こ마더　뱅가드를　되찾을　때까지,마더　뱅가드를　되찾을　때까지,,18E51832AB010101,True,18FE7A05F3CEF19D,1,,,62D1E3,이동할　수　없다！,62D1F5,넬　아가마를　지켜　내라！！,quarantine,unresolved
P3_direct_ext3_control_adjacent_text_drift,62D204,scenario_62D1C5,unverified,confirm_current_text_then_rehome,各員、たのんだぞ！！,"각 대원들의 분투에 기함의 명운이 걸렸다, 부탁한다！！",こ각자、　부탁한다！！,각자、　부탁한다！！,,18E51832AD010101,True,18F14907FCBFF044,2,1728,True,62D1F5,넬　아가마를　지켜　내라！！,62D216,크크！　하앗、　아하하하핫！,quarantine,unresolved
P4_direct_ext3_text_drift,62D226,scenario_62D216,unverified,review_translation_and_runtime_by_bundle,なぜだ！？,어째서냐！？,こ어째서냐！？　왜、　이　완벽한　고귀한,어째서냐！？　왜、　이　완벽한　고귀한,,18E5184A55,True,18F610F040,1,,,62D216,크크！　하앗、　아하하하핫！,62D22C,어째서　내가！？,quarantine,unresolved
P4_direct_ext3_text_drift,62D237,scenario_62D216,unverified,review_translation_and_runtime_by_bundle,いちどは倒したのだぞ！？,그 낙후된 전장 공역에서 분명 내 칼날로 찔러 격침 전사시켰거늘！？,こ한번은　쓰러뜨렸는데！？,한번은　쓰러뜨렸는데！？,,18E5181BA40101010101010101,True,18F89308E011F41B05F543F040,1,,,62D22C,어째서　내가！？,62D245,그래……！,quarantine,unresolved
P3_direct_ext3_control_adjacent_text_drift,62D2B7,scenario_62D2AA,unverified,confirm_current_text_then_rehome,べラは返してもらうっ！,"내 영혼의 약속대로, 베라는 내가 직접 안전하게 영접해 데려갈 거다！",こ베라는　돌려받겠다！,베라는　돌려받겠다！,,18E51832B70101010101,True,18F00208E05BFC380903,2,0830,True,62D2AA,방해하지　마라、　자비네！,62D2C6,하핫！　하하하핫！！,quarantine,unresolved
P4_direct_ext3_text_drift,62D2DD,scenario_62D2C6,unverified,review_translation_and_runtime_by_bundle,べラ様は我らの,베라 님은 우리 영광스러운 크로스본 뱅가드의,こ베라　님은　우리,베라　님은　우리,,18E5182B8C010101,True,18F0028B086AF059,1,,,62D2D2,누가　네놈　따위에게！,62D2E6,여왕이　되실　분이다！,quarantine,unresolved
P4_direct_ext3_text_drift,62D394,scenario_62D377,unverified,review_translation_and_runtime_by_bundle,支配など正しいとは思っていない！,그단 야만스럽고 강압적인 무력 지배 방식 따위 결코 올바른 이치가 아니라 부정하고 계셔！,こ지배가　옳다고는　생각하지　않아！,지배가　옳다고는　생각하지　않아！,,18E51832C4010101010101010101,True,18F3C8F51FE05AF6920894FD2803,2,,,62D384,어울린다고　했던　여자는　말이지……,62D3A4,こ지배를　원하지　않는　자가,quarantine,unresolved
P4_direct_ext3_text_drift,62D3A4,scenario_62D377,unverified,review_translation_and_runtime_by_bundle,支配を良しとしない者が,사리사욕의 무력 지배를 스스로 혐오하고 거부하는 장수야말로,こ지배를　원하지　않는　자가,지배를　원하지　않는　자가,,18E5182AA301010101010101,True,18F3C815CA12F18BF5269F17,1,,,62D394,こ지배가　옳다고는　생각하지　않아！,62D3B1,가장　지배자에　어울린다면、,quarantine,unresolved
P4_direct_ext3_text_drift,62D3C1,scenario_62D377,unverified,review_translation_and_runtime_by_bundle,それを望む者は,스스로 지배 왕관을 탐해 남을 도살하려는 네놈 같은 야심가 놈들은,こ그걸　원하는　자는,그걸　원하는　자는,,18E51832C6010101,True,18F5B5E12E8C9F08,1,,,62D3B1,가장　지배자에　어울린다면、,62D3CA,지배에　어울리지　않는다는　거지……,quarantine,unresolved
P4_direct_ext3_text_drift,62D3DB,scenario_62D377,unverified,review_translation_and_runtime_by_bundle,貴族主義ははじめから間違っていたんだよ,"귀족주의라는 그 위선적인 도살 논리는 시작점부터 통째로 뒤틀려 틀려 처먹었던 거야,",こ귀족주의는　처음부터　틀렸어,귀족주의는　처음부터　틀렸어,,18E51832C801010101010101010101,True,18F9B408084C47F124F083F926F784,1,,,62D3CA,지배에　어울리지　않는다는　거지……,62D3FA,브라이트　함장！！,quarantine,unresolved
P3_direct_ext3_control_adjacent_text_drift,62D44D,scenario_62D438,unverified,confirm_current_text_then_rehome,各員、敵残存部隊の撃破にあたれ！！,"전 요격 파일럿들은, 조속히 포위망을 좁혀 도망치는 적의 잔존 기체들을 처단하라！！",こ각자、　남은　적　부대를　격파해라！！,각자、　남은　적　부대를　격파해라！！,,18E51832CD0101010101010101,True,18F14907FC6E05F162FB17F044,2,1728,True,62D43F,지금부터　소탕전으로　전환한다！,62D464,자비네　샤르　이하,quarantine,unresolved
P5_non_direct_native_or_other,62D49A,scenario_62D483,unverified,do_not_autofix_static_false_positive_possible,ア－ガマを,넬 아가마 요격함을,こ아가마를,아가마를,,18F45001,,18FB7815,1,,,62D48A,베라　로나를　구출한다！！,62D49F,마더　뱅가드에　접현시켜라！,quarantine,unresolved
P4_direct_ext3_text_drift,62D51F,scenario_62D50F,unverified,review_translation_and_runtime_by_bundle,それにしても、オレが出るまでもなく,"그렇다 해도, 내가 요격을 나설 틈새도 없이",こ그래도　내가　나설　틈도　없이,그래도　내가　나설　틈도　없이,,18E5181BA5010101010101010101,True,18FDE907F430176F0FF19D200624,1,,,62D50F,……그래、　운이　좋았지。,62D52E,자비네를　쓰러뜨리다니……,quarantine,unresolved
P3_direct_ext3_control_adjacent_text_drift,62D540,scenario_62D50F,unverified,confirm_current_text_then_rehome,さすがはロンド・べルというところだな。,과연 명불허전 론도 벨의 든든한 화력이구먼.,こ역시　론도　벨답군。,역시　론도　벨답군。,,18E5182C120101010101010101010101,True,18F98AF88F2AF003F664131842F5490A,2,1728,True,62D52E,자비네를　쓰러뜨리다니……,62D55A,미안해、　베라……기다리게　했군。,quarantine,unresolved
P4_direct_ext3_text_drift,62D584,scenario_62D570,unverified,review_translation_and_runtime_by_bundle,あなたが死んでしまったかと……,당신의 우주 요격기가 대파되어 사망한 줄로만 알고……,こ당신이　죽은　줄　알고……,당신이　죽은　줄　알고……,,18E51832DD01010101010101,True,18FA9CADF222FAEBF137F191,1,,,62D578,나、무서웠어……,62D591,다시는　못　만날　줄　알고……,quarantine,unresolved
P4_direct_ext3_text_drift,62D5EF,scenario_62D5D2,unverified,review_translation_and_runtime_by_bundle,戦って、セシリ－・フェアチャイルドを,"끝까지 싸워내어, 세실리 페어차일드라는 평화의 안식을",こ싸워서、세실리　페어차일드를,싸워서、세실리　페어차일드를,,18E5183D18010101010101010101010101010101,True,1839F156077C2DF4D92A63DC26E03F6729384415,1,,,62D5DE,킨케두　나우니까……싸워야　해,62D604,되찾아야　해……,quarantine,unresolved
P4_direct_ext3_text_drift,62D615,scenario_62D5D2,unverified,review_translation_and_runtime_by_bundle,戦争は終わらせなければな。,이 참혹한 전쟁만큼은 우리 세대에서 끝장내야지.,こ전쟁을　끝내야　해。,전쟁을　끝내야　해。,,18E51832E5010101010101010101,True,18F30F08E010311C3406F6EE060A,1,,,62D604,되찾아야　해……,62D624,……그래야　돌아오니까。,quarantine,unresolved
P3_direct_ext3_control_adjacent_text_drift,630301,scenario_6302F5,unverified,confirm_current_text_then_rehome,……ええいっ！,"……에잇, 골칫덩이 자식 같으니！",こ……에잇！,……에잇！,,18E518070401,True,18F191FB8503,2,1728,True,6302F5,！……카미유！！,630311,찾았다……카미유！！,quarantine,unresolved
P4_direct_ext3_text_drift,630335,scenario_630329,unverified,review_translation_and_runtime_by_bundle,今日はオマエに構ってるヒマはないんだ！,오늘 전장 공역에선 네놈 따위 피라미 장단에 맞춰 놀아줄 전술 대기 시간이 없다！,こ오늘은　너와　놀　시간　없어！,오늘은　너와　놀　시간　없어！,,18E51833070101010101010101010101,True,18F38108F68F0CE15EF6F3F192FCE903,1,,,630329,……제리드인가！！,630346,……방해하지　마라！！,quarantine,unresolved
P4_direct_ext3_text_drift,630392,scenario_63037C,unverified,review_translation_and_runtime_by_bundle,レコア少尉たちがこの騒ぎに,레코아 소위 일행이 본 기지 외벽에서 발생한 이 포격 소란을,こ레코아　소위들이　이　소동을,레코아　소위들이　이　소동을,,18E518330C010101010101010101,True,18F791F39DF758F362E335E04C0C,1,,,630384,이대로는　다수에　맞서기　어렵다。,6303A1,알아차리면　좋으련만……,quarantine,unresolved
P4_direct_ext3_text_drift,6304C7,scenario_6304BC,unverified,review_translation_and_runtime_by_bundle,目の前で女に死なれるのは,내 두 눈앞에서 지키려던 가련한 여인이 격침 전사하는 참극은,こ눈앞에서　여자가　죽는　건,눈앞에서　여자가　죽는　건,,18E51833160101010101010101,True,18B1059616970CAD06F047F44B,1,,,6304BC,됐으니　가라！！,6304D5,한　번이면　충분하다……자、　가라！,quarantine,unresolved
P4_direct_ext3_text_drift,6305B0,scenario_6305A7,unverified,review_translation_and_runtime_by_bundle,………っ！,……윽！,こ………윽！,………윽！,,18E518E497,True,18F6170903,1,,,6305A7,………………,6305B6,아……크와트로、　대위님……？,quarantine,unresolved
P1_direct_ext3_exact_text_control_adjacent,6305EA,scenario_6305DC,unverified,high_priority_batch_after_anchor_pass,なんでも……ないんです。,정말로…… 아무 일도 없었습니다.,こ정말로……　아무　일도　없었습니다。,정말로……　아무　일도　없었습니다。,True,18E518331E010101010101,True,18F8C5F191F526F2221E0A,2,082B,True,6305DC,아、　아뇨……아무것도。,6305FA,…………？,quarantine,unresolved
P3_direct_ext3_control_adjacent_text_drift,630640,scenario_63062C,unverified,confirm_current_text_then_rehome,全艦、全速前進！！,"기함 및 전 전투함, 최대 엔진 출력으로 전속 항진 돌격！！",こ전　함선、　전속　전진！！,전　함선、　전속　전진！！,,18E51833210101010101,True,18F51707F583F2CDF044,2,1728,True,630633,이제　구원하러　간다！！,630654,음……에우고인가。,quarantine,unresolved
P4_direct_ext3_text_drift,6306CA,scenario_6306B9,unverified,review_translation_and_runtime_by_bundle,しかし、だいぶ離れた場所まで,"그러나, 쫓고 쫓기는 회피 기동 중에 원래 대열에서 지나치게 고립된",こ하지만　상당히　먼　곳까지,하지만　상당히　먼　곳까지,,18E518332601010101010101010101,True,18F828070D04B5E065F02CF2F2F19D,1,,,6306B9,어떻게든　추격을　따돌렸나……,6306DA,몰리고　말았군。,quarantine,unresolved
P3_direct_ext3_control_adjacent_text_drift,6306E7,scenario_6306B9,unverified,confirm_current_text_then_rehome,クワトロ大尉たちは……,콰트로 대위와 넬 아가마 대열의 신호 발신 좌표는……,こ크와트로　대위들은……,크와트로　대위들은……,,18E518332801010101,True,18FB96F08EF762F191,2,1728,True,6306DA,몰리고　말았군。,6306FC,……응？,quarantine,unresolved
P3_direct_ext3_control_adjacent_text_drift,63071A,scenario_63070D,unverified,confirm_current_text_then_rehome,実験施設のようだが……,외관 기형 설계로 보아 일종의 생체 인체 실험 시설 연구동 같은데……,こ실험시설　같은데……,실험시설　같은데……,,18E518332A010101010101010101,True,18E031E1AEF41C05F49EF538F191,2,1728,True,63070D,뭐지、　여긴……？,630734,……음？,quarantine,unresolved
P4_direct_ext3_text_drift,630762,scenario_630754,unverified,review_translation_and_runtime_by_bundle,なぜ、ティタ－ンズの研究所に,어째서 티탄즈 연방 직속의 극비 인체 연구소 데이터베이스에,こ왜　티탄즈　연구소에,왜　티탄즈　연구소에,,18E518332D0101010101,True,18F52207FDC405F8360C,1,,,630754,『세레인　익스페리』！？,63076D,세라의　기록이　있는　거지！？,quarantine,unresolved
P4_direct_ext3_text_drift,6307CC,scenario_6307BF,unverified,review_translation_and_runtime_by_bundle,まさか……！,말도 안 돼……！,こ설마……！,설마……！,,18E5182B8E,True,18F845F60C,1,,,6307BF,세、　세라！？,6307D2,살아…살아　있었나！？,quarantine,unresolved
P3_direct_ext3_control_adjacent_text_drift,6307DD,scenario_6307BF,unverified,confirm_current_text_then_rehome,セラっ！！,세라！！ 내 말 들리니！！,こ세라！！,세라！！,,18E5182CFB01,True,18F42909F044,2,1728,True,6307D2,살아…살아　있었나！？,6307EF,………………,quarantine,unresolved
P4_direct_ext3_text_drift,630868,scenario_630849,unverified,review_translation_and_runtime_by_bundle,通常の方法で、エゥ－ゴのパイロットが,연방 허가 없이 승인되지 않은 일반 전술 경로로는 에우고의 조종사가,こ정상적인　방법으로　에우고　파일럿이,정상적인　방법으로　에우고　파일럿이,,18E51891D401010101010101010101,True,18AEE19B05F18A1607F8E305FD0B17,1,,,630858,지급되는　것으로　알고　있습니다。,630878,이곳에　나타날　수는　없습니다。,quarantine,unresolved
P3_direct_ext3_control_adjacent_text_drift,63088A,scenario_630849,unverified,confirm_current_text_then_rehome,故にアナタを侵入者と判断します。,따라서 귀관의 접근 행위를 침입 음모로 규정하고 요격을 가하겠습니다.,こ따라서　당신을　침입자로　판단합니다。,따라서　당신을　침입자로　판단합니다。,,18E518333901010101010101010101,True,18E2600CF80915F7DA13F16DF6700A,2,1728,True,630878,이곳에　나타날　수는　없습니다。,6308A0,세、　세라……！？,quarantine,unresolved
P4_direct_ext3_text_drift,630951,scenario_630947,unverified,review_translation_and_runtime_by_bundle,キサマ……,이 비열한 아인 녀석……,こ네놈……,네놈……,,18E5182B8F,True,18F736F191,1,,,630947,……읏！！,630957,그녀의　마음을　빼앗은　거냐！？,quarantine,unresolved
P4_direct_ext3_text_drift,630992,scenario_630983,unverified,review_translation_and_runtime_by_bundle,こんなロボットのような姿に,인격 주체성을 다 도려내고 고작 말 잘 듣는 로봇 장난감 꼴로,こ이런　로봇　같은　모습으로,이런　로봇　같은　모습으로,,18E518334101010101010101,True,18F5C83C98513EFA27E1B50C,1,,,630983,본래　모습이라고！！,63099F,만들어　놓고　잘도……！！,quarantine,unresolved
P3_direct_ext3_control_adjacent_text_drift,6309FF,scenario_6309E4,unverified,confirm_current_text_then_rehome,……何が書いてあったと思う？,……과연 그 노란 석판 봉인문 안에 무슨 악마의 문장이 새겨져 있었을 성싶으냐？,こ……뭐가　쓰여　있었을　것　같아？,……뭐가　쓰여　있었을　것　같아？,,18E51833450101010101010101010101,True,18F1919A17E2BDF275F3D6F37994141D,2,0802,True,6309F0,플라나간　기관의　기밀　파일을……,630A14,……윽？,quarantine,unresolved
P4_direct_ext3_text_drift,630A35,scenario_630A27,unverified,review_translation_and_runtime_by_bundle,フラナガン機関の秘蔵っ子。,"플래너건 연구소 기술진들이 심혈을 기울여 보존해 사육하던 비장의 샘플 카드로 여겨졌고,",こ플라나간　기관의　비장의　아이。,플라나간　기관의　비장의　아이。,,18E5183347010101010101,True,18FCFAF3CF05F50A09D10A,1,,,630A27,세레인　익스페리　소위……,630A41,장래가　촉망된　뉴타입……,quarantine,unresolved
P4_direct_ext3_text_drift,630A4F,scenario_630A27,unverified,review_translation_and_runtime_by_bundle,……すベてがウソっぱちさ！！,……하지만 그 찬양 스펙은 단 한 문장도 예외 없이 몽땅 날조된 새빨간 거짓말이었어！！,こ……전부　새빨간　거짓말이야！！,……전부　새빨간　거짓말이야！！,,18E5184AAE0101010101010101010101,True,18F1911EDEF3A2F1B709E0E63B25F044,2,,,630A41,장래가　촉망된　뉴타입……,630A61,こ그녀는　뉴타입　따위가　아니야。,quarantine,unresolved
P3_direct_ext3_control_adjacent_text_drift,630A61,scenario_630A27,unverified,confirm_current_text_then_rehome,彼女はニュ－タイプなんかじゃない。,이 세라라는 기형 소체는 애초에 신의 아이인 뉴타입 따위가 아니란 말이다.,こ그녀는　뉴타입　따위가　아니야。,그녀는　뉴타입　따위가　아니야。,,18E518334901010101,True,18F38308FD6CFE510A,2,1728,True,630A4F,こ……전부　새빨간　거짓말이야！！,630A76,……무슨　말을　하려는　거지？,quarantine,unresolved
P4_direct_ext3_text_drift,630AA7,scenario_630A88,unverified,review_translation_and_runtime_by_bundle,彼女には、父も母もいない。,"이 아이에겐 성씨를 물려줄 부모도, 안아줄 따뜻한 어머니의 품도 존재하지 않아.",こ그녀에겐　아버지도　어머니도　없어。,그녀에겐　아버지도　어머니도　없어。,,18E518334D010101010101010101,True,18F383F46707E0BC20E1BCF92B0A,2,,,630A98,인간이　만들어　낸　뉴타입……,630AB7,こ제공된　난자와　정자로、,quarantine,unresolved
P4_direct_ext3_text_drift,630AB7,scenario_630A88,unverified,review_translation_and_runtime_by_bundle,提供された卵子と精子から、,"인큐베이터 시험관 유리벽 속에서 배합된 정자와 난자의 융합만으로,",こ제공된　난자와　정자로、,제공된　난자와　정자로、,,18E5184ABF01010101010101010101,True,18F4DEF833E43CD113E175D1F12407,1,,,630AA7,こ그녀에겐　아버지도　어머니도　없어。,630AC7,인공적으로　태어나게　한　거야……,quarantine,unresolved
P4_direct_ext3_text_drift,630B12,scenario_630AF3,unverified,review_translation_and_runtime_by_bundle,造りモノのくせに,"고작 시험관 유리 조각 찌꺼기 주제에,",こ만들어진　주제에,만들어진　주제에,,18E51833510101010101,True,18E16D27F52B0524340C,1,,,630AFB,이　여자는　계속　우릴　속여　왔어。,630B1D,뉴타입이라며　치켜세워져서！！,quarantine,unresolved
P4_direct_ext3_text_drift,630B3A,scenario_630B2D,unverified,review_translation_and_runtime_by_bundle,たとえ彼女の出生がどうだろうと,설령 세라의 생물학적 근원이 시험관 유리 찌꺼기 유전자 배합이었을지언정,こ그녀의　출생이　어떻든,그녀의　출생이　어떻든,,18E518335301010101010101,True,18F7C7F38305F11717FBC513,1,,,630B2D,헛소리　마！！,630B47,그녀가　사람이라는　건　변하지　않아！,quarantine,unresolved
P3_direct_ext3_control_adjacent_text_drift,630B58,scenario_630B2D,unverified,confirm_current_text_then_rehome,それを、キサマは……！！,"그 가련한 아이의 가슴에 또 대못을 박고 세뇌 기계 인형으로 만들다니, 네놈은……！！",こ그걸、　네놈은……！！,그걸、　네놈은……！！,,18E51833540101010101,True,18F5B507F73608F60C03,2,1728,True,630B47,그녀가　사람이라는　건　변하지　않아！,630B6E,……자네는　모르겠지。,quarantine,unresolved
P4_direct_ext3_text_drift,630B7E,scenario_630B6E,unverified,review_translation_and_runtime_by_bundle,常に彼女と比較され続けてきた,훈련소 시절부터 저 인형 년의 경이적인 뇌파 스펙과 비교당하며 낙오자로 멸시받던,こ늘　그녀와　비교당해온,늘　그녀와　비교당해온,,18E5183ACA0101010101010101010101010101,True,18E19B0CF38313E23DE4EBF35BE061F4933211,1,,,630B6E,……자네는　모르겠지。,630B92,내　심정을……,quarantine,unresolved
P4_direct_ext3_text_drift,630B9D,scenario_630B6E,unverified,review_translation_and_runtime_by_bundle,その挙句に、この女はボクの気持ちを,"심지어 그 멸시의 끝자락에서, 저 영악한 인형 년은 나 아인의 순수한 연정 마음마저",こ그런데　이　여자는　내　마음을,그런데　이　여자는　내　마음을,,18E518335601010101010101010101010101,True,18F423F3310C07F3629708F27905F21CF216,1,,,630B92,내　심정을……,630BB0,철저히　가지고　놀았어！！,quarantine,unresolved
P4_direct_ext3_text_drift,630BC0,scenario_630B6E,unverified,review_translation_and_runtime_by_bundle,たかが人形のクセに……！,감히 인간 뇌세포 흉내나 내는 일회용 인형 주제에……！,こ고작　인형　주제에……！,고작　인형　주제에……！,,18E5183358010101010101,True,18F80DF05805F4A00CF60C,1,,,630BB0,철저히　가지고　놀았어！！,630BCC,이런　짓이　용납될　리　없어！！,quarantine,unresolved
P3_direct_ext3_control_adjacent_text_drift,630C1A,scenario_630BF9,unverified,confirm_current_text_then_rehome,アイン・レヴィ－－ッ！！,아인 레비 네놈을 이 자리에서 참수해 찢어 죽여버리겠다 ㅡ ！！,こ아인・레비이이！！,아인・레비이이！！,,18E518D55E010101010101,True,18F5DC2AF76BF20651F044,2,1728,True,630C0A,그녀를　이런　모습으로　만든　거냐！！,630C38,마스터에게서　떨어지세요。,quarantine,unresolved
P4_direct_ext3_text_drift,630C74,scenario_630C5A,unverified,review_translation_and_runtime_by_bundle,これでさよならだね、シグ・ウェドナ－。,"이것으로　안녕,　시그　웨드너-.",こ이걸로　작별이야、　시그　웨드너。,이걸로　작별이야、　시그　웨드너。,,18E5182A820101010101010101010101,True,18F62D2523F515F54B07F50B2AFD0A0A,1,,,630C62,옛날　얘기는　이쯤에서　끝내자。,630C85,옛　연인의　손에　죽게　해　주지。,quarantine,unresolved
P3_direct_ext3_control_adjacent_text_drift,630C9A,scenario_630C5A,unverified,confirm_current_text_then_rehome,……セラ。,"……세라, 청소를 시작해라.",こ……세라。,……세라。,,18E5180D7C01,True,18F191F4290A,2,1728,True,630C85,옛　연인의　손에　죽게　해　주지。,630CAC,……알겠다。,quarantine,unresolved
P4_direct_ext3_text_drift,630DAD,scenario_630D9A,unverified,review_translation_and_runtime_by_bundle,キリマンジャロ基地制圧に,이번 킬리만자로 기지 격멸 요격 작전에,こ킬리만자로　기지　제압에,킬리만자로　기지　제압에,,18E5184010010101,True,18FE05F335F32E0C,1,,,630D9A,에우고의　브라이트　노아　중령이군。,630DB6,협력하겠다。,quarantine,unresolved
P4_direct_ext3_text_drift,630DF4,scenario_630DDC,unverified,review_translation_and_runtime_by_bundle,話がそれだけなら、,"신원 검증이나 영양가 없는 대화가 끝이라면,",こ얘기가　그뿐이라면、,얘기가　그뿐이라면、,,18E518401601010101,True,18E02E17F90FF51507,1,,,630DE8,티탄즈에　맞서는　자다。,630DFE,지금은　전투에　집중하겠다。,quarantine,unresolved
P1_direct_ext3_exact_text_control_adjacent,630E0A,scenario_630DDC,unverified,high_priority_batch_after_anchor_pass,……交信は以上だ。,……암호 무전 교신 종료.,こ……암호　무전　교신　종료。,……암호　무전　교신　종료。,True,18E51840180101010101,True,18F191F29D08F3D10D0A,2,1728,True,630DFE,지금은　전투에　집중하겠다。,630E22,아、　이봐……！,quarantine,unresolved
P4_direct_ext3_text_drift,630EA9,scenario_630E9B,unverified,review_translation_and_runtime_by_bundle,ゼロ・システムを搭載した「完全な勝利」を,최첨단 예측 뇌파 장치 『제로 시스템』을 이식받아 「완벽한 승리」의 궤적을,こ제로　시스템으로　『완전한　승리』를,제로　시스템으로　『완전한　승리』를,,18E518401E01010101010101010101010101010101,True,18F0652AF90415F4CFF41BE045F0E506F2C2E04315,1,,,630E9B,윙　건담　제로……,630EBF,이룰　수　있는　유일한　모빌슈트……,quarantine,unresolved
P4_direct_ext3_text_drift,630ECC,scenario_630E9B,unverified,review_translation_and_runtime_by_bundle,君のト－ルギスが,자네가 탑승한 그 괴물 같은 출력의 톨기스 기체가,こ자네의　톨기스가,자네의　톨기스가,,18E5181AC701,True,186105FC2317,1,,,630EBF,이룰　수　있는　유일한　모빌슈트……,630ED3,실력을　충분히　발휘할　상대다。,quarantine,unresolved
P3_direct_ext3_control_adjacent_text_drift,630F02,scenario_630EEB,unverified,confirm_current_text_then_rehome,……行くぞ、ガンダム！！,"……승부를 겨뤄보자, 건담 윙 제로！！",こ……간다、　건담！！,……간다、　건담！！,,18E5183C31010101010101,True,18F1916BF0EA07F90DF044,2,1728,True,630EF4,상대로　부족함이　없겠어。,630F17,……자아、　우리도　갈까？,quarantine,unresolved
P3_direct_ext3_control_adjacent_text_drift,630F2A,scenario_630F17,unverified,confirm_current_text_then_rehome,セラ、サポ－トは頼んだよ。,"세라, 톨기스의 측면 포격 엄호 사격 지령 연동을 부탁한다.",こ세라、　지원은　부탁해。,세라、　지원은　부탁해。,,18E5183ACB01010101010101,True,18F42907FAEA08E075F7840A,2,1728,True,630F17,……자아、　우리도　갈까？,630F40,예스……마스터。,quarantine,unresolved
P3_direct_ext3_control_adjacent_text_drift,630FD5,scenario_630FB9,unverified,confirm_current_text_then_rehome,甘いのか……私は！！,"기사로서의 망설임 탓에…… 망설이고 있는 것인가, 내가！！",こ내가……　안일한　건가！！,내가……　안일한　건가！！,,18E518402601010101010101,True,18E171F27E0EF1914108F044,2,1728,True,630FC3,성능을　끌어내지　못한　건가……！？,630FEB,시그……,quarantine,unresolved
P4_direct_ext3_text_drift,630FF4,scenario_630FEB,unverified,review_translation_and_runtime_by_bundle,……あのモビルス－ツ、,"……방금 적 대열의 선두에서 흉포한 뇌파 포격을 가해 오던 저 모빌슈트,",こ……저　모빌슈트、,……저　모빌슈트、,,18E5184027010101,True,18F191F3DAFD7907,1,,,630FEB,시그……,630FFD,정말　세라　씨가？,quarantine,unresolved
P4_direct_ext3_text_drift,63103B,scenario_63102B,unverified,review_translation_and_runtime_by_bundle,あのセラなんだよ！？,우리가 전선에서 동고동락하며 지키려던 그 가련한 세라 씨란 말이에요！？,こ그　세라잖아！？,그　세라잖아！？,,18E518402B01010101,True,18F3DAF429FB40F040,1,,,63102B,틀림없다니……그게　다야？,631045,적이　되어　나타났다고！？,quarantine,unresolved
P3_direct_ext3_control_adjacent_text_drift,631054,scenario_63102B,unverified,confirm_current_text_then_rehome,シグは……,시그 자네는 대체……,こ시그는……,시그는……,,18E5184D1B01,True,18F50B08F191,2,1728,True,631045,적이　되어　나타났다고！？,631061,그런　건　알고　있어！！,quarantine,unresolved
P4_direct_ext3_text_drift,63106D,scenario_631061,unverified,review_translation_and_runtime_by_bundle,だがな、彼女が敵だからって,"그렇지만, 그 세라가 티탄즈의 노예가 되어 적장으로 포문을 겨누고 나오는 난국에서",こ하지만、　그녀가　적이라고,하지만、　그녀가　적이라고,,18E518402E0101010101,True,18F61407F383177FFCE2,1,,,631061,그런　건　알고　있어！！,631078,그럼　어쩌란　말이야！？,quarantine,unresolved
P4_direct_ext3_text_drift,631081,scenario_631061,unverified,review_translation_and_runtime_by_bundle,うろたえればいいのか！？,바보처럼 울부짖으며 조종석에서 머리 싸매고 주저앉아 대기할까！？,こ당황하면　되는　거냐！？,당황하면　되는　거냐！？,,18E5184030010101010101,True,181442112BF03EFAE4F040,1,,,631078,그럼　어쩌란　말이야！？,63108D,그녀에게　죽어　주면　되는　거냐！？,quarantine,unresolved
P3_direct_ext3_control_adjacent_text_drift,63109D,scenario_631061,unverified,confirm_current_text_then_rehome,それとも、オレがアイツを……,"그것도 아니면, 내 이 시커먼 참격 칼날로 내 손으로 세라의 목줄을 끊어내고……",こ아니면、　내가　그녀를……,아니면、　내가　그녀를……,,18E518403201010101010101,True,18FB5107F43017F5EC15F191,2,0809,True,63108D,그녀에게　죽어　주면　되는　거냐！？,6310AE,시、　시그……！,quarantine,unresolved
P4_direct_ext3_text_drift,6310D6,scenario_6310BE,unverified,review_translation_and_runtime_by_bundle,だが、オレにだって,"하지만 솔직히 털어놓자면, 이 시그 대가리로도 이 파국을",こ하지만、　나도,하지만、　나도,,18E518403401010101,True,18F53807F4300CF649,1,,,6310CA,……말이　심했군。,6310E0,어떻게　해야　할지는　모르겠어。,quarantine,unresolved
P4_direct_ext3_text_drift,6310EC,scenario_6310BE,unverified,review_translation_and_runtime_by_bundle,ただ、ここで死ぬわけにはいかない。,"단 하나 확언할 수 있는 건, 이 개똥밭 같은 사지에서 허무하게 격침당해 썩어 뒤질 순 없다는 걸세.",こ그래도、　여기서　죽을　순　없어。,그래도、　여기서　죽을　순　없어。,,18E51891D50101010101010101010101,True,18F37107F79DADCB31F498F08AF5EB0A,1,,,6310E0,어떻게　해야　할지는　모르겠어。,6310FD,그것만은　확실히　말할　수　있어。,quarantine,unresolved
P4_direct_ext3_text_drift,631108,scenario_6310BE,unverified,review_translation_and_runtime_by_bundle,だから、今は戦いに集中するんだ。,"그러니 사사로운 슬픔은 격실 구석에 구겨 넣고, 우선 눈앞에 밀려오는 서펜트 처단 요격에만 몰두해라.",こ그러니、　지금은　싸움에　집중해。,그러니、　지금은　싸움에　집중해。,,18E5184036010101010101010101,True,18F82507760839F27CF334F9570A,1,,,6310FD,그것만은　확실히　말할　수　있어。,631117,……알겠지？,quarantine,unresolved
P3_direct_ext3_control_adjacent_text_drift,631155,scenario_631141,unverified,confirm_current_text_then_rehome,貴様……ふざけているのか！？,네놈…… 감히 이 신성한 전장에서 해괴한 코스프레 장난질을 벌이는 거냐！？,こ네놈……　장난하나！？,네놈……　장난하나！？,,18E51840390101010101010101010101,True,18F1C0F1915BE006F493F290050EF040,2,1728,True,631149,가면　쓴　파일럿이라고？,631171,……읏！,quarantine,unresolved
P3_direct_ext3_control_adjacent_text_drift,6311ED,scenario_6311D8,unverified,confirm_current_text_then_rehome,許さんぞ！！,결코 네놈의 그 거만한 입을 찢어 발겨 요격하겠다！！,こ용서　못해！！,용서　못해！！,,18E518403E0101,True,18E068F72BF044,2,1728,True,6311DF,감히　나를　우롱해！！,6311FE,확실히　남　말할　처지는　아니군。,quarantine,unresolved
P4_direct_ext3_text_drift,63120E,scenario_6311FE,unverified,review_translation_and_runtime_by_bundle,どうせ着けるならばもっと普通の,콰트로 대위도 기왕 안구 보호용으로 쓸 거라면 평범하고 단정한,こ쓸　거라면　좀　더　평범한,쓸　거라면　좀　더　평범한,,18E5184040010101010101010101,True,18F89AE064F4A2F677F5DBF0C905,1,,,6311FE,확실히　남　말할　처지는　아니군。,63121D,선글라스로　하지　그랬어……,quarantine,unresolved
P4_direct_ext3_text_drift,631292,scenario_631286,unverified,review_translation_and_runtime_by_bundle,聞こえてるかっ！？,내 외침 교신 주파수가 들려！？,こ내　외침　교신　주파수가　들려！？　나야,내　외침　교신　주파수가　들려！？　나야,,18E518275D010101010101,True,18E01318F11E0FF139F040,1,,,631286,……포우！！,63129E,나야！　카미유라고！！,quarantine,unresolved
P4_direct_ext3_text_drift,631351,scenario_63133F,unverified,review_translation_and_runtime_by_bundle,さあ、コックピットを開けるんだ！,조속히 해치 수동 개방 스위치를 내려다오！,こ자、　콕핏을　열어！,자、　콕핏을　열어！,,18E518404C010101010101,True,18F32B07FD4D15CDFA1F03,1,,,63133F,……정신　차렸구나、　포우！,63135D,그　모빌슈트에　타고　있어선　안　돼！,quarantine,unresolved
P4_direct_ext3_text_drift,631508,scenario_6314F6,unverified,review_translation_and_runtime_by_bundle,『これであたしは,『비록 내 육신 장갑은 박살 나 부서졌을지언정 이것으로 나는,こ『이제　난,『이제　난,,18E518405501,True,1868F62DFB11,1,,,6314F6,『카미유、　슬퍼하지　마……』,63150F,언제든　네　곁에　있을　수　있어……』,quarantine,unresolved
P4_direct_ext3_text_drift,6315EB,scenario_6315E2,unverified,review_translation_and_runtime_by_bundle,あなた……,당신은……,こ당신……,당신……,,18E5183BB1,True,18F6E8F191,1,,,6315E2,카미유……,6315F1,내　적은……아니죠？,quarantine,unresolved
P5_non_direct_native_or_other,631610,scenario_631601,unverified,do_not_autofix_static_false_positive_possible,フォウ！,포우！,こ포우！,포우！,True,18F71203,,18F71203,1,,,631601,……당연하지！！,631615,난　널……,quarantine,unresolved
P3_direct_ext3_control_adjacent_text_drift,63162E,scenario_631625,unverified,confirm_current_text_then_rehome,よかっ…た……,다행…… 이다…… 안심하고 콕핏 레버를 놓아도 되겠어……,こ다행…이야……,다행…이야……,,18E5184ACD010101,True,1823F1390211F191,2,1728,True,631625,그래……,631640,아아、　카미유……,quarantine,unresolved
P3_direct_ext3_control_adjacent_text_drift,63168D,scenario_631683,unverified,confirm_current_text_then_rehome,この感じは……,기판에 감지되는 이 특이한 뇌파 주파수 파동의 느낌은……,こ이　느낌은……,이　느낌은……,,18E518406301010101,True,18F362E044F2D6F191,2,1728,True,631683,……읏！！,63169D,……레코아　소위？,quarantine,unresolved
P4_direct_ext3_text_drift,63173E,scenario_63172F,unverified,review_translation_and_runtime_by_bundle,君は私に惹かれるものを感じている……,너는　나에게　끌리는　것을　느끼고　있다…,こ넌　내게　끌리는　걸　느끼고　있다……,넌　내게　끌리는　걸　느끼고　있다……,,18E5182B920101010101010101010101010101,True,186108410CE2E20EF047200515E044FAF3F191,1,,,63172F,얕보는　게　아니다。,631752,……아닌가？,quarantine,unresolved
P4_direct_ext3_text_drift,631779,scenario_631770,unverified,review_translation_and_runtime_by_bundle,聞こえる……,내 뇌세포 주파수 깊숙이 선명하게 가닿아 들려오고 있어……,こ들려……,들려……,,18E51840690101,True,18E013F877F191,1,,,631770,………………,631781,아주　강한　의지가……,quarantine,unresolved
P4_direct_ext3_text_drift,6317A3,scenario_631796,unverified,review_translation_and_runtime_by_bundle,ー人だけで突出するんじゃない！,ー　사람만으로　돌출하지　않는다！,こ혼자서　돌출하지　마라！,혼자서　돌출하지　마라！,,18E518D55F0101010101,True,18F046F86FF41EFE0403,1,,,631796,……레코아　소위！,6317AE,위험하다！　돌아와！！,quarantine,unresolved
P1_direct_ext3_exact_text_control_adjacent,63191D,scenario_631904,unverified,high_priority_batch_after_anchor_pass,さあ、今のうちに！,"어서,　지금！",こ어서、　지금！,어서、　지금！,True,18E518A074010101,True,18F32B0776FAA103,2,083E,True,631910,당신을　구하러　왔어……,63192A,……아、　그래。,quarantine,unresolved
P3_direct_ext3_control_adjacent_text_drift,63194A,scenario_63193E,unverified,confirm_current_text_then_rehome,シロッコの邪魔をする人はアタシが倒す！,시로코의　방해를　하는　사람은　아타시가　쓰러뜨린다！,こ시로코를　방해하면　내가　쓰러뜨려！,시로코를　방해하면　내가　쓰러뜨려！,,18E518D039010101010101010101010101,True,18F9F305F287F8495008F88117E0111E03,2,1728,True,63193E,남은　건　에우고인가……,631965,카테지나　씨……！？,quarantine,unresolved
P2_direct_ext3_exact_text,631971,scenario_631965,unverified,second_batch_representative_runtime_test,カテジナさんが,카테지나　씨,こ카테지나　씨,카테지나　씨,True,18E518D03B,True,18F9CDF727,1,,,631965,카테지나　씨……！？,631977,모빌슈트를　타고　있어！？,quarantine,unresolved
P5_non_direct_native_or_other,631995,scenario_63198A,unverified,do_not_autofix_static_false_positive_possible,おかしいよ！,재미있어！,こ이상해！,이상해！,,18F3FA01,,18FC9E03,1,,,63198A,카테지나　씨……！,63199A,이상해요！！,quarantine,unresolved
P3_direct_ext3_control_adjacent_text_drift,6319A0,scenario_63198A,unverified,confirm_current_text_then_rehome,目を覚ましてください！！,깨어라！　！,こ정신　차려　주세요！！,정신　차려　주세요！！,,18E5183D1C01010101,True,18B115E041FDF8F044,2,1728,True,63199A,이상해요！！,6319B5,추억은　멀어지기에,quarantine,unresolved
P5_non_direct_native_or_other,631A40,scenario_631A36,unverified,do_not_autofix_static_false_positive_possible,やめてくれ！,그만해줘！,こ그만해　줘！,그만해　줘！,True,18F9E601,,18FCD403,1,,,631A36,……사라！,631A45,너와　싸우고　싶지　않아！,quarantine,unresolved
P2_direct_ext3_exact_text,631A75,scenario_631A64,unverified,second_batch_representative_runtime_test,私はアナタよりも先に,나는　당신보다　먼저,こ나는　당신보다　먼저,나는　당신보다　먼저,True,18E518A07D0101010101,True,184108F809F6E0E01A0C,1,,,631A64,너로는　안　돼、　카츠。,631A80,팝티머스　님을　만났어。,quarantine,unresolved
P2_direct_ext3_exact_text,631ABF,scenario_631AA2,unverified,second_batch_representative_runtime_test,あの方の理想のためだったら,그　분의　이상을　위해서라면,こ그　분의　이상을　위해서라면,그　분의　이상을　위해서라면,True,18E518A07F010101010101,True,18F3DA7D05F2C3F865FB0A,1,,,631AB4,열어　가실　분이야。,631ACB,난　죽어도　좋아……,quarantine,unresolved
P4_direct_ext3_text_drift,631BAB,scenario_631B9F,unverified,review_translation_and_runtime_by_bundle,セラをよくも……！,감히 내 세라를 장난감 꼴로 만들다니……！,こ세라를　잘도……！,세라를　잘도……！,,18E518406F0101,True,18F429FB93F60C,1,,,631B9F,……아인！！,631BB3,네놈、　네놈만은……！！,quarantine,unresolved
P3_direct_ext3_control_adjacent_text_drift,631BED,scenario_631BC8,unverified,confirm_current_text_then_rehome,できるものならやってみなよ！,주둥이 털지 말고 덤벼서 증명해 봐！,こ할　수　있으면　해봐！,할　수　있으면　해봐！,,18E5183D1D010101010101010101,True,18F64F2005F515F2A20B69062303,2,1728,True,631BD9,설마　이　내가　쓰러질　거라　생각해？,631C05,뭐야……,quarantine,unresolved
P4_direct_ext3_text_drift,631C34,scenario_631C27,unverified,review_translation_and_runtime_by_bundle,『ファブニ－ル』とはよく言ったものだ。,그 가련한 기체에 『파프니르』라는 신화 괴물 딱지를 붙인 연유는 참 알만하다.,こ『파브닐』이란　이름도　잘　지었군。,『파브닐』이란　이름도　잘　지었군。,,18E5184075010101010101010101,True,1868FDAC66F92C7AF15020050D0A,2,,,631C27,흥……역시　그렇군。,631C44,こ신화에선　용을　죽여　불사의　힘을,quarantine,unresolved
P4_direct_ext3_text_drift,631C44,scenario_631C27,unverified,review_translation_and_runtime_by_bundle,たしか神話では竜を殺して不死身の力を,북유럽 신화에서 용의 목을 쳐서 그 심장 피를 뒤집어쓰고 불사신이 된,こ신화에선　용을　죽여　불사의　힘을,신화에선　용을　죽여　불사의　힘을,,18E51840760101010101010101010101010101,True,18F7D2F458F261E2AA15E00CF413F866055715,1,,,631C34,こ『파브닐』이란　이름도　잘　지었군。,631C58,얻은　영웅이　있다지？,quarantine,unresolved
P4_direct_ext3_text_drift,631C86,scenario_631C7B,unverified,review_translation_and_runtime_by_bundle,セラの心を殺して,사랑하던 세라의 영혼 심장을 찔러 도살하고,こ세라의　마음을　죽이고,세라의　마음을　죽이고,,18E518407A010101010101,True,18F42905E00B15E00CF413,1,,,631C7B,네놈도　마찬가지다……！,631C92,막대한　뉴타입　능력을　손에　넣었지！！,quarantine,unresolved
P4_direct_ext3_text_drift,631CA3,scenario_631C7B,unverified,review_translation_and_runtime_by_bundle,貴様の力は借り物だ。,네놈이 휘두르는 출력은 타인에게서 도둑질해 온 훔친 주머니일 뿐이다.,こ네　힘은　빌린　거다。,네　힘은　빌린　거다。,,18E518407C0101010101010101,True,18F1C0055708E13A27E05F0D0A,1,,,631C92,막대한　뉴타입　능력을　손에　넣었지！！,631CB1,세라에게서　힘을　훔쳤을　뿐이야！,quarantine,unresolved
P4_direct_ext3_text_drift,631CD4,scenario_631CC8,unverified,review_translation_and_runtime_by_bundle,君の本名もたしか,시그 네놈의 본명 호적 스펙 역시,こ자네　본명도　확실히,자네　본명도　확실히,,18E5180D80010101,True,186105F2D320F7D2,1,,,631CC8,아아、　그러고　보니……,631CDD,지크프리트였지。,quarantine,unresolved
P4_direct_ext3_text_drift,631CE4,scenario_631CC8,unverified,review_translation_and_runtime_by_bundle,でも、おあいにく様。,하지만 유감스럽게도 내 조준경은 끄떡없단다.,こ하지만、　유감이군。,하지만、　유감이군。,,18E5180C92010101,True,18F25E07FCBE8B0A,2,,,631CDD,지크프리트였지。,631CEE,こ올드타입은　파브닐의,quarantine,unresolved
P4_direct_ext3_text_drift,631CEE,scenario_631CC8,unverified,review_translation_and_runtime_by_bundle,オ－ルドタイプではファブニ－ルの,뇌 주파수가 미개한 올드타입 뇌세포 분자로는 파프니르의,こ올드타입은　파브닐의,올드타입은　파브닐의,,18E518407F010101,True,18FE0CF261FDAC05,1,,,631CE4,こ하지만、　유감이군。,631CF7,힘을　받아들일　수　없어……,quarantine,unresolved
P4_direct_ext3_text_drift,631D03,scenario_631CC8,unverified,review_translation_and_runtime_by_bundle,しょせん、オ－ルドタイプごときじゃ,어차피 뇌가 녹슨 올드타입 찌꺼기 따위의 무력으로는,こ고작　올드타입　따위가,고작　올드타입　따위가,,18E5184081010101010101,True,18F9B507FE0CD31332F2D2,1,,,631CF7,힘을　받아들일　수　없어……,631D0F,영웅이　될　수는　없는　거야！,quarantine,unresolved
P4_direct_ext3_text_drift,631D56,scenario_631D42,unverified,review_translation_and_runtime_by_bundle,竜の不死身の力は君ではなく、,"신화 속 용의 불사 권능의 열쇠는 시그 네놈이 아닌,",こ용의　불사력은　네가　아니라、,용의　불사력은　네가　아니라、,,18E51840850101010101010101,True,18E2AA05F86605570861F9F607,1,,,631D48,무리라고　말하는　거야、　난！,631D64,이　내가　쥐고　있어……세라　덕분에！,quarantine,unresolved
P4_direct_ext3_text_drift,631D76,scenario_631D42,unverified,review_translation_and_runtime_by_bundle,君では、このボクに勝つことはできない。,네까짓 솜주먹 참격으로는 나한테 단 1%의 유효타 판정도 낼 수 없다.,こ너론　이　나를　이길　수　없어。,너론　이　나를　이길　수　없어。,,18E5183A8F01010101010101010101,True,1861F26107F362F2790CE003FE8D0A,2,,,631D64,이　내가　쥐고　있어……세라　덕분에！,631D87,こ신화처럼、　공주의　배신으로,quarantine,unresolved
P4_direct_ext3_text_drift,631D87,scenario_631D42,unverified,review_translation_and_runtime_by_bundle,神話通り、お姫様の裏切りで,"신화 서사 매뉴얼 그대로, 사랑하는 공주의 칼날 배신에 정면 포격당해",こ신화처럼、　공주의　배신으로,신화처럼、　공주의　배신으로,,18E51840870101010101010101,True,18F85F270735F0E305F288F227,1,,,631D76,こ너론　이　나를　이길　수　없어。,631D95,영웅은……아니、　넌　죽게　될　거다！！,quarantine,unresolved
P4_direct_ext3_text_drift,631DEA,scenario_631DCD,unverified,review_translation_and_runtime_by_bundle,彼女のニュ－タイプ能力を使って,그 세라의 신성한 뉴타입 뇌파 감지력을 콕핏 계기판에 연동해서,こ그녀의　뉴타입　능력으로,그녀의　뉴타입　능력으로,,18E5182AAA0101010101010101,True,18F38305FD6CF0D315E001F156,1,,,631DDE,세라의　힘을　빌리고　있기　때문이다。,631DF8,우리의　움직임을　예측하는　거겠지！！,quarantine,unresolved
P3_direct_ext3_control_adjacent_text_drift,631E39,scenario_631E2F,unverified,confirm_current_text_then_rehome,やめるんだっ！……シグ！！,"기체를 멈춰라, 시그！！ 제발 참격을 멈춰！！",こ그만둬！……　시그！！,그만둬！……　시그！！,,18E5181C2B0101010101010101,True,183AF419F22E09F747F50BF044,2,1728,True,631E2F,……읏！！,631E52,……아스토나지！？,quarantine,unresolved
P4_direct_ext3_text_drift,631ED5,scenario_631EB8,unverified,review_translation_and_runtime_by_bundle,どうやら、ＯＳのー部に,"알고 보니, 탑승 제어 OS 구역의 특정 핵심 메모리 블록에",こ아무래도、　ＯＳ　일부에,아무래도、　ＯＳ　일부에,,18E51840930101010101,True,18F9DA07F23005F05E0C,1,,,631ECB,생각했는데……,631EE0,잠금이　걸려　있었던　모양이야。,quarantine,unresolved
P4_direct_ext3_text_drift,631F2F,scenario_631F1C,unverified,review_translation_and_runtime_by_bundle,コイツには高機動戦闘用のオフェンスモ－ド,코이츠에는　고기동　전투용　오펜스　모드,こ이놈에겐　고기동전용　오펜스　모드란,이놈에겐　고기동전용　오펜스　모드란,,18E518D04801010101010101010101,True,18F5C2F467E0AD80AAF337C905FE80,1,,,631F1C,데이터뱅크에　정보가　남아　있었지。,631F3F,준비돼　있는　모양이야。,quarantine,unresolved
P4_direct_ext3_text_drift,631F4C,scenario_631F1C,unverified,review_translation_and_runtime_by_bundle,ようするにフルパワ－でぶっ飛んでいって,"쉽게 풀어쓰자면, 기체의 엔진 한계치 120% 풀파워 출력을 뽑아 초가속으로 돌격해",こ쉽게　말해　풀파워로　날아가서,쉽게　말해　풀파워로　날아가서,,18E5183AAF0101010101010101010101010101,True,18F49EF7776338F5C416F200E16FF222F26D0B,1,,,631F3F,준비돼　있는　모양이야。,631F60,적을　박살　내는　기능인데……,quarantine,unresolved
P4_direct_ext3_text_drift,631FD5,scenario_631FC2,unverified,review_translation_and_runtime_by_bundle,こいつのとんでもないパワ－は,이 시스쿠드 기체의 미친 동력 출력이,こ이놈의　엄청난　파워는,이놈의　엄청난　파워는,,18E51840A001010101010101,True,18F72D0513F222F5BEF5C408,1,,,631FC2,이봐、　이상한　생각은　하지　마！,631FE2,자네도　알고　있잖아！,quarantine,unresolved
P4_direct_ext3_text_drift,631FF0,scenario_631FC2,unverified,review_translation_and_runtime_by_bundle,未調整ってことは、パイロットの負担なんか,"관절 충격 감쇄 튜닝이 안 됐다는 건, 조종사의 내장 파열이나 뇌진탕 부작용은",こ미조정이면　파일럿　부담은,미조정이면　파일럿　부담은,,18E51840A201010101010101010101010101,True,18E0E5F3C1F8DA0807FD0B05E04FE2B7F853,1,,,631FE2,자네도　알고　있잖아！,632003,신경　쓰지　않고　전력을　낸다는　거다。,quarantine,unresolved
P4_direct_ext3_text_drift,632016,scenario_631FC2,unverified,review_translation_and_runtime_by_bundle,ヘタすればコックピットの中で,재수가 옴 붙으면 초가속 기동 압력을 못 이기고 조종석 격실 안에서,こ잘못하면　콕핏　안에서,잘못하면　콕핏　안에서,,18E51840A40101010101,True,18F42FF7DDFD4D055216,1,,,632003,신경　쓰지　않고　전력을　낸다는　거다。,632021,다진　고기가　되고　말아！,quarantine,unresolved
P1_direct_ext3_exact_text_control_adjacent,63214C,scenario_63213A,unverified,high_priority_batch_after_anchor_pass,任務完了……これより帰還する。,임무　완료……　이것보다　귀환한다.,こ임무　완료……　이것보다　귀환한다。,임무　완료……　이것보다　귀환한다。,True,18E518D04901010101010101,True,18F929F191FAE0F12DF1CB0A,2,1728,True,63213A,……킬리만자로　기지　함락　확인。,632162,앗！　기다려、　히이로　유이！！,quarantine,unresolved
P4_direct_ext3_text_drift,6321CF,scenario_6321B7,unverified,review_translation_and_runtime_by_bundle,彼もまた、ティタ－ンズを敵として,"그 소년도 결국, 공포의 살인귀 티탄즈 부대원들의 목줄을 조이기 위해",こ그도　티탄즈를　적으로,그도　티탄즈를　적으로,,18E51840B3010101010101,True,1895F87B07FDC4157FF80C,1,,,6321BF,그렇게　낙담할　필요는　없네。,6321DB,싸우고　있는　거다。,quarantine,unresolved
P3_direct_ext3_control_adjacent_text_drift,6321E1,scenario_6321B7,unverified,confirm_current_text_then_rehome,また、近いうちに会えるさ。,머지않아 다른 적진 요격지에서 또다시 조우하게 될 테니.,こ조만간　또　만날　거야。,조만간　또　만날　거야。,,18E51840B501010101010101010101,True,18F19407E04A04143B0CC1F0BB250A,2,0861,True,6321DB,싸우고　있는　거다。,6321F5,……그렇군。,quarantine,unresolved
P4_direct_ext3_text_drift,632277,scenario_63225A,unverified,review_translation_and_runtime_by_bundle,アナタはシャア・アズナブルに,"당신은 에우고의 얼굴마담이자, 위대한 지온의 영웅 샤아 아즈나블로서",こ당신은　샤아　아즈나블로,당신은　샤아　아즈나블로,,18E518D04B0101010101,True,18F80908F7F12AFBC40C,1,,,632266,크와트로　대위라　부르지　않겠어요。,632282,돌아가야　합니다。,quarantine,unresolved
P4_direct_ext3_text_drift,63237C,scenario_63236E,unverified,review_translation_and_runtime_by_bundle,正直、アウドムラでは,"솔직히, 구식인 아우둠라호 1척의 사격 스펙만으로는",こ솔직히、　아우도무라론,솔직히、　아우도무라론,,18E5182AB5010101,True,18F3E807FBBCF261,1,,,63236E,……그건　다행이군。,632385,앞으로　힘들　거라　생각했거든。,quarantine,unresolved
P4_direct_ext3_text_drift,6323AA,scenario_632398,unverified,review_translation_and_runtime_by_bundle,……ティタ－ンズも,……티탄즈 수장 시로코 그 교활한 자식 성정상,こ……티탄즈도,……티탄즈도,,18E51840C601,True,18F191FDC420,1,,,632398,전력은　충분할수록　좋지。,6323B1,이대로　잠자코　있진　않을　테고。,quarantine,unresolved
P3_direct_ext3_control_adjacent_text_drift,6323C0,scenario_632398,unverified,confirm_current_text_then_rehome,それに、ネオ・ジオンも……,"게다가, 호시탐탐 지구의 숨통을 노리는 네오 지온 잔당 세력 역시……",こ게다가、　네오　지온도……,게다가、　네오　지온도……,,18E518D04E01010101010101,True,18F5AC07F1002AF7AB20F191,2,1728,True,6323B1,이대로　잠자코　있진　않을　테고。,6323DD,……뭐지！？,quarantine,unresolved
P4_direct_ext3_text_drift,63240E,scenario_6323F2,unverified,review_translation_and_runtime_by_bundle,ネオ・ジオンが,네오 지온의 특공대 함대 세력이,こ네오　지온이,네오　지온이,,18E518D04F0101,True,18F1002AF7AB17,1,,,6323FD,에우고　본부에서　긴급　연락입니다！,632416,생크킹덤을　침공한　모양입니다！,quarantine,unresolved
P2_direct_ext3_exact_text,63248C,scenario_632475,unverified,second_batch_representative_runtime_test,サンクキングダムのピ－スクラフト王家は,생크　킹덤의　피스크래프트　왕가는,こ생크킹덤의　피스크래프트　왕가는,생크킹덤의　피스크래프트　왕가는,True,18E518D05101010101,True,18FEA005FDFCF1E208,1,,,63247E,생크킹덤이라니、　묘수를　뒀군。,632496,유럽　귀족과　관계가　깊다。,quarantine,unresolved
P4_direct_ext3_text_drift,6324A4,scenario_632475,unverified,review_translation_and_runtime_by_bundle,サンクキングダムを人質に,"즉, 그 생크 킹덤 영지를 무력 점거해 인질 협상 카드로 움켜쥐고",こ생크킹덤을　인질로,생크킹덤을　인질로,,18E51840D20101,True,18FEA015F0780C,1,,,632496,유럽　귀족과　관계가　깊다。,6324AC,연방　의회를　움직일　셈인가……,quarantine,unresolved
P4_direct_ext3_text_drift,6324D3,scenario_6324BA,unverified,review_translation_and_runtime_by_bundle,しかし、ネオ・ジオンの侵攻は,"그렇지만 역설적이게도, 네오 지온의 그 야만적인 자치령 침략 공작은",こ하지만、　네오　지온의　침공은,하지만、　네오　지온의　침공은,,18E518D0520101010101010101,True,18F82807F1002AF7AB05F10C08,1,,,6324C6,궁지에　몰렸다는　뜻이겠지。,6324E1,오히려　좋은　기회라고　할　수　있겠군。,quarantine,unresolved
P4_direct_ext3_text_drift,6324EF,scenario_6324BA,unverified,review_translation_and_runtime_by_bundle,サンクキングダム救援という大義名分が,약소국 생크 킹덤 영토를 사수하고 구호한다는 떳떳한 군사적 대의명분을,こ생크킹덤　구원이라는　명분이,생크킹덤　구원이라는　명분이,,18E5182A9E0101010101010101,True,18FEA0F1B1F664F027E028A317,1,,,6324E1,오히려　좋은　기회라고　할　수　있겠군。,6324FD,있으면　우리도　군을　움직일　수　있다。,quarantine,unresolved
P4_direct_ext3_text_drift,63252C,scenario_632510,unverified,review_translation_and_runtime_by_bundle,カテジナ・ル－スを連れて行くといい。,자네 조종석 뒤편에 내 예비 조종사 카테지나 루스를 동행 승선시켜 출격하도록 하게.,こ카테지나　루스를　데려가도록　해。,카테지나　루스를　데려가도록　해。,,18E51840D9010101010101010101,True,18F9CD2AF7D61590F0326BF94F0A,1,,,63251D,우리도　협력을　아끼지　않겠다。,63253B,자네에게　도움이　될　거야。,quarantine,unresolved
P4_direct_ext3_text_drift,632586,scenario_632569,unverified,review_translation_and_runtime_by_bundle,そう……あの、サラ・ザビアロフだっけ？,그래…… 마치 자네 충복인 저 사라 자비아로프처럼 말일세.,こ그래……　사라　자비아로프였나？,그래……　사라　자비아로프였나？,,18E51840DE010101010101010101010101,True,18F426F191F3DA07F19F2AFC6BF545281D,1,,,632577,절대　배신하지　않을　거야……,632598,그녀가　당신에게　충실하듯　말이지。,quarantine,unresolved
P4_direct_ext3_text_drift,6325CE,scenario_6325AB,unverified,review_translation_and_runtime_by_bundle,あのセレインとかいう女のようにな！！,일전에 네놈 손아귀에서 폐기 인형으로 전락했던 그 세레인 소체처럼 말이다！！,こ그　세레인이란　여자처럼！！,그　세레인이란　여자처럼！！,,18E51840E10101010101010101,True,18F3DAF912FA4897FA1706F044,1,,,6325BB,아인　레비가　손을　댔기　때문이겠지！！,6325DC,……아닌가！？,quarantine,unresolved
P4_direct_ext3_text_drift,6325E5,scenario_6325AB,unverified,review_translation_and_runtime_by_bundle,彼女のような作り物の人形を,그따위 약물로 조작된 일회용 생체 로봇 인형 찌꺼기를,こ그녀　같은　가짜　인형을,그녀　같은　가짜　인형을,,18E51840E30101010101010101,True,18F383FA27B227E05F05F05815,1,,,6325DC,……아닌가！？,6325F3,내　사라와　같이　취급하지　마라！！,quarantine,unresolved
P4_direct_ext3_text_drift,632665,scenario_63265D,unverified,review_translation_and_runtime_by_bundle,……確かに君は素晴らしい資質を,"……부정하지 않겠네, 자네가 지닌 날것의 사격 제원 성능 자체는 매우 고결하고 훌륭하게 개조되어 있는 건 인정하지.",こ……확실히　자넨　훌륭한　자질을,……확실히　자넨　훌륭한　자질을,,18E5182A8E0101010101010101010101,True,18F191E005F1346108F28FF600F29415,1,,,63265D,음……,632676,갖춘　듯하군。,quarantine,unresolved
P4_direct_ext3_text_drift,632682,scenario_63265D,unverified,review_translation_and_runtime_by_bundle,私は常々、女性が世を導くベきだと,"나 시로코는 인류 문명사가 올바른 정의로 항진하려면, 감수성 풍부한 여성이 군주 왕관을 쓰고 우주를 이끌어야 마땅하다고 굳게 신봉하네……",こ난　늘　여성이　세상을　이끌어야　한다고,난　늘　여성이　세상을　이끌어야　한다고,,18E51840E9010101010101010101010101010101,True,184108E19B7107F45617E03C15E15C24DEF4F213,1,,,632676,갖춘　듯하군。,632697,생각해　왔네……,quarantine,unresolved
P4_direct_ext3_text_drift,63269F,scenario_63265D,unverified,review_translation_and_runtime_by_bundle,が、その君を好き勝手にいじり回した者が,"하지만, 자네의 고결한 영혼을 더러운 조종 장난감으로 기회주의자 놈이 임의로 뜯어고쳐 망쳐놓았다는 그 씁쓸한 사실 기록이 내 미적 기사도 가치관상 극도로 구역질 나고 불쾌할 뿐일세.",こ하지만　그런　자넬　멋대로　주무른　자가,하지만　그런　자넬　멋대로　주무른　자가,,18E51890020101010101010101010101010101010101,True,181707F4236115E09E32F3860C044C27E025F41B9F17,1,,,632697,생각해　왔네……,6326B6,있다는　사실이　불쾌할　뿐이다。,quarantine,unresolved
P4_direct_ext3_text_drift,63272B,scenario_632708,unverified,review_translation_and_runtime_by_bundle,どうしたら信用してもらえるのかしら？,대체 어찌 증명해야 이 의심 많은 시로코 폐하께서 저의 순수한 충성을 윤허해 주실까요？,こ어떻게　해야　믿어주실까요？,어떻게　해야　믿어주실까요？,,18E51891D901010101010101010101,True,18F8FF1CF1C7F5CB1CF0BB05F6831D,1,,,632716,당신을　향한　마음은　변하지　않아요……,63273B,제　모든　걸　조사해　보시겠어요？,quarantine,unresolved
P4_direct_ext3_text_drift,63274C,scenario_632708,unverified,review_translation_and_runtime_by_bundle,……私はかまわないわ。,……저는 어떠한 굴욕적 해부 검사도 흔쾌히 동의해요.,こ……전　상관없어요。,……전　상관없어요。,,18E51840EF01010101,True,18F1914108FC01310A,2,,,63273B,제　모든　걸　조사해　보시겠어요？,632757,こ이　자리에서　태어난　모습이　되어、,quarantine,unresolved
P4_direct_ext3_text_drift,632757,scenario_632708,unverified,review_translation_and_runtime_by_bundle,この場で生まれたままの姿になって、,"이 자리에서 입고 있는 파일럿 슈트를 몽땅 벗어던져 실오라기 하나 없는 알몸이 되어,",こ이　자리에서　태어난　모습이　되어、,이　자리에서　태어난　모습이　되어、,,18E51840F0010101010101010101010101,True,18F362BD16CEF1A711212105E1B5FB7607,1,,,63274C,こ……전　상관없어요。,632769,당신께　전부　보여　드려도……,quarantine,unresolved
P4_direct_ext3_text_drift,6327A0,scenario_632794,unverified,review_translation_and_runtime_by_bundle,……アイン・レヴィの思惑はともかく。,……그 간사한 아인 레비 중위 녀석의 음흉한 흉책이 배후에 무엇이 도사리고 있든 간에.,こ……아인　레비의　속셈은　제쳐두고。,……아인　레비의　속셈은　제쳐두고。,,18E51840F201010101010101010101,True,18F191F5DC2AF76B0594E18CFC060A,1,,,632794,아、　알았어……！,6327B0,자네　마음을　의심할　이유는　없다。,quarantine,unresolved
P3_direct_ext3_control_adjacent_text_drift,6327C4,scenario_632794,unverified,confirm_current_text_then_rehome,次の作戦には君も同行してもらう！,"좋다, 차기 생크 킹덤 영토 탈환 요격 작전에 자네의 릭 디아스를 엄호기로 배속하겠네！",こ다음　작전엔　자네도　동행해라！,다음　작전엔　자네도　동행해라！,,18E51840F401010101010101010101,True,18E08C05F1E3F4676120F2B5FC3803,2,081D,True,6327B0,자네　마음을　의심할　이유는　없다。,6327D8,기뻐요、　시로코。,quarantine,unresolved
P4_direct_ext3_text_drift,63285A,scenario_632837,unverified,review_translation_and_runtime_by_bundle,君のト－ルギスなら整備は終わってるよ。,자네 전용기인 톨기스의 메인 부스터 추진 엔진 정비와 튜닝은 진작 끝내 두었네.,こ자네　톨기스는　정비가　끝났어。,자네　톨기스는　정비가　끝났어。,,18E518900801010101010101010101010101,True,186105FC23F515F0A408E010F221F390230A,1,,,63284D,생크킹덤으로……갈　거지？,63286D,당장　출발해도　돼。,quarantine,unresolved
P4_direct_ext3_text_drift,632893,scenario_632886,unverified,review_translation_and_runtime_by_bundle,ティタ－ンズに所属していても、,"티탄즈 사령부 명패를 달고 형식상 배속되어 복무하고 있다만,",こ티탄즈에　소속돼도、,티탄즈에　소속돼도、,,18E51840F901010101010101,True,18FDC40CF1EFF413F2752007,1,,,632886,……자네와　같아。,6328A0,목적까지　같은　건　아니지。,quarantine,unresolved
P4_direct_ext3_text_drift,6328AF,scenario_632886,unverified,review_translation_and_runtime_by_bundle,ここでシロッコにサンクキングダムまで,지금 시로코 그 거만한 자식 손아귀에 조국 생크 킹덤 영지 결재 전권까지,こ여기서　시로코에게　생크킹덤까지,여기서　시로코에게　생크킹덤까지,,18E51840FB0101010101,True,18F79DF9F30CFEA0F19D,1,,,6328A0,목적까지　같은　건　아니지。,6328BA,넘겨줄　수는　없거든。,quarantine,unresolved
P4_direct_ext3_text_drift,632902,scenario_6328E4,unverified,review_translation_and_runtime_by_bundle,君に言えるのはそれくらいかな。,현 단계 전선 교신 주파수로 발설할 수 있는 정보 제원은 딱 고기까지로군.,こ자네에게　말할　수　있는　건　그쯤이야。,자네에게　말할　수　있는　건　그쯤이야。,,18E518410101010101010101010101,True,18610C7AF0BBF44BF422241CF7E30A,2,,,6328F1,지킨다는　목적과　어긋나지　않아。,632913,こ자、　여동생이　기다리니、,quarantine,unresolved
P4_direct_ext3_text_drift,632913,scenario_6328E4,unverified,review_translation_and_runtime_by_bundle,さあ、妹が待っているんだから、,"자아, 지구 영지에서 자네의 가냘픈 누이동생 리리나가 애타게 기다리고 있으니,",こ자、　여동생이　기다리니、,자、　여동생이　기다리니、,,18E518900B01010101010101010101,True,18F32B07E34B17D7F920F22EF12407,1,,,632902,こ자네에게　말할　수　있는　건　그쯤이야。,632923,서둘러　가게、　젝스　특좌。,quarantine,unresolved
P4_direct_ext3_text_drift,6329D6,scenario_6329B3,unverified,review_translation_and_runtime_by_bundle,オマエは単なる道具なんだ！,네놈 년은 내 손가락 신호 하나에 총구를 돌릴 한낱 도살용 도구 병기일 뿐이야！,こ넌　그저　도구야！,넌　그저　도구야！,,18E518900E0101010101010101,True,18F68F08E172F514F437F85403,1,,,6329C6,인형　주제에……건방지게！,6329E4,시킨　일만　하면　돼！！,quarantine,unresolved
P4_direct_ext3_text_drift,632A94,scenario_632A80,unverified,review_translation_and_runtime_by_bundle,ですがマスタ－の気が晴れるならば、,"그렇지만 저를 도살한들 마스터의 분노 뇌파가 정돈되어 안정을 취할 수 있다면,",こ하지만　마스터의　기분이　풀린다면、,하지만　마스터의　기분이　풀린다면、,,18E518410B01010101010101010101,True,18F8ABFABD05A017E1BBF047F67707,1,,,632A80,육체적　고통이라면、　예。,632AA4,받는　고통은　미미하다고　판단합니다。,quarantine,unresolved
P3_direct_ext3_control_adjacent_text_drift,632B07,scenario_632AF8,unverified,confirm_current_text_then_rehome,ボクの大事なセラ……,나 아인의 단 하나뿐인 영혼의 장난감 세라……,こ내　소중한　세라……,내　소중한　세라……,,18E5182C17010101010101,True,18F27905F05A06F429F191,2,1728,True,632AF8,그렇게　말해　주니　기쁘군。,632B1E,후후후후……,quarantine,unresolved
P2_direct_ext3_exact_text,632B56,scenario_632B4D,unverified,second_batch_representative_runtime_test,エゥ－ゴのパイロット……,에우고의 침입 파일럿……,こ에우고의　침입　파일럿……,에우고의　침입　파일럿……,True,18E5184113010101,True,18F8E305FD0BF191,1,,,632B4D,카미유……,632B5F,내…적……,quarantine,unresolved
P3_direct_ext3_control_adjacent_text_drift,632B75,scenario_632B6A,unverified,confirm_current_text_then_rehome,フォウ！　フォウ－－！！,"포우！ 정신 차려, 포우 ㅡ ！！",こ포우！　정신　차려、　포우　　！！,포우！　정신　차려、　포우　　！！,,18E5184116010101010101,True,18F7120301F712F206F044,2,1728,True,632B6A,내가　누군지　모르겠어！？,632B8B,……………,quarantine,unresolved
P4_direct_ext3_text_drift,632BD3,scenario_632BCA,unverified,review_translation_and_runtime_by_bundle,あのハマ－ン・カ－ンが,그 콧대 높고 거만하던 하만 칸 계집년이,こ그　하만　칸이,그　하만　칸이,,18E518901001010101,True,18F3DAFA292AF58D17,1,,,632BCA,후후후……,632BDD,이　나에게　복종의　뜻을　보이다니……。,quarantine,unresolved
P4_direct_ext3_text_drift,632BF2,scenario_632BCA,unverified,review_translation_and_runtime_by_bundle,これで残る敵はエゥ－ゴだけと,이로써 우주 공역에서 처단할 잔여 방해 찌꺼기는 오직 에우고 날파리 함대뿐이란,こ이제　남은　적은　에우고뿐인가……,이제　남은　적은　에우고뿐인가……,,18E518411A0101010101010101,True,18F62DE01F0F7F08F8E3F53D13,1,,,632BDD,이　나에게　복종의　뜻을　보이다니……。,632C00,뜻인가……하지만　그것도　곧……,quarantine,unresolved
P4_direct_ext3_text_drift,632C7F,scenario_632C6F,unverified,review_translation_and_runtime_by_bundle,現在、ハマ－ンのサダラ－ンが,"현재, 하만 칸의 사다란호 전투함이",こ현재、　하만의　사다란이,현재、　하만의　사다란이,,18E518411F0101010101,True,18F32007FA2905FBCB17,1,,,632C6F,……각원에게　통보한다！！,632C8A,콜로니　레이저　근처에　대기　중이다！,quarantine,unresolved
P4_direct_ext3_text_drift,632C99,scenario_632C6F,unverified,review_translation_and_runtime_by_bundle,我々はハマ－ン・カ－ンを支援するため、,"우리는 겉으로는 하만 칸 세력의 요격을 은폐 원호하는 척,",こ우린　하만　칸을　지원하기　위해、,우린　하만　칸을　지원하기　위해、,,18E518901201010101010101010101,True,186A7108FA292AF58D15F2B6FB9B07,1,,,632C8A,콜로니　레이저　근처에　대기　중이다！,632CA9,미끼가　되어　적을　유인한다！！,quarantine,unresolved
P4_direct_ext3_text_drift,632CB7,scenario_632C6F,unverified,review_translation_and_runtime_by_bundle,少しでも多くの敵部隊を,그 기밀 틈새 찬스를 살려 단 1초라도 더 많은 적의 주력 요격기 부대를,こ조금이라도　많은　적　부대를,조금이라도　많은　적　부대를,,18E5184122010101010101,True,1888F6EDE0B9F0F6F65B15,1,,,632CA9,미끼가　되어　적을　유인한다！！,632CC3,콜로니　레이저에서　떼어　내라！！,quarantine,unresolved
P4_direct_ext3_text_drift,632E28,scenario_632E13,unverified,review_translation_and_runtime_by_bundle,『でも、それが美しいことだって,"『하지만, 그 맑고 정직한 심성 자체가 밤하늘 별빛처럼 찬란하고 아름다운 기적이라는 걸』",こ『하지만、　그게　아름답다고,『하지만、　그게　아름답다고,,18E51841320101010101010101,True,1868F25E07F5A4E24EF923F649,1,,,632E13,『사람은　너무　솔직하면　안　돼』,632E36,내게　가르쳐　준　건　당신이야……』,quarantine,unresolved
P4_direct_ext3_text_drift,632E48,scenario_632E13,unverified,review_translation_and_runtime_by_bundle,『……だから、私はこの世に生まれてきて,"『……그러니까, 난 이 비극적인 우주 전쟁 한복판에 생체 표본으로 사육되어 태어났지만』",こ『……그러니、　난　이　세상에　태어나,『……그러니、　난　이　세상에　태어나,,18E518413401010101010101010101010101,True,18F5A0F8250741F88CE03C0CCEF1A70BF4EF,1,,,632E36,내게　가르쳐　준　건　당신이야……』,632E5B,　잘됐다고　생각해』,quarantine,unresolved
P3_direct_ext3_control_adjacent_text_drift,632E6D,scenario_632E13,unverified,confirm_current_text_then_rehome,『アナタと出会えて本当に良かった、カツ』,"『당신과 운명적으로 조우해 대화할 수 있어서 진심으로 축복받고 행복했단다, 카츠』",こ『당신을　만나서　정말　좋았어、　카츠』,『당신을　만나서　정말　좋았어、　카츠』,,18E51841350101010101010101010101010101,True,1868F80913F15BF11EF2640CCAF6AE07F1E966,2,081B,True,632E5B,　잘됐다고　생각해』,632E85,사라……,quarantine,unresolved
P4_direct_ext3_text_drift,632EE0,scenario_632ED1,unverified,review_translation_and_runtime_by_bundle,こんな死に方…嬉しいのかよ……！,이딴 처참한 시체 개죽음 따위가…… 자네 기사 가문 긍지상 그리 기쁜 영광이냔 말이다……！,こ이렇게　죽어서…　좋은　거냐……！,이렇게　죽어서…　좋은　거냐……！,,18E51891DA0101010101010101010101,True,18F5C8AD0C7D02E1A0F45C05F125F60C,1,,,632ED1,모두……죽어　가……。,632EF1,만족하냐고오오！！,quarantine,unresolved
P4_direct_ext3_text_drift,6330DE,scenario_6330CD,unverified,review_translation_and_runtime_by_bundle,貴様のようなニュ－タイプのなり損ないは,네놈처럼 권력에 눈먼 가짜 뉴타입 찌꺼기 뇌세포 분자는,こ너　같은　어설픈　뉴타입은,너　같은　어설픈　뉴타입은,,18E5181011010101010101010101,True,18F1C0FA27FD6CF779E231F52608,1,,,6330CD,후후……길을　잘못　들었군！,6330ED,숙청될　운명이다！！,quarantine,unresolved
P4_direct_ext3_text_drift,63314C,scenario_633122,unverified,review_translation_and_runtime_by_bundle,やはり人はより良く導かれねばならん。,따라서 인류 역사는 절대적인 지혜와 미를 갖춘 참된 지도자의 채찍 하에 통치되어야 해.,こ역시　사람은　더　잘　인도해야　해。,역시　사람은　더　잘　인도해야　해。,,18E51841490101010101010101010101010101,True,18F66C5008F488CA24E15C0E1B4D49F515190A,1,,,633135,인간에게　품성을　기대하긴　글렀군。,633160,이끌　절대자가　필요하다。,quarantine,unresolved
P3_direct_ext3_control_adjacent_text_drift,6331FC,scenario_6331E4,unverified,confirm_current_text_then_rehome,……信念を貫く子供なんて薄気味悪い！,……일말의 도덕이나 죄책감도 없이 감정 없이 기계처럼 방아쇠 당기는 영악한 꼬맹이는 정말 소름 끼쳐！,こ……신념만　밀어붙이는　애는　섬뜩해！,……신념만　밀어붙이는　애는　섬뜩해！,,18E518414F0101010101010101010101010101010101,True,18F191F1E615E45724F336F855E279A0E0A2E00F0403,2,1728,True,6331EC,조금은　망설여　보면　어떠냐！！,63321C,때가　됐군……,quarantine,unresolved
P3_direct_ext3_control_adjacent_text_drift,633267,scenario_633251,unverified,confirm_current_text_then_rehome,ネオ・ジオンが裏切ったのか！！,하만 칸의 네오 지온 주력 함대가 아군의 맹방 조약을 무단 파기하고 배신했단 말인가！！,こ네오　지온이　배신한　건가！！,네오　지온이　배신한　건가！！,,18E518D05D0101010101010101,True,18F1002AF7AB17F288F971F044,2,1728,True,63325B,사다란에서　포격이라고！？,63327E,……뭐라고！？,quarantine,unresolved
P3_direct_ext3_control_adjacent_text_drift,6332D3,scenario_6332B7,unverified,confirm_current_text_then_rehome,全部隊、撒退せよ！！,"릭 디아스 부대를 포함한 전 요격 함대, 지체 말고 후방 공역으로 전속 철수하라！！",こ전　부대、　철수하라！！,전　부대、　철수하라！！,,18E51841540101010101,True,18F74207F238F557F044,2,1728,True,6332C5,태세를　다시　갖춘다！！,6332E7,안　돼……철수다！！,quarantine,unresolved
P4_direct_ext3_text_drift,63331B,scenario_63330E,unverified,review_translation_and_runtime_by_bundle,コロニ－・レ－ザ－は,당초 전략 합의서 체결 시 그 콜로니 레이저 포탑 시설은,こ콜로니　레이저는,콜로니　레이저는,,18E51841570101,True,18FA7D2AF91508,1,,,63330E,……기다려、　하만！,633323,파괴하기로　하지　않았나！,quarantine,unresolved
P4_direct_ext3_text_drift,633342,scenario_633337,unverified,review_translation_and_runtime_by_bundle,最強の兵器を目の前にして,우주를 단 1초 만에 평정할 수 있는 사상 최강의 전략 포탑을 목전에 생포해 두고,こ최강의　병기를　눈앞에　두고,최강의　병기를　눈앞에　두고,,18E518415901010101010101,True,18F47B05F4BF15B10596F7BC,1,,,633337,어리석은　짓을……,63334F,순순히　파괴할　리가　없지。,quarantine,unresolved
P4_direct_ext3_text_drift,63335D,scenario_633337,unverified,review_translation_and_runtime_by_bundle,このコロニ－・レ－ザ－は,이 콜로니 레이저 포탑의 제어 시스템 결재 권한은 오늘부터,こ이　콜로니　레이저는,이　콜로니　레이저는,,18E5182B9501010101,True,18F362FA7D2AF91508,1,,,63334F,순순히　파괴할　리가　없지。,633367,자비가　부흥에　쓰겠다。,quarantine,unresolved
P5_non_direct_native_or_other,6333B1,scenario_63338E,unverified,do_not_autofix_static_false_positive_possible,こちらには,현재 이 하만의 조종석 단말기 손가락 끝에는,こ이쪽에는,이쪽에는,,18F9F201,,18FB1508,1,,,63339C,우리　네오　지온과도　싸울　셈인가？,6333B6,콜로니　레이저가　있다고？,quarantine,unresolved
P4_direct_ext3_text_drift,63341F,scenario_633400,unverified,review_translation_and_runtime_by_bundle,いちど後退して,일단 기수를 180도 돌려 이탈 철수한 뒤,こ한번　후퇴해서,한번　후퇴해서,,18E51841600101,True,18F893F0A7F413,1,,,63340F,우리　피해가　커집니다。,633427,태세를　재정비하죠。,quarantine,unresolved
P4_direct_ext3_text_drift,63345D,scenario_633451,unverified,review_translation_and_runtime_by_bundle,ネオ・ジオンはコロニ－・レ－ザ－を,네오 지온 반란군이 콜로니 레이저 포탑의 원형,こ네오　지온은　콜로니　레이저를,네오　지온은　콜로니　레이저를,,18E518D0620101010101010101,True,18F1002AF7AB08FA7D2AF91515,1,,,633451,……보고합니다！,63346B,중심으로　함대를　전개。,quarantine,unresolved
P4_direct_ext3_text_drift,633476,scenario_633451,unverified,review_translation_and_runtime_by_bundle,ー方、エゥ－ゴは後退して,"반면, 패퇴한 에우고 요격 함대는 후방 안전지대로 후퇴하여",こ한편、　에우고는　후퇴해,한편、　에우고는　후퇴해,,18E5184164010101010101,True,18F02B07F8E308F0A7F413,1,,,63346B,중심으로　함대를　전개。,633482,부대를　재편　중인　모양입니다。,quarantine,unresolved
P4_direct_ext3_text_drift,633491,scenario_633451,unverified,review_translation_and_runtime_by_bundle,どうやらコロニ－・レ－ザ－の,양 세력 전파 무전 감청 결과 쌍방 모두 어떻게든 콜로니 레이저 포탑의,こ아무래도　콜로니　레이저를,아무래도　콜로니　레이저를,,18E518416501010101,True,18F9DAFA7D2AF91505,1,,,633482,부대를　재편　중인　모양입니다。,63349B,탈취하려는　듯합니다만……,quarantine,unresolved
P4_direct_ext3_text_drift,6334DB,scenario_6334BC,unverified,review_translation_and_runtime_by_bundle,……腹立たしい限りだな。,……정치 군사적 관점에서 이리 참담하고 울화가 치밀 수 없다.,こ……정말　화가　나는군。,……정말　화가　나는군。,,18E518416A01010101010101010101,True,18F191E29AE00E11F45CE11BF5B20A,2,,,6334CC,콜로니　레이저는　적의　손에……,6334EC,こ어떻게든　콜로니　레이저를,quarantine,unresolved
P4_direct_ext3_text_drift,6334EC,scenario_6334BC,unverified,review_translation_and_runtime_by_bundle,なんとかコロニ－・レ－ザ－を,어떻게든 저 콜로니 레이저 포탑을 기습 파괴해,こ어떻게든　콜로니　레이저를,어떻게든　콜로니　레이저를,,18E518416B01010101,True,18F96FFA7D2AF91515,1,,,6334DB,こ……정말　화가　나는군。,6334F6,탈환할　방법을　강구해야겠군。,quarantine,unresolved
P1_direct_ext3_exact_text_control_adjacent,633560,scenario_633546,unverified,high_priority_batch_after_anchor_pass,……アナタなら勝てるわ。,…………　당신이라면　이길거야.,こ…………　당신이라면　이길거야。,…………　당신이라면　이길거야。,True,18E518A0870101010101010101,True,18F191F809F515E003F390310A,2,083E,True,633557,팝티머스　시로코……,633572,최후의　수단인　콜로니　레이저를,quarantine,unresolved
P1_direct_ext3_exact_text_control_adjacent,6335A6,scenario_633591,unverified,high_priority_batch_after_anchor_pass,うふふふ……,우후후후…,こ우후후후…,우후후후…,True,18E518927E,True,18FAA5F191,2,1728,True,63359A,내가　당신을　이기게　해　줄게。,6335B5,어때、　토레스。,quarantine,unresolved
P3_direct_ext3_control_adjacent_text_drift,633635,scenario_633613,unverified,confirm_current_text_then_rehome,と、なれば……,"라고,　되면…",こ그렇다면……,그렇다면……,,18E5181C270101,True,181307F7A0F191,2,1728,True,633620,역습당할　위험이　크다。,633648,조준을　분산시키려면,quarantine,unresolved
P4_direct_ext3_text_drift,63366A,scenario_633648,unverified,review_translation_and_runtime_by_bundle,照準を固定される前にコロニ－・レ－ザ－に,조준을　고정하기　전에　콜로니　-　레자　-,こ조준이　고정되기　전에　콜로니　레이저에,조준이　고정되기　전에　콜로니　레이저에,,18E5183D5101010101010101010101010101,True,18F4B315E20AE076F841960CFA7D2AF9150C,1,,,63365A,사방에서　공격한다……　그것뿐이다。,63367D,달라붙으면　승산이　있다。,quarantine,unresolved
P4_direct_ext3_text_drift,633697,scenario_63368D,unverified,review_translation_and_runtime_by_bundle,ここでグズグズしていては、,"여기서　굿즈를하고　있다면,",こ여기서　꾸물거리고　있으면、,여기서　꾸물거리고　있으면、,,18E5184D22010101,True,18F79DF8DCFCE507,1,,,63368D,……그렇군。,6336A0,티탄즈가　개입할　우려도　있다。,quarantine,unresolved
P3_direct_ext3_control_adjacent_text_drift,6336AF,scenario_63368D,unverified,confirm_current_text_then_rehome,やりましょう、クワトロ大尉。,"하자,　콰트로　대위.",こ하자、　크와트로　대위。,하자、　크와트로　대위。,,18E518D06D01010101,True,18FD3A07FB96F08E0A,2,1728,True,6336A0,티탄즈가　개입할　우려도　있다。,6336C4,좋아！　각원에게　통보한다！！,quarantine,unresolved
P4_direct_ext3_text_drift,6336D6,scenario_6336C4,unverified,review_translation_and_runtime_by_bundle,我々はラ－・カイラム以下、全艦隊をもって,"우리는　라　카일람　이하,　전함대를　가지고",こ라　카이람　이하　전　함대로,라　카이람　이하　전　함대로,,18E5183BB6010101010101010101010101,True,186A7108F0112AFB90F01907F51754F9AD,1,,,6336C4,좋아！　각원에게　통보한다！！,6336E8,콜로니　레이저　탈취　작전을　수행한다！,quarantine,unresolved
P4_direct_ext3_text_drift,6336F7,scenario_6336C4,unverified,review_translation_and_runtime_by_bundle,作戦名は「メ－ルシュトロ－ム」！,작전 고유 코드명은 「메일스트롬(Maelstrom)」이다！,こ작전명은　『메일슈트롬』！,작전명은　『메일슈트롬』！,,18E5181D19010101010101,True,18F6C508E045FEB9E04303,1,,,6336E8,콜로니　레이저　탈취　작전을　수행한다！,633703,……이상이다！！,quarantine,unresolved
P4_direct_ext3_text_drift,63372F,scenario_633726,unverified,review_translation_and_runtime_by_bundle,ガンダムに乗っているといえど,비록 고성능 건담 기형에 기어 올라탔다 한들,こ건담에　타고　있어도,건담에　타고　있어도,,18E5181BAE010101010101,True,18F90D0CE07CFC3BF25436,1,,,633726,훗……,63373B,결국　그저　아이일　뿐……,quarantine,unresolved
P4_direct_ext3_text_drift,633746,scenario_633726,unverified,review_translation_and_runtime_by_bundle,何の目的もなく、やみくもに戦うだけでは,인류 구원이라는 거창한 대의명분도 없이 맹목적으로 주먹질만 날려서는,こ목적도　없이　무턱대고　싸워선,목적도　없이　무턱대고　싸워선,,18E518417201010101010101010101010101,True,189A05F12B200624073A6924200C3914FA58,1,,,63373B,결국　그저　아이일　뿐……,633759,이　디　오를　쓰러뜨릴　수　없다！,quarantine,unresolved
P3_direct_ext3_control_adjacent_text_drift,6337BD,scenario_6337A1,unverified,confirm_current_text_then_rehome,みんなの意志を背負って戦っている！！,모두의　의지를　짊어지고　싸우고　있다！　！,こ모두의　뜻을　짊어지고　싸우고　있다！！,모두의　뜻을　짊어지고　싸우고　있다！！,,18E5183C3701010101010101010101,True,18F8E9F13015F32DF15639F920F044,2,083E,True,6337AD,제멋대로인　자의　독선에　맞서,6337D1,모두의　뜻이라고……？,quarantine,unresolved
P4_direct_ext3_text_drift,6337E0,scenario_6337D1,unverified,review_translation_and_runtime_by_bundle,天才の足を引っ張ることしかできない,내 지혜를 시기하며 발목이나 잡아채려는 우매한,こ천재의　발목만　잡는,천재의　발목만　잡는,,18E518417801010101010101010101010101,True,18F29205E09315E02409E2520F18F805FAD8,1,,,6337D1,모두의　뜻이라고……？,6337F3,속인들이　뭘　할　수　있다는　거냐！？,quarantine,unresolved
P4_direct_ext3_text_drift,6338D2,scenario_6338BC,unverified,review_translation_and_runtime_by_bundle,ガンダムはみんなの意志を,이 건담은 우주 공역에서 산화해 간 모든 전우들의 원혼 의지를,こ건담은　모두의　의지를,건담은　모두의　의지를,,18E518D07101010101,True,18F90DFBA405F13015,1,,,6338CA,시로코　씨！！,6338DC,힘으로　바꿔　싸울　수　있어！,quarantine,unresolved
P3_direct_ext3_control_adjacent_text_drift,633903,scenario_6338F1,unverified,confirm_current_text_then_rehome,……くっ！！,……큭！！,こ……윽！！,……윽！！,,18E518E4910101,True,18F191F0EEF044,2,1728,True,6338F1,의지의　힘……건담의　힘이라고？,633914,앗、　기다려……！！,quarantine,unresolved
P4_direct_ext3_text_drift,63394D,scenario_633940,unverified,review_translation_and_runtime_by_bundle,今日こそ貴様を倒し、デラ－ズ閣下の,"오늘 릭 디아스의 화력을 개방해 네년의 숨통을 끊어, 데라즈 각하가 흘리신",こ오늘　널　쓰러뜨려、　데라즈　각하의,오늘　널　쓰러뜨려、　데라즈　각하의,,18E5184184010101010101010101010101,True,18F381F356F1C015E0111207F93BF0E405,1,,,633940,시마　가라하우！！,63395F,원한을　풀어　주겠다！！,quarantine,unresolved
P4_direct_ext3_text_drift,63398B,scenario_63396D,unverified,review_translation_and_runtime_by_bundle,やれ志だ義挙だの,입만 열면 지고지순한 혁명이나 성스러운 구국 혈투니,こ뜻이니　의거니　하면서,뜻이니　의거니　하면서,,18E51841880101010101,True,18F297E0F10DF2840D05,1,,,633980,데라즈의　원한이라고！？,633996,그런　말만　늘어놓고……,quarantine,unresolved
P4_direct_ext3_text_drift,6339A5,scenario_63396D,unverified,review_translation_and_runtime_by_bundle,使い捨てにされる兵士の気持ちなんか、,"소모품 총알받이로 강제 투입되어 찢겨 죽어가는 말단 장병들의 피눈물은,",こ소모품처럼　버려질　병사　마음은、,소모품처럼　버려질　병사　마음은、,,18E51891DF0101010101010101010101010101,True,18E00104E1AF0B0CF841F49F05F21C3BF85307,1,,,633996,그런　말만　늘어놓고……,6339B9,조금도　생각하지　않잖아！！,quarantine,unresolved
P4_direct_ext3_text_drift,6339C9,scenario_63396D,unverified,review_translation_and_runtime_by_bundle,しょせんあの男もアタシらをアゴで,어차피 그 데라즈 영감탱이도 우리 용병들을 사냥개 부리듯,こ결국　그　남자도　우릴　턱으로,결국　그　남자도　우릴　턱으로,,18E518902101010101010101010101,True,18F9B5F3DAE06B20F881F072F39316,1,,,6339B9,조금도　생각하지　않잖아！！,6339D9,こ부리던　사이드３　놈들과　똑같아！,quarantine,unresolved
P3_direct_ext3_control_adjacent_text_drift,6339D9,scenario_63396D,unverified,confirm_current_text_then_rehome,き使ったサイド３のヤツらとー緒だよ！,턱주가리로 부리다 유기해 버린 사이드 3의 썩은 귀족 놈들과 100% 한통속일 뿐이야！,こ부리던　사이드３　놈들과　똑같아！,부리던　사이드３　놈들과　똑같아！,,18E518D073010101010101010101010101010101,True,1832E001F150F723E07105F2D4F056F0A3F55003,2,080F,True,6339C9,こ결국　그　남자도　우릴　턱으로,6339F2,확실히　네게도,quarantine,unresolved
P1_direct_ext3_exact_text_control_adjacent,633A34,scenario_633A17,unverified,high_priority_batch_after_anchor_pass,覚悟しろ、シ－マ・ガラハウ！！,"조의를 표하마, 시마 가라하우！！",こ조의를　표하마、　시마　가라하우！！,조의를　표하마、　시마　가라하우！！,True,18E518418E0101010101010101,True,18F37EF3FD07F5CF2AFBACF044,2,0832,True,633A25,네가　한　짓은　용서할　수　없다！,633A46,아아、　그래！,quarantine,unresolved
P4_direct_ext3_text_drift,633A51,scenario_633A46,unverified,review_translation_and_runtime_by_bundle,しょせん、アンタとアタシが,"어차피, 정의의 사도 흉내 내는 장교 놈과 나 같은 뒷골목 용병 계집이",こ결국、　너와　내가,결국、　너와　내가,,18E51841900101010101,True,18F9B507F5A513F88117,1,,,633A46,아아、　그래！,633A5C,서로　이해할　수는　없는　거야！,quarantine,unresolved
P4_direct_ext3_text_drift,633A6F,scenario_633A46,unverified,review_translation_and_runtime_by_bundle,とことん最後まで,오늘 이 우주 바닥에서 끝판을 볼 때까지,こ끝까지　철저하게,끝까지　철저하게,,18E5181D1A01010101,True,1813181319F409F19D,1,,,633A5C,서로　이해할　수는　없는　거야！,633A79,싸워　보자고！！,quarantine,unresolved
P4_direct_ext3_text_drift,633AD4,scenario_633AC0,unverified,review_translation_and_runtime_by_bundle,これより我々はティタ－ンズおよび,이 시간부로 우리는 전 화력을 개방해 티탄즈 및,こ이제　우린　티탄즈와,이제　우린　티탄즈와,,18E51841960101010101,True,18FAE06A7108FDC4F81D,1,,,633AC9,각　부대에　알린다！！,633ADF,네오　지온군과　결전을　치른다！！,quarantine,unresolved
P4_direct_ext3_text_drift,633AEF,scenario_633AC0,unverified,review_translation_and_runtime_by_bundle,各艦およびモビルス－ツは,각 전투함 및 출격한 모빌슈트 부대원들은,こ각　함과　모빌슈트는,각　함과　모빌슈트는,,18E5184197010101,True,18F13FF81DFD7908,1,,,633ADF,네오　지온군과　결전을　치른다！！,633AF8,콜로니　레이저를　지켜라！！,quarantine,unresolved
P4_direct_ext3_text_drift,633B06,scenario_633AC0,unverified,review_translation_and_runtime_by_bundle,敵を引きつけた後、,"돌격해 오는 적의 주력을 본진 깊숙이 끌어들여 포위망을 정돈한 후,",こ적을　끌어들인　뒤、,적을　끌어들인　뒤、,,18E51841990101010101,True,187F15E02432F817AF07,1,,,633AF8,콜로니　레이저를　지켜라！！,633B11,단숨에　콜로니　레이저로　섬멸한다！！,quarantine,unresolved
P4_direct_ext3_text_drift,633B8B,scenario_633B7E,unverified,review_translation_and_runtime_by_bundle,あと、３タ－ンだ！！,"발사까지 앞으로, 단 3턴이다！！",こ앞으로、　３턴이다！！,앞으로、　３턴이다！！,,18E518419E010101010101,True,18F3D907E071F85C0DF044,1,,,633B7E,각　부대에　통보한다！,633B97,３턴　동안　콜로니　레이저를　지켜라！,quarantine,unresolved
P4_direct_ext3_text_drift,633C0B,scenario_633BFF,unverified,review_translation_and_runtime_by_bundle,全機、コロニ－・レ－ザ－の守りにつけ！！,전 기체 즉각 콜로니 레이저 포문 전방 공역에 포진해 수호하라！！,こ전　기체、　콜로니　레이저를　지켜라！！,전　기체、　콜로니　레이저를　지켜라！！,,18E51841A40101010101010101010101,True,18F56D07FA7D2AF91505E03BFACDF044,1,,,633BFF,큭！　큰일이다！,633C1C,무슨　수를　써서든　지켜　내라！！,quarantine,unresolved
P4_direct_ext3_text_drift,633CB4,scenario_633CA8,unverified,review_translation_and_runtime_by_bundle,コロニ－・レ－ザ－でティタ－ンズ艦隊は,방금 발사된 콜로니 레이저 뇌격으로 티탄즈의 포위 함대는,こ콜로니　레이저로　티탄즈　함대는,콜로니　레이저로　티탄즈　함대는,,18E51841AA01010101010101,True,18FA7D2AF91516FDC4F50108,1,,,633CA8,전　부대에　통보！！,633CC1,큰　피해를　입었다！！,quarantine,unresolved
P4_direct_ext3_text_drift,633CCD,scenario_633CA8,unverified,review_translation_and_runtime_by_bundle,全艦および、全モビルス－ツは反撃に移れ！,전투함 및 전 모빌슈트 대원들은 요격을 개시하라！,こ전　함선과　모빌슈트、　반격하라！,전　함선과　모빌슈트、　반격하라！,,18E51841AB010101010101010101010101,True,18F517F81D0786FD7908F54C0CE0FE1B03,1,,,633CC1,큰　피해를　입었다！！,633CDF,단숨에　티탄즈를　섬멸한다！！,quarantine,unresolved
P4_direct_ext3_text_drift,633D42,scenario_633D31,unverified,review_translation_and_runtime_by_bundle,もはやエゥ－ゴは切り札を失った！,에우고 날파리들은 방금 포격으로 마지막 카드를 소진해 무장 해제당했다！,こ이제　에우고는　비장의　수를　잃었다！,이제　에우고는　비장의　수를　잃었다！,,18E51841B0010101010101010101010101,True,18F85DF8E308E05627E27715E05DF15003,1,,,633D31,전　함、　돌격을　개시하라！！,633D54,여기서　단숨에　섬멸한다！！,quarantine,unresolved
P3_direct_ext3_control_adjacent_text_drift,633D83,scenario_633D6A,unverified,confirm_current_text_then_rehome,ー気にエゥ－ゴをせん滅するぞ！！,단숨에 침입한 에우고 놈들의 사지를 갈갈이 찢어 격살하라！！,こ한번에　에우고를　섬멸한다！！,한번에　에우고를　섬멸한다！！,,18E518101E010101010101010101,True,18F09C0CF8E3F7CBE08AF771F044,2,1728,True,633D75,전　함、　돌격을　개시하라！！,633D9B,좋아、　지금이다！！,quarantine,unresolved
P3_direct_ext3_control_adjacent_text_drift,633DB4,scenario_633D9B,unverified,confirm_current_text_then_rehome,ー気にエゥ－ゴをせん滅するぞ！！,단숨에 침입한 에우고 놈들의 사지를 갈갈이 찢어 격살하라！！,こ한번에　에우고를　섬멸한다！！,한번에　에우고를　섬멸한다！！,,18E518101E010101010101010101,True,18F09C0CF8E3F7CBE08AF771F044,2,1728,True,633DA6,전　함、　돌격을　개시하라！！,633DCC,티탄즈뿐　아니라　이　네오　지온까지,quarantine,unresolved
P3_direct_ext3_control_adjacent_text_drift,633DEB,scenario_633DCC,unverified,confirm_current_text_then_rehome,……大した役者だな、シャア。,"……실로 경탄을 금할 수 없는 천재적인 광대 연출이로군, 샤아.",こ……대단한　배우군、　샤아。,……대단한　배우군、　샤아。,,18E518D077010101010101010101,True,18F1915CF41BF507F54907F7F10A,2,1728,True,633DDF,끌어들인　결전인가……,633E05,………………。,quarantine,unresolved
P4_direct_ext3_text_drift,633E34,scenario_633E12,unverified,review_translation_and_runtime_by_bundle,……いや。,"……아니지, 오판이군.",こ……아니。,……아니。,,18E5184BB501,True,18F191F28C0A,1,,,633E25,여기가　네　무덤이　될　것이다……,633E3B,배우가　한　명　더　있었군。,quarantine,unresolved
P3_direct_ext3_control_adjacent_text_drift,633E9C,scenario_633E7E,unverified,confirm_current_text_then_rehome,……が、シャアよりは冷静だ。,"……어찌 되었든, 감정에 귀가 막힌 샤아 자네보다는 백배 이성적일세.",こ……그래도　샤아보단　냉정하지。,……그래도　샤아보단　냉정하지。,,18E518D0780101010101010101,True,18F1911707F7F1F6DAF5310D0A,2,082B,True,633E92,그렇게　보일　수도　있겠지만……,633EAE,내가　냉정하지　않다고！？,quarantine,unresolved
P4_direct_ext3_text_drift,633EEF,scenario_633EDD,unverified,review_translation_and_runtime_by_bundle,ならば、ザビ家再興に手を貸せ。,그렇다면　자비　집　재흥에　손을　빌려.,こ그럼、　자비가　재건을　도와라。,그럼、　자비가　재건을　도와라。,,18E518D07B01010101010101010101,True,18F67707F055F7680C7215E0D9340A,1,,,633EDD,시로코의　말이　맞지、　샤아？,633EFF,그　후　세계를　함께　생각하자……,quarantine,unresolved
P3_direct_ext3_control_adjacent_text_drift,633F11,scenario_633EDD,unverified,confirm_current_text_then_rehome,……あの、小うるさい見物人を倒してな。,……우선 저기서 파리 마냥 시끄럽게 앵앵대는 불청객(에우고) 녀석들부터 조속히 참수해 놓고 말일세.,こ……저　시끄러운　구경꾼부터　치우고。,……저　시끄러운　구경꾼부터　치우고。,,18E5189027010101010101010101010101010101,True,18F191F3DA07E1A2FA088AE05F5015E011F5C00A,2,083E,True,633EFF,그　후　세계를　함께　생각하자……,633F2A,……윽！！,quarantine,unresolved
P4_direct_ext3_text_drift,633F54,scenario_633F49,unverified,review_translation_and_runtime_by_bundle,私はただ、世界を誤った方向に,"나는 단지, 우주 문명의 조타수 이정표가 멸망의 수렁 속으로",こ난　그저、　세상을　잘못된　길로,난　그저、　세상을　잘못된　길로,,18E51841BC01010101010101010101,True,1841F5B407F44815E2B4F150F0750C,1,,,633F49,그만둬、　하만！,633F64,몰고　가고　싶지　않을　뿐이다！！,quarantine,unresolved
P4_direct_ext3_text_drift,633FFC,scenario_633FE6,unverified,review_translation_and_runtime_by_bundle,その上でザビ家を再興させる。,그　위에　자비　집을　재흥시킨다.,こ그　후　자비가를　재건한다。,그　후　자비가를　재건한다。,,18E518D07D01010101010101010101,True,18F4239D16F055E0B415F318F82C0A,1,,,633FF5,배제할　뿐이다。,63400C,사람들에게　길을　제시할　수　있다。,quarantine,unresolved
P4_direct_ext3_text_drift,6340A0,scenario_634093,unverified,review_translation_and_runtime_by_bundle,貴様のようなのがいるから,네놈처럼 살상을 놀이 게임 삼아 설쳐대는 쓰레기 새끼 탓에,こ너　같은　놈이　있으니,너　같은　놈이　있으니,,18E51841C70101010101,True,18F1C0FA2705F628F124,1,,,634093,큭……제리드！！,6340AB,전쟁이　끝나지　않는　거다！！,quarantine,unresolved
P4_direct_ext3_text_drift,634204,scenario_6341F4,unverified,review_translation_and_runtime_by_bundle,ジ・オの用意を！！,즉각 내 전용기 지 오의 시동을 켜라！！,こ디　오를　준비해！！,디　오를　준비해！！,,18E51841D40101010101,True,18452A2C05F4C815F044,1,,,6341F4,전황이　좋지　않군……,63420F,내가　직접　전선에서　지휘한다！,quarantine,unresolved
P3_direct_ext3_control_adjacent_text_drift,634270,scenario_634254,unverified,confirm_current_text_then_rehome,……それに、私だけじゃないわ。,"……그리고, 비단 저 혼자만의 화력 원호가 아니랍니다.",こ……나만　있는　것도　아니야。,……나만　있는　것도　아니야。,,18E51841D80101010101010101,True,18F191F5AC0741F53DF8DF310A,2,083E,True,63425E,당신은　내가　지켜　줄게……,634282,……응？,quarantine,unresolved
P4_direct_ext3_text_drift,63434E,scenario_634334,unverified,review_translation_and_runtime_by_bundle,ねえ、シロッコ……？,"저기요, 시로코 님……？",こ저기、　시로코……？,저기、　시로코……？,,18E5180C1A01010101,True,18F26207F9F3F1911D,1,,,634341,그렇게　말했잖아、　내가？,634358,날　믿고　있는　거죠？,quarantine,unresolved
P3_direct_ext3_control_adjacent_text_drift,6343B4,scenario_6343A9,unverified,confirm_current_text_then_rehome,わかっているな、ゼロ。,"네 사격 임무 가동 좌표를 잊지 않았겠지, 제로 중위.",こ알고　있지、　제로。,알고　있지、　제로。,,18E51841E601010101,True,1831FD050607F0650A,2,1728,True,6343A9,……자、　그럼。,6343C4,에우고　놈들을　쓰러뜨리면　되지？,quarantine,unresolved
P1_direct_ext3_exact_text_control_adjacent,6343DE,scenario_6343C4,unverified,high_priority_batch_after_anchor_pass,だが、約束は守ってもらうぞ。,"하지만, 약속은 지켜줘야겠어.",こ하지만、　약속은　지켜줘야겠어。,하지만、　약속은　지켜줘야겠어。,True,18E51841E801010101010101010101,True,18F53807F45308E03BF6F21CF1E50A,2,081D,True,6343D9,물론이다。,6343F2,물론！,quarantine,unresolved
P4_direct_ext3_text_drift,6343FA,scenario_6343F2,unverified,review_translation_and_runtime_by_bundle,エゥ－ゴに勝てたなら,이번 에우고 격멸 결전에서 아군이 완승을 거두는 즉시,こ에우고에게　이기면,에우고에게　이기면,,18E51841E90101010101,True,18F8E30CE003F3A0F515,1,,,6343F2,물론！,634405,너희　강화인간은　풀어　주겠다。,quarantine,unresolved
P5_non_direct_native_or_other,63451F,scenario_63450D,unverified,do_not_autofix_static_false_positive_possible,だが……,하지만 포우…… 내 말 똑똑히 경청하게……,こ하지만……,하지만……,,18F4FDF093,,18F538F191,2,1728,True,63450D,……그들에게　맞설　수는　없어。,63452E,여기는　제로　무라사메다！,quarantine,unresolved
P3_direct_ext3_control_adjacent_text_drift,634585,scenario_634563,unverified,confirm_current_text_then_rehome,……いずれまた会おう、フォウ。,"……부디 살아남아 다가올 해방의 날에 영접하세, 포우.",こ……언젠가　또　보자、　포우。,……언젠가　또　보자、　포우。,,18E51841FD010101010101010101,True,18F191F800F194C1F24407F7120A,2,1728,True,634578,포우와　싸우지　않아도　돼……,63459D,제로……,quarantine,unresolved
P3_direct_ext3_control_adjacent_text_drift,63461F,scenario_63460B,unverified,confirm_current_text_then_rehome,アタシの手の中で戦いなさい……,내 기형의 칼날 궤적 반경 100미터 안에서 얌전히 춤추다 도살당하렴……,こ내　손안에서　싸워……,내　손안에서　싸워……,,18E518903301010101010101010101,True,18F881057205521639F27B2504F191,2,1728,True,634616,웃소、　시로코……,63463A,우후후후……,quarantine,unresolved
P4_direct_ext3_text_drift,634953,scenario_63493C,unverified,review_translation_and_runtime_by_bundle,貴様の…心もー緒に……連れて行く……,네놈의…… 영혼 신경망 주파수까지 동반자로 묶어 지옥길로 끌고 가마……,こ네…　마음도　같이……　데려간다……,네…　마음도　같이……　데려간다……,,18E5184217010101010101010101010101010101,True,18F1C00502E00B20F0A30CF19190F0326B24F191,1,,,634945,죽을　리가……없어……,634968,카、　카미유　비단……,quarantine,unresolved
P3_direct_ext3_control_adjacent_text_drift,6349F3,scenario_6349E3,unverified,confirm_current_text_then_rehome,『カミ－ユ……戻ってきて！！』,『카미유…… 제발 정신 똑바로 차리고 살아 있는 육신 조종석 콕핏으로 다시 복귀해 돌아와줘！！』,こ『카미유……　돌아와！！』,『카미유……　돌아와！！』,,18E518903A01010101010101010101,True,1868F8FBF191E042F156F4EFF04466,2,1728,True,6349E3,『가면　안　돼……！！』,634A0E,으、　으……,quarantine,unresolved
P3_direct_ext3_control_adjacent_text_drift,634A19,scenario_634A0E,unverified,confirm_current_text_then_rehome,……フォ、フォウ。,"……포, 포우. 머릿속 레이다가 전부 깜빡거려……",こ……포、　포우。,……포、　포우。,,18E518421D01010101,True,18F191F47A07F7120A,2,1728,True,634A0E,으、　으……,634A2C,으……,quarantine,unresolved
P4_direct_ext3_text_drift,634A62,scenario_634A59,unverified,review_translation_and_runtime_by_bundle,……君が助けてくれたんだね。,……자네 영혼 주파수가 수신되어 내 뇌사 쇼크 임계를 극적으로 구해 준 거구먼.,こ……네가　구해준　거구나。,……네가　구해준　거구나。,,18E518421F0101010101010101,True,18F1916117E000FC92F22E4D0A,2,,,634A59,포우……,634A71,こ위험했어。　조금만　늦었으면　난,quarantine,unresolved
P4_direct_ext3_text_drift,634A71,scenario_634A59,unverified,review_translation_and_runtime_by_bundle,危ないところだった。もう少しでボクは,실로 전술상 1초만 지체했어도 내 영혼은 뇌사 쇼크로 소멸되어,こ위험했어。　조금만　늦었으면　난,위험했어。　조금만　늦었으면　난,,18E518422001010101010101010101010101,True,18E059F7F81842F6460AF29B88F412F27908,1,,,634A62,こ……네가　구해준　거구나。,634A84,시로코에게　끌려갈　뻔했어……,quarantine,unresolved
P3_direct_ext3_control_adjacent_text_drift,634AB2,scenario_634A9A,unverified,confirm_current_text_then_rehome,誰もアナタを連れて行ったりはしない。,우주 그 누구도 다시는 귀중한 네 영혼을 유기해 끌고 가지 못해.,こ아무도　당신을　데려가지　않아。,아무도　당신을　데려가지　않아。,,18E518422301010101010101010101010101,True,18E02B20F8091590F0326BF150F22DF74E0A,2,081E,True,634AA5,이제　시로코는　죽었어。,634AC9,……고마워、　포우。,quarantine,unresolved
P4_direct_ext3_text_drift,634BF4,scenario_634BE3,unverified,review_translation_and_runtime_by_bundle,ねぇ、誰かいないんですか？,"어이, 내 격벽 통신 주파수 채널에 무전 응답해 줄 동지들은 한 명도 대기 안 하나요？",こ저기、　아무도　없어요？,저기、　아무도　없어요？,,18E518422F01010101010101010101,True,18F26007E02BF148F526F222F1E01D,1,,,634BE3,그나저나　여긴　덥네……,634C04,여기서　꺼내　주세요오오……,quarantine,unresolved
P5_non_direct_native_or_other,634C35,scenario_634C28,unverified,do_not_autofix_static_false_positive_possible,………………,………………,こ………………,………………,True,18F617F617,,18F617F617,2,1728,True,634C28,죽은　건가、　시로코……,634C46,후후후후……,quarantine,unresolved
P4_direct_ext3_text_drift,634CA5,scenario_634C9A,unverified,review_translation_and_runtime_by_bundle,こんなところで朽ち果てる,우주 차가운 요격 파편이 되어 비참하게 썩어 뭉개질,こ이런　곳에서　썩어갈,이런　곳에서　썩어갈,,18E51842350101010101,True,18FE1AE3A73BE0D1F390,1,,,634C9A,……샤아！！,634CB0,네　몸을　저주해라！！,quarantine,unresolved
P4_direct_ext3_text_drift,634DDC,scenario_634DC2,unverified,review_translation_and_runtime_by_bundle,私と来ないのであれば……,얌전히 내 곁으로 회항해 배속 승선하지 않겠다면……,こ나와　오지　않겠다면……,나와　오지　않겠다면……,,18E518423B0101010101010101,True,1841139BF5260516F3E549F191,1,,,634DD0,조심하는　게　좋을　거다！！,634DEA,여기가　네　무덤이　될　것이다！！,quarantine,unresolved
P5_non_direct_native_or_other,634E83,scenario_634E6F,unverified,do_not_autofix_static_false_positive_possible,……………。,…………….,こ……………。,……………。,True,18F617F1910A,,18F617F1910A,2,1728,True,634E77,나와　함께　왔다면……,634E9B,……무르군！！,quarantine,unresolved
P5_non_direct_native_or_other,634F6B,scenario_634F62,unverified,do_not_autofix_static_false_positive_possible,ふざけるなっ！,웃기지 마라 샤아 네놈！！,こ장난치지　마라！,장난치지　마라！,,18FA1401,,18FDE803,1,,,634F62,……읏！,634F70,누가　네놈　따위에게……！！,quarantine,unresolved
P4_direct_ext3_text_drift,634FDC,scenario_634FD1,unverified,review_translation_and_runtime_by_bundle,この私がいる限り、,"이 위대한 정통 지온 후계자 하만 칸이 조종간을 붙잡고 가동하는 이상,",こ내가　있는　한、,내가　있는　한、,,18E518424D0101010101,True,18F36241F628E11B2707,1,,,634FD1,어리석은　소리！,634FE7,네오　지온은　패하지　않는다！！,quarantine,unresolved
P4_direct_ext3_text_drift,635013,scenario_634FFC,unverified,review_translation_and_runtime_by_bundle,……クワトロ大尉、いえ、シャアと,"……평생 가슴속에 묻어둔 크와트로 대위님, 아니 샤아 아즈나블 대령과",こ……크와트로　대위、　아니、　샤아와,……크와트로　대위、　아니、　샤아와,,18E518D086010101010101010101,True,18F191FB96F08E07F25407F7F113,1,,,635006,바라지　않았을　텐데……,635022,싸우는　건　말이야！！,quarantine,unresolved
P4_direct_ext3_text_drift,63503B,scenario_63502C,unverified,review_translation_and_runtime_by_bundle,よくも人の心にずけずけと！！,대체 무슨 무례한 정신 감응 오라를 발사해서 남의 내밀한 영혼 기억실까지 무단 침범해 들쑤시는 거냐！！,こ사람　마음에　함부로　들어오다니！！,사람　마음에　함부로　들어오다니！！,,18E518904401010101010101010101,True,18F6195005E00B0C7428742813F044,1,,,63502C,……읏！　네놈！！,63504B,……용서　못　한다！！,quarantine,unresolved
P3_direct_ext3_control_adjacent_text_drift,63508E,scenario_635083,unverified,confirm_current_text_then_rehome,よくものこのこと！！,수년간 날 유기하고 유랑하던 네놈이 기어이 뻔뻔하게 내 콕핏 앞에 릭 디아스를 대고……！！,こ잘도　태연히　나타났군！！,잘도　태연히　나타났군！！,,18E518904601010101,True,18F619F5E61813F044,2,1728,True,635083,……샤아！,6350A3,……그렇군。,quarantine,unresolved
P4_direct_ext3_text_drift,6350AD,scenario_6350A3,unverified,review_translation_and_runtime_by_bundle,今さら君に顔を出せるような,"과거 내 알량한 영웅 긍지 탓에, 세월이 흘러 자네 눈을 정면으로 마주하고 고개 들 면목이",こ이제　와　자네　앞에　나설,이제　와　자네　앞에　나설,,18E5184253010101010101010101,True,1876F357610CE0AC156FF797F1F4,1,,,6350A3,……그렇군。,6350BC,내가　아니겠지……,quarantine,unresolved
P4_direct_ext3_text_drift,635121,scenario_63510E,unverified,review_translation_and_runtime_by_bundle,……私はもういちどやり直したい。,"……난 두 번 다시 뒤돌아보지 않고, 자네 곁으로 영원히 회항해 다시 시작하고 싶네.",こ……난　다시　시작하고　싶어。,……난　다시　시작하고　싶어。,,18E518425601010101010101010101,True,18F19141F88DF8933A27E066F5D30A,1,,,63510E,용서받을　수　있다면、　하만……,635131,자네와의　일을……,quarantine,unresolved
P4_direct_ext3_text_drift,63514B,scenario_63513E,unverified,review_translation_and_runtime_by_bundle,甘い言葉で私を釣ろうなど、,달콤한　말로　날　잡자　등,こ달콤한　말로　날　낚으려　하다니、,달콤한　말로　날　낚으려　하다니、,,18E5184D260101010101010101010101,True,18E17104F53C164115E4F842F1F43607,1,,,63513E,이제　와서　그런　말을……！！,63515C,큰　착각이다！！,quarantine,unresolved
P4_direct_ext3_text_drift,635182,scenario_63516F,unverified,review_translation_and_runtime_by_bundle,……この、私の愚かさを。,……여태껏 평화를 위해 싸운답시고 거들먹대던 내 위선의 대죄를 말일세.,こ……이、　내　어리석음을。,……이、　내　어리석음을。,,18E518425A010101010101010101,True,18F191F362074105E1790EF3630A,2,,,63516F,카미유가　깨닫게　해　줬어。,635192,こ자네란　여자를　만나고도、,quarantine,unresolved
P4_direct_ext3_text_drift,635192,scenario_63516F,unverified,review_translation_and_runtime_by_bundle,君という女性に出会えていながら、,"하만 칸 자네라는 고결한 영혼의 동반자가 곁에서 피를 흘리며 통곡하고 있었음에도,",こ자네란　여자를　만나고도、,자네란　여자를　만나고도、,,18E518425B0101010101010101010101,True,1861F664F4560CF15BF11EF27B171C07,1,,,635182,こ……이、　내　어리석음을。,6351A3,난　과거에　매여　자네를　외면했어。,quarantine,unresolved
P4_direct_ext3_text_drift,6351E0,scenario_6351CB,unverified,review_translation_and_runtime_by_bundle,だが、君がイエスと言ってくれるならば、,"그렇지만, 자네가 다시 내 손을 맞잡아 주고 윤허해 준다면,",こ하지만、　자네가　허락한다면、,하지만、　자네가　허락한다면、,,18E51891E8010101010101010101010101,True,18F538076117F756137AFA3EF3F81C4907,1,,,6351CB,……그건　용서받을　일이　아니야。,6351F2,다시　한　번　시작하고　싶어。,quarantine,unresolved
P3_direct_ext3_control_adjacent_text_drift,6351FE,scenario_6351CB,unverified,confirm_current_text_then_rehome,私と共に来てほしい、ハマ－ン。,"부디 복수극의 왕관을 내려놓고 나와 함께 평화의 대지로 동행해 주게, 하만.",こ나와　함께　가줘、　하만。,나와　함께　가줘、　하만。,,18E518425E0101010101010101,True,184113E07D0C9BFB7107FA290A,2,0857,True,6351F2,다시　한　번　시작하고　싶어。,635210,………………,quarantine,unresolved
P4_direct_ext3_text_drift,6352D8,scenario_6352C7,unverified,review_translation_and_runtime_by_bundle,すでに舞台は整った！,광대들의 피비린내 참살극 연출은 완벽히 막을 내렸네！,こ이미　무대는　갖춰졌다！,이미　무대는　갖춰졌다！,,18E5184264010101010101,True,18F86BF34908E09CF15003,1,,,6352C7,……자아、　아인　레비！！,6352E4,너희가　나설　차례다！,quarantine,unresolved
P4_direct_ext3_text_drift,635478,scenario_63546F,unverified,review_translation_and_runtime_by_bundle,どうだい、この光景？,"어때, 이 찬란한 광경이？",こ어때、이　광경？,어때、이　광경？,,18E5180D8901010101,True,18FA9F07F362F35F1D,2,,,63546F,후후후후……,635483,こ싸움의　섬광이　별처럼　반짝여서,quarantine,unresolved
P4_direct_ext3_text_drift,635483,scenario_63546F,unverified,review_translation_and_runtime_by_bundle,戦いの閃光が、まるで星のようにきらめいて,"전장 공역에 터지는 포격 섬광이, 마치 은하수 별빛처럼 반짝반짝 교차하며",こ싸움의　섬광이　별처럼　반짝여서,싸움의　섬광이　별처럼　반짝여서,,18E51842700101010101010101010101010101,True,1839F27EF4651707F6B3E069FA17321C47F275,1,,,635478,こ어때、이　광경？,635497,……아름답지！？,quarantine,unresolved
P3_direct_ext3_control_adjacent_text_drift,6354B7,scenario_6354A9,unverified,confirm_current_text_then_rehome,もはや誰にも止めることはできない……。,이젠 우주 그 누구도 레이저 방사 시동을 멈추어 끊어내지 못해…….,こ이젠　아무도　멈출　수　없어……。,이젠　아무도　멈출　수　없어……。,,18E518D08E010101010101010101,True,18F85DE02BF462E027FEB8F1910A,2,0817,True,6354A9,시스템은　이미　완성됐다。,6354CA,모두가　저　노랫소리에,quarantine,unresolved
P2_direct_ext3_exact_text,6354E3,scenario_6354CA,unverified,second_batch_representative_runtime_test,……そう。,……그래.,こ……그래。,……그래。,True,18E5181BAB01,True,18F191F4260A,1,,,6354D8,이끌려　자멸하는　거야……,6354EA,이　우주는　그야말로……,quarantine,unresolved
P3_direct_ext3_control_adjacent_text_drift,6354F4,scenario_6354CA,unverified,confirm_current_text_then_rehome,……ロ－レライの宇宙！！,……로렐라이의 파멸 우주다！！,こ……로렐라이의　우주！！,……로렐라이의　우주！！,,18E5182D0A0101010101,True,18F191FD1B05F08FF044,2,1728,True,6354EA,이　우주는　그야말로……,635505,네놈들……！！,quarantine,unresolved
P4_direct_ext3_text_drift,635563,scenario_635556,unverified,review_translation_and_runtime_by_bundle,まずはブライト艦長たちを,최우선 순위는 통신 두절된 브라이트 함장 일행을,こ우선　브라이트　함장들을,우선　브라이트　함장들을,,18E518D09101010101,True,18F84FF97EF4FAF767,1,,,635556,……진정해！！,63556D,구하는　게　먼저야！！,quarantine,unresolved
P4_direct_ext3_text_drift,635578,scenario_635556,unverified,review_translation_and_runtime_by_bundle,このままじゃ、みんな,"이 뇌파 교란 상태가 방치되면, 함대 승조원 전원이",こ이대로면、　모두,이대로면、　모두,,18E518427801,True,18FD9F07F7C4,1,,,63556D,구하는　게　먼저야！！,63557F,서로　싸우다　죽고　말아！！,quarantine,unresolved
P4_direct_ext3_text_drift,635628,scenario_63560E,unverified,review_translation_and_runtime_by_bundle,コロニ－・レ－ザ－を中心に、,"소행성 콜로니 레이저 포탑의 메인 코어를 중심으로,",こ콜로니　레이저를　중심으로、,콜로니　레이저를　중심으로、,,18E5181024010101010101,True,18FA7D2AF91515F3DE0C07,1,,,63561A,효과도　범위도　차원이　다르군。,635634,전장　전체가　영향권에　들었다。,quarantine,unresolved
P4_direct_ext3_text_drift,635642,scenario_63560E,unverified,review_translation_and_runtime_by_bundle,……しかも、少しずつだが,"……게다가, 계기판 분석 데이터 상 미세하게나마",こ……게다가、　조금씩이지만,……게다가、　조금씩이지만,,18E518102501010101010101,True,18F191F8350788127440F538,1,,,635634,전장　전체가　영향권에　들었다。,63564F,영향권이　넓어지고　있어。,quarantine,unresolved
P4_direct_ext3_text_drift,635659,scenario_63560E,unverified,review_translation_and_runtime_by_bundle,いずれ、戦場付近だけではなく,"머지않아, 결전 공역 근방의 전술적 사각지대뿐만 아니라",こ머잖아、　전장　주변뿐　아니라,머잖아、　전장　주변뿐　아니라,,18E518C0B80101010101,True,18F80007F9DEFA580624,1,,,63564F,영향권이　넓어지고　있어。,635664,근처　콜로니도　영향권에……,quarantine,unresolved
P4_direct_ext3_text_drift,6356B0,scenario_635697,unverified,review_translation_and_runtime_by_bundle,いや、仮に可能だとしても、,"아니, 백보 양보해 전술 제원 상 구현이 가능하다 친들,",こ아니、　가능하다　해도、,아니、　가능하다　해도、,,18E518D09301010101010101,True,18F28C07E24D0CF4F3FC8607,1,,,6356A2,병기로　그런　일이　가능하단　말인가！？,6356BD,그런　짓을　해서　뭘　얻는다는　거냐！,quarantine,unresolved
P4_direct_ext3_text_drift,6356E1,scenario_6356C8,unverified,review_translation_and_runtime_by_bundle,だがどちらにせよ、このまま,"그렇다 해도 이유 여하를 불문하고, 우리 에우고가 이 참상을",こ하지만　어쨌든、　이대로,하지만　어쨌든、　이대로,,18E5184280010101,True,18F538FD6607FB77,1,,,6356D6,이유가　있을지도　모릅니다。,6356EA,손　놓고　볼　수는　없습니다。,quarantine,unresolved
P4_direct_ext3_text_drift,635705,scenario_6356F3,unverified,review_translation_and_runtime_by_bundle,止めようとしてあのモビルア－マ－に,시스템을 교란 격파하러 저 거대 모빌아머 반경 내에,こ멈추려　저　모빌아머에,멈추려　저　모빌아머에,,18E5181028010101,True,18E027FE92FDFD0C,1,,,6356F3,하지만　멈추긴　어렵겠군……,63570E,다가가면　정신에　영향을　받는다。,quarantine,unresolved
P4_direct_ext3_text_drift,63577B,scenario_63575F,unverified,review_translation_and_runtime_by_bundle,それより、中尉があの兵器に影響を受けない,"그 분석보다는, 중위 자네만이 저 시스템 전파 장막을 단독 돌파할 수 있다는",こ그보다、　중위가　저　병기에,그보다、　중위가　저　병기에,,18E518102901010101010101010101010101,True,18FBA507F559F8BFF4BF0CF2C915E009F891,1,,,63576B,지금은　대처할　시간이　없겠지。,63578E,영향받지　않는　사실을　활용해야겠군。,quarantine,unresolved
P4_direct_ext3_text_drift,6357C3,scenario_6357BA,unverified,review_translation_and_runtime_by_bundle,あのモビルア－マ－のまわりには,저 거대 모빌아머의 세뇌 주파수 반경 내벽에는,こ저　모빌아머　주변엔,저　모빌아머　주변엔,,18E518102A010101010101,True,18F3DAFDFD0521F23EF467,1,,,6357BA,무모해！,6357CF,정신이　나간　병사가　잔뜩　있어요！,quarantine,unresolved
P4_direct_ext3_text_drift,6357EB,scenario_6357E0,unverified,review_translation_and_runtime_by_bundle,全員で中尉を支援して敵モビルア－マ－まで,아군 전함의 가용 포격을 몽땅 집중시켜 중위의 진입 항로 전방의 좀비 부대를 쓸어내고,こ전원이　중위를　도와　모빌아머까지,전원이　중위를　도와　모빌아머까지,,18E51842870101010101010101010101,True,18F50816F55915F2B6F4137FFDFDF19D,1,,,6357E0,그래도　할　수밖에　없지。,6357FC,길을　열　수　있다면、　어쩌면……,quarantine,unresolved
P4_direct_ext3_text_drift,63581E,scenario_63580F,unverified,review_translation_and_runtime_by_bundle,意識を強く保ってさえいれば、システムの,"아군 조종사 장병들이 임전 의지를 극도로 수급해 뇌파를 정돈한다면, 저 시스템의",こ의식을　강하게　붙들면　시스템의,의식을　강하게　붙들면　시스템의,,18E518102B01010101010101010101,True,18F0BF15E05524E0E3FE0107F90405,1,,,63580F,음、　확실히　그렇군……,63582E,영향을　어느　정도　늦출　수　있어。,quarantine,unresolved
P4_direct_ext3_text_drift,635839,scenario_63580F,unverified,review_translation_and_runtime_by_bundle,その間になんとか、そこの中尉を,"아군이 좀비들을 유인해 시간을 벌어주는 그 짧은 틈새 찰나에, 시그 중위를",こ그동안　저　중위를,그동안　저　중위를,,18E518C0BD01010101010101,True,18F42399FC4B07F61AF55915,1,,,63582E,영향을　어느　정도　늦출　수　있어。,635846,시스템까지　보낼　수　있다면……,quarantine,unresolved
P4_direct_ext3_text_drift,6358FD,scenario_6358EB,unverified,review_translation_and_runtime_by_bundle,１人よりは２人の方が,전장 공역 요격 시 단독 비행하는 것보단 2기 편대로 동조 비행해 엄호하는 편이,こ한명보다　두명이,한명보다　두명이,,18E5181033010101010101,True,18CF50F6DAE02650057D17,1,,,6358F7,저도　그렇습니다！,635909,성공　확률도　높을　겁니다！,quarantine,unresolved
P4_direct_ext3_text_drift,635935,scenario_63592C,unverified,review_translation_and_runtime_by_bundle,心苦しいが、,"아직 앳된 조종사들을 사지로 등 떠미는 것 같아 사령관으로서 참담하다만,",こ마음은　무겁지만、,마음은　무겁지만、,,18E518C0C001,True,18F2A7F68D07,1,,,63592C,…어쩔　수　없군。,63593C,두　사람에게　맡길　수밖에　없다。,quarantine,unresolved
P4_direct_ext3_text_drift,635962,scenario_635954,unverified,review_translation_and_runtime_by_bundle,明朝、準備が済み次第、我々は,"내일 여명이 밝아 추진 제원 정돈이 완료되는 찰나, 아군은",こ내일　아침、　준비되는　대로,내일　아침、　준비되는　대로,,18E518C0C10101010101010101010101,True,18F01607F0D817E19969F169076A7108,1,,,635954,전　부대에　통보한다！！,635973,저　모빌아머를　총공격한다！,quarantine,unresolved
P4_direct_ext3_text_drift,6359A1,scenario_635987,unverified,review_translation_and_runtime_by_bundle,あのモビルア－マ－から強力なマインド,저 기형의 동력 코어 룸으로부터 강력한 마인드 컨트롤,こ그　모빌아머에서　강력한　마인드,그　모빌아머에서　강력한　마인드,,18E518428C010101010101010101,True,18F3DAFDFDF124F2DD0637291A44,1,,,635999,모빌아머　말입니다만……,6359B0,제어파가　확인됐습니다。,quarantine,unresolved
P4_direct_ext3_text_drift,6359D9,scenario_6359BF,unverified,review_translation_and_runtime_by_bundle,コロニ－・レ－ザ－を中心に、,"소행성 콜로니 레이저 포탑의 메인 코어를 중심으로,",こ콜로니　레이저를　중심으로、,콜로니　레이저를　중심으로、,,18E5181024010101010101,True,18FA7D2AF91515F3DE0C07,1,,,6359CB,효과도　범위도　차원이　다르군。,6359E5,전장　전체가　영향권에　들었다。,quarantine,unresolved
P4_direct_ext3_text_drift,6359F3,scenario_6359BF,unverified,review_translation_and_runtime_by_bundle,……しかも、少しずつだが,"……게다가, 계기판 분석 데이터 상 미세하게나마",こ……게다가、　조금씩이지만,……게다가、　조금씩이지만,,18E518102501010101010101,True,18F191F8350788127440F538,1,,,6359E5,전장　전체가　영향권에　들었다。,635A00,영향권이　넓어지고　있어。,quarantine,unresolved
P4_direct_ext3_text_drift,635A0A,scenario_6359BF,unverified,review_translation_and_runtime_by_bundle,いずれ、戦場付近だけではなく,"머지않아, 결전 공역 근방의 전술적 사각지대뿐만 아니라",こ머잖아、　전장　주변뿐　아니라,머잖아、　전장　주변뿐　아니라,,18E518C0B80101010101,True,18F80007F9DEFA580624,1,,,635A00,영향권이　넓어지고　있어。,635A15,근처　콜로니도　영향권에……,quarantine,unresolved
P4_direct_ext3_text_drift,635A56,scenario_635A48,unverified,review_translation_and_runtime_by_bundle,なにか止める方法はないのですか、,"닥터, 기술진들의 제원 분석 상 저 시스템의 기동을 강제 차단할 묘책은 전무한가요,",こ멈출　방법은　없나요、,멈출　방법은　없나요、,,18E5182B9B01010101010101010101,True,18F63EE027F419F18AF6FE05F8AA07,1,,,635A4F,대체　이런　일이……！！,635A66,닥터　Ｊ？,quarantine,unresolved
P4_direct_ext3_text_drift,635A7B,scenario_635A70,unverified,review_translation_and_runtime_by_bundle,止めようとしてあのモビルア－マ－に,시스템을 교란 격파하러 저 거대 모빌아머 반경 내에,こ멈추려　저　모빌아머에,멈추려　저　모빌아머에,,18E5181028010101,True,18E027FE92FDFD0C,1,,,635A70,어렵겠군……,635A84,다가가면　정신에　영향을　받는다。,quarantine,unresolved
P4_direct_ext3_text_drift,635AFA,scenario_635AEE,unverified,review_translation_and_runtime_by_bundle,だが、なぜ効かないのかは,"예, 저한테 왜 저 주파수 간섭 세뇌가 오동작을 일으키는지는",こ하지만、　왜　안　듣는지는,하지만、　왜　안　듣는지는,,18E51842960101010101010101,True,18F53807F522E1DFF5EB05F12C,1,,,635AEE,……나　말인가？,635B08,나도　모르지만……,quarantine,unresolved
P4_direct_ext3_text_drift,635B32,scenario_635B16,unverified,review_translation_and_runtime_by_bundle,仮に原因がわかったところで、,"설령 지금부터 컴퓨터로 주파수 비결을 특정해 분석해 낸들,",こ원인을　알아도、,원인을　알아도、,,18E518747401010101,True,18E24D0CF403FEC707,1,,,635B25,아무래도　상관없지。,635B3C,지금은　대처할　시간이　없어。,quarantine,unresolved
P4_direct_ext3_text_drift,635B4E,scenario_635B16,unverified,review_translation_and_runtime_by_bundle,それより、中尉があの兵器に影響を受けない,"그 분석보다는, 중위 자네만이 저 시스템 전파 장막을 단독 돌파할 수 있다는",こ그보다、　중위가　저　병기에,그보다、　중위가　저　병기에,,18E518102901010101010101010101010101,True,18FBA507F559F8BFF4BF0CF2C915E009F891,1,,,635B3C,지금은　대처할　시간이　없어。,635B61,받지　않는　사실을　활용해야겠군。,quarantine,unresolved
P4_direct_ext3_text_drift,635B92,scenario_635B75,unverified,review_translation_and_runtime_by_bundle,無茶だ！,그것은 완벽한 자살 행위입니다 함장님！,こ무모해！,무모해！,,18E5184C39,True,18F1E80D03,2,,,635B83,저　모빌아머로　보내겠다고！？,635B99,こ저　모빌아머　주변엔,quarantine,unresolved
P4_direct_ext3_text_drift,635B99,scenario_635B75,unverified,review_translation_and_runtime_by_bundle,あのモビルア－マ－のまわりには,저 거대 모빌아머의 세뇌 주파수 반경 내벽에는,こ저　모빌아머　주변엔,저　모빌아머　주변엔,,18E518102A010101010101,True,18F3DAFDFD0521F23EF467,1,,,635B92,こ무모해！,635BA5,정신이　나간　병사가　잔뜩　있어요！,quarantine,unresolved
P4_direct_ext3_text_drift,635BC4,scenario_635BB6,unverified,review_translation_and_runtime_by_bundle,意識を強く保ってさえいれば、システムの,"아군 조종사 장병들이 임전 의지를 극도로 수급해 뇌파를 정돈한다면, 저 시스템의",こ의식을　강하게　붙들면　시스템의,의식을　강하게　붙들면　시스템의,,18E518102B01010101010101010101,True,18F0BF15E05524E0E3FE0107F90405,1,,,635BB6,하지만　그것밖엔　방법이　없다。,635BD4,영향을　어느　정도　늦출　수　있어。,quarantine,unresolved
P4_direct_ext3_text_drift,635BDF,scenario_635BB6,unverified,review_translation_and_runtime_by_bundle,その間になんとか、そこの中尉を,"아군이 좀비들을 유인해 시간을 벌어주는 그 짧은 틈새 찰나에, 시그 중위를",こ그동안　저　중위를,그동안　저　중위를,,18E518C0BD01010101010101,True,18F42399FC4B07F61AF55915,1,,,635BD4,영향을　어느　정도　늦출　수　있어。,635BEC,시스템까지　보낼　수　있다면……,quarantine,unresolved
P4_direct_ext3_text_drift,635CA3,scenario_635C91,unverified,review_translation_and_runtime_by_bundle,１人よりは２人の方が,전장 공역 요격 시 단독 비행하는 것보단 2기 편대로 동조 비행해 엄호하는 편이,こ한명보다　두명이,한명보다　두명이,,18E5181033010101010101,True,18CF50F6DAE02650057D17,1,,,635C9D,저도　그렇습니다！,635CAF,성공　확률도　높을　겁니다！,quarantine,unresolved
P4_direct_ext3_text_drift,635CDB,scenario_635CD2,unverified,review_translation_and_runtime_by_bundle,心苦しいが、,"아직 앳된 조종사들을 사지로 등 떠미는 것 같아 사령관으로서 참담하다만,",こ마음은　무겁지만、,마음은　무겁지만、,,18E518C0C001,True,18F2A7F68D07,1,,,635CD2,…어쩔　수　없군。,635CE2,두　사람에게　맡길　수밖에　없다。,quarantine,unresolved
P4_direct_ext3_text_drift,635D08,scenario_635CFA,unverified,review_translation_and_runtime_by_bundle,明朝、準備が済み次第、我々は,"내일 여명이 밝아 추진 제원 정돈이 완료되는 찰나, 아군은",こ내일　아침、　준비되는　대로,내일　아침、　준비되는　대로,,18E518C0C10101010101010101010101,True,18F01607F0D817E19969F169076A7108,1,,,635CFA,전　부대에　통보한다！！,635D19,저　모빌아머를　총공격한다！,quarantine,unresolved
P4_direct_ext3_text_drift,635D5F,scenario_635D41,unverified,review_translation_and_runtime_by_bundle,このゼ－タの加速なら、,"이 개량형 제타 가속 추진 부스터의 가속 임계 성능 정도라면,",こ이　제타의　가속이라면、,이　제타의　가속이라면、,,18E518429E0101010101010101,True,18F362F8A505E101E124F51507,1,,,635D52,내일　작전에　써　줘。,635D6D,돌파도　쉬워질　거야。,quarantine,unresolved
P4_direct_ext3_text_drift,635DA7,scenario_635D90,unverified,review_translation_and_runtime_by_bundle,ま、メカニックのオレとしちゃあ,"뭐, 기름때 묻히며 전차나 만지는 메카닉 부서인 내가",こ뭐、　정비사인　내가,뭐、　정비사인　내가,,18E51842A10101010101010101010101,True,182107B95A60513D05F430F18B3B4E1F,1,,,635D9A,자네들의　활약에　달렸으니까。,635DB8,할　수　있는　건　여기까지지만……,quarantine,unresolved
P4_direct_ext3_text_drift,635E0E,scenario_635E02,unverified,review_translation_and_runtime_by_bundle,見て、ほら！,"이것 좀 봐, 짠！",こ봐、　이것　봐！,봐、　이것　봐！,,18E5180C1E0101,True,188A0B07F17603,1,,,635E02,아、　시그……？,635E16,내일　작전용　기체를　받았어！,quarantine,unresolved
P4_direct_ext3_text_drift,635E52,scenario_635E46,unverified,review_translation_and_runtime_by_bundle,ヘタをすれば……いや、十中八九、,"사격 오동작 틈새라도 생기면…… 아니, 전술 계산상 99%,",こ잘못하면……　아니、　십중팔구、,잘못하면……　아니、　십중팔구、,,18E518905901010101010101010101010101,True,18F42FF9AAF191F28C07E0F852E4E8E40C07,1,,,635E46,괜찮겠나……미안？,635E65,살아서　돌아오긴　힘들겠지。,quarantine,unresolved
P3_direct_ext3_control_adjacent_text_drift,635E72,scenario_635E46,unverified,confirm_current_text_then_rehome,それほどに分の悪い賭けだ。,사령부가 판을 짠 타임라인 자체가 그토록 잔인한 데스매치 도박판이니까.,こ그만큼　불리한　도박이야。,그만큼　불리한　도박이야。,,18E518905A0101010101010101,True,18FC0DA305E00F04E263F4910A,2,0809,True,635E65,살아서　돌아오긴　힘들겠지。,635E84,불리하니까　조금이라도,quarantine,unresolved
P3_direct_ext3_control_adjacent_text_drift,635EA4,scenario_635E84,unverified,confirm_current_text_then_rehome,……そうでしょ？,"……내 연산 논리가 정확히 맞지, 시그？",こ……그렇지？,……그렇지？,,18E5183C3A010101,True,18F191F426F7BA1D,2,0802,True,635E92,성공률을　높여야　하잖아。,635EB1,나　같은　남자와　함께한다고、,quarantine,unresolved
P4_direct_ext3_text_drift,635ED1,scenario_635EB1,unverified,review_translation_and_runtime_by_bundle,セラ……敵のモビルア－マ－は,세라가 지휘하는 적의 거대 모빌아머는,こ세라……　적의　모빌아머는,세라……　적의　모빌아머는,,18E5183BBD0101010101,True,18F429F1917F05FDFD08,1,,,635EC3,굳이　목숨을　잃을　필요는　없어。,635EDC,내가　어떻게든　할게。,quarantine,unresolved
P3_direct_ext3_control_adjacent_text_drift,635EE6,scenario_635EB1,unverified,confirm_current_text_then_rehome,だから、君は……,"그러니까, 미안 자네는 얌전히 격실에 대기하며……",こ그러니、　너는……,그러니、　너는……,,18E51842AD010101,True,18F825076108F191,2,0809,True,635EDC,내가　어떻게든　할게。,635EF3,바보네。,quarantine,unresolved
P4_direct_ext3_text_drift,635F32,scenario_635F25,unverified,review_translation_and_runtime_by_bundle,だって、あのモビルア－マ－を,"왜냐면, 당신 손으로 저 거대 모빌아머 테라 수오노를",こ하지만、　그　모빌아머를,하지만、　그　모빌아머를,,18E5180C1F01010101,True,18F64907F3DAFDFD15,1,,,635F25,못　봐주겠네、　시그……,635F3C,쓰러뜨린다는　건、,quarantine,unresolved
P4_direct_ext3_text_drift,635F46,scenario_635F25,unverified,review_translation_and_runtime_by_bundle,……セラを、シグが,"……결국 그 조종석 격실 내부의 세라를, 시그 당신 손으로",こ……세라를、　시그가,……세라를、　시그가,,18E518D0A00101010101,True,18F191F4291507F50B17,1,,,635F3C,쓰러뜨린다는　건、,635F51,죽이겠다는　거잖아！？,quarantine,unresolved
P4_direct_ext3_text_drift,635F92,scenario_635F79,unverified,review_translation_and_runtime_by_bundle,セラを手にかけて……,세라의 가슴에 직접 칼침을 찔러 넣고 기체를 격침한 후에……,こ세라를　해치고……,세라를　해치고……,,18E51842B401010101,True,18F4291572F99CF191,1,,,635F84,괴로운　표정을　짓고　있어！？,635F9C,돌아오지　않을　셈이지！？,quarantine,unresolved
P4_direct_ext3_text_drift,635FAE,scenario_635F79,unverified,review_translation_and_runtime_by_bundle,また、ひとりだけで行っちゃうなんて！,매번 그런 잔인한 상처 가득한 사지에 혼자서만 캐터펄트로 달려 나가는 꼬락서니라니！,こ또、　혼자　가버리다니！,또、　혼자　가버리다니！,,18E51842B5010101010101010101010101,True,18F19407F5FAF86F6B093B4EF1F4190B03,1,,,635F9C,돌아오지　않을　셈이지！？,635FC0,그런　건　치사해！！,quarantine,unresolved
P3_direct_ext3_control_adjacent_text_drift,63603F,scenario_636025,unverified,confirm_current_text_then_rehome,どんなことがあっても……,내 요격기 제어 능력을 다 갈아 넣어 엄호해 사수하겠단 말일세……,こ무슨　일이　있어도……,무슨　일이　있어도……,,18E51842BB01010101,True,18F6B91813FBDBF191,2,0802,True,63602E,절대로　당신을　죽게　두지　않을게。,63604D,미안……,quarantine,unresolved
P2_direct_ext3_exact_text,63607F,scenario_636073,unverified,second_batch_representative_runtime_test,……っ！！,……윽！！,こ……윽！！,……윽！！,True,18E518E49101,True,18F19109F044,2,,,636073,응、　하만인가……,636087,こ그、　그건……！！,quarantine,unresolved
P3_direct_ext3_control_adjacent_text_drift,636087,scenario_636073,unverified,confirm_current_text_then_rehome,そ、それは……！！,"그, 그 낯선 헤어스타일 모습은……！！",こ그、　그건……！！,그、　그건……！！,,18E5180C9A010101,True,182207F5ADF60C03,2,1728,True,63607F,こ……윽！！,63609B,옛날　머리로　바꿔　봤는데……,quarantine,unresolved
P4_direct_ext3_text_drift,63611A,scenario_63610F,unverified,review_translation_and_runtime_by_bundle,シャアが気に入ってくれて、,"자네가 내 옛 단발머리 모습을 흡족해하며 기뻐해 주다니,",こ샤아가　마음에　들어해서、,샤아가　마음에　들어해서、,,18E518D0A60101010101,True,18F7F117A00CBFFCB607,1,,,63610F,그런가、　샤아！,636125,나도　기쁘다！！,quarantine,unresolved
P4_direct_ext3_text_drift,636161,scenario_636156,unverified,review_translation_and_runtime_by_bundle,私は君のことを姿で選んだわけでは,내가 자네의 영혼을 사랑하게 된 핵심 계기는 겉포장인 이발 상태나 용모 따위의,こ난　외모로　자넬　고른　게,난　외모로　자넬　고른　게,,18E5189061010101010101010101010101,True,18410861F8CDE1B516E105F22E3128F261,1,,,636156,아、　아니……,636173,아니니까……,quarantine,unresolved
P3_direct_ext3_control_adjacent_text_drift,63617C,scenario_636156,unverified,confirm_current_text_then_rehome,無理に外見を変える必要はないと思う。,억지로 과거 흔적을 복제해 머리를 다듬어 내 비위를 맞추려 애쓸 하등의 사유가 없네.,こ억지로　모습을　바꿀　필요는　없어。,억지로　모습을　바꿀　필요는　없어。,,18E51842C30101010101010101010101010101,True,18F1BC0CE0D88A15E073F0BBF4F6FA2394140A,2,0856,True,636173,아니니까……,636194,그런가……,quarantine,unresolved
P4_direct_ext3_text_drift,636205,scenario_6361F3,unverified,review_translation_and_runtime_by_bundle,あと１週間もあれば、,"앞으로 7일의 잔여 충전 대기 시간만 확보되면,",こ앞으로　１주일이면、,앞으로　１주일이면、,,18E51842C701010101,True,18F3D9CFF4DBFB5F07,1,,,6361F3,영향권이　순조롭게　넓어지고　있어。,63620F,지구도　전부　뒤덮을　수　있어。,quarantine,unresolved
P4_direct_ext3_text_drift,63622F,scenario_636222,unverified,review_translation_and_runtime_by_bundle,ボクらを見下した者たちに,뒷골목 출신 개조 낙오자 찌꺼기라며 우리 형제를 경멸하고 멸시해 대던 독재 장성 놈들에게,こ우릴　깔본　자들에게,우릴　깔본　자들에게,,18E518D0AA01010101010101,True,18F279F072F0CBF41B9FF75E,1,,,636222,후후후、　드디어군。,63623C,심판을　내릴　때가　왔어。,quarantine,unresolved
P4_direct_ext3_text_drift,636270,scenario_636252,unverified,review_translation_and_runtime_by_bundle,何故かはわからぬが、システムの,이상하리만치 계기상 우리 전파 제어 교란 전송의,こ왜인진　몰라도、　시스템의,왜인진　몰라도、　시스템의,,18E518D0AB010101010101010101,True,18F435F12C31F124CB1707F90405,1,,,636266,아직　에우고가　있어。,63627F,영향을　받지　않는　인간도　있지。,quarantine,unresolved
P4_direct_ext3_text_drift,6362EA,scenario_6362CC,unverified,review_translation_and_runtime_by_bundle,エゥ－ゴの者たちを,에우고의 침입 편대원들을,こ에우고　녀석들을,에우고　녀석들을,,18E51842D00101,True,18F8E3059FF767,1,,,6362DC,우리의　소원이　이뤄진다。,6362F2,맞이할　준비를　해　둬야겠군。,quarantine,unresolved
P4_direct_ext3_text_drift,636342,scenario_636335,unverified,review_translation_and_runtime_by_bundle,……それどころか、逆だね。,……오히려 그 씁쓸한 고통 판짜기와는 정반대의 전율이다.,こ……오히려、　반대야。,……오히려、　반대야。,,18E518906401010101010101010101,True,18F191F4223618420E07E241F54B0A,1,,,636335,딱히　나쁘진　않아……,636352,나는　기뻐하고　있어。,quarantine,unresolved
P4_direct_ext3_text_drift,636387,scenario_63636A,unverified,review_translation_and_runtime_by_bundle,そして、アイツは死ぬのさ。,"그리고, 그 눈물겨운 우정의 결말은 시그의 요격 대파 사망이다.",こ그리고、　그　녀석은　죽겠지。,그리고、　그　녀석은　죽겠지。,,18E51842D601010101010101,True,18F78707F5EC08ADCB05250A,1,,,63637B,널　막으러　말이야。,636394,사랑하는　네　손에……,quarantine,unresolved
P4_direct_ext3_text_drift,6363BC,scenario_6363A9,unverified,review_translation_and_runtime_by_bundle,とりたてて感情を,그 파일럿의 죽음 데이터 기록에 제 뇌세포 주파수가 사사로이,こ특별히　감정이,특별히　감정이,,18E51891ED01010101,True,181327110B0BF31615,1,,,6363A9,마스터의　적은　배제되어야　합니다。,6363C6,움직일　만한　일은　아닙니다。,quarantine,unresolved
P4_direct_ext3_text_drift,6363EB,scenario_6363DE,unverified,review_translation_and_runtime_by_bundle,そういう風に考えるよう,자네가 영혼을 잃고 오직 내 방아쇠 장난감 인형으로만 기동해 연산하도록,こ그렇게　생각하도록,그렇게　생각하도록,,18E51842DA01010101010101,True,18F94CE1730CE04DF0BBF49E,1,,,6363DE,……그렇겠지。,6363F8,널　조정한　건　나니까。,quarantine,unresolved
P5_non_direct_native_or_other,63640A,scenario_6363DE,unverified,do_not_autofix_static_false_positive_possible,………………,………………,こ………………,………………,True,18F617F617,,18F617F617,2,1728,True,6363F8,널　조정한　건　나니까。,63641B,……마스터？,quarantine,unresolved
P4_direct_ext3_text_drift,636469,scenario_636457,unverified,review_translation_and_runtime_by_bundle,だけど、いずれわかるさ。,하지만 머지않아 락이 풀리는 찰나 뼈저리게 만끽하게 될 거다.,こ하지만、　언젠간　알게　돼。,하지만、　언젠간　알게　돼。,,18E51842DF010101010101,True,18F87207F80031F123250A,2,,,636457,지금의　넌　이해하지　못하겠지。,636476,こ네　손으로　시그를　죽이고……,quarantine,unresolved
P4_direct_ext3_text_drift,636476,scenario_636457,unverified,review_translation_and_runtime_by_bundle,自分の手でシグを殺し……,자네 본인 손가락으로 연모해 마지않던 시그의 심장에 저격 구멍을 내서 죽이고……,こ네　손으로　시그를　죽이고……,네　손으로　시그를　죽이고……,,18E518D0AD010101010101010101,True,18F48A057216F50B15E00C12F191,1,,,636469,こ하지만、　언젠간　알게　돼。,636485,시스템으로　모두를　미치게　하는……,quarantine,unresolved
P4_direct_ext3_text_drift,636499,scenario_636457,unverified,review_translation_and_runtime_by_bundle,そうなった後、正気に返った君は,그 대량 학살 참극이 완결된 시점에 뇌사 잠금 해제되어 각성한 자네 영혼은,こ그　후　정신을　차린　넌,그　후　정신을　차린　넌,,18E51842E1010101010101010101010101,True,18F426F52011AF07F3B50CE05BF1506108,1,,,636485,시스템으로　모두를　미치게　하는……,6364AB,무슨　생각을　할까。,quarantine,unresolved
P4_direct_ext3_text_drift,6364B5,scenario_636457,unverified,review_translation_and_runtime_by_bundle,悲しみにくれるのか、,"평생 피눈물 흘리며 절망 격실 속에 주저앉아 썩어갈까,",こ슬픔에　잠길까、,슬픔에　잠길까、,,18E51842E301010101010101,True,18E1A4F3FF0C24F047050E07,1,,,6364AB,무슨　생각을　할까。,6364C2,아니면　이　나를　원망할까……,quarantine,unresolved
P4_direct_ext3_text_drift,6364E4,scenario_6364D6,unverified,review_translation_and_runtime_by_bundle,私がマスタ－に対して,이 피라미 인형 세라가 위대한 창조자이신 마스터의 뜻에,こ제가　마스터에게,제가　마스터에게,,18E51842E50101010101,True,184117FABD0CE01BF413,1,,,6364D6,그럴　리　없습니다。,6364EF,적의를　품을　일은　절대　없으니까요。,quarantine,unresolved
P4_direct_ext3_text_drift,63654A,scenario_636539,unverified,review_translation_and_runtime_by_bundle,そんな顔を見ていると。,유리관 속 마루타처럼 무표정하게 깜빡이는 자네 눈동자를 직시하고 있노라면.,こ그런　얼굴을　보면。,그런　얼굴을　보면。,,18E51842EA01010101010101,True,18F823E0AC158A0BF290130A,1,,,636539,……정말　사랑스럽구나。,636557,문득　망가뜨리고　싶어져……,quarantine,unresolved
P4_direct_ext3_text_drift,636587,scenario_636579,unverified,review_translation_and_runtime_by_bundle,君のことを愛しているのか、,"이 아인이 진정 자네 세라를 안아 수호하고 싶어 미치겠는 건지,",こ널　사랑하는　건지、,널　사랑하는　건지、,,18E51842EC01010101,True,1861F8CDE109FD3907,1,,,636579,나도　모르겠어。,636591,아니면　미워하는　건지……,quarantine,unresolved
P4_direct_ext3_text_drift,63659E,scenario_636579,unverified,review_translation_and_runtime_by_bundle,明日になればわかるのだろうか？,내일 혈투의 서커스 참극 판짜기가 완료되면 비로소 답이 산출될까？,こ내일이면　알게　될까？,내일이면　알게　될까？,,18E51842EE010101010101010101,True,18F2310CF7A031F12305F5AE0E1D,2,,,636591,아니면　미워하는　건지……,6365AE,こ그　녀석과……,quarantine,unresolved
P4_direct_ext3_text_drift,6365AE,scenario_636579,unverified,review_translation_and_runtime_by_bundle,アイツと……,그 끈질긴 시그 녀석과……,こ그　녀석과……,그　녀석과……,,18E51842EF01,True,18F5EC13F191,1,,,63659E,こ내일이면　알게　될까？,6365B5,시그와　결판을　내면……,quarantine,unresolved
P5_non_direct_native_or_other,6365C4,scenario_636579,unverified,do_not_autofix_static_false_positive_possible,……………。,…………….,こ……………。,……………。,True,18F617F1910A,,18F617F1910A,2,1728,True,6365B5,시그와　결판을　내면……,6365D5,벌써　싸움이　시작된　모양이군……,quarantine,unresolved
P4_direct_ext3_text_drift,63662C,scenario_63661E,unverified,review_translation_and_runtime_by_bundle,これより我々はネオ・ジオン軍に対して,"론도 벨 연합 함대 전 조종사 대원들은, 이 시간부로 네오 지온 주력 함대를 향해",こ지금부터　우린　네오　지온군에,지금부터　우린　네오　지온군에,,18E518D0B0010101010101010101010101,True,18FAE06A7108F1002AF7AB8F0CE01BF413,1,,,63661E,전　부대에　통보한다！！,63663E,결전을　건다！,quarantine,unresolved
P4_direct_ext3_text_drift,636647,scenario_63661E,unverified,review_translation_and_runtime_by_bundle,まずはグレミ－軍だ！,1차 급파 격멸 타깃은 그레미 토토의 반역군 함대다！,こ먼저　그레미군이다！,먼저　그레미군이다！,,18E51842F3010101,True,18F84FF9C78F0D03,1,,,63663E,결전을　건다！,636650,그레미군을　꺾고　액시즈를　제압한다！,quarantine,unresolved
P3_direct_ext3_control_adjacent_text_drift,636681,scenario_636669,unverified,confirm_current_text_then_rehome,ふふ、我らには都合が良い……,"후후, 우리 하만 총수님 지휘부 입장에선 더할 나위 없이 편리한 전술 기류로군……",こ후후、　우리한텐　잘됐군……,후후、　우리한텐　잘됐군……,,18E51842F6010101010101010101,True,18F312076AF635F22817CA04F191,2,1728,True,636672,우선　그레미부터라는　거군。,63669B,전　부대、　에우고는　무시해라！！,quarantine,unresolved
P4_direct_ext3_text_drift,6366DE,scenario_6366D1,unverified,review_translation_and_runtime_by_bundle,シ－マ・ガラハウ！,시마 가라하우 네년！！,こ시마　가라하우！,시마　가라하우！,,18E5182ABB0101,True,18F5CF2AFBAC03,1,,,6366D1,에잇、　알고　있다！！,6366E6,시마　가라하우는　어디냐！！,quarantine,unresolved
P4_direct_ext3_text_drift,63671A,scenario_6366F9,unverified,review_translation_and_runtime_by_bundle,もらうモンもらってるんだから、,"계약금으로 우수한 금괴 재원을 통장 결재로 든든히 선입금 받았으니,",こ받을　건　받았으니、,받을　건　받았으니、,,18E51842FC0101010101010101,True,18201C14F4C1201CFD29F12407,1,,,636707,소리치지　않아도　들려。,636728,의리는　제대로　지켜　주지。,quarantine,unresolved
P3_direct_ext3_control_adjacent_text_drift,636737,scenario_6366F9,unverified,confirm_current_text_then_rehome,……野郎ども、出撃だよ！！,"……어이 부하 녀석들, 즉각 캐터펄트 기동, 사출 출격이다！！",こ……얘들아、　출격이다！！,……얘들아、　출격이다！！,,18E51842FE010101010101010101,True,18F191F2F0F07C07F164F550F044,2,1728,True,636728,의리는　제대로　지켜　주지。,63674F,상대는　에우고다！,quarantine,unresolved
P2_direct_ext3_exact_text,6367E9,scenario_6367C7,unverified,second_batch_representative_runtime_test,……戦況を立てなおすぞ！！,…………전황을　세우고　다시！　！,こ…………전황을　세우고　다시！！,…………전황을　세우고　다시！！,True,18E518D0B10101010101010101,True,18F191F2C615E00EF9426EF044,2,,,6367D8,하만군이　기세를　올렸나……,6367F8,こ내가　뉴타입　부대를,quarantine,unresolved
P4_direct_ext3_text_drift,6367F8,scenario_6367C7,unverified,review_translation_and_runtime_by_bundle,私がニュ－タイプ部隊を,이 그레미 토토 총사령관이 직접 개조인간 뉴타입 친위대를,こ내가　뉴타입　부대를,내가　뉴타입　부대를,,18E5184307010101,True,184117FD6CF42815,1,,,6367E9,こ…………전황을　세우고　다시！！,636801,이끌고　나간다！！,quarantine,unresolved
P4_direct_ext3_text_drift,636849,scenario_63683B,unverified,review_translation_and_runtime_by_bundle,さっきからアタシの,아까부터 내 릭 디아스 콕핏 바이오 센서 신경망 내부로,こ아까부터　내,아까부터　내,,18E518C0C301,True,18FC12F88105,1,,,63683B,큭……너냐！！,636850,머릿속에　들어오려는　건！,quarantine,unresolved
P4_direct_ext3_text_drift,63686C,scenario_636860,unverified,review_translation_and_runtime_by_bundle,ジュド－とー緒にいると気持ちいいって,쥬도 오빠 옆에서 조종하고 있으면 뇌 주파수가 맑고 포근해져서 참 따뜻하고 편안하다는 걸,こ쥬도와　있으면　기분　좋다는　걸,쥬도와　있으면　기분　좋다는　걸,,18E518437701010101010101010101,True,18FAA913F0A3F947F21C3BF253F156,1,,,636860,쥬도는　적이　아니야！,63687C,こ왜　그걸　모르는　거야！？,quarantine,unresolved
P3_direct_ext3_control_adjacent_text_drift,63687C,scenario_636860,unverified,confirm_current_text_then_rehome,とがなぜわからないの！？,왜 자네 뇌 회로로는 계산해 내지 못하는 거야！？,こ왜　그걸　모르는　거야！？,왜　그걸　모르는　거야！？,,18E5181C330101,True,181317FE78F040,2,1728,True,63686C,こ쥬도와　있으면　기분　좋다는　걸,63688D,『……안　돼！！』,quarantine,unresolved
P4_direct_ext3_text_drift,6368AD,scenario_63689F,unverified,review_translation_and_runtime_by_bundle,さっきからアタシの,아까부터 내 릭 디아스 콕핏 바이오 센서 신경망 내부로,こ아까부터　내,아까부터　내,,18E518C0C301,True,18FC12F88105,1,,,63689F,큭……너냐！！,6368B4,머릿속에　들어오려는　건！,quarantine,unresolved
P4_direct_ext3_text_drift,6368D2,scenario_6368C4,unverified,review_translation_and_runtime_by_bundle,『ジュド－とー緒にいると気持ち,『쥬도 오빠의 따뜻한 뇌파 영혼 주파수와 결합해 있으면 콕핏 안이』,こ『쥬도와　있으면　기분,『쥬도와　있으면　기분,,18E518536501010101010101,True,1868FAA913F0A3F947F21C3B,1,,,6368C4,『쥬도는　적이　아니야！』,6368DF,좋다는　걸　왜　몰라！？』,quarantine,unresolved
P4_direct_ext3_text_drift,636959,scenario_63694E,unverified,review_translation_and_runtime_by_bundle,『プルツ－を……,『세뇌당해 좀비가 되어 날뛰는 플투를……』,こ『플　투를……,『플　투를……,,18E51843100101,True,1868F8F415F191,1,,,63694E,『쥬도……』,636961,플　투를　구해　줘！』,quarantine,unresolved
P4_direct_ext3_text_drift,636A0B,scenario_636A00,unverified,review_translation_and_runtime_by_bundle,私の邪魔をするな！！,신성한 네오 지온 대관식 결재 라인을 감히 네까짓 게 훼방 놓지 마라！！,こ내　방해를　하지　마！！,내　방해를　하지　마！！,,18E518907301010101,True,184105F287FB31F044,1,,,636A00,……이놈！！,636A15,쥬도　아시타！！,quarantine,unresolved
P2_direct_ext3_exact_text,636A62,scenario_636A42,unverified,second_batch_representative_runtime_test,ジュド－・ア－シタ！,쥬도 아시타！,こ쥬도　아시타！,쥬도　아시타！,True,18E518437B0101,True,18FAA92AFB4803,1,,,636A51,플　투까지　홀리려　하다니！！,636A6A,내　앞에서　사라져라！！,quarantine,unresolved
P4_direct_ext3_text_drift,636ACE,scenario_636AAC,unverified,review_translation_and_runtime_by_bundle,……地球だろ！！,……이 우주세기 대지의 모태인 푸른 지구 행성이잖아！！,こ……지구잖아！！,……지구잖아！！,,18E518500B01010101,True,18F191F570F552F044,2,,,636ABD,그　뿌리는　어디서　왔지！？,636AD9,こ자비가의　피　따윈、,quarantine,unresolved
P4_direct_ext3_text_drift,636AD9,scenario_636AAC,unverified,review_translation_and_runtime_by_bundle,ザビ家の血なんて、,자비　집의　피는,こ자비가의　피　따윈、,자비가의　피　따윈、,,18E5181BB6010101010101,True,18F055E0B405E149F85507,1,,,636ACE,こ……지구잖아！！,636AE5,그중　수천억분의　하나잖아！！,quarantine,unresolved
P4_direct_ext3_text_drift,636AF7,scenario_636AAC,unverified,review_translation_and_runtime_by_bundle,今はそんな小さなことに,"우주세기 문명 전체의 붕괴 위기 앞에서, 고작 그따위 자비 가문 족보 핏줄 자랑에",こ지금은　그런　작은　것에,지금은　그런　작은　것에,,18E5189077010101010101,True,1876F95BE1A2250618130C,1,,,636AE5,그중　수천억분의　하나잖아！！,636B03,こ매달릴　여유가　없어！！,quarantine,unresolved
P4_direct_ext3_text_drift,636B03,scenario_636AAC,unverified,review_translation_and_runtime_by_bundle,だわってる余裕なんかないんだ！！,어쭙지 않은 핏줄 타령에 고집 부릴 여유 따윈 애초에 없어！！,こ매달릴　여유가　없어！！,매달릴　여유가　없어！！,,18E518907801010101010101010101,True,18F553F6F3F2D5F853F526F22EF044,2,,,636AF7,こ지금은　그런　작은　것에,636B14,こ너처럼,quarantine,unresolved
P4_direct_ext3_text_drift,636B14,scenario_636AAC,unverified,review_translation_and_runtime_by_bundle,アンタみたいな,너처럼 자폐적인 핏줄 족보 긍지에나 집착하여,こ너처럼,너처럼,,18E5189079,True,18F5A5FA47,1,,,636B03,こ매달릴　여유가　없어！！,636B4E,인간의　가능성을　자기만족　따위로,quarantine,unresolved
P3_direct_ext3_control_adjacent_text_drift,636BBC,scenario_636BAB,unverified,confirm_current_text_then_rehome,ヤツを倒すのだ！　そうすれば……,녀석을　쓰러뜨리는　것이다！　그렇게　하면…,こ녀석을　쓰러뜨려！　그러면……,녀석을　쓰러뜨려！　그러면……,,18E5183C3D010101010101010101,True,18F2D415E011F7830301FC80F191,2,1728,True,636BAB,넌　쥬도에게　홀리고　있어！,636BD6,이　불쾌한　것도　사라지나……？,quarantine,unresolved
P3_direct_ext3_control_adjacent_text_drift,636BFC,scenario_636BF1,unverified,confirm_current_text_then_rehome,そのために、オマエの力を借りるぞ！,"그 상쾌함을 위해, 자네의 그 흉포한 뉴타입 사격 주파수를 내가 잠시 빌려 수급하마！",こ그러니、　네　힘을　빌리겠다！,그러니、　네　힘을　빌리겠다！,,18E518501401010101010101010101,True,18FCF007F68F055715E13A27F3EF03,2,1728,True,636BF1,그래、　맞아。,636C15,간다、　플　투！！,quarantine,unresolved
P5_non_direct_native_or_other,636C37,scenario_636C2A,unverified,do_not_autofix_static_false_positive_possible,くそっ！,빌어먹을！ 전황이 몹시 꼬이네！,こ젠장！,젠장！,,18FF1901,,18F64703,1,,,636C2A,그레미가　플　투와！？,636C3C,어떻게　해야　하지……！！,quarantine,unresolved
P3_direct_ext3_control_adjacent_text_drift,636C91,scenario_636C7C,unverified,confirm_current_text_then_rehome,ほら、おいでよ……,"그러니 고집 피우지 말고, 어서 이쪽으로 오렴……",こ자、　이리　와……,자、　이리　와……,,18E518D0B9010101,True,18F17607FA7BF191,2,1728,True,636C84,쥬도는　상냥하게　말하는　거야。,636CA3,『플　투……,quarantine,unresolved
P3_direct_ext3_control_adjacent_text_drift,636CBA,scenario_636CA3,unverified,confirm_current_text_then_rehome,『ほら、おいでよ……』,『어서 그 시커먼 전쟁함에서 이탈해 이쪽으로 와……』,こ『자、　이리　와……』,『자、　이리　와……』,,18E518D0BA0101010101,True,1868F17607FA7BF19166,2,1728,True,636CAC,쥬도는　상냥하게　말하는　거야』,636CCE,아……,quarantine,unresolved
P4_direct_ext3_text_drift,636CE6,scenario_636CDB,unverified,review_translation_and_runtime_by_bundle,いつまで惑わされる！,어느 장단 시각까지 저 잡것들의 통신 무전에 눈을 팔고 요격 사격 타이밍을 지연할 텐가！,こ언제까지　홀려　있을　거냐！,언제까지　홀려　있을　거냐！,,18E518501C01010101,True,18F96AE18C31F84103,1,,,636CDB,……플　투！！,636CF0,놈은　적이다！,quarantine,unresolved
P5_non_direct_native_or_other,636DB4,scenario_636DAC,unverified,do_not_autofix_static_false_positive_possible,くそっ！,빌어먹을！ 전황이 몹시 꼬이네！,こ젠장！,젠장！,,18FF1901,,18F64703,1,,,636DAC,플투！,636DB9,그레미　녀석！！,quarantine,unresolved
P4_direct_ext3_text_drift,636E74,scenario_636E5E,unverified,review_translation_and_runtime_by_bundle,リィナを失い、プルまで造反する……,"수하로 영접하려던 리나를 잃고, 수양 자식 같던 플마저 전함 탈영해 반역을 감행하고……",こ리나를　잃고、　플까지　반역하다니……,리나를　잃고、　플까지　반역하다니……,,18E518502A010101010101010101010101010101,True,18F59E15E05D0407F1FAF19DE16DE07AF1CBF191,2,,,636E5E,난　지금까지　뭘　한　거지……？,636E8A,こ……크윽！！,quarantine,unresolved
P1_direct_ext3_exact_text_control_adjacent,636E8A,scenario_636E5E,unverified,high_priority_batch_after_anchor_pass,……くっ！！,……크윽！！,こ……크윽！！,……크윽！！,True,18E51810130101,True,18F191F0EEF044,2,1728,True,636E74,こ리나를　잃고、　플까지　반역하다니……,636E9B,내가……패한다는　건가！？,quarantine,unresolved
P4_direct_ext3_text_drift,636F30,scenario_636F13,unverified,review_translation_and_runtime_by_bundle,彼には礼を言わねばならんな。,황천길 저승사자 무덤가에 장미꽃 한 송이라도 헌납해 감사를 표해야겠군.,こ그에게는　감사해야겠군。,그에게는　감사해야겠군。,,18E5180C210101010101010101010101,True,1895F467E1F1157A314D49F515F2200A,1,,,636F1F,우린　목적에　가까워졌지。,636F41,후후후……,quarantine,unresolved
P3_direct_ext3_control_adjacent_text_drift,636FB0,scenario_636F92,unverified,confirm_current_text_then_rehome,野郎ども、引き上げな！！,전 기체 출력 최대로 인근 아군 기지 좌표로 전속 뺑소니 이탈해라！！,こ얘들아、　철수해！！,얘들아、　철수해！！,,18E5189084010101010101010101,True,18F2F0F07C07E024329DF0FCF044,2,1728,True,636F9D,더는　의리를　지킬　필요도　없어！,636FC8,그렇군、　물러날　때인가……,quarantine,unresolved
P2_direct_ext3_exact_text,63700C,scenario_637001,unverified,second_batch_representative_runtime_test,こ、こんな……,이런……,こ이런……,이런……,True,18E518A09C0101,True,181807F5C8F191,1,,,637001,플、　플　투！！,637014,플　투의　힘을　얻은　내가……,quarantine,unresolved
P2_direct_ext3_exact_text,637025,scenario_637001,unverified,second_batch_representative_runtime_test,血の宿命を背負った、この私が……,"피의　숙명을　짊어진,　이　내가…",こ피의　숙명을　짊어진、　이　내가…,피의　숙명을　짊어진、　이　내가…,True,18E518A09D01010101010101010101010101,True,18E14905F31415F32DF15007F3624117F191,2,,,637014,플　투의　힘을　얻은　내가……,637039,こ이、이런　곳에서……！！,quarantine,unresolved
P3_direct_ext3_control_adjacent_text_drift,637039,scenario_637001,unverified,confirm_current_text_then_rehome,こ、んな、ところで……っ！！,"이,　뭐,　그런데…　！",こ이、이런　곳에서……！！,이、이런　곳에서……！！,,18E5181D210101010101010101,True,181807F22007FA4AF19109F044,2,1728,True,637025,こ피의　숙명을　짊어진、　이　내가…,637050,……플　투！！,quarantine,unresolved
P4_direct_ext3_text_drift,637069,scenario_637060,unverified,review_translation_and_runtime_by_bundle,……すまない、プルツ－。,"…………　미안해,　플루츠-.",こ…………　미안해、　플루츠－。,…………　미안해、　플루츠－。,,18E518D0BF01010101,True,18F191F8C807F8F40A,1,,,637060,………………,637073,널　도와주지　못했어……,quarantine,unresolved
P3_direct_ext3_control_adjacent_text_drift,637083,scenario_637060,unverified,confirm_current_text_then_rehome,……くそっ！！,…………　똥！　！,こ……젠장！！,……젠장！！,,18E51810370101,True,18F191F647F044,2,1728,True,637073,널　도와주지　못했어……,637094,에잇……아직이다！！,quarantine,unresolved
P3_direct_ext3_control_adjacent_text_drift,637182,scenario_637167,unverified,confirm_current_text_then_rehome,引き上げさせてもらう！！,끌어　올려주세요！　！,こ이만　물러가겠다！！,이만　물러가겠다！！,,18E5181D220101010101,True,18E024329DA1FDAAF044,2,1728,True,637170,이제　그레미에게　의리는　다했으니까。,637196,……하만　님！！,quarantine,unresolved
P2_direct_ext3_exact_text,6371DE,scenario_6371CA,unverified,second_batch_representative_runtime_test,すいません、シ－マさま！,"죄송합니다,　시마님！",こ죄송합니다、　시마님！,죄송합니다、　시마님！,True,18E518D0C701010101,True,18FCF507F5CFF34F03,1,,,6371D1,더는　버틸　수　없어！！,6371E8,후퇴하겠습니다！！,quarantine,unresolved
P2_direct_ext3_exact_text,637223,scenario_63720F,unverified,second_batch_representative_runtime_test,敵の増援が出てくる前に,적의　증원이　나오기　전에,こ적의　증원이　나오기　전에,적의　증원이　나오기　전에,True,18E518A0A7010101010101010101,True,187F05E1D4E074176F0B240F960C,1,,,637216,전　함、　액시즈로　향하라！！,637232,액시즈를　제압한다！,quarantine,unresolved
P2_direct_ext3_exact_text,63726C,scenario_637262,unverified,second_batch_representative_runtime_test,ミネバ様が行方不明になられたので,미네바　님이　실종되었기　때문에,こ미네바　님이　실종되었기　때문에,미네바　님이　실종되었기　때문에,True,18E518D0CA010101010101010101,True,18F6AC8B17F9590CF515F02C0516,1,,,637262,……네。,63727B,내가　대안을　맡게　되면…,quarantine,unresolved
P2_direct_ext3_exact_text,637299,scenario_637290,unverified,second_batch_representative_runtime_test,……じゃあ、本物のミネバ・ザビは,"…　…　그럼,　진짜　미네바　자비는",こ…　…　그럼、　진짜　미네바　자비는,…　…　그럼、　진짜　미네바　자비는,True,18E518D0CB0101010101010101010101,True,18F191F66707D9E05F05F6AC2AF05508,1,,,637290,………………,6372AA,대체　어디로　간　거지！？,quarantine,unresolved
P4_direct_ext3_text_drift,6372E0,scenario_6372D1,unverified,review_translation_and_runtime_by_bundle,今はミネバ・ザビの行方を探すよりも,지금은　미네바　자비의　행방을　찾는　것보다,こ지금은　미네바　자비의　행방을　찾는,지금은　미네바　자비의　행방을　찾는,,18E518D0CD010101010101010101010101,True,187608F6AC2AF05505F24115E1821EF6E0,1,,,6372D1,이제　됐네、　브라이트　중령。,6372F2,해야　할　일이　있을　거야。,quarantine,unresolved
P1_direct_ext3_exact_text_control_adjacent,637333,scenario_637314,unverified,high_priority_batch_after_anchor_pass,ハマ－ン・カ－ンも健在だ。,하만　칸도　건재하다.,こ하만　칸도　건재하다。,하만　칸도　건재하다。,True,18E518D0D10101010101010101,True,18FA292AF58D20E2DCE02C0D0A,2,0861,True,637323,네오　지온　잔당이　남아　있다。,637345,……그렇군요。,quarantine,unresolved
P2_direct_ext3_exact_text,63734F,scenario_637345,unverified,second_batch_representative_runtime_test,今はネオ・ジオンとの戦いに,지금은　네오지온과의　싸움에,こ지금은　네오지온과의　싸움에,지금은　네오지온과의　싸움에,True,18E518D0D20101010101010101,True,187608F1002AF7ABF17F39F27C,1,,,637345,……그렇군요。,63735D,전력을　기울이죠。,quarantine,unresolved
P3_direct_ext3_control_adjacent_text_drift,6373AB,scenario_6373A0,unverified,confirm_current_text_then_rehome,こんなところで何をしている？,이런　곳에서　무엇을하고　있습니까？,こ이런　곳에서　뭘　하고　있나？,이런　곳에서　뭘　하고　있나？,,18E5182D0F0101,True,18FE1A9AFD1F1D,2,083B,True,6373A0,쥬도　아시타？,6373B7,하만과　결판을　내러　간다。,quarantine,unresolved
P4_direct_ext3_text_drift,637408,scenario_6373FD,unverified,review_translation_and_runtime_by_bundle,彼女を倒すのは私の役目だ。,하만의 뒤틀린 집념을 매듭짓는 건 과거 은원이 얽힌 내 책임이네.,こ그녀를　쓰러뜨리는　건　내　역할이다。,그녀를　쓰러뜨리는　건　내　역할이다。,,18E5189087010101010101010101,True,18F38315E011F7864105F4D20D0A,1,,,6373FD,기다리게、　쥬도！,637417,자네　혼자　싸우게　둘　순　없어。,quarantine,unresolved
P3_direct_ext3_control_adjacent_text_drift,637444,scenario_63742B,unverified,confirm_current_text_then_rehome,コイツはオレの役目だ。,이 슬픈 참격의 피날레는 오직 나 쥬도만이 해낼 수 있는 작전입니다.,こ이놈은　내　역할이야。,이놈은　내　역할이야。,,18E5185037010101010101,True,18F5C208F43005F4D20D0A,2,082B,True,637434,당신으론　무리야、크와트로　씨。,637454,쥬도……！！,quarantine,unresolved
P4_direct_ext3_text_drift,637487,scenario_637461,unverified,review_translation_and_runtime_by_bundle,オレはハマ－ン・カ－ンを倒して,난 내 손으로 하만 칸의 조종석 격실을 격파해 제압하고,こ난　하만　칸을　쓰러뜨리고,난　하만　칸을　쓰러뜨리고,,18E518503B010101010101010101,True,18F43008FA292AF58D15E011F413,1,,,637473,많이　있잖아？,637496,그　최후를　지켜볼　거야……！,quarantine,unresolved
P3_direct_ext3_control_adjacent_text_drift,637536,scenario_637525,unverified,confirm_current_text_then_rehome,オマエの足場は全て崩れた。,네오 지온의 본진 기지 라인은 완전히 격침당해 무너졌다고.,こ네　기반은　전부　무너졌다。,네　기반은　전부　무너졌다。,,18E5185042010101010101010101,True,18F68F05F56308860BE2A9F02C0A,2,0858,True,637525,……이제　끝이다、　하만。,637549,……윽！！,quarantine,unresolved
P3_direct_ext3_control_adjacent_text_drift,63759C,scenario_63757E,unverified,confirm_current_text_then_rehome,覚悟しろ、ジュド－・ア－シタ！！,"관을 짜두어라, 쥬도 아시타！！",こ각오해라、쥬도　아시타！！,각오해라、쥬도　아시타！！,,18E5183D2D0101010101010101,True,18F37EF3FD07FAA92AFB48F044,2,1728,True,63758D,여기가　네　무덤이　된다！！,6375B3,……젠장！！,quarantine,unresolved
P3_direct_ext3_control_adjacent_text_drift,6376E8,scenario_6376D7,unverified,confirm_current_text_then_rehome,みんなの力が、ガンダムに！,"우주를 표류하던 원혼들의 주파수 에너지가, 건담의 바이오 센서로 결집한다！",こ모두의　힘이、　건담에！,모두의　힘이、　건담에！,,18E518D0D60101010101,True,18F8E9571707F90D0C03,2,1728,True,6376D7,ＺＺ가……모두의　힘을！,6376FE,사람의　마음이……,quarantine,unresolved
P3_direct_ext3_control_adjacent_text_drift,637718,scenario_6376FE,unverified,confirm_current_text_then_rehome,これが、ニュ－タイプ……,"이 영혼의 결합 현상이, 진짜 진화한 뉴타입이란 말인가……",こ이게、　뉴타입……,이게、　뉴타입……,,18E5185051010101,True,18F62207FD6CF191,2,1728,True,637709,사람의　의지가　힘이　되는　건가……！,63772A,당신도　보이고　있을　거야……,quarantine,unresolved
P3_direct_ext3_control_adjacent_text_drift,63773B,scenario_63772A,unverified,confirm_current_text_then_rehome,……戦いで無駄死にした、人の意志が！,"……당신의 권력 세뇌 서커스 도살극 탓에 우주에서 허무하게 대파 전사해 간, 장병들의 원혼들이！",こ……싸움에서　죽은、　사람의　의지를！,……싸움에서　죽은、　사람의　의지를！,,18E51891F001010101010101010101010101,True,18F19139F276F682F46F11075005F1301703,2,1728,True,63772A,당신도　보이고　있을　거야……,637759,사람은　살아　있는　한　외로워……,quarantine,unresolved
P4_direct_ext3_text_drift,637A2E,scenario_637A0D,unverified,review_translation_and_runtime_by_bundle,持てる能力を調和と協調に使えば,자네의 그 경이적인 뇌파 감응력을 인류 화합에 기용해 사용했더라면,こ가진　능력을　조화와　협력에　썼다면,가진　능력을　조화와　협력에　썼다면,,18E51850660101010101010101010101010101010101,True,18E012F390F0D315E0C0E15D13E0A3E0C00CE001F0E0,1,,,637A1F,잘　쓰지　못한　거야！？,637A45,지구도　구할　수　있었을　텐데！,quarantine,unresolved
P4_direct_ext3_text_drift,637A82,scenario_637A69,unverified,review_translation_and_runtime_by_bundle,人間がまだ重力に引かれて,인류 영혼이 여전히 지구 중력의 진흙탕에 구속당해,こ인간이　아직　중력에　끌려,인간이　아직　중력에　끌려,,18E51891F10101010101010101,True,18F0A2F5FDF0C00CE0240EF032,1,,,637A77,돌아온다는　건　말이지……,637A90,날지　못한다는　증거잖아？,quarantine,unresolved
P4_direct_ext3_text_drift,637B79,scenario_637B5D,unverified,review_translation_and_runtime_by_bundle,若い身でネオ・ジオンを,가냘픈 젊은 나이에 그 흉포한 네오 지온 군벌 세력을,こ젊은　몸으로　네오　지온을,젊은　몸으로　네오　지온을,,18E518D0D70101010101010101,True,18E26C04E04916F1002AF7AB15,1,,,637B6E,역시　하만　칸이야。,637B87,이끌　만했군……,quarantine,unresolved
P4_direct_ext3_text_drift,637BB8,scenario_637BA1,unverified,review_translation_and_runtime_by_bundle,しょせん、ハマ－ン・カ－ンも,어차피 하만 칸 그 오만한 년도,こ결국　하만　칸도,결국　하만　칸도,,18E5181BB90101010101,True,18F9B507FA292AF58D20,1,,,637BAE,아무　소용도　없지만。,637BC3,그저　패배자일　뿐이야。,quarantine,unresolved
P4_direct_ext3_text_drift,637C42,scenario_637C23,unverified,review_translation_and_runtime_by_bundle,せっかくの登場だ、君たちには,"먼 길 사출되어 온 섭섭지 않은 성의를 봐서라도, 귀관들에게",こ모처럼　왔으니、　너희는,모처럼　왔으니、　너희는,,18E518507B0101010101,True,18FCCDF0960D0761F94E,1,,,637C35,바라던　바다。,637C4D,증인이　되어　주게。,quarantine,unresolved
P4_direct_ext3_text_drift,637D75,scenario_637D62,unverified,review_translation_and_runtime_by_bundle,周辺宙域にいる部隊が全て、,"레이더 포착 격돌 공역의 전 함선과 모빌슈트 파일럿들이,",こ주변　부대가　모두、,주변　부대가　모두、,,18E518508401010101010101010101,True,18E1D3E2EDF208F61DF42817860B07,1,,,637D62,아뇨、　네오　지온　부대도　그렇습니다！,637D85,미친　듯이　서로　싸우고　있습니다！！,quarantine,unresolved
P4_direct_ext3_text_drift,637DF0,scenario_637DE7,unverified,review_translation_and_runtime_by_bundle,どうだい、あの光景？,눈부시도록 가혹한 저 피빛 불꽃놀이 데스매치 스크린이 감상평이 어떤가？,こ어때、　저　광경？,어때、　저　광경？,,18E518508801010101,True,18FA9F07F3DAF35F1D,2,,,637DE7,후후후후……,637DFB,こ싸움의　섬광이　별처럼　반짝여서,quarantine,unresolved
P4_direct_ext3_text_drift,637DFB,scenario_637DE7,unverified,review_translation_and_runtime_by_bundle,戦いの閃光が、まるで星のようにきらめいて,"기체가 격파 폭사하며 뿜어내는 오라 섬광이, 우주 스크린 위에 촘촘한 은하수 별빛처럼",こ싸움의　섬광이　별처럼　반짝여서,싸움의　섬광이　별처럼　반짝여서,,18E51890980101010101010101010101010101,True,1839F27EF4651707F6B3E069FA17321C47F275,1,,,637DF0,こ어때、　저　광경？,637E0F,……아름답지！？,quarantine,unresolved
P3_direct_ext3_control_adjacent_text_drift,637E3D,scenario_637E30,unverified,confirm_current_text_then_rehome,もはや、誰にも止めることはできない。,이젠 지구 연방군 총동원령 카드를 전송해 덤벼도 시동을 차단하지 못해.,こ이젠、　아무도　멈출　수　없어。,이젠、　아무도　멈출　수　없어。,,18E518D0DD0101010101010101,True,18F85D07E02BF462E027FEB80A,2,0817,True,637E30,시스템은　완성됐다。,637E4F,모두가　시스템에,quarantine,unresolved
P4_direct_ext3_text_drift,637E65,scenario_637E4F,unverified,review_translation_and_runtime_by_bundle,……そう。,……그래.,こ……그래。　이　피　웅덩이로　점철된,……그래。　이　피　웅덩이로　점철된,,18E5181A6F01,True,18F191F4260A,1,,,637E5A,이끌려　자멸하는　거야……,637E6C,이　우주는　그야말로……,quarantine,unresolved
P1_direct_ext3_exact_text_control_adjacent,637E76,scenario_637E4F,unverified,high_priority_batch_after_anchor_pass,……ロ－レライの宇宙！！,……로렐라이의 파멸 우주다！！,こ……로렐라이의　파멸　우주다！！,……로렐라이의　파멸　우주다！！,True,18E518C0B40101010101,True,18F191FD1B05F08FF044,2,1728,True,637E6C,이　우주는　그야말로……,637E8C,……웃기지　마！！,quarantine,unresolved
P4_direct_ext3_text_drift,637EE0,scenario_637ECD,unverified,review_translation_and_runtime_by_bundle,それに、アクシズに残してきた,"게다가, 액시즈 요새 정비실에서 우리 대기 명령만 신봉하며 기다리는",こ게다가、　액시즈에　남겨둔,게다가、　액시즈에　남겨둔,,18E518508E010101010101,True,18F5AC07FB740CE01FFAA8,1,,,637ED4,이대로　둘　수는　없어！,637EEC,모두도……！！,quarantine,unresolved
P4_direct_ext3_text_drift,637EF5,scenario_637ECD,unverified,review_translation_and_runtime_by_bundle,まずはブライト艦長たちを,최우선 순위는 저기 정신 붕괴 쇼크 상태로 아군끼리 포격하는 브라이트 함대원들을,こ우선　브라이트　함장들을,우선　브라이트　함장들을,,18E518D0E001010101,True,18F84FF97EF4FAF767,1,,,637EEC,모두도……！！,637EFF,구하는　게　먼저야！！,quarantine,unresolved
P4_direct_ext3_text_drift,637F0A,scenario_637ECD,unverified,review_translation_and_runtime_by_bundle,このままじゃ、みんな,"이 파멸 전파 유도 기능이 10분 더 방치되면, 동지들 전부",こ이대로면、　모두,이대로면、　모두,,18E518509001,True,18FD9F07F7C4,1,,,637EFF,구하는　게　먼저야！！,637F11,서로　싸우다　죽고　말아！！,quarantine,unresolved
P4_direct_ext3_text_drift,637FD9,scenario_637FBD,unverified,review_translation_and_runtime_by_bundle,……少しずつですが、,"……미세하고 정밀한 분석 결과 실시간으로 점진적이긴 하나,",こ……조금씩이지만、,……조금씩이지만、,,18E51850970101010101,True,18F19188127440F8AB07,1,,,637FC8,관측을　맡겨　봤습니다만……,637FE4,영향권이　넓어지는　듯합니다。,quarantine,unresolved
P4_direct_ext3_text_drift,637FF2,scenario_637FBD,unverified,review_translation_and_runtime_by_bundle,いずれ、戦場付近だけではなく,"지체 시, 사지 결전 공역뿐만 아니라",こ머잖아、　전장　주변뿐　아니라,머잖아、　전장　주변뿐　아니라,,18E518D0E50101010101,True,18F80007F9DEFA580624,1,,,637FE4,영향권이　넓어지는　듯합니다。,637FFD,근처　콜로니도　영향권에……,quarantine,unresolved
P4_direct_ext3_text_drift,63800A,scenario_637FBD,unverified,review_translation_and_runtime_by_bundle,……いえ、このまま拡大を続けるなら,"……아니요, 이 뇌파 가속 출력이 시스템 임계선을 넘어 계속 번져 나간다면",こ……아뇨、　계속　넓어진다면,……아뇨、　계속　넓어진다면,,18E5185099010101010101010101010101,True,18F191F25407FB77F4D015E061F4A2F515,1,,,637FFD,근처　콜로니도　영향권에……,63801C,지구까지　피해가　갈　수도……,quarantine,unresolved
P4_direct_ext3_text_drift,638049,scenario_638030,unverified,review_translation_and_runtime_by_bundle,いや、仮に可能だとしても、,"아니, 백보 양보해 공학 데이터 제원상 가동 가능하다 할지라도,",こ아니、　가능하다　해도、,아니、　가능하다　해도、,,18E518D0E601010101010101,True,18F28C07E24D0CF4F3FC8607,1,,,63803B,병기로　그런　일이　가능하단　말인가！？,638056,그런　짓을　해서　뭘　얻는다는　거냐！,quarantine,unresolved
P4_direct_ext3_text_drift,63806E,scenario_638061,unverified,review_translation_and_runtime_by_bundle,だが、このまま,"그렇지만 이유를 막론하고, 우리 론도 벨 군세가",こ하지만、　이대로,하지만、　이대로,,18E518509C01,True,18F53807FB77,1,,,638061,……모르겠군。,638075,손　놓고　볼　수는　없어。,quarantine,unresolved
P3_direct_ext3_control_adjacent_text_drift,63807B,scenario_638061,unverified,confirm_current_text_then_rehome,あれを止める手段はないのか？,저 파멸 전파 테라 수오노의 메인 엔진 동력을 강제 차단할 요격 침투 통로는 전무한가？,こ저걸　멈출　방법은　없나？,저걸　멈출　방법은　없나？,,18E518509E01010101010101,True,18F6DDE027F419F1DFFBC11D,2,0867,True,638075,손　놓고　볼　수는　없어。,63808C,없다고는　못　하지만、,quarantine,unresolved
P4_direct_ext3_text_drift,6380A1,scenario_63808C,unverified,review_translation_and_runtime_by_bundle,第ーに、私たちはあのモビルア－マ－に,"제1 요인은, 아군 장병 뇌파가 인접하기도 전에 타서 무너지므로 저 거대 모빌아머 반경 50마일 내에",こ첫째、　우린　저　모빌아머에,첫째、　우린　저　모빌아머에,,18E51850A10101010101010101,True,18F51A0C0741F762F3DAFDFD0C,1,,,638097,어려울　것　같습니다。,6380AF,다가갈　수　없습니다。,quarantine,unresolved
P4_direct_ext3_text_drift,638115,scenario_6380F8,unverified,review_translation_and_runtime_by_bundle,それより、二人があの兵器に影響を受けない,"그 비과학적 분석을 붙들기보단, 귀관들 2명만이 저 교란 전파 장막 속을 가속 비행해 관통할 수 있다는",こ그보다、　둘이　저　병기에,그보다、　둘이　저　병기에,,18E51850A401010101010101010101010101,True,18FBA507F4F7F8BFF4BF0CF2C915E009F891,1,,,638107,지금은　대처할　시간이　없어。,638128,받지　않는　사실을　활용해야　해。,quarantine,unresolved
P4_direct_ext3_text_drift,63815D,scenario_638154,unverified,review_translation_and_runtime_by_bundle,あのモビルア－マ－のまわりには,저 파멸의 테라 수오노 동력 외벽 공역 반경 10만 마일 구역에는,こ저　모빌아머　주변엔,저　모빌아머　주변엔,,18E51850A5010101010101,True,18F3DAFDFD0521F23EF467,1,,,638154,무모해！,638169,정신이　나간　병사가　잔뜩　있어요！,quarantine,unresolved
P4_direct_ext3_text_drift,638185,scenario_63817A,unverified,review_translation_and_runtime_by_bundle,全員で中尉を支援して敵モビルア－マ－まで,"남은 전 아군 전함의 주포 화력을 일제 개방해 좀비 요격벽에 정밀 타격을 가해 뚫고,",こ전원이　중위를　도와　모빌아머까지,전원이　중위를　도와　모빌아머까지,,18E51890A30101010101010101010101,True,18F50816F55915F2B6F4137FFDFDF19D,1,,,63817A,그래도　할　수밖에　없지。,638196,길을　열　수　있다면、　어쩌면……,quarantine,unresolved
P4_direct_ext3_text_drift,6381BE,scenario_6381A9,unverified,review_translation_and_runtime_by_bundle,意識を強く保ってさえいれば、システムの,"아군 모빌슈트 조종 장수들이 정신력을 풀가동해 연산 주파수를 단단히 고정하면, 저 시스템의",こ의식을　강하게　붙들면　시스템의,의식을　강하게　붙들면　시스템의,,18E51850AA01010101010101010101,True,18F0BF15E05524E0E3FE0107F90405,1,,,6381A9,위험하지만、　성공　가능성은　있군。,6381CE,영향을　어느　정도　늦출　수　있어。,quarantine,unresolved
P4_direct_ext3_text_drift,6381D9,scenario_6381A9,unverified,review_translation_and_runtime_by_bundle,その間になんとか、中尉を,"아군이 몸빵 돌격으로 적 좀비 군세의 포탑 조준을 분산시켜 주는 그 틈새 찰나에, 시그 중위를",こ그동안　중위를,그동안　중위를,,18E518D0EF0101010101,True,18F42399FC4B07F55915,1,,,6381CE,영향을　어느　정도　늦출　수　있어。,6381E4,시스템까지　보낼　수　있다면……,quarantine,unresolved
P4_direct_ext3_text_drift,638287,scenario_638275,unverified,review_translation_and_runtime_by_bundle,１人よりは２人の方が,사각지대를 상호 가속 호위하며 돌격하는 것이 1기 돌격보다,こ한명보다　두명이,한명보다　두명이,,18E51850B2010101010101,True,18CF50F6DAE02650057D17,1,,,638281,저도　그렇습니다！,638293,성공　확률도　높을　겁니다！,quarantine,unresolved
P4_direct_ext3_text_drift,6382C0,scenario_6382B6,unverified,review_translation_and_runtime_by_bundle,心苦しいが、,"인체 개조의 상처를 안은 어린 장교들을 끝끝내 사지로 떠밀게 되어 실로 미안하다만,",こ마음은　무겁지만、,마음은　무겁지만、,,18E518D0F201,True,18F2A7F68D07,1,,,6382B6,……어쩔　수　없군。,6382C7,두　사람에게　맡길　수밖에　없어。,quarantine,unresolved
P4_direct_ext3_text_drift,6382ED,scenario_6382DF,unverified,review_translation_and_runtime_by_bundle,明朝、準備が済み次第、我々は,"내일 여명이 트고 기형 튜닝 부품이 정돈되는 즉시, 아군은",こ내일　아침、　준비되는　대로,내일　아침、　준비되는　대로,,18E518D0F30101010101010101010101,True,18F01607F0D817E19969F169076A7108,1,,,6382DF,전　부대에　통보한다！！,6382FE,저　모빌아머를　총공격한다！,quarantine,unresolved
P4_direct_ext3_text_drift,6383AB,scenario_6383A0,unverified,review_translation_and_runtime_by_bundle,貴様ら、何を目論んでいる！？,"네놈 프로스트 형제 사기꾼 자식들, 우주세기 대지 너머에서 대체 무슨 음모를 꾸미는 거냐！？",こ네놈들、　뭘　꾸미고　있나！？,네놈들、　뭘　꾸미고　있나！？,,18E51850B90101010101010101,True,18F1C01C079A15F1C5F94BF040,2,,,6383A0,……큭！！,6383BA,こ사람들을　미치게　해서、,quarantine,unresolved
P4_direct_ext3_text_drift,6383BA,scenario_6383A0,unverified,review_translation_and_runtime_by_bundle,人々を狂わせて、,"죄 없는 민간 콜로니 시민들까지 뇌를 녹이고 실성 미치광이로 만들어서,",こ사람들을　미치게　해서、,사람들을　미치게　해서、,,18E51850BA01010101,True,18507115E112F86807,1,,,6383AB,こ네놈들、　뭘　꾸미고　있나！？,6383C4,대체　뭘　하려는　거냐！？,quarantine,unresolved
P4_direct_ext3_text_drift,638429,scenario_63841A,unverified,review_translation_and_runtime_by_bundle,人を超えた力を持ちながら,보통 올드타입 날파리 인류를 초월한 위대한 초능력 뇌파 스펙을 보유했음에도,こ인간을　넘는　힘을　지니고도,인간을　넘는　힘을　지니고도,,18E51890AA01010101010101010101,True,185015E223F1365715E0123B06171C,1,,,63841A,넌　모르겠지……,638439,인정받지　못하는　자의　고통을！,quarantine,unresolved
P4_direct_ext3_text_drift,63846B,scenario_63844A,unverified,review_translation_and_runtime_by_bundle,カテゴリ－Ｆと呼ばれ、,"그저 폐기용 미완 딱지인 『카테고리 F』라 불리며,",こ카테고리Ｆ라　불리며、,카테고리Ｆ라　불리며、,,18E51850BF010101010101,True,18FCD8E2B313E070F31007,1,,,63845A,힘을　못　냈던　우리의　고통……,638477,멸시받은　굴욕은……,quarantine,unresolved
P4_direct_ext3_text_drift,638480,scenario_63844A,unverified,review_translation_and_runtime_by_bundle,……世界の滅亡と引き換えにしてこそ,……이 더러운 인류 세계의 완전 멸망 포격 쇼와 등가교환 해야만,こ……세계의　멸망과　바꿔야,……세계의　멸망과　바꿔야,,18E51850C1010101010101010101010101010101,True,18F191F44805F45113E02432E37EF0F9F413F356,1,,,638477,멸시받은　굴욕은……,638495,치유될　거야！！,quarantine,unresolved
P4_direct_ext3_text_drift,6384CC,scenario_6384B3,unverified,review_translation_and_runtime_by_bundle,狂っているのはこの世界だ！！,오히려 이성적 뉴타입을 가축 마냥 분류해 유기해 대는 이 세계 판짜기 자체가 미쳐 돌아가는 거지！！,こ미친　건　이　세계야！！,미친　건　이　세계야！！,,18E51850C5010101010101010101,True,18E112F920F44BF362F4480DF044,2,,,6384BF,우린　지극히　정상이다。,6384DC,こ세계가　우릴　무시하니까、,quarantine,unresolved
P4_direct_ext3_text_drift,6384DC,scenario_6384B3,unverified,review_translation_and_runtime_by_bundle,世界が我らを黙殺するから、,"이 미개한 세계 인류가 우리의 고결한 뇌파 성능을 묵살 기각했기에,",こ세계가　우릴　무시하니까、,세계가　우릴　무시하니까、,,18E51850C601010101010101,True,18F448176AF072F3D3F91607,1,,,6384CC,こ미친　건　이　세계야！！,6384E9,우린　세계를　멸망시키는　거다！！,quarantine,unresolved
P4_direct_ext3_text_drift,638540,scenario_63852D,unverified,review_translation_and_runtime_by_bundle,……ふざけるな！！,"……주둥이를 확 찢어버려, 웃기지 말란 말이다！！",こ……웃기지　마！！,……웃기지　마！！,,18E51850CB0101,True,18F191FBFCF044,2,,,63852D,세계가　너희를　인정하지　않는다고……？,638549,こ그런　시시한　일　때문에、,quarantine,unresolved
P5_non_direct_native_or_other,638549,scenario_63852D,unverified,do_not_autofix_static_false_positive_possible,そんなくだらないことのために、,"고작 그깟 네놈들의 알량한 자폐적 콤플렉스 대접 타령 때문에,",こ그런　시시한　일　때문에、,그런　시시한　일　때문에、,,18F46101,,18FEF307,1,,,638540,こ……웃기지　마！！,63854E,너희는　수많은　사람을　불행하게　했나！,quarantine,unresolved
P4_direct_ext3_text_drift,638591,scenario_638582,unverified,review_translation_and_runtime_by_bundle,セレイン・イクスぺリを守れなかったことを,실험실 연인이던 세레인 익스페리를 요격 포화에서 지켜내지 못하고 폭사시킨 자기 무능 원한을,こ세레인　익스페리를　못　지킨　걸,세레인　익스페리를　못　지킨　걸,,18E51850CD0101010101010101010101,True,18F9122AFC7915E03BF036F6AE181315,1,,,638582,결국　너도　똑같잖아。,6385A2,아인　레비　탓으로　돌리고……,quarantine,unresolved
P4_direct_ext3_text_drift,6385AD,scenario_638582,unverified,review_translation_and_runtime_by_bundle,しょせん、人間なんてみんな同じさ。,"어차피, 이 우주세기의 유인 소체 새끼들은 몽땅 기형으로 동일해.",こ결국、　인간은　다　똑같아。,결국、　인간은　다　똑같아。,,18E518D0FA01010101010101,True,18F9B507F0A2FD62D0F2DF0A,1,,,6385A2,아인　레비　탓으로　돌리고……,6385BA,자기만　소중한　거지。,quarantine,unresolved
P4_direct_ext3_text_drift,638615,scenario_6385F6,unverified,review_translation_and_runtime_by_bundle,……そうやって最後に選んだ道が,……그 지옥 같은 고뇌의 종착지 결재 라인에서 시그가 택한 유일한 이정표가,こ……그렇게　끝내　고른　길이,……그렇게　끝내　고른　길이,,18E51850D101010101010101010101010101,True,18F191F426F2A20BF4090CE105F22EE0A417,1,,,638605,계속　혼자　고민해　왔어……,638628,모두를　위해　싸우는　거였어。,quarantine,unresolved
P3_direct_ext3_control_adjacent_text_drift,638636,scenario_6385F6,unverified,confirm_current_text_then_rehome,アナタたちとは違うわ！！,사리사욕 핏대 세우며 요격 구멍이나 찾는 너희 쓰레기 형제와는 급수 자체가 달라！！,こ당신들과는　달라！！,당신들과는　달라！！,,18E51890B0010101010101,True,18F809F75D08DA1431F044,2,1728,True,638628,모두를　위해　싸우는　거였어。,63864D,흠……용감하군。,quarantine,unresolved
P4_direct_ext3_text_drift,638676,scenario_638663,unverified,review_translation_and_runtime_by_bundle,……どちらが正しいのか、,"……어느 쪽 뇌파 연산 설계가 역사 정의상 무결하게 타당한 패인지,",こ……누가　옳은지、,……누가　옳은지、,,18E51850D4010101010101010101,True,18F191363BF048E05AF45C050E07,1,,,638663,그럼　너희와　우리……,638685,여기서　결판을　내　주지！,quarantine,unresolved
P4_direct_ext3_text_drift,6386C0,scenario_6386B4,unverified,review_translation_and_runtime_by_bundle,全部隊、シグ中尉たちを援護して,"론도 벨 전 함선은, 시그 중위 편대의 좌우 측면 가속 진로를 엄호 사격 지탱하고",こ전　부대、　시그　중위들을　도와,전　부대、　시그　중위들을　도와,,18E518D0FC010101010101010101,True,18F74207F50BF559F767F2B1F413,1,,,6386B4,……온다！！,6386CF,적　부대를　돌파시켜라！,quarantine,unresolved
P4_direct_ext3_text_drift,6386F1,scenario_6386E3,unverified,review_translation_and_runtime_by_bundle,中尉たちがそこまで抜けられれば,중위 편대 기형이 거기까지 무사히 가속 활주해 빠져나갈 수만 있다면,こ중위들이　거기까지　뚫으면,중위들이　거기까지　뚫으면,,18E51850D8010101010101010101,True,18F559F758FB10E119281C1BF03E,1,,,6386E3,맵　아래쪽이다！！,638700,적　모빌아머에　접근할　수　있다！！,quarantine,unresolved
P4_direct_ext3_text_drift,638726,scenario_638711,unverified,review_translation_and_runtime_by_bundle,我々があのシステムの放射に,우리 뇌세포가 저 지옥의 세이레네 주파수 과열을 견디지 못하고,こ우리가　시스템　방출에,우리가　시스템　방출에,,18E51850DA010101010101,True,186A71F8BFF90405F39C0C,1,,,638718,남은　시간은　얼마　없다！！,638732,버티지　못하기　전에　돌파시켜라！,quarantine,unresolved
P4_direct_ext3_text_drift,638765,scenario_638747,unverified,review_translation_and_runtime_by_bundle,時間も大切だが、,"시간 제원 단축도 막중한 요건이다만,",こ시간도　중요하지만、,시간도　중요하지만、,,18E51850DD01010101,True,18F47820F01BF53807,1,,,638754,『ＩＤ　커맨드는　봉인됐다！』,63876F,무리하지　마라！！,quarantine,unresolved
P3_direct_ext3_control_adjacent_text_drift,638788,scenario_63877E,unverified,confirm_current_text_then_rehome,……では、戦闘開始せよ！！,"……전원, 포문 일제 개방, 전투 개시하라！！",こ……그럼、　전투　개시！！,……그럼、　전투　개시！！,,18E5181C3801010101010101,True,18F191F26107F913F557F044,2,1728,True,63877E,알겠지……！？,63879E,큭！！,quarantine,unresolved
P3_direct_ext3_control_adjacent_text_drift,63882A,scenario_638817,unverified,confirm_current_text_then_rehome,全機、少尉の護衛に集中せよ！！,"전 비행 편대, 소위의 가속 추진 경로에 잔여 포격을 몽땅 퍼부어 수호하라！！",こ전　기체、소위　호위에　집중하라！！,전　기체、소위　호위에　집중하라！！,,18E5180D910101010101010101010101,True,18F56D07F39D05F0080CF334F557F044,2,1728,True,638820,이제　미안　소위뿐이다！,638844,두　사람　다　갔나……！！,quarantine,unresolved
P4_direct_ext3_text_drift,638854,scenario_638844,unverified,review_translation_and_runtime_by_bundle,全機、敵の駆逐に全力を集中せよ！！,"전 아군 전투기, 전방 좀비 군세 잔당 구축 사격에 모든 무장 화력을 최대 방출하라！！",こ전　기체、　적　섬멸에　집중해！！,전　기체、　적　섬멸에　집중해！！,,18E51850E601010101010101010101010101,True,18F56D077F05F1A40CF09A15F334F557F044,2,,,638844,두　사람　다　갔나……！！,638868,こ방출이　더　강해지기　전에、,quarantine,unresolved
P4_direct_ext3_text_drift,638868,scenario_638844,unverified,review_translation_and_runtime_by_bundle,放射がこれ以上強まる前に、,"세이레네 세뇌 파동 방사가 임계 수치로 팽창해 아군 뇌세포를 다 태우기 전에,",こ방출이　더　강해지기　전에、,방출이　더　강해지기　전에、,,18E51850E7010101010101010101,True,18F39CF651F3D1E055F1A6960C07,1,,,638854,こ전　기체、　적　섬멸에　집중해！！,638877,무슨　수를　써서든　여기서　벗어나라！！,quarantine,unresolved
P3_direct_ext3_control_adjacent_text_drift,6388B8,scenario_6388A5,unverified,confirm_current_text_then_rehome,全機、中尉の護衛に集中せよ！！,"전 기체 포탑 개방, 중위의 진입로 확보에 포격을 영구 집중하라！！",こ전　기체、　중위를　호위해！！,전　기체、　중위를　호위해！！,,18E51850EA0101010101010101010101,True,18F56D07F55905F0080CF334F557F044,2,1728,True,6388AE,이제　시그　중위뿐이다！,6388D2,……이건！？,quarantine,unresolved
P4_direct_ext3_text_drift,638909,scenario_6388F7,unverified,review_translation_and_runtime_by_bundle,先ほどまでと違って頭が軽い。,방금 전까지 머릿속을 짓누르며 뇌를 녹이던 세뇌 전파가 즉각 소멸했다.,こ아까와　달리　머리가　가벼워。,아까와　달리　머리가　가벼워。,,18E51850EE01010101010101010101010101,True,18E01AF16AF19D13DAF156E10617E3B2040A,1,,,638902,해낸　모양이군……,63891C,시스템　방출이　약해지고　있어。,quarantine,unresolved
P4_direct_ext3_text_drift,63893F,scenario_638933,unverified,review_translation_and_runtime_by_bundle,シグ中尉たちの働きで、,"목숨 바친 시그 중위 편대의 기적의 참격 기동 덕택에,",こ시그　중위들의　활약으로、,시그　중위들의　활약으로、,,18E518D10201010101010101,True,18F50BF559F761E1E1F4EE07,1,,,638933,전　부대에　통보！！,63894C,적의　우위는　무너졌다！！,quarantine,unresolved
P3_direct_ext3_control_adjacent_text_drift,63895C,scenario_638933,unverified,confirm_current_text_then_rehome,ー気に敵をせん滅するぞ！！,이 찬스를 놓치지 말고 일제 사격을 감행해 적을 전원 격살 격멸한다！！,こ한번에　적을　섬멸한다！！,한번에　적을　섬멸한다！！,,18E51850F00101010101010101,True,18F09C0C7FF7CBE08AF771F044,2,1728,True,63894C,적의　우위는　무너졌다！！,638973,……큭！？,quarantine,unresolved
P3_direct_ext3_control_adjacent_text_drift,638992,scenario_638986,unverified,confirm_current_text_then_rehome,間に合わなかったのか……！！,세이레네 방사 임계 충전 시간 제한을 극복하지 못하고 대파당했단 말인가……！！,こ늦은　건가……！！,늦은　건가……！！,,18E51850F30101010101010101,True,18990CB43106F6AE050EF60C03,2,1728,True,638986,이、　이건……！！,6389A9,이젠　아무도　막을　수　없어！！,quarantine,unresolved
P4_direct_ext3_text_drift,638A47,scenario_638A27,unverified,review_translation_and_runtime_by_bundle,そのボクたちに勝とうなんて、,"그 미친 가속 스펙의 우리를 요격해 이기겠다는 시나리오 자체가,",こ그런　우리를　이기겠다니、,그런　우리를　이기겠다니、,,18E51890BB01010101010101010101,True,18F423F279F75EE00313F1F4190B07,1,,,638A37,우리　힘도　커지고　있어……,638A57,처음부터　무리였어！！,quarantine,unresolved
P4_direct_ext3_text_drift,638BAC,scenario_638BA3,unverified,review_translation_and_runtime_by_bundle,その怒りが、,"그 가슴속 끓어오르는 대지 수호 분노 주파수가,",こ그　분노가、,그　분노가、,,18E5185105010101,True,18F423E157F21B07,1,,,638BA3,후후후……,638BB5,네　원동력인　모양이군……,quarantine,unresolved
P4_direct_ext3_text_drift,638BC2,scenario_638BA3,unverified,review_translation_and_runtime_by_bundle,……仕方がないな。,"……기판 대파, 전술 패배 수용, 달리 요격 방법이 없군.",こ……어쩔　수　없군。,……어쩔　수　없군。,,18E518510701010101,True,18F191F11917F7F90A,1,,,638BB5,네　원동력인　모양이군……,638BCC,여긴　순순히　패배를　인정하지……,quarantine,unresolved
P4_direct_ext3_text_drift,638FA4,scenario_638F8F,unverified,review_translation_and_runtime_by_bundle,たとえ、私が倒れようと……,"비록, 내 릭 디아스가 격침당해 눕더라도……",こ설령　내가　쓰러져도……,설령　내가　쓰러져도……,,18E5181BBB01010101010101,True,18F7C7074117E011F91DF191,1,,,638F97,이겼다고　생각하지　마……！！,638FB1,아직　아인　레비가……,quarantine,unresolved
P4_direct_ext3_text_drift,639032,scenario_639012,unverified,review_translation_and_runtime_by_bundle,テラ・スオ－ノは……,세이레네 본체인 테라 수오노는……,こ테라　스오노는……,테라　스오노는……,,18E5180C2401010101,True,18F4D62AFB6808F191,1,,,639023,……마라。,63903C,너희가　막을　수　없……,quarantine,unresolved
P4_direct_ext3_text_drift,639195,scenario_63917B,unverified,review_translation_and_runtime_by_bundle,……戦いを見守ることすらできやしない！,가장 핵심적인 최종 격멸전의 기동조차 지원 사격해 주지 못하다니요！,こ……싸움을　지켜볼　수조차　없어！,……싸움을　지켜볼　수조차　없어！,,18E5185137010101010101010101010101010101,True,18F19139F2938AE03B0F18F1891C16323AF74E03,2,,,639186,중위가　무사하길　기도할　뿐……,6391AB,こ정말　아무것도　안　해도　되나！？,quarantine,unresolved
P3_direct_ext3_control_adjacent_text_drift,6391AB,scenario_63917B,unverified,confirm_current_text_then_rehome,だが、本当に何もしないでいいのか！？,정말로 이 백식 엔진을 끈 채 얌전히 퇴근 통신문이나 기다려야 하는 겁니까！？,こ정말　아무것도　안　해도　되나！？,정말　아무것도　안　해도　되나！？,,18E51851380101010101010101010101,True,18F53807F2640C9AF26FF7F6FAE4F040,2,0861,True,639195,こ……싸움을　지켜볼　수조차　없어！,6391C0,하지만　우린　중위들에게,quarantine,unresolved
P4_direct_ext3_text_drift,639229,scenario_63920B,unverified,review_translation_and_runtime_by_bundle,長時間は無理でも、,"장시간 체류하며 장기전을 치르는 건 불가하다 할지라도,",こ오랫동안은　무리여도、,오랫동안은　무리여도、,,18E518513D0101010101,True,18B0F47808F1BCF25E07,1,,,639217,아까보다　약해졌을　거야。,639234,잠깐이라면　버틸　수　있어。,quarantine,unresolved
P4_direct_ext3_text_drift,639252,scenario_639245,unverified,review_translation_and_runtime_by_bundle,中尉たちだけに戦わせるなんて,시그 중위와 미안 소위 둘에게만 온 우주의 십자가를 짊어지게 방관하는 건,こ중위들만　싸우게　두는　건,중위들만　싸우게　두는　건,,18E518513E0101010101010101,True,18F559F75BF4983931F556F855,1,,,639245,해　보죠、　브라이트　함장！,639260,없습니다！！,quarantine,unresolved
P4_direct_ext3_text_drift,63928A,scenario_63926D,unverified,review_translation_and_runtime_by_bundle,……今度はオレたちが,……그렇다면 이번엔 우리 에우고 정예 대원들이,こ……이번엔　우리가,……이번엔　우리가,,18E51851400101010101,True,18F191F3BA08F430F758,1,,,63927C,위험을　무릅썼어……,639295,그들을　위해　싸울　차례야！,quarantine,unresolved
P5_non_direct_native_or_other,6392DC,scenario_6392C6,unverified,do_not_autofix_static_false_positive_possible,ト－レス！,토레스 중위！,こ토레스！,토레스！,,18FB5D03,,18FB5D03,1,,,6392D0,중위들을　지원한다！！,6392E1,공격　부대를　편성해！！,quarantine,unresolved
P4_direct_ext3_text_drift,6392ED,scenario_6392C6,unverified,review_translation_and_runtime_by_bundle,少数精鋭でー気に突入し、,"아군 뉴타입 소수 정예 기체들로 단숨에 세뇌 전파망을 관통 강행 돌파하여,",こ소수정예로　단숨에　돌입해、,소수정예로　단숨에　돌입해、,,18E51851450101010101010101010101,True,1888E0D6E175E38516F09C0CF4111207,1,,,6392E1,공격　부대를　편성해！！,6392FE,중위들과　함께　적을　친다！！,quarantine,unresolved
P4_direct_ext3_text_drift,63942C,scenario_639421,unverified,review_translation_and_runtime_by_bundle,貴様ら、何を目論んでいる！？,"네놈 반역자 자식들, 우주세기를 대파 찢어놓고 대체 뭘 도모하려는 거냐！？",こ네놈들、　뭘　꾸미고　있나！？,네놈들、　뭘　꾸미고　있나！？,,18E518514B0101010101010101,True,18F1C01C079A15F1C5F94BF040,2,,,639421,……큭！！,63943B,こ사람들을　미치게　해서、,quarantine,unresolved
P4_direct_ext3_text_drift,63943B,scenario_639421,unverified,review_translation_and_runtime_by_bundle,人々を狂わせて、,"죄 없는 식민지 주민들의 뇌세포까지 지져서 실성시키며,",こ사람들을　미치게　해서、,사람들을　미치게　해서、,,18E518514C01010101,True,18507115E112F86807,1,,,63942C,こ네놈들、　뭘　꾸미고　있나！？,639445,대체　뭘　하려는　거냐！？,quarantine,unresolved
P4_direct_ext3_text_drift,6394A9,scenario_63949A,unverified,review_translation_and_runtime_by_bundle,人を超えた力を持ちながら,보통 날파리 올드타입보다 위대한 정신 뇌파 스펙을 탑재해 태어났으면서도,こ인간을　넘는　힘을　지니고도,인간을　넘는　힘을　지니고도,,18E51890CD01010101010101010101,True,185015E223F1365715E0123B06171C,1,,,63949A,넌　모르겠지……,6394B9,인정받지　못하는　자의　고통을！,quarantine,unresolved
P4_direct_ext3_text_drift,6394EB,scenario_6394CA,unverified,review_translation_and_runtime_by_bundle,カテゴリ－Ｆと呼ばれ、,"그저 뇌 개조 미완 찌꺼기인 『카테고리 F』 따위 치욕의 명패로 불리며,",こ카테고리Ｆ라　불리며、,카테고리Ｆ라　불리며、,,18E5185152010101010101,True,18FCD8E2B313E070F31007,1,,,6394DA,힘을　못　냈던　우리의　고통……,6394F7,멸시받은　굴욕은……,quarantine,unresolved
P4_direct_ext3_text_drift,639500,scenario_6394CA,unverified,review_translation_and_runtime_by_bundle,……世界の滅亡と引き換えにしてこそ,……이 더러운 인류 우주 대지의 완전 멸망 포격 단죄와 1 대 1 맞교환해야만,こ……세계의　멸망과　바꿔야만,……세계의　멸망과　바꿔야만,,18E5185154010101010101010101010101010101,True,18F191F44805F45113E02432E37EF0F9F413F356,1,,,6394F7,멸시받은　굴욕은……,639515,치유될　거야！！,quarantine,unresolved
P4_direct_ext3_text_drift,639543,scenario_63953A,unverified,review_translation_and_runtime_by_bundle,オマエが手を貸しているのは,네년이 골드 주파수에 눈이 멀어 손을 잡고 원호하는 대상들이,こ네가　돕는　자들은,네가　돕는　자들은,,18E518515701010101010101,True,18F68F177215E0D9FB54F44B,1,,,63953A,시마！！,639550,이런　놈들이라고！！,quarantine,unresolved
P3_direct_ext3_control_adjacent_text_drift,63955A,scenario_63953A,unverified,confirm_current_text_then_rehome,なんとも思わないのか！！,아무리 돈이 좋아도 뇌 주파수에 최소한의 기사도 양심조차 검출이 안 돼！？,こ아무렇지도　않아！！,아무렇지도　않아！！,,18E51851580101010101,True,18F97C94F880050EF044,2,1728,True,639550,이런　놈들이라고！！,63956B,……후후。,quarantine,unresolved
P4_direct_ext3_text_drift,63957E,scenario_63956B,unverified,review_translation_and_runtime_by_bundle,アタシらを見下していたヤツらが,우리 데라즈 소속 용병대를 뒷골목 똥개 찌꺼기라며 경멸하고 유기했던 장성 놈들이,こ우릴　깔보던　녀석들이,우릴　깔보던　녀석들이,,18E518D10F0101010101010101,True,18F881F072F0CBFB44F2D4F048,1,,,639574,재미있잖아。,63958C,모두　죽는다니　말이야。,quarantine,unresolved
P4_direct_ext3_text_drift,6395C0,scenario_6395AF,unverified,review_translation_and_runtime_by_bundle,安心しな、このフロストさんたちも,"걱정 붙들어 매, 이 우등생 프로스트 도련님 형제도",こ안심해、　프로스트　형제도,안심해、　프로스트　형제도,,18E518515C010101010101010101,True,18F482F41007F362F99BF366F765,1,,,6395AF,그리　무서운　얼굴　하지　마。,6395CF,모두　죽일　생각은　없다더군。,quarantine,unresolved
P4_direct_ext3_text_drift,63962C,scenario_639614,unverified,review_translation_and_runtime_by_bundle,わずかに手加減を加えることで,아군 포화의 화력 게이지를 살짝 조율해 주는 대가로,こ조금만　봐주는　것으로,조금만　봐주는　것으로,,18E518516101010101010101010101,True,183174F134F7D915E101F0BB181316,1,,,63961C,때로는　타협도　필요한　법이지。,63963C,아군을　얻는다면　싼　셈이야。,quarantine,unresolved
P4_direct_ext3_text_drift,639664,scenario_639650,unverified,review_translation_and_runtime_by_bundle,それだけでも、ボクらの苦しみを,"그 유혈 참살 기록만으로도, 우리 프로스트 형제의 응어리진 뇌 주파수를",こ그것만으로도　우리　고통을,그것만으로도　우리　고통을,,18E51851640101010101010101,True,18FBEA2007F279F059E108F6D5,1,,,639650,어차피　많은　사람이　죽는다。,639672,달래기엔　충분해……,quarantine,unresolved
P4_direct_ext3_text_drift,639736,scenario_639727,unverified,review_translation_and_runtime_by_bundle,セレイン・イクスぺリを守れなかったことを,실험실 연구실 내 연인 세레인 익스페리를 요격에서 구하지 못해 폭사시킨 지 자책 원망을,こ세레인　익스페리를　못　지킨　걸,세레인　익스페리를　못　지킨　걸,,18E518516B0101010101010101010101,True,18F9122AFC7915E03BF036F6AE181315,1,,,639727,결국　너도　똑같잖아。,639747,아인　레비　탓으로　돌리고……,quarantine,unresolved
P4_direct_ext3_text_drift,639752,scenario_639727,unverified,review_translation_and_runtime_by_bundle,しょせん、人間なんてみんな同じさ。,"어차피, 이 더러운 소체 인간 놈들의 본질 제원은 일관되게 한심해.",こ결국、　인간은　다　똑같아。,결국、　인간은　다　똑같아。,,18E518D11201010101010101,True,18F9B507F0A2FD62D0F2DF0A,1,,,639747,아인　레비　탓으로　돌리고……,63975F,자기만　소중한　거지。,quarantine,unresolved
P3_direct_ext3_control_adjacent_text_drift,639790,scenario_639782,unverified,confirm_current_text_then_rehome,こんな…ヤツラに……っ！！,이딴 인류 파멸 좀비 새끼들에게 조준당해 쓰러질 성싶으냐……윽！！,こ이런…　놈들에게……！！,이런…　놈들에게……！！,,18E51890D201010101010101,True,18F5C802F78A0CF19109F044,2,1728,True,639782,이　내가……！！,6397A6,시、　시마　님……！！,quarantine,unresolved
P4_direct_ext3_text_drift,6397E1,scenario_6397D4,unverified,review_translation_and_runtime_by_bundle,これまでの全てが詰まった、,"아군과 사지 혈투를 함께 겪어 온 내 청춘의 모든 역사 데이터가 매립된,",こ지금까지의　모든　게　담긴、,지금까지의　모든　게　담긴、,,18E518517201010101010101,True,18FBE586F3A2E21DF1991107,1,,,6397D4,리리　마를렌이……！！,6397EE,내　배가……！！,quarantine,unresolved
P3_direct_ext3_control_adjacent_text_drift,6397F9,scenario_6397D4,unverified,confirm_current_text_then_rehome,うふふふふふ……,우후후후후후…,こ우후후후후후……,우후후후후후……,,18E518E4C50101,True,18FAA5F312F191,2,1728,True,6397EE,내　배가……！！,639807,아하하하하핫！,quarantine,unresolved
P4_direct_ext3_text_drift,63981B,scenario_639807,unverified,review_translation_and_runtime_by_bundle,ー年戦争で何もかも無くしたと,1년 전쟁 당시 억울하게 가스 실탄 독가스 테러범 죄명 뒤집어쓰고 영혼까지 유기당해,こ１년전쟁에서　다　잃었다고,１년전쟁에서　다　잃었다고,,18E5185174010101010101,True,18FA91169AF7C9A424F5D6,1,,,639811,아아、　그렇구나……！！,639827,생각했는데……그렇구나！,quarantine,unresolved
P3_direct_ext3_control_adjacent_text_drift,639831,scenario_639807,unverified,confirm_current_text_then_rehome,こうも身ぐるみ剥ぐかねぇ！！,기어이 내 마지막 둥지 전투함마저 직격 포화로 조준 사살해 뺏어 가셔야 직성이 풀리냐！！,こ이렇게까지　다　빼앗아！！,이렇게까지　다　빼앗아！！,,18E51890D601010101010101010101010101,True,18F662E049E01D0F69E472E01D0EF260F044,2,1728,True,639827,생각했는데……그렇구나！,63984F,그럼　손익은　상관없어！！,quarantine,unresolved
P4_direct_ext3_text_drift,639862,scenario_63984F,unverified,review_translation_and_runtime_by_bundle,アタシゃ、今こそ戦うんだ！！,"나 시마 가라하우는, 오직 내 본능 뇌세포 작동대로 적들을 찢기 위해 참격 가동한다！！",こ난、　지금이야말로　싸운다！！,난、　지금이야말로　싸운다！！,,18E51851760101010101010101,True,18F8814E0776F35639F7AFF044,2,,,63984F,그럼　손익은　상관없어！！,639871,こ이젠　아무것에도　얽매이지　않고！！,quarantine,unresolved
P4_direct_ext3_text_drift,639871,scenario_63984F,unverified,review_translation_and_runtime_by_bundle,もう何からも縛られずに！！,그 누구의 통제 전파 명령에도 안 얽매이고 몽땅 쏴 제껴 으깨주마！！,こ이젠　아무것에도　얽매이지　않고！！,이젠　아무것에도　얽매이지　않고！！,,18E5185177010101010101010101,True,18F29B9AF680E2EB1C1B740CF044,1,,,639862,こ난、　지금이야말로　싸운다！！,639880,어때、　만족했지！,quarantine,unresolved
P4_direct_ext3_text_drift,6398B0,scenario_639892,unverified,review_translation_and_runtime_by_bundle,ふふふ……笑わせてくれるじゃないさ。,후후후…… 실로 기가 막혀 실소가 절로 뿜어 나오는 서커스 희극이로군.,こ후후……　웃기지　마。,후후……　웃기지　마。,,18E518517A0101010101010101010101,True,18F87FF191E1ADF86824F047F8DF250A,2,,,63989C,왔나　했더니　이건가……,6398C2,こ그　데라즈　말대로군……,quarantine,unresolved
P4_direct_ext3_text_drift,6398C2,scenario_639892,unverified,review_translation_and_runtime_by_bundle,あのデラ－ズが言った通りだ……,일전에 그 고집불통 데라즈 영감탱이가 뇌파로 읊조렸던 은유 구절 그대로야……,こ그　데라즈　말대로군……,그　데라즈　말대로군……,,18E51890D7010101010101010101,True,18F3DAF93B177AF150AEF223F191,2,,,6398B0,こ후후……　웃기지　마。,6398D2,こ성충이　되자마자、　죽어버리는……,quarantine,unresolved
P4_direct_ext3_text_drift,6398D2,scenario_639892,unverified,review_translation_and_runtime_by_bundle,成虫になってすぐ、死んでしまう……,"고치를 찢고 겨우 날개 돋쳐 우주로 날아오르자마자, 날개 꺾여 추락사하는……",こ성충이　되자마자、　죽어버리는……,성충이　되자마자、　죽어버리는……,,18E51890D80101010101010101,True,18F2ACFB76F1DC07ADFC37F191,2,,,6398C2,こ그　데라즈　말대로군……,6398E1,こ결국、　우린……,quarantine,unresolved
P4_direct_ext3_text_drift,6398E1,scenario_639892,unverified,review_translation_and_runtime_by_bundle,しょせん、アタシらは……,"어차피, 우리 가련한 마할 빈민가 출신 용병들은……",こ결국、　우린……,결국、　우린……,,18E518517B0101010101,True,18F9B507F881F05BF191,1,,,6398D2,こ성충이　되자마자、　죽어버리는……,6398EC,우주를　떠도는　하루살이……,quarantine,unresolved
P4_direct_ext3_text_drift,639982,scenario_63995E,unverified,review_translation_and_runtime_by_bundle,そう言ったじゃないですか！,대장님이 분명 저희 격실 무전선에 그렇게 맹세하셨잖아요！,こ그렇게　말했잖습니까！,그렇게　말했잖습니까！,,18E518518001010101,True,18F4267AF150FE5D03,1,,,63996F,모두　마할로　개선하자고……,63998C,시마　님！！,quarantine,unresolved
P3_direct_ext3_control_adjacent_text_drift,639994,scenario_63995E,unverified,confirm_current_text_then_rehome,なのに……くぅぅっ！！,이 비정한 최전선 공역에서 대장님 콕핏이 먼저 대파 폭사 사망하시다니…… 으아악！！,こ그런데……　으윽！！,그런데……　으윽！！,,18E51890D901010101,True,18F744F191FAC4F044,2,1728,True,63998C,시마　님！！,6399A8,저건가……,quarantine,unresolved
P4_direct_ext3_text_drift,6399FA,scenario_6399F0,unverified,review_translation_and_runtime_by_bundle,大層なオモチャを手に入れて,그딴 흉포한 광역 뇌사 세뇌 기형 MA 완구 딱지를 손에 쥐었다고,こ대단한　장난감을　손에　넣고,대단한　장난감을　손에　넣고,,18E51890DA01010101010101,True,18F57906F9B715720CBFF032,1,,,6399F0,……신이라고？,639A07,자기가　위대해졌다고　착각했나？,quarantine,unresolved
P4_direct_ext3_text_drift,639A36,scenario_639A1C,unverified,review_translation_and_runtime_by_bundle,……神は別にいる。,……진짜 인류를 심판할 위대한 신적 병기는 따로 준비되어 있지.,こ……신은　따로　있어。,……신은　따로　있어。,,18E5185188010101010101,True,18F191E0C408E090F61D0A,2,,,639A25,난　그리　대단한　인간이　아니야。,639A43,こ사람을　심판하는、　인공의　신！,quarantine,unresolved
P4_direct_ext3_text_drift,639A43,scenario_639A1C,unverified,review_translation_and_runtime_by_bundle,人々に裁きを下す、人工の神！,"우매한 올드타입들의 뇌를 찢어 피눈물 흘리게 할, 인공 지능 신！",こ사람을　심판하는、　인공의　신！,사람을　심판하는、　인공의　신！,,18E5185189010101010101010101010101,True,1850710CE2F0F4E1A51E07F05405E0C403,1,,,639A36,こ……신은　따로　있어。,639A55,테라　스오노라는　신이　말이야！！,quarantine,unresolved
P3_direct_ext3_control_adjacent_text_drift,639ABB,scenario_639AB1,unverified,confirm_current_text_then_rehome,ま、まさか……,"말도 안 돼, 자네 뇌 주파수가 세뇌 락을 깨고……",こ서、설마……,서、설마……,,18E5181D280101,True,182107F845F191,2,1728,True,639AB1,……세라？,639AC9,……그래！,quarantine,unresolved
P4_direct_ext3_text_drift,639ADC,scenario_639AC9,unverified,review_translation_and_runtime_by_bundle,彼女は心を取り戻している。,그녀는 현재 약물과 전파 최면 세뇌 장벽을 스스로 찢고 인격을 완전히 복구 완료했어.,こ그녀는　마음을　되찾았어。,그녀는　마음을　되찾았어。,,18E5183D31010101010101010101,True,18F38308E00B15D627E042FB540A,2,,,639AD2,바로　그　설마다！！,639AEC,こ지금　그녀는　내　꼭두각시가　아니야。,quarantine,unresolved
P4_direct_ext3_text_drift,639AEC,scenario_639AC9,unverified,review_translation_and_runtime_by_bundle,今の彼女はボクの操り人形じゃない。,지금 자네 앞의 세라는 내 마인드 컨트롤 전송선에 묶인 기계 장난감이 아닐세.,こ지금　그녀는　내　꼭두각시가　아니야。,지금　그녀는　내　꼭두각시가　아니야。,,18E5184D32010101010101010101010101,True,187605F38308F27905E20F27F058F8DF0A,1,,,639ADC,こ그녀는　마음을　되찾았어。,639AFE,세라……세레인　익스페리……,quarantine,unresolved
P3_direct_ext3_control_adjacent_text_drift,639B3C,scenario_639B32,unverified,confirm_current_text_then_rehome,本当にアナタなの、セラ！？,정말로 거기 타 있는 게 세뇌 다 풀린 나의 세라 자네 본인이 맞단 말인가！？,こ정말　너야、　세라！？,정말　너야、　세라！？,,18E51851950101010101010101,True,18F2640CF809F51B07F429F040,2,0805,True,639B32,그럴　수가……！！,639B4E,………………,quarantine,unresolved
P4_direct_ext3_text_drift,639B7D,scenario_639B62,unverified,review_translation_and_runtime_by_bundle,……君たちに合わせる顔がないって、,"……시그와 미안 자네들 곁으로 부끄러워 고개 들고 회항해 갈 면목이 전무하다고,",こ……너희를　볼　면목이　없다며、,……너희를　볼　면목이　없다며、,,18E518519801010101010101010101010101,True,18F19161F75EB431F556E0AC17F526F15607,1,,,639B6F,몹시　후회하는　모양이야……,639B90,계속　그렇게　말하고　있어。,quarantine,unresolved
P4_direct_ext3_text_drift,639BE0,scenario_639BD1,unverified,review_translation_and_runtime_by_bundle,増幅されたサイコウェ－ブの中では,증폭　된　사이코　웹　중에서,こ증폭된　사이코웨이브　속에선,증폭된　사이코웨이브　속에선,,18E518D114010101010101,True,18F4DCF833FE4C0552F261,1,,,639BD1,후후、　소용없어……,639BEC,그녀의　가호도　닿지　않아。,quarantine,unresolved
P4_direct_ext3_text_drift,639C20,scenario_639C0F,unverified,review_translation_and_runtime_by_bundle,なぜ君たちがシステムの,어째서 자네들 시스쿠드 편대원들만 이 세이레네 뇌파 교란 영향권 내에서 뇌 멜라닌 파괴 쇼크를 입지 않고,こ왜　너희가　시스템의,왜　너희가　시스템의,,18E518519C01010101,True,18F52261F758F90405,1,,,639C0F,뭐야、　몰랐던　건가？,639C2A,영향을　받지　않았는지　말이야。,quarantine,unresolved
P4_direct_ext3_text_drift,639C3C,scenario_639C0F,unverified,review_translation_and_runtime_by_bundle,君たちはシステムに,테라 수오노의 메인 연산 컴퓨터 기판이 자네 기체 좌표들을,こ너희는　시스템에,너희는　시스템에,,18E51890E10101,True,1861F762F9040C,1,,,639C2A,영향을　받지　않았는지　말이야。,639C44,’적’으로　인식되지　않았어。,quarantine,unresolved
P4_direct_ext3_text_drift,639C7E,scenario_639C6F,unverified,review_translation_and_runtime_by_bundle,……つまり、セラが君たちを,"……쉽게 말해, 세라의 조종 자아가 자네들의 고유 추진 주파수를",こ……즉、　세라가　너희를,……즉、　세라가　너희를,,18E518519E01010101010101,True,18F191F64007F4291761F767,1,,,639C6F,시스템의　핵심인　인간……,639C8B,’아군’으로　인식했던　거야。,quarantine,unresolved
P4_direct_ext3_text_drift,639C9C,scenario_639C6F,unverified,review_translation_and_runtime_by_bundle,心を縛られながらも、その奥底では,"독약과 세뇌 락으로 영혼 시냅스가 포박당해 통곡하는 찰나에도, 뇌 신경망 깊숙한 본질 자아에선",こ마음을　속박당한　상태에서도、,마음을　속박당한　상태에서도、,,18E518519F01010101010101010101010101010101,True,18E00B15E2EB1CF03617F06907F423E1FCE360F261,1,,,639C8B,’아군’으로　인식했던　거야。,639CB2,너희를　계속　생각해　온　거지……,quarantine,unresolved
P4_direct_ext3_text_drift,639CE0,scenario_639CD1,unverified,review_translation_and_runtime_by_bundle,君たちは、そんな彼女を,"귀관들은, 그 눈물겨운 쉴드로 본인들의 목숨을 사수해 주는 그 세라의 심장을",こ너희는、　그런　그녀를,너희는、　그런　그녀를,,18E51890E40101010101,True,1861F76207F823F38315,1,,,639CD1,……참　기특하지？,639CEB,죽이러　여기까지　왔잖아。,quarantine,unresolved
P4_direct_ext3_text_drift,639D46,scenario_639D29,unverified,review_translation_and_runtime_by_bundle,怒りに怒り狂って、,"그 증오와 살의 뇌파 수치가 폭주해 날뛰다,",こ분노에　미쳐　날뛰다가、,분노에　미쳐　날뛰다가、,,18E51851A50101010101010101,True,18E157F22AE15727E112F15607,1,,,639D35,그　분노에　찬　목소리……,639D54,결국　내　손에　죽는　거야。,quarantine,unresolved
P4_direct_ext3_text_drift,639D67,scenario_639D29,unverified,review_translation_and_runtime_by_bundle,その光景を、,"사랑하는 시그의 심장이 화염 속에 불타 찢기는 그 절망 지옥도 연출을,",こ그　광경을、,그　광경을、,,18E51851A60101,True,18F423F35F1507,1,,,639D54,결국　내　손에　죽는　거야。,639D6F,세라에게　똑똑히　보여　주지！！,quarantine,unresolved
P4_direct_ext3_text_drift,639DCA,scenario_639DBB,unverified,review_translation_and_runtime_by_bundle,怒りだけでは,내 살의 뇌파 게이지 폭주만으로는,こ분노만으로는,분노만으로는,,18E51851AB010101,True,18E157F22328F261,1,,,639DBB,……그래、　알고　있어。,639DD3,그　녀석을　이길　수　없어……,quarantine,unresolved
P4_direct_ext3_text_drift,639E81,scenario_639E75,unverified,review_translation_and_runtime_by_bundle,そこに展開しているユニットは,우리 톨기스 포탑 진형 주변에 공중 매설해 둔 비트형 주파수 반사경 유닛들은,こ거기　전개된　유닛은,거기　전개된　유닛은,,18E518747A0101010101,True,18F618F470FB54FB8A08,1,,,639E75,……소용없어。,639E8C,장벽　역할도　하고　있어。,quarantine,unresolved
P4_direct_ext3_text_drift,639E99,scenario_639E75,unverified,review_translation_and_runtime_by_bundle,解除しない限り、中には踏みこめない。,"그 주파수 필터를 해제 코드 없이 빔 라이플로 쏴 보았자, 핵심 MA 격실에는 한 걸음도 침투 불통일세.",こ해제하지　않으면、　안에　못　들어가。,해제하지　않으면、　안에　못　들어가。,,18E5181041010101010101010101010101,True,18F399F74EE11B270752F467E24CFD1E0A,2,,,639E8C,장벽　역할도　하고　있어。,639EAC,こ그리고、　해제　코드는,quarantine,unresolved
P4_direct_ext3_text_drift,639EAC,scenario_639E75,unverified,review_translation_and_runtime_by_bundle,そして、解除コ－ドは,그리고　해제　코드는,こ그리고、　해제　코드는,그리고、　해제　코드는,,18E5181ABC01010101,True,18F78707F399F65908,1,,,639E99,こ해제하지　않으면、　안에　못　들어가。,639EB6,내가　쥐고　있어……,quarantine,unresolved
P4_direct_ext3_text_drift,639ED7,scenario_639ECD,unverified,review_translation_and_runtime_by_bundle,中に踏みこむには,보안 장벽 해제하고 세라가 탄 격실 룸에 도킹 진입하려면,こ안으로　들어가려면,안으로　들어가려면,,18E51810420101010101,True,18520CE24C69188CF467,1,,,639ECD,……그렇군。,639EE2,네놈을　쓰러뜨릴　수밖에　없군……,quarantine,unresolved
P4_direct_ext3_text_drift,639F14,scenario_639F08,unverified,review_translation_and_runtime_by_bundle,そこに展開しているユニットは,우리 톨기스 포탑 진형 주변에 공중 매설해 둔 비트형 주파수 반사경 유닛들은,こ거기　전개된　유닛은,거기　전개된　유닛은,,18E518747A0101010101,True,18F618F470FB54FB8A08,1,,,639F08,……소용없어。,639F1F,장벽　역할도　하고　있어。,quarantine,unresolved
P4_direct_ext3_text_drift,639F2C,scenario_639F08,unverified,review_translation_and_runtime_by_bundle,解除しない限り、中には踏みこめない。,"그 주파수 필터를 해제 코드 없이 빔 라이플로 쏴 보았자, 핵심 MA 격실에는 한 걸음도 침투 불통일세.",こ해제하지　않으면、　안에　못　들어가。,해제하지　않으면、　안에　못　들어가。,,18E5181041010101010101010101010101,True,18F399F74EE11B270752F467E24CFD1E0A,2,,,639F1F,장벽　역할도　하고　있어。,639F3F,こ그리고、　해제　코드는,quarantine,unresolved
P4_direct_ext3_text_drift,639F3F,scenario_639F08,unverified,review_translation_and_runtime_by_bundle,そして、解除コ－ドは,그리고　해제　코드는,こ그리고、　해제　코드는,그리고、　해제　코드는,,18E5181ABC01010101,True,18F78707F399F65908,1,,,639F2C,こ해제하지　않으면、　안에　못　들어가。,639F49,내가　쥐고　있어……,quarantine,unresolved
P4_direct_ext3_text_drift,639F68,scenario_639F5E,unverified,review_translation_and_runtime_by_bundle,中に踏みこむには,보안 장벽 해제하고 세라가 탄 격실 룸에 도킹 진입하려면,こ안으로　들어가려면,안으로　들어가려면,,18E51810420101010101,True,18520CE24C69188CF467,1,,,639F5E,……그렇군。,639F73,네놈을　쓰러뜨릴　수밖에　없군……,quarantine,unresolved
P4_direct_ext3_text_drift,639FA8,scenario_639F9A,unverified,review_translation_and_runtime_by_bundle,ボクは前から,이 아인은 저 머나먼 기지 연구소 시절부터,こ난　예전부터,난　예전부터,,18E51851AF0101,True,18F2790896F124,1,,,639F9A,시그　웨드너！！,639FB0,네가　마음에　안　들었어！！,quarantine,unresolved
P3_direct_ext3_control_adjacent_text_drift,639FC1,scenario_639F9A,unverified,confirm_current_text_then_rehome,今日こそオマエを殺してやる！！,오늘 이 역사 결전장에서 기어이 네놈 목을 따서 지옥으로 사출시켜 주마！！,こ오늘이야말로　널　죽여주마！！,오늘이야말로　널　죽여주마！！,,18E51851B0010101010101010101,True,18F381F356F68F15E00CFB7BF044,2,1728,True,639FB0,네가　마음에　안　들었어！！,639FD9,어째서……！,quarantine,unresolved
P4_direct_ext3_text_drift,63A00C,scenario_639FF9,unverified,review_translation_and_runtime_by_bundle,なぜ、オマエみたいな普通の人間を、,"왜, 자네처럼 어떠한 초능력 사이코뮤 계기판 뇌파 검출 수치도 갖추지 못한 평범한 쓰레기 부류를,",こ왜、　너　같은　평범한　인간을、,왜、　너　같은　평범한　인간을、,,18E51851B301010101010101010101,True,18F52207F68FFA47F0C905F0A21507,1,,,639FF9,왜　선택된　게　네놈이지！？,63A01C,세라가　선택한　거야！！,quarantine,unresolved
P4_direct_ext3_text_drift,63A027,scenario_639FF9,unverified,review_translation_and_runtime_by_bundle,本当はこのボクが……！！,원래 인공 신 테라 수오노의 제왕 옥좌 왕관을 써야 마땅할 대상은 바로 나……！！,こ원래　내가……！！,원래　내가……！！,,18E51851B5010101010101,True,18F264F88CF27917F60C03,1,,,63A01C,세라가　선택한　거야！！,63A033,아인　레비가　선택됐어야　했는데！,quarantine,unresolved
P4_direct_ext3_text_drift,63A07A,scenario_63A05E,unverified,review_translation_and_runtime_by_bundle,能力こそ予定通りに発揮したけど、,"뇌파 방사 출력은 설계 제원대로 경이롭게 연산해 분출하는 데는 성공했건만,",こ능력은　예정대로　발휘됐지만、,능력은　예정대로　발휘됐지만、,,18E51851B80101010101010101010101,True,18F0D3F356F6E9F22AF10EF41BF49607,1,,,63A06F,아직　미완성이었어！！,63A08B,정신은　불안정했지……,quarantine,unresolved
P4_direct_ext3_text_drift,63A1A3,scenario_63A182,unverified,review_translation_and_runtime_by_bundle,認められないというだけで,아무도 제 무공 훈장을 결재 승인해 주지 않는다며,こ인정받지　못한다고,인정받지　못한다고,,18E51851C1010101010101,True,18E050471CF58EF664F86F,1,,,63A195,그밖에　네가　뭘　했지！？,63A1AF,울부짖고　남에게　화풀이할　뿐。,quarantine,unresolved
P4_direct_ext3_text_drift,63A3F3,scenario_63A3E5,unverified,review_translation_and_runtime_by_bundle,ニュ－タイプであるこのボクが、,"우주를 선도해야 할 지혜의 초인인 이 아인 님이,",こ뉴타입인　이　내가、,뉴타입인　이　내가、,,18E51851CA01010101,True,18FD6CFC31F2791707,1,,,63A3E5,뭐、　말도　안　돼……！！,63A3FD,어째서　올드타입에게……,quarantine,unresolved
P3_direct_ext3_control_adjacent_text_drift,63A406,scenario_63A3E5,unverified,confirm_current_text_then_rehome,オ－ルドタイプのオマエたちなんかに！,올드타입 찌꺼기 편대 기형 따위에게 사격 격추 판정을 당해 뒤져야 한단 말이냐！！,こ올드타입　너희　따위에게！,올드타입　너희　따위에게！,,18E51851CC010101010101,True,18FE0C05F68FF375F9A003,2,1728,True,63A3FD,어째서　올드타입에게……,63A41D,아무리　뛰어난　힘을　가졌어도、,quarantine,unresolved
P4_direct_ext3_text_drift,63A444,scenario_63A41D,unverified,review_translation_and_runtime_by_bundle,貴様の敗因は、,"네놈 아인의 톨기스가 박살 난 원인은,",こ네놈의　패인은、,네놈의　패인은、,,18E51890F60101010101,True,18F1C005E07EE2490807,1,,,63A42E,분노에　사로잡히면　공격은　단순해진다。,63A44F,네　마음이　약하기　때문이다！,quarantine,unresolved
P3_direct_ext3_control_adjacent_text_drift,63A473,scenario_63A468,unverified,confirm_current_text_then_rehome,こんな結末なんて……,내 영광의 제국 찬탈 기획안 결론 보고서에 이딴 사살 패배 마크가 찍힐 리가……,こ이런　결말이라니……,이런　결말이라니……,,18E518D11701010101,True,18F5C8F52DF855F191,2,1728,True,63A468,이、　이런……,63A488,……이제　포기해라。,quarantine,unresolved
P3_direct_ext3_control_adjacent_text_drift,63A4B9,scenario_63A4AE,unverified,confirm_current_text_then_rehome,認めてたまるものかぁぁっ！！,지옥 무덤 속으로 사출당할지언정 절대 승인 서명해 줄 성싶으냐아앗 ㅡ ！！！,こ인정할　것　같으냐아앗！！,인정할　것　같으냐아앗！！,,18E5181D2A01010101010101010101,True,18E050F3F711F1A620050EF76CF044,2,1728,True,63A4AE,이런　결말……,63A4D2,……크윽！！,quarantine,unresolved
P4_direct_ext3_text_drift,63A57B,scenario_63A56E,unverified,review_translation_and_runtime_by_bundle,いちど、ああなってしまったら,단 한 번이라도 사이코뮤 임계 폭주 가동선 코드가 투사되어 버린 이상,こ한번　저렇게　돼버리면,한번　저렇게　돼버리면,,18E51851D801010101010101,True,18F89307F3C6F5200BFAEB1C,1,,,63A56E,후후후……아하하하핫！！,63A588,이젠　아무도　멈출　수　없어！,quarantine,unresolved
P4_direct_ext3_text_drift,63A597,scenario_63A56E,unverified,review_translation_and_runtime_by_bundle,止める方法はただーつ……,포탑을 강제 물리적으로 정돈해 침묵시키는 유일무이한 요격 탈출구는 딱 1개……,こ멈출　방법은　단　하나……,멈출　방법은　단　하나……,,18E51851D90101010101010101,True,18E027F419F18AF5B48240F191,2,,,63A588,이젠　아무도　멈출　수　없어！,63A5A6,こ……파일럿째로,quarantine,unresolved
P4_direct_ext3_text_drift,63A5A6,scenario_63A56E,unverified,review_translation_and_runtime_by_bundle,……パイロットごと,……콕핏 격실 내부의 메인 생체 주파수 연동 조종사인 세라와 함께,こ……파일럿째로,……파일럿째로,,18E51890F80101,True,18F191FD0BD313,1,,,63A597,こ멈출　방법은　단　하나……,63A5AE,기체를　파괴하는　수밖에　없어！,quarantine,unresolved
P4_direct_ext3_text_drift,63A5BE,scenario_63A56E,unverified,review_translation_and_runtime_by_bundle,君たちにできるかい……？,과연 자네 릭 디아스 빔 포로 수행할 용기가 솟구쳐 오르나……？,こ너희가　할　수　있겠어……？,너희가　할　수　있겠어……？,,18E51851DB010101010101,True,1861F75EF64FF148F1911D,1,,,63A5AE,기체를　파괴하는　수밖에　없어！,63A5CA,세라를　죽이는　걸……！！,quarantine,unresolved
P3_direct_ext3_control_adjacent_text_drift,63A5F8,scenario_63A5EF,unverified,confirm_current_text_then_rehome,ボクは…悪役だからね……,이 아인은 본디 태생부터…… 서글픈 인공 악역 피라미 소체였으니까 말이야……,こ난…　악역이니까……,난…　악역이니까……,,18E51851DE0101010101010101,True,18F2790802E00FE0E9FA8FF191,2,1728,True,63A5EF,후후후후……！,63A611,단념도……개심도　안　해……,quarantine,unresolved
P3_direct_ext3_control_adjacent_text_drift,63A6A8,scenario_63A69B,unverified,confirm_current_text_then_rehome,コイツを、止め…ないと……,이 미쳐 날뛰는 세이레네 뇌파 포탑을…… 기필코 내 영혼을 갈아 넣어서라도 수동 차단해야만 해……,こ이걸、　멈춰야…　해……,이걸、　멈춰야…　해……,,18E51851E50101010101010101,True,18F5C21507E0274702F7F8F191,2,1728,True,63A69B,아니、　안　돼……,63A6C1,시、　시그……,quarantine,unresolved
P4_direct_ext3_text_drift,63A77B,scenario_63A769,unverified,review_translation_and_runtime_by_bundle,はやく……,신속히……,こ빨리……,빨리……,,18E5183D3301,True,18083A24F191,1,,,63A771,뭘……하는　거야……,63A782,테라　스오노를……,quarantine,unresolved
P3_direct_ext3_control_adjacent_text_drift,63A85E,scenario_63A850,unverified,confirm_current_text_then_rehome,それで…いい……！！,그 가혹한 방아쇠 당김이야말로…… 인류가 도망칠 유일무이한 출구이자 내 속죄 결재란다……！！,こ그걸로…　됐어……！！,그걸로…　됐어……！！,,18E51851F301010101,True,18F5A802F253F60C03,2,1728,True,63A850,그래……시그……,63A879,누오오오오！！,quarantine,unresolved
P5_non_direct_native_or_other,63A9F8,scenario_63A9EF,unverified,do_not_autofix_static_false_positive_possible,これで……,고작 이 정도 사격 궤적으로……,こ이걸로……,이걸로……,,18FFC0F191,,18F62DF191,2,1728,True,63A9EF,………………,63AA09,이걸로　잘된　거겠지……,quarantine,unresolved
P4_direct_ext3_text_drift,63AAA4,scenario_63AA97,unverified,review_translation_and_runtime_by_bundle,そんなに、悩んで、苦しんで……,평생을 무거운 자책감 십자가를 짊어지고 가위눌려 괴로워하다 자폭 퇴근할 심산이잖아……,こ그렇게、　고민하고、　괴로워하고……,그렇게、　고민하고、　괴로워하고……,,18E51851FE01010101010101010101,True,18FB3B07E29CF22207E108F71CF191,2,,,63AA97,정말　못　봐주겠어……시그。,63AAB5,こ……그러니　내가　대신할게！,quarantine,unresolved
P3_direct_ext3_control_adjacent_text_drift,63AAB5,scenario_63AA97,unverified,confirm_current_text_then_rehome,……だから、私がアナタの代わりをやる！,"……그러니까, 내가 시그 당신의 복수 사살 집행인 칼날 역할을 대신 떠맡아 수행하겠어！",こ……그러니　내가　대신할게！,……그러니　내가　대신할게！,,18E51851FF01010101010101010101010101,True,18F191F825074117F80905E0F2F6313A0F03,2,1728,True,63AAA4,こ그렇게、　고민하고、　괴로워하고……,63AAD3,미아아아아안！！,quarantine,unresolved
P4_direct_ext3_text_drift,63AC2E,scenario_63AC23,unverified,review_translation_and_runtime_by_bundle,セラを……,저 감옥 안에 갇혀서 울부짖는 세라 누나를……,こ세라를……,세라를……,,18E518520A01,True,18F42915F191,1,,,63AC23,……시、　그。,63AC35,구해　줘……,quarantine,unresolved
P4_direct_ext3_text_drift,63AC7F,scenario_63AC75,unverified,review_translation_and_runtime_by_bundle,私を殺してくれ……,"시그, 날 죽여다오…… 내 빔 건 포신 끝을 내 이마에 대고 당겨줘……",こ나를　죽여줘……,나를　죽여줘……,,18E51891FF01010101,True,184115E00CF906F191,2,,,63AC75,……시그。,63AC8A,こ더는、　이런　광경을　보는　건……,quarantine,unresolved
P3_direct_ext3_control_adjacent_text_drift,63AC8A,scenario_63AC75,unverified,confirm_current_text_then_rehome,もう、こんな光景を見るのは……,더는 내 뇌파 계기판 너머에서 사랑하던 동지들이 포화 속에 불타 으깨지는 지옥도를 감상하는 건…… 견디지 못하겠어……,こ더는、　이런　광경을　보는　건……,더는、　이런　광경을　보는　건……,,18E518520B010101010101010101,True,18F29B07F5C8F35F158AF70DF191,2,1728,True,63AC7F,こ나를　죽여줘……,63ACA4,………………,quarantine,unresolved
P4_direct_ext3_text_drift,63AD6D,scenario_63AD51,unverified,review_translation_and_runtime_by_bundle,ミアンを……,착하고 이쁘던 미안 파렌 소체를 내 뇌파 레이저 포화로 격추해 찢어 죽이고……,こ미안을……,미안을……,,18E518920101,True,18F6DB15F191,1,,,63AD5E,태연히　살아남겠어？,63AD74,수많은　사람을　내　손으로　죽이고……！,quarantine,unresolved
P5_non_direct_native_or_other,63ADA4,scenario_63AD8C,unverified,do_not_autofix_static_false_positive_possible,……シグ・ウェドナ－！！,……시그·웨드너-！　！,こ……시그・웨드너！！,……시그・웨드너！！,,18F191F50B2AFD0AF044,,18F191F50B2AFD0AF044,2,1728,True,63AD99,지금이라면　파괴할　수　있어！！,63ADB8,미안의　마음을　헛되게　할　셈이냐！！,quarantine,unresolved
P4_direct_ext3_text_drift,63AE15,scenario_63AE03,unverified,review_translation_and_runtime_by_bundle,何があろうと、オマエを死なせること,"무엇이든,　오마에를　죽일　수　있습니다.",こ무슨　일이　있어도、널　죽게　두는　건,무슨　일이　있어도、널　죽게　두는　건,,18E5182D18010101010101010101,True,189AFD2507F68F15AD06F5561813,1,,,63AE03,난　널　죽이지　않아……！,63AE24,생각은　결코　없어！！,quarantine,unresolved
P1_direct_ext3_exact_text_control_adjacent,63AE31,scenario_63AE03,unverified,high_priority_batch_after_anchor_pass,……生きるんだ、セラ！！,"…………　살아있어,　세라！　！",こ…………　살아있어、　세라！！,…………　살아있어、　세라！！,True,18E518A0BD010101010101,True,18F191CEFB1907F429F044,2,1728,True,63AE24,생각은　결코　없어！！,63AE48,………………,quarantine,unresolved
P1_direct_ext3_exact_text_control_adjacent,63AEB5,scenario_63AEA5,unverified,high_priority_batch_after_anchor_pass,それだけで、じゅうぶんだ。,"그것만으로,　어쩐지.",こ그것만으로、　어쩐지。,그것만으로、　어쩐지。,True,18E518A0C201010101010101,True,18FBEA074CE1EC14B5F22E0A,2,1728,True,63AEA5,지금은　네가　살아　있다는,63AECB,……자、　가자。,quarantine,unresolved
P3_direct_ext3_control_adjacent_text_drift,63B1D3,scenario_63B1C3,unverified,confirm_current_text_then_rehome,こうして、オマエと会えたんだから……,"이렇게,　오마에를　만날　수　있었으니까…",こ이렇게、　너를　만났으니까……,이렇게、　너를　만났으니까……,,18E5183C460101010101010101010101,True,18F91807F68F13C1F136F22EF124F191,2,1728,True,63B1C3,별거　아니야……시그。,63B1ED,고마워、　모두……,quarantine,unresolved
P4_direct_ext3_text_drift,63B8BE,scenario_63B8A1,unverified,review_translation_and_runtime_by_bundle,現在、ドレン大尉のキャメル艦隊が,"현재, 드렌 대위의 캐멀 함대가",こ현재　드렌　대위의　캐멀　함대가,현재　드렌　대위의　캐멀　함대가,,18E5181BBE010101010101010101,True,18F32007F7CFF08E05FB4EF50117,1,,,63B8B4,화이트　베이스대를　추격한다。,63B8CD,화이트　베이스를　붙잡아　두고　있다。,quarantine,unresolved
P4_direct_ext3_text_drift,63B8DA,scenario_63B8A1,unverified,review_translation_and_runtime_by_bundle,我々はホワイトべ－ス隊の後方を突き、,"우리는 즉각 화이트 베이스 부대의 후방 취약 지역을 포격 타격하여,",こ우린　화이트　베이스　후방을　치고、,우린　화이트　베이스　후방을　치고、,,18E518521401010101010101010101,True,186A7108FE5A5405F0FD15E0943207,1,,,63B8CD,화이트　베이스를　붙잡아　두고　있다。,63B8EA,캐멀　함대와　함께　격파한다。,quarantine,unresolved
P4_direct_ext3_text_drift,63B8FD,scenario_63B8A1,unverified,review_translation_and_runtime_by_bundle,なお、シャア大佐の独立第３００戦隊も,"또한, 샤아 대령의 독립 제300전대 역시",こ또、　샤아　대령의　독립　제３００전대도,또、　샤아　대령의　독립　제３００전대도,,18E5182BA60101010101010101010101,True,18F52507F7F1F05D05F717F719F33320,1,,,63B8EA,캐멀　함대와　함께　격파한다。,63B90E,현장으로　급행　중이라고　한다。,quarantine,unresolved
P4_direct_ext3_text_drift,63B963,scenario_63B951,unverified,review_translation_and_runtime_by_bundle,「連邦の白い悪魔」もいるんだ。,그 격실 내부엔 공포의 『연방의 하얀 사신(악마)』 가 탑재 가동 중이고.,こ『연방의　하얀　악마』도　있다。,『연방의　하얀　악마』도　있다。,,18E518521C0101010101010101010101010101,True,18E045F42505E07B04F39AE04320F290F22E0A,1,,,63B951,상대는　그　목마니까。,63B977,방심은　금물이다。,quarantine,unresolved
P4_direct_ext3_text_drift,63B9BE,scenario_63B9A1,unverified,review_translation_and_runtime_by_bundle,セレイン少尉用のエルメスを,세레인 소위가 탑승할 차세대 전용기 에르메스 소체를,こ세레인　소위의　에르메스를,세레인　소위의　에르메스를,,18E518521F01010101,True,18F912F5A705F95615,1,,,63B9AE,임무랄　것까지는　아니지만、,63B9C8,인수하러　사이드　５로　간다。,quarantine,unresolved
P4_direct_ext3_text_drift,63B9D8,scenario_63B9A1,unverified,review_translation_and_runtime_by_bundle,いちおう予定を説明しておくと、,"대강의 예정 타임라인 제원을 설명해 두자면,",こ일단　예정을　설명하자면、,일단　예정을　설명하자면、,,18E5181BC001010101010101,True,18F974F53A15F0E7FA211307,1,,,63B9C8,인수하러　사이드　５로　간다。,63B9E5,현지에서　엘메스를　인수한다。,quarantine,unresolved
P4_direct_ext3_text_drift,63B9F1,scenario_63B9A1,unverified,review_translation_and_runtime_by_bundle,サイド５付近の暗礁宙域にて,사이드 5 인근의 암초 파편 잔해 공역에 진입하여,こ사이드５　근처　암초공역에서,사이드５　근처　암초공역에서,,18E518D13D01010101010101,True,18F723E232F28D05F905F46D,1,,,63B9E5,현지에서　엘메스를　인수한다。,63B9FE,숙련　비행을　실시할　예정이다。,quarantine,unresolved
P4_direct_ext3_text_drift,63BA63,scenario_63BA4E,unverified,review_translation_and_runtime_by_bundle,機体を受け取るだけといっても、,"비록 단순 무장 보급용 수동 인도 일정이라 하더라도,",こ기체만　받는　일이라　해도、,기체만　받는　일이라　해도、,,18E5185226010101010101010101,True,18F01815E00928D60FF53DFBD807,1,,,63BA55,너무　들뜨지는　마라。,63BA72,연방　부대와　마주칠　수도　있다。,quarantine,unresolved
P3_direct_ext3_control_adjacent_text_drift,63BA86,scenario_63BA4E,unverified,confirm_current_text_then_rehome,警戒だけは怠らぬようにしておけよ。,전 기체 레이다 경보 주파수를 항상 열어두고 경계를 게을리 하지 마라.,こ경계만은　게을리하지　마라。,경계만은　게을리하지　마라。,,18E5185228010101010101010101010101,True,18F3F0F874E2E01CCBF49EF7BC3528230A,2,1728,True,63BA72,연방　부대와　마주칠　수도　있다。,63BAA1,현재　연방군　우주　함대가,quarantine,unresolved
P4_direct_ext3_text_drift,63BABA,scenario_63BAA1,unverified,review_translation_and_runtime_by_bundle,ソロモン要塞のドズル中将は,솔로몬 요새 사령관인 도즐 중장께서,こ솔로몬　요새의　도즐　중장은,솔로몬　요새의　도즐　중장은,,18E518522A010101010101,True,18F9D9F45B05F89CF4A808,1,,,63BAAF,솔로몬으로　진격　중이다。,63BAC6,이에　대비해　방비를　굳혔지만……,quarantine,unresolved
P4_direct_ext3_text_drift,63BADB,scenario_63BAA1,unverified,review_translation_and_runtime_by_bundle,本国からの援軍が拒否されたこともあり、,"지온 본국 수뇌부가 지원 함대 사출 결재를 기각해 유기한 탓에,",こ본국의　증원이　거부된　탓도　있어、,본국의　증원이　거부된　탓도　있어、,,18E518522C01010101010101010101010101,True,18F1C3F67EF2E817F30EF83318F17A1F2707,1,,,63BAC6,이에　대비해　방비를　굳혔지만……,63BAEE,방어　전망은　암울하다。,quarantine,unresolved
P4_direct_ext3_text_drift,63BB02,scenario_63BAA1,unverified,review_translation_and_runtime_by_bundle,そこで、我々が突撃機動軍の援軍として,"따라서, 우리 전용 함대가 돌격 기동군의 특급 원군 자격으로",こ그래서　우리가　돌격기동군　증원으로,그래서　우리가　돌격기동군　증원으로,,18E518522E010101010101010101,True,18F616076A7117FBFF05F2E8F80C,1,,,63BAEE,방어　전망은　암울하다。,63BB11,솔로몬　요새로　향하게　됐다。,quarantine,unresolved
P4_direct_ext3_text_drift,63BB6E,scenario_63BB49,unverified,review_translation_and_runtime_by_bundle,……ジムタイプのモビルス－ツも,……양산형 짐 계열 모ビル슈트 기형이,こ……짐　타입의　모빌슈트도,……짐　타입의　모빌슈트도,,18E518D56D01010101010101,True,18F191F48130296C05FD7920,1,,,63BB5A,적은　티안무　중장의　함대이며……,63BB7B,상당수가　확인됐다고　합니다。,quarantine,unresolved
P4_direct_ext3_text_drift,63BB89,scenario_63BB49,unverified,review_translation_and_runtime_by_bundle,また、ソロモン攻略には,"또한, 솔로몬 침공 1선 대열에",こ또、　솔로몬　공략에는,또、　솔로몬　공략에는,,18E5181BC10101010101,True,18F19407F9D9F0B5F467,1,,,63BB7B,상당수가　확인됐다고　합니다。,63BB94,목마도　참가할　것으로　보입니다。,quarantine,unresolved
P4_direct_ext3_text_drift,63BBE2,scenario_63BBD2,unverified,review_translation_and_runtime_by_bundle,連邦の戦力は圧倒的だ。,연방 군 사령부가 준비한 포격 화력 수치 자체가 압도적이야.,こ연방의　전력은　압도적이다。,연방의　전력은　압도적이다。,,18E5185236010101010101,True,18F42505F38708F5C10D0A,2,,,63BBD2,라이덴　소령　말대로다。,63BBEF,こ잘못하면、　우리가　도착하기　전에,quarantine,unresolved
P4_direct_ext3_text_drift,63BBEF,scenario_63BBD2,unverified,review_translation_and_runtime_by_bundle,ヘタをすれば、我々が到着する前に,"자칫 아군 추진 노즐 가속 튜닝이 지체되어 전선 도킹이 늦어지면,",こ잘못하면、　우리가　도착하기　전에,잘못하면、　우리가　도착하기　전에,,18E518523701010101010101010101,True,18F42FF9AA076A7117F323F1CB960C,1,,,63BBE2,こ연방의　전력은　압도적이다。,63BBFF,솔로몬이　함락될　수도　있다。,quarantine,unresolved
P4_direct_ext3_text_drift,63BC0F,scenario_63BBD2,unverified,review_translation_and_runtime_by_bundle,とにかく、何が起きても対応できるよう、,"어떠한 돌발 요격 국면 변수가 출현하든 즉각 기동 대응할 수 있도록,",こ무슨　일에도　대응할　수　있게、,무슨　일에도　대응할　수　있게、,,18E51852380101010101010101010101,True,18FB01079A17E0FFF4EF20F0DBFCD907,1,,,63BBFF,솔로몬이　함락될　수도　있다。,63BC20,준비만은　철저히　해　두게。,quarantine,unresolved
P4_direct_ext3_text_drift,63BC5A,scenario_63BC37,unverified,review_translation_and_runtime_by_bundle,この艦隊は核ミサイルを装備しており、,"이 함대 격실 내부엔 가공할 핵 미사일 병기가 대량 수급 탑재되어 있어,",こ이　함대는　핵미사일을　장비했고、,이　함대는　핵미사일을　장비했고、,,18E518523B0101010101010101010101,True,18F362F50108E146FB5A15F516F9D207,1,,,63BC4B,우주　함대가　사이드　６으로　향한다。,63BC6B,목적은　사이드　６　핵공격이다。,quarantine,unresolved
P4_direct_ext3_text_drift,63BC7B,scenario_63BC37,unverified,review_translation_and_runtime_by_bundle,これを放置すれば、ジオン公国は,"이 만행을 사령부가 제지하지 않고 방관하여 승인 방치한다면, 지온 공국은",こ이를　방치하면、　지온공국은,이를　방치하면、　지온공국은,,18E518D1440101010101010101,True,18F637F44DF7DD07F7ABF28108,1,,,63BC6B,목적은　사이드　６　핵공격이다。,63BC89,정치적　곤경에　빠질　게　분명하며、,quarantine,unresolved
P4_direct_ext3_text_drift,63BC9F,scenario_63BC37,unverified,review_translation_and_runtime_by_bundle,サイド６への核攻撃はなんとしてでも,"따라서, 사이드 6 영토를 향한 야만적 핵 포격 음모만큼은 무슨 대가를 치르든",こ사이드６에　대한　핵공격은,사이드６에　대한　핵공격은,,18E518D1450101010101010101010101,True,18F723E143F577F724F09E19F80CF25E,1,,,63BC89,정치적　곤경에　빠질　게　분명하며、,63BCB0,저지해야　한다。,quarantine,unresolved
P4_direct_ext3_text_drift,63BD55,scenario_63BD3B,unverified,review_translation_and_runtime_by_bundle,モビルス－ツも最新鋭機が装備されてますし,"배속된 모빌슈트 장비 역시 본국의 특급 최신식으로 튜닝 무장되어 있으니,",こ모빌슈트도　최신예기라서,모빌슈트도　최신예기라서,,18E51852460101010101010101010101010101,True,18FD7920E040E021E3858017F516F837211E12,1,,,63BD47,그라나다　직속　기동부대입니다。,63BD69,그다지　싸우고　싶지　않은　상대입니다。,quarantine,unresolved
P4_direct_ext3_text_drift,63BDCC,scenario_63BDA3,unverified,review_translation_and_runtime_by_bundle,敵主力はレビル将軍率いる宇宙艦隊だが……,적의 본대 주력은 레빌 장군이 지휘하는 제1연합우주함대다만……,こ적　주력은　레빌　장군의　우주함대다……,적　주력은　레빌　장군의　우주함대다……,,18E518D1480101010101010101010101010101,True,18F86108F63AE0998FE11EF290FA9BF538F191,2,,,63BDBA,아　바오아　쿠　요새로　향하고　있다,63BDE1,こ별도로　루나２　함대도　요새공략에,quarantine,unresolved
P4_direct_ext3_text_drift,63BDE1,scenario_63BDA3,unverified,review_translation_and_runtime_by_bundle,これとは別に、ルナ２艦隊も要塞攻略に,"이와 별개로, 루나 2 위성 기지에서 발진한 별동 요격 함대 역시 요새 함락 작전에",こ별도로　루나２　함대도　요새공략에,별도로　루나２　함대도　요새공략에,,18E518524A01010101010101010101010101010101,True,18F36DF17EE0900C07F443E026F50120F45BF0B50C,1,,,63BDCC,こ적　주력은　레빌　장군의　우주함대다……,63BDF7,참가한다고　확인됐다。,quarantine,unresolved
P4_direct_ext3_text_drift,63BE02,scenario_63BDA3,unverified,review_translation_and_runtime_by_bundle,例の木馬……ホワイトべ－スを中心に、,"일전에 공포의 목마…… 화이트 베이스를 편대 기함으로 정립하고,",こ그　목마……　화이트　베이스를중심으로、,그　목마……　화이트　베이스를중심으로、,,18E518524C01010101010101010101,True,18E18B05F202F191FE5A15F3DE0C07,1,,,63BDF7,참가한다고　확인됐다。,63BE12,마젤란급　전함이　다수다。,quarantine,unresolved
P4_direct_ext3_text_drift,63BE1E,scenario_63BDA3,unverified,review_translation_and_runtime_by_bundle,各戦艦にはジム級のモビルス－ツ。,각 전투함 격실 내부엔 짐 계열 양산기 편대가 탑재 작동 중이고.,こ각　전함엔　짐급　모빌슈트、,각　전함엔　짐급　모빌슈트、,,18E518524E01010101010101010101,True,18E035F2C4F467F481E25805FD790A,1,,,63BE12,마젤란급　전함이　다수다。,63BE41,호오、　이건　대단한　전력이군요。,quarantine,unresolved
P4_direct_ext3_text_drift,63BE64,scenario_63BE57,unverified,review_translation_and_runtime_by_bundle,この艦隊がレビル艦隊と合流すれば,저 루나 2 함대가 전방의 레빌 본대와 도킹해 편대를 통합해 버리면,こ이　함대가　레빌　함대와　합류하면,이　함대가　레빌　함대와　합류하면,,18E518525001010101010101010101,True,18F362F50117F63AF50113F4E9F7DD,1,,,63BE57,……그렇다。,63BE74,우리　군은　곤경에　빠지게　된다。,quarantine,unresolved
P4_direct_ext3_text_drift,63BE87,scenario_63BE57,unverified,review_translation_and_runtime_by_bundle,そこで、我々は連邦軍の攻撃に先立ち、,"이에 따라, 우리는 적 함대 연합 기동 개시 시점보다 앞서,",こ그래서　우린　연방군　공격에　앞서、,그래서　우린　연방군　공격에　앞서、,,18E51852520101010101010101010101010101,True,18F616076A7108F72A05F35A0CE01AE00E3B07,1,,,63BE74,우리　군은　곤경에　빠지게　된다。,63BE9B,루나　２　함대를　공격한다。,quarantine,unresolved
P4_direct_ext3_text_drift,63BEAD,scenario_63BE57,unverified,review_translation_and_runtime_by_bundle,まず、私とララァ・スン少尉が,"먼저, 이 샤아와 라라아 슨 소위의 전용기가",こ먼저　나와　라라아　슨　소위가,먼저　나와　라라아　슨　소위가,,18E5183BC9010101010101010101,True,18F18C074113F7F02AF086F39D17,1,,,63BE9B,루나　２　함대를　공격한다。,63BEBC,적　함대로　돌입한다。,quarantine,unresolved
P4_direct_ext3_text_drift,63BEC5,scenario_63BE57,unverified,review_translation_and_runtime_by_bundle,敵陣形の乱れをさそい、モビルス－ツ隊が,"적 전함 조준망 대열에 교란 주파수를 송출해 진형을 붕괴시킨 틈을 타, 모빌슈트 부대가",こ적　진형을　흐트러뜨리고、　ＭＳ대가,적　진형을　흐트러뜨리고、　ＭＳ대가,,18E518910D0101010101010101010101010101,True,187FE23FE19605E0EEF04A25220407FD795417,1,,,63BEBC,적　함대로　돌입한다。,63BF3C,우리　군의　사이클롭스대가　사이드　６에,quarantine,unresolved
P4_direct_ext3_text_drift,63BF60,scenario_63BF3C,unverified,review_translation_and_runtime_by_bundle,彼らは核攻撃の中止を知らず、今もサイド６,"그들은 킬링의 핵 포격 전술 기각 소식을 통지받지 못한 채, 여전히 사이드 6",こ그들은　핵공격　중지를　모른　채、,그들은　핵공격　중지를　모른　채、,,18E518D14D010101010101010101010101010101,True,1895F05BF72405F3E415C8F04B077620F723E143,1,,,63BF4E,잠입　중인　사실이　드러났다。,63BF75,사이드　６에서　신형기를　파괴　중이다。,quarantine,unresolved
P4_direct_ext3_text_drift,63BF8B,scenario_63BF3C,unverified,review_translation_and_runtime_by_bundle,我々の目的は、このサイクロプス隊の,"이번 침투의 목적지는, 이 사이클롭스 부대원 전원의",こ우리　목적은　사이클롭스대의,우리　목적은　사이클롭스대의,,18E518525B010101010101010101,True,186A7105F12B0807F362FDB05405,1,,,63BF75,사이드　６에서　신형기를　파괴　중이다。,63BF9A,철수를　지원하는　데　있다。,quarantine,unresolved
P4_direct_ext3_text_drift,63BFA4,scenario_63BF3C,unverified,review_translation_and_runtime_by_bundle,まず、ブラ－ド中佐のムサイが,"우선, 블라드 중령이 지휘하는 무사이 순양함이",こ먼저　브라드　중령의　무사이가,먼저　브라드　중령의　무사이가,,18E518525C01010101010101,True,18F18C07F94AF4CA05F6C317,1,,,63BF9A,철수를　지원하는　데　있다。,63BFB1,사이드　６에　침입한다……,quarantine,unresolved
P4_direct_ext3_text_drift,63C028,scenario_63C015,unverified,review_translation_and_runtime_by_bundle,サイド６との中立協定があるため、,"사이드 6 자치 정부와의 중립 조약선이 엄격히 성립되어 있으므로,",こ사이드６와의　중립협정　때문에、,사이드６와의　중립협정　때문에、,,18E518D1520101010101010101010101010101,True,18F723E143F17F52E00EE0A3E076F587114707,1,,,63C015,덧붙여　작전을　설명하자면……,63C03C,전　부대가　진격할　수는　없다。,quarantine,unresolved
P4_direct_ext3_text_drift,63C04B,scenario_63C015,unverified,review_translation_and_runtime_by_bundle,そのため、サイクロプス隊の救出は,"그리하여, 조난당한 공작 대원 구출 작전은",こ그래서　사이클롭스대　구출은,그래서　사이클롭스대　구출은,,18E51852630101010101010101,True,18F423114707FDB05405F15308,1,,,63C03C,전　부대가　진격할　수는　없다。,63C059,내가　지휘하는　무사이만　맡는다。,quarantine,unresolved
P4_direct_ext3_text_drift,63C068,scenario_63C015,unverified,review_translation_and_runtime_by_bundle,出撃予定のパイロットは、,"해당 엄호 임무에 사출 배속된 조종사들은,",こ출격　예정　파일럿은、,출격　예정　파일럿은、,,18E51852650101010101,True,18F164F53A05FD0B0807,1,,,63C059,내가　지휘하는　무사이만　맡는다。,63C073,무사이에　탑승시켜　두도록。,quarantine,unresolved
P1_direct_ext3_exact_text_control_adjacent,63C07D,scenario_63C015,unverified,high_priority_batch_after_anchor_pass,……以上だ。,……이상이다.,こ……이상이다。,……이상이다。,True,18E518100B0101,True,18F191F3D10D0A,2,1728,True,63C073,무사이에　탑승시켜　두도록。,63C091,샤아　대령은　기체　조정으로　부재라、,quarantine,unresolved
P4_direct_ext3_text_drift,63C0B7,scenario_63C091,unverified,review_translation_and_runtime_by_bundle,まず、現在の情勢だが……,"우선, 최전선 공역의 전황 전조 데이터 보고지만……",こ먼저、　현재　상황은……,먼저、　현재　상황은……,,18E518526801010101010101010101,True,18F18C07F32005E020E0AAF538F191,1,,,63C0A5,내가　대신　작전을　설명한다。,63C0C7,아　바오아　쿠로　향한　연방군은、,quarantine,unresolved
P4_direct_ext3_text_drift,63C0D8,scenario_63C091,unverified,review_translation_and_runtime_by_bundle,我が軍のソ－ラ・レイによって、,"아군이 강제 방사 시동한 초거대 태양 광선포 솔라 레이 직격을 맞아,",こ우리　솔라　레이로、,우리　솔라　레이로、,,18E518526A0101010101010101,True,186A178F05F6A32AF138FA7807,1,,,63C0C7,아　바오아　쿠로　향한　연방군은、,63C0E6,함대의　３０퍼센트를　잃었다。,quarantine,unresolved
P4_direct_ext3_text_drift,63C0F7,scenario_63C091,unverified,review_translation_and_runtime_by_bundle,残存部隊は再結集を終え、,"적의 잔존 함대 쓰레기들은 기어이 대열 재정비를 기결 완료하고,",こ잔존부대는　재집결을　마쳤고、,잔존부대는　재집결을　마쳤고、,,18E518526B0101010101010101010101010101,True,18E01FE0D4F42808E0FBE0DBE09115E0102B07,1,,,63C0E6,함대의　３０퍼센트를　잃었다。,63C10B,곧　아　바오아　쿠에　도착한다。,quarantine,unresolved
P4_direct_ext3_text_drift,63C1BD,scenario_63C1A8,unverified,review_translation_and_runtime_by_bundle,うまく友軍とコンタクトが,그 아이가 무사히 아군 침투 부대와 동조 무전 교신망을,こ우군과　잘　접촉할　수,우군과　잘　접촉할　수,,18E518527501010101,True,18F6ABF17713FCC017,1,,,63C1B4,연락을　기다려야겠군。,63C1C7,있으면　좋겠는데……,quarantine,unresolved
P4_direct_ext3_text_drift,63C1FD,scenario_63C1DC,unverified,review_translation_and_runtime_by_bundle,敵部隊はソロモンに集結中の連邦艦隊。,구조 공역의 적군은 솔로몬 주변에 매설 포진한 연방 대함대.,こ적은　솔로몬에　집결중인　연방함대。,적은　솔로몬에　집결중인　연방함대。,,18E51852790101010101010101,True,18F65B08F9D90CF78805FAFD0A,2,,,63C1EC,구출을　위해　솔로몬　요새로　향한다。,63C20C,こ아나벨　가토　소령의　활약으로、,quarantine,unresolved
P4_direct_ext3_text_drift,63C20C,scenario_63C1DC,unverified,review_translation_and_runtime_by_bundle,アナべル・ガト－少佐の働きにより、,"아나벨 가토 소사의 눈부신 핵 포격 특공 작전 덕택에,",こ아나벨　가토　소령의　활약으로、,아나벨　가토　소령의　활약으로、,,18E518527A0101010101010101010101,True,18FAA02AF58CF3F305E1E1F4EBF48807,1,,,63C1FD,こ적은　솔로몬에　집결중인　연방함대。,63C21D,함정　대부분은　이미　격침됐지만……,quarantine,unresolved
P4_direct_ext3_text_drift,63C230,scenario_63C1DC,unverified,review_translation_and_runtime_by_bundle,いぜん、敵部隊の数は多い。,여전히 요격 잔여 짐 기형 부대의 머릿수가 무수히 많네.,こ아직도　적　부대는　많다。,아직도　적　부대는　많다。,,18E518527B01010101010101010101,True,18F2661907F65B05E0D608E0B9040A,2,,,63C21D,함정　대부분은　이미　격침됐지만……,63C241,こ특히　알비온이란　전함엔、,quarantine,unresolved
P4_direct_ext3_text_drift,63C241,scenario_63C1DC,unverified,review_translation_and_runtime_by_bundle,ことに、アルビオンなる戦艦は、,"특히, 아군을 맹추격하는 알비온급 전함 기형은,",こ특히　알비온이란　전함엔、,특히　알비온이란　전함엔、,,18E518527C0101010101010101,True,1818130C07FBB5F514F2C40807,1,,,63C230,こ아직도　적　부대는　많다。,63C24F,건담이　실려　있다는　정보도　있다。,quarantine,unresolved
P4_direct_ext3_text_drift,63C2F9,scenario_63C2D7,unverified,review_translation_and_runtime_by_bundle,すでに別働のシ－マ艦隊が,진작 지령에 따라 별도 기동 중이던 시마 함대 편대가,こ이미　별동대　시마　함대가,이미　별동대　시마　함대가,,18E51852850101010101010101,True,18F86BE090E1E105F5CFF50117,1,,,63C2ED,최종　단계에　접어들고　있다。,63C307,콜로니　아일랜드　이즈를　탈취했고……,quarantine,unresolved
P4_direct_ext3_text_drift,63C317,scenario_63C2D7,unverified,review_translation_and_runtime_by_bundle,まもなくコロニ－は落下軌道に到達する。,지구 중력 끌림을 유도할 궤적 추락 한계 침로상에 진입 조율이 끝날 걸세.,こ곧　콜로니는　낙하궤도에　진입한다。,곧　콜로니는　낙하궤도에　진입한다。,,18E5185287010101010101010101,True,18FB1DFA7D08FB4C0CF50DF1CB0A,2,,,63C307,콜로니　아일랜드　이즈를　탈취했고……,63C327,こ데라즈　플리트의　용사들이여！,quarantine,unresolved
P4_direct_ext3_text_drift,63C327,scenario_63C2D7,unverified,review_translation_and_runtime_by_bundle,デラ－ズ・フリ－トの勇士諸君よ！,위대한 데라즈 플리트 연합 요격 부서의 용사 여러 장병들이여！,こ데라즈　플리트의　용사들이여！,데라즈　플리트의　용사들이여！,,18E518528801010101010101010101,True,18F93B2AFB0405E248E067F1522303,2,,,63C317,こ곧　콜로니는　낙하궤도에　진입한다。,63C338,こ콜로니가　낙하궤도에　들　때까지,quarantine,unresolved
P4_direct_ext3_text_drift,63C338,scenario_63C2D7,unverified,review_translation_and_runtime_by_bundle,コロニ－が落下軌道に到達するその時まで,저 식민지 콜로니가 추락 목표 침로 궤적에 완전히 안착해 강하 잠금 될 때까지,こ콜로니가　낙하궤도에　들　때까지,콜로니가　낙하궤도에　들　때까지,,18E51852890101010101010101010101,True,18FA7D17FB4C0CF50DF1CBF423B7F19D,1,,,63C327,こ데라즈　플리트의　용사들이여！,63C349,목숨　걸고　지켜　다오！！,quarantine,unresolved
P4_direct_ext3_text_drift,63C3A4,scenario_63C397,unverified,review_translation_and_runtime_by_bundle,グリプスにおいてテスト中の,연방 군 그린란드의 그리프스 요새 내 도크에서 시험 작동 튜닝 중인,こ그리프스에서　시험중인,그리프스에서　시험중인,,18E518528E01010101,True,18FAC6F928F5985205,1,,,63C397,이번　임무는……,63C3AE,티탄즈　신형　모빌슈트의　정찰이다。,quarantine,unresolved
P4_direct_ext3_text_drift,63C3BB,scenario_63C397,unverified,review_translation_and_runtime_by_bundle,まずは私とアポリ－、ロべルトが,"1단계 기동은 나 샤아와 아폴리, 로베르트 소대원들이",こ먼저　나와　아폴리、　로베르토가,먼저　나와　아폴리、　로베르토가,,18E518528F010101010101,True,18F84F4113FB4907FB6E17,1,,,63C3AE,티탄즈　신형　모빌슈트의　정찰이다。,63C3C7,그리프스에　잠입한다。,quarantine,unresolved
P4_direct_ext3_text_drift,63C3D1,scenario_63C397,unverified,review_translation_and_runtime_by_bundle,他の者はア－ガマで待機だ。,잔여 대원들은 침입 발각 시의 탈출 요격을 위해 아가마호 함실 대기하라.,こ나머지는　아가마에서　대기한다。,나머지는　아가마에서　대기한다。,,18E51852910101010101010101,True,18E0ED059F08FB7816F29E0D0A,2,,,63C3C7,그리프스에　잠입한다。,63C3E0,こ티탄즈와　접촉하면、,quarantine,unresolved
P4_direct_ext3_text_drift,63C3E0,scenario_63C397,unverified,review_translation_and_runtime_by_bundle,ティタ－ンズとの接触があった場合、,"티탄즈 보초 병력과 기형 조우해 동조 사격선이 겹쳐 발각될 경우,",こ티탄즈와　접촉하면、,티탄즈와　접촉하면、,,18E518920301010101010101,True,18FDC4F17FF061FB6DF30C07,1,,,63C3D1,こ나머지는　아가마에서　대기한다。,63C3ED,전투가　될　가능성도　충분하다。,quarantine,unresolved
P4_direct_ext3_text_drift,63C426,scenario_63C41A,unverified,review_translation_and_runtime_by_bundle,先ほどのティタ－ンズからの通ちょうですが,방금 기함 통신실로 송출되어 온 티탄즈 수뇌부의 긴급 요격 조항 통지문에 대해,こ방금　티탄즈의　통보입니다만、,방금　티탄즈의　통보입니다만、,,18E518529401010101010101010101,True,18E01AF8A3FDC4F67EAE3B8914F8AB,1,,,63C41A,……블랙스　준장。,63C436,준장께서는　어떻게　하실　생각입니까？,quarantine,unresolved
P4_direct_ext3_text_drift,63C452,scenario_63C448,unverified,review_translation_and_runtime_by_bundle,……ヤツらの指示通り、,"……저 오만한 티탄즈 놈들의 요구 사항 공식대로,",こ……놈들　지시대로、,……놈들　지시대로、,,18E518529601010101010101,True,18F191F2D4F059F146AE2707,1,,,63C448,………………,63C45F,지정　공역까지　갈　수밖에　없겠지。,quarantine,unresolved
P3_direct_ext3_control_adjacent_text_drift,63C4BB,scenario_63C496,unverified,confirm_current_text_then_rehome,……今は従うより他に手はない。,……현 전황 제원상으로는 우선 적진 항로대로 순종하며 틈새를 엿보는 길 외엔 요격 가수가 전무하네.,こ……지금은　따를　수밖에　없다。,……지금은　따를　수밖에　없다。,,18E518529C0101010101010101010101,True,18F1917608E14AF87AE0ED0C72F6FE0A,2,082B,True,63C4A7,가만히　보고만　있을　순　없잖나！,63C4D0,………………,quarantine,unresolved
P4_direct_ext3_text_drift,63C4F4,scenario_63C4E2,unverified,review_translation_and_runtime_by_bundle,ティタ－ンズからは,티탄즈 사령부 명패를 달고는,こ티탄즈에서는,티탄즈에서는,,18E5183BCA01,True,18FDC4F12408,1,,,63C4E2,곧　사다란에서　회담이　열린다。,63C4FB,자미토프　하이만과　그　측근……,quarantine,unresolved
P4_direct_ext3_text_drift,63C50B,scenario_63C4E2,unverified,review_translation_and_runtime_by_bundle,当方はブレックス准将と,우리 에우고 지휘부 측에선 블렉스 준장님과,こ우린　블랙스　준장과,우린　블랙스　준장과,,18E51852A00101010101,True,18E0147D08FC82F36413,1,,,63C4FB,자미토프　하이만과　그　측근……,63C516,크와트로　대위가　참석한다。,quarantine,unresolved
P4_direct_ext3_text_drift,63C522,scenario_63C4E2,unverified,review_translation_and_runtime_by_bundle,我々は万ーの場合に備え、,"아군은 회담 도중 기습 요격을 당할 초 긴급 돌발 참상에 대비하여,",こ우린　만일의　사태에　대비해、,우린　만일의　사태에　대비해、,,18E51852A10101010101010101,True,186A7108F33B05F30C0CC52B07,1,,,63C516,크와트로　대위가　참석한다。,63C530,사다란　인근　우주역에서　대기한다。,quarantine,unresolved
P4_direct_ext3_text_drift,63C53E,scenario_63C4E2,unverified,review_translation_and_runtime_by_bundle,各パイロットは、事が起こった場合に,"각 출격 모빌슈트 장수들은, 함교 통신선에 경보가 울리는 즉시",こ각　파일럿은　상황　발생시,각　파일럿은　상황　발생시,,18E51852A3010101010101010101010101,True,18E035FD0B0807AB17E0FFF35911F30C0C,1,,,63C530,사다란　인근　우주역에서　대기한다。,63C5A9,다음　목적지는　홍콩이다。,quarantine,unresolved
P4_direct_ext3_text_drift,63C5B9,scenario_63C5A9,unverified,review_translation_and_runtime_by_bundle,ホンコンでカラバと合流し、,"홍콩 입항 도크에서 지상 반란 단체 카라바 소대와 합동 기동,",こ홍콩에서　카라바와　합류해、,홍콩에서　카라바와　합류해、,,18E51852A8010101010101,True,18F9F116F63D13F4E91207,1,,,63C5A9,다음　목적지는　홍콩이다。,63C5C5,보급과　정비　등을　실시한다。,quarantine,unresolved
P4_direct_ext3_text_drift,63C5D2,scenario_63C5A9,unverified,review_translation_and_runtime_by_bundle,なお、補給終了までは、各クル－に,"또한,　보급이　끝날　때까지",こ보급이　끝날　때까진、　각　승무원에게,보급이　끝날　때까진、　각　승무원에게,,18E5183A1E0101010101010101010101,True,18F52507F2B2F4ADF62B07E035F7F30C,1,,,63C5C5,보급과　정비　등을　실시한다。,63C5E3,상륙　휴가를　줄　예정이다。,quarantine,unresolved
P4_direct_ext3_text_drift,63C62E,scenario_63C619,unverified,review_translation_and_runtime_by_bundle,アジア地域にはティタ－ンズの,홍콩을 포함한 아시아 판짜기 지역 내에는 티탄즈의,こ아시아엔　티탄즈의,아시아엔　티탄즈의,,18E51852AC010101010101,True,18F7E89EE103F467FDC405,1,,,63C625,괜찮겠습니까……？,63C63A,무라사메　연구소도　있는데……,quarantine,unresolved
P4_direct_ext3_text_drift,63C68B,scenario_63C66C,unverified,review_translation_and_runtime_by_bundle,各員、安心して,"각 조종사 장병들은, 걱정일랑 정돈해 내려놓고",こ각자、　안심하고,각자、　안심하고,,18E51852AF010101,True,18F14907F482F413,1,,,63C67D,호위에　나선다。,63C694,지금　마음과　몸을　쉬도록　하게。,quarantine,unresolved
P1_direct_ext3_exact_text_control_adjacent,63C6A8,scenario_63C66C,unverified,high_priority_batch_after_anchor_pass,……以上だ。,……이상이다.,こ……이상이다。,……이상이다。,True,18E518100B0101,True,18F191F3D10D0A,2,1728,True,63C694,지금　마음과　몸을　쉬도록　하게。,63C6B9,이번　임무는　지구로　향하는,quarantine,unresolved
P4_direct_ext3_text_drift,63C6D8,scenario_63C6B9,unverified,review_translation_and_runtime_by_bundle,現在、ネオ・ジオン艦隊はアフリカ大陸に,"현재, 네오 지온 함대는 아프리카 요새 영토로",こ현재　네오　지온함대는　아프리카에,현재　네오　지온함대는　아프리카에,,18E518D15F010101010101010101010101,True,18F32007F1002AF7ABF50108FB5EF57D0C,1,,,63C6CA,네오　지온　함대의　추격이다！,63C6EA,강하하려　위성　궤도로　향한다。,quarantine,unresolved
P4_direct_ext3_text_drift,63C6F9,scenario_63C6B9,unverified,review_translation_and_runtime_by_bundle,敵は非常に大規模な艦隊であり、,"적의 요격 전투함 규격 제원 자체가 비상식적으로 압도 대규모라,",こ적은　매우　큰　함대라、,적은　매우　큰　함대라、,,18E51852B2010101010101010101010101,True,187F08F3090C5CE331E48006F501F79B07,1,,,63C6EA,강하하려　위성　궤도로　향한다。,63C70B,우리와　전력　차가　상당히　크다。,quarantine,unresolved
P4_direct_ext3_text_drift,63C71C,scenario_63C6B9,unverified,review_translation_and_runtime_by_bundle,そこで我々は、敵艦隊が大気圏に,"이에 따라 우리 지휘부는, 적의 거대 수송선단이 지구 대기권 진입 열 차단막에",こ그래서　적　함대가　대기권에,그래서　적　함대가　대기권에,,18E51852B30101010101010101,True,18F6166A710807F67317F65C0C,1,,,63C70B,우리와　전력　차가　상당히　크다。,63C72A,진입하는　틈을　노려　공격한다。,quarantine,unresolved
P4_direct_ext3_text_drift,63C797,scenario_63C78D,unverified,review_translation_and_runtime_by_bundle,戦いは２手３手先を考えて行うものだと,원래 전장 기동 포격 혈투는 적장의 패보다 2수 3수 앞을 내다보고 설계 조율하는 법이라며,こ싸움은　두세　수　앞을　보고　하라고,싸움은　두세　수　앞을　보고　하라고,,18E51852B8010101010101010101010101010101010101,True,1839F27FE02672E07172E01A15E04DF11E6B142005F547,1,,,63C78D,……네。,63C7AF,크와트로　대위께　배웠으니까요。,quarantine,unresolved
P4_direct_ext3_text_drift,63C7F2,scenario_63C7E8,unverified,review_translation_and_runtime_by_bundle,ネオ・ジオン艦隊の勢力は……,남하 침투하는 네오 지온 함대의 주력 규모 스펙은……,こ네오　지온　함대의　전력은……,네오　지온　함대의　전력은……,,18E518D160010101010101010101,True,18F1002AF7ABF50105F13E08F191,2,,,63C7E8,……네！,63C802,こ기함　사다란을　중심으로、,quarantine,unresolved
P4_direct_ext3_text_drift,63C802,scenario_63C7E8,unverified,review_translation_and_runtime_by_bundle,旗艦サダラ－ンを中心に、,"총기함 사다란호를 주축 요격선 삼아,",こ기함　사다란을　중심으로、,기함　사다란을　중심으로、,,18E51852BB0101010101,True,18F2BDFBCB15F3DE0C07,1,,,63C7F2,こ네오　지온　함대의　전력은……,63C80D,엔드라형　순양함이　다수입니다。,quarantine,unresolved
P4_direct_ext3_text_drift,63C820,scenario_63C7E8,unverified,review_translation_and_runtime_by_bundle,各艦には直援用のモビルス－ツが,각 순양함 격실 내부엔 직속 함대 호위 요격용 모빌슈트 편대가,こ각　함엔　직엄　모빌슈트가,각　함엔　직엄　모빌슈트가,,18E51852BD010101010101010101,True,18F13FF467E066E074C905FD7917,1,,,63C80D,엔드라형　순양함이　다수입니다。,63C82F,탑재돼　있을　것으로　보입니다。,quarantine,unresolved
P3_direct_ext3_control_adjacent_text_drift,63C839,scenario_63C7E8,unverified,confirm_current_text_then_rehome,敵主力は、ガザタイプのモビルス－ツ。,"적의 양산 1선 요격기는, 가자 계열 모빌슈트 기형입니다.",こ적　주력은　가자형　모빌슈트。,적　주력은　가자형　모빌슈트。,,18E518D162010101010101,True,18F8610807FCCF05FD790A,2,082B,True,63C82F,탑재돼　있을　것으로　보입니다。,63C849,……그쪽은　그리　두렵지　않군。,quarantine,unresolved
P4_direct_ext3_text_drift,63C85B,scenario_63C849,unverified,review_translation_and_runtime_by_bundle,むしろ、真に警戒すベきは,"오히려, 아군 콕핏 장갑을 참수 뇌격해 뚫어낼 극도로 경계해야 할 타깃은",こ오히려　진짜　경계할　것은,오히려　진짜　경계할　것은,,18E518911A01010101010101,True,18F89907E0840CF3F0F63B08,1,,,63C849,……그쪽은　그리　두렵지　않군。,63C868,장교용　커스텀기겠지。,quarantine,unresolved
P4_direct_ext3_text_drift,63C885,scenario_63C875,unverified,review_translation_and_runtime_by_bundle,ガザタイプは変形能力を備えていますが、,"가자 계열 기종은 가변 기동 변형 추진을 탑재해 가속 성능은 양호하다만,",こ가자형은　변형능력이　있지만、,가자형은　변형능력이　있지만、,,18E518D1630101010101010101010101,True,18FCCF08E073E196F0D315C5FBF41707,1,,,63C875,네、　대위님　말씀이　맞습니다。,63C896,전투력은　그리　높지　않습니다。,quarantine,unresolved
P4_direct_ext3_text_drift,63C8A3,scenario_63C875,unverified,review_translation_and_runtime_by_bundle,ー方、士官用のザクⅢなどは,"반면, 네오 지온 장교용으로 특별 튜닝 릴리즈된 자쿠 3 등은",こ한편　장교용　자쿠Ⅲ　등은,한편　장교용　자쿠Ⅲ　등은,,18E51852C1010101010101010101,True,18F02B07F6D605F06BE4D4F51F08,1,,,63C896,전투력은　그리　높지　않습니다。,63C8B2,중화력을　갖췄으니　주의가　필요합니다。,quarantine,unresolved
P4_direct_ext3_text_drift,63C90D,scenario_63C905,unverified,review_translation_and_runtime_by_bundle,我々が向かっているのは、,"아군 편대가 추진 가속 중인 목표 좌표지는,",こ우리가　향하는　곳은、,우리가　향하는　곳은、,,18E5184BC70101010101,True,186A7117D5FD05F44B07,1,,,63C905,네。,63C918,아시아의　연방군　기지입니다。,quarantine,unresolved
P4_direct_ext3_text_drift,63C926,scenario_63C905,unverified,review_translation_and_runtime_by_bundle,エゥ－ゴ本部からの情報によると……,에우고 사령부 본부의 특급 암호 첩보 문서 제원에 따르면……,こ에우고　본부　정보에　따르면……,에우고　본부　정보에　따르면……,,18E51852C701010101010101010101,True,18F8E3F29AF67EF4A60C23F3F4F191,2,,,63C918,아시아의　연방군　기지입니다。,63C937,こ이곳은　뉴타입　연구소로、,quarantine,unresolved
P4_direct_ext3_text_drift,63C937,scenario_63C905,unverified,review_translation_and_runtime_by_bundle,この基地はニュ－タイプ研究所で、,"해당 거점 요새의 정체는 특급 기밀 뉴타입 생체 실험실이며,",こ이곳은　뉴타입　연구소로、,이곳은　뉴타입　연구소로、,,18E51852C801010101010101,True,18F362F33508FD6CF8361607,1,,,63C926,こ에우고　본부　정보에　따르면……,63C944,티탄즈의　지휘하에　있답니다。,quarantine,unresolved
P4_direct_ext3_text_drift,63C971,scenario_63C954,unverified,review_translation_and_runtime_by_bundle,ここで何が起こっているかを確認するのが,해당 격실 내부에서 어떠한 음모 코드가 실시간 작동 중인지 진상을 특정 정찰해 내는 것이,こ여기서　무슨　일이　있는지,여기서　무슨　일이　있는지,,18E51852CC01010101010101010101010101,True,18F79D9A17E0FFF3590BF2900E15F45FFAC1,1,,,63C963,누군가와　교전　중이며……,63C984,우리의　목적이다。,quarantine,unresolved
P4_direct_ext3_text_drift,63C98D,scenario_63C954,unverified,review_translation_and_runtime_by_bundle,場合によってはティタ－ンズとの,접촉 전개 상황 흐름에 따라선 티탄즈 부대원 기형들과,こ경우에　따라선　티탄즈와,경우에　따라선　티탄즈와,,18E51852CE01010101,True,18F30CFBD0FDC4F17F,1,,,63C984,우리의　목적이다。,63C997,전투가　벌어질　수도　있다。,quarantine,unresolved
P3_direct_ext3_control_adjacent_text_drift,63C9A4,scenario_63C954,unverified,confirm_current_text_then_rehome,各員、準備は怠るなよ！,전 정예 파일럿들은 콕핏 봉인 해제하고 동조 임전 상태를 단단히 다잡아라！,こ각자、　준비를　게을리하지　마라！,각자、　준비를　게을리하지　마라！,,18E518911D0101010101010101,True,18F14907F0D808E2E0F3F82303,2,1728,True,63C997,전투가　벌어질　수도　있다。,63C9BB,이번　목표는,quarantine,unresolved
P4_direct_ext3_text_drift,63C9D2,scenario_63C9BB,unverified,review_translation_and_runtime_by_bundle,まずは、ト－レス。,"우선, 토레스 중위부터 첩보 정보를 보고하게.",こ먼저、　토레스。,먼저、　토레스。,,18E51852D10101,True,18F84F07FB5D0A,1,,,63C9C6,킬리만자로　기지　공략이다。,63C9DA,적　전력　정보를　말해　줘。,quarantine,unresolved
P4_direct_ext3_text_drift,63CA0F,scenario_63C9F7,unverified,review_translation_and_runtime_by_bundle,その防衛には多くの戦力が,해당 공역 방패막이 요격을 위해 엄청난 무장 병력과 요격선단을,こ그　방어에　많은　전력이,그　방어에　많은　전력이,,18E51852D4010101010101010101,True,18F423F313F467E0B9F0F6F38717,1,,,63CA03,중요　거점　중　하나이며、,63CA1E,투입돼　있습니다。,quarantine,unresolved
P4_direct_ext3_text_drift,63CA28,scenario_63C9F7,unverified,review_translation_and_runtime_by_bundle,現在確認されているところでは、,"현 시간부 레이다망 정밀 분석 제원 상 검출된 규모는,",こ현재　확인된　바로는、,현재　확인된　바로는、,,18E518D16401010101010101,True,18F320F45FFD641842F26107,2,,,63CA1E,투입돼　있습니다。,63CA36,こ모빌슈트대가　약　１개　사단。,quarantine,unresolved
P4_direct_ext3_text_drift,63CA36,scenario_63C9F7,unverified,review_translation_and_runtime_by_bundle,モビルス－ツ部隊が約１個師団。,침투 방어 전담 모빌슈트 요격 부대만 무려 대략 1개 사단 급 규격입니다.,こ모빌슈트대가　약　１개　사단。,모빌슈트대가　약　１개　사단。,,18E51852D60101010101010101010101,True,18FD79F42817E14ECFE31CE13CE22F0A,1,,,63CA28,こ현재　확인된　바로는、,63CA47,우리　전력의　두　배에　가깝습니다。,quarantine,unresolved
P4_direct_ext3_text_drift,63CA5F,scenario_63C9F7,unverified,review_translation_and_runtime_by_bundle,また、この他にニュ－タイプ研の試作機が,"또한, 이 전력 요새 격실 내부엔 뉴타입 연구소 기술진이 제조한 괴물 MA 시작기가",こ또　뉴타입연구소의　시험기도,또　뉴타입연구소의　시험기도,,18E51852D80101010101010101010101010101,True,18F19407F362E0ED0CFD6CE0CB05E300B28017,1,,,63CA47,우리　전력의　두　배에　가깝습니다。,63CA82,그야말로　대단한　진용이군……,quarantine,unresolved
P4_direct_ext3_text_drift,63CAA7,scenario_63CA95,unverified,review_translation_and_runtime_by_bundle,なによりティタ－ンズはこの戦力に,무엇보다 티탄즈 지배자 자식들은 이 압도적인 병력 제원 수치만 맹신하고,こ티탄즈는　이　전력을　믿고,티탄즈는　이　전력을　믿고,,18E51852DA01010101010101,True,18F51CF488FDC4F88CF3870C,1,,,63CA95,하지만　그게　노림수이기도　해。,63CAB4,믿고　방심한　듯　경계가　느슨하다。,quarantine,unresolved
P4_direct_ext3_text_drift,63CAC5,scenario_63CA95,unverified,review_translation_and_runtime_by_bundle,そこで、我々は敵監視網の隙をつき、,"따라서, 우리는 적의 감시 레이다망 사각지대 틈새 좌표로 기습 초속 추진 항진하여,",こ우린　적의　감시망　틈을　타、,우린　적의　감시망　틈을　타、,,18E51852DB010101010101010101010101010101,True,18F616076A71087FE35AE230E39305E40FF7EA07,1,,,63CAB4,믿고　방심한　듯　경계가　느슨하다。,63CADA,킬리만자로에　접근……,quarantine,unresolved
P3_direct_ext3_control_adjacent_text_drift,63CAE3,scenario_63CA95,unverified,confirm_current_text_then_rehome,敵が防備を整える前に基地を陥落させる。,적의 메인 컴퓨터가 방어 쉴드 시동을 완전히 승인 기동하기 전에 기지를 타격 제압해 함락시킨다.,こ적이　대비하기　전에　기지를　함락한다。,적이　대비하기　전에　기지를　함락한다。,,18E518911F010101010101010101010101010101,True,187F17F37D15E09CF0BB960CF33515F15FF82C0A,2,1728,True,63CADA,킬리만자로에　접근……,63CAFE,……설명은　이상이다。,quarantine,unresolved
P4_direct_ext3_text_drift,63CB0C,scenario_63CAFE,unverified,review_translation_and_runtime_by_bundle,キリマンジャロを落とせれば、,"킬리만자로 거점을 강탈해 지워버릴 수만 있다면,",こ킬리만자로를　함락하면、,킬리만자로를　함락하면、,,18E51852DE010101010101,True,18FE0515E033F188F03E07,1,,,63CAFE,……설명은　이상이다。,63CB18,티탄즈의　전력은　크게　약화된다。,quarantine,unresolved
P4_direct_ext3_text_drift,63CB28,scenario_63CAFE,unverified,review_translation_and_runtime_by_bundle,各員、そのつもりで,전 정예 파일럿들은 조국의 기사도 훈장을 가슴에 얹고,こ각자　그럴　각오로,각자　그럴　각오로,,18E5181BC401,True,18F14907FD43,1,,,63CB18,티탄즈의　전력은　크게　약화된다。,63CB2F,이번　작전에　임해주길　바란다！,quarantine,unresolved
P4_direct_ext3_text_drift,63CB75,scenario_63CB5C,unverified,review_translation_and_runtime_by_bundle,作戦前に連れ戻せればいいのだが、,"작전 강제 기동 시간 전까지 콕핏을 캐치해 본 함 도크로 견인해 오면 다행이다만,",こ작전　전에　데려오면　좋겠지만、,작전　전에　데려오면　좋겠지만、,,18E518912201010101010101010101010101,True,18F1E3960C901BE04234F03EF25305F53807,1,,,63CB69,카미유를　뒤쫓고　있다。,63CB88,아마　무리겠지。,quarantine,unresolved
P4_direct_ext3_text_drift,63CBDF,scenario_63CBC0,unverified,review_translation_and_runtime_by_bundle,我々はこれよりダカ－ルへ向かい、,"우리는 즉각 함대 침로를 다카르로 선회 기동하여,",こ우린　이제　다카르로　가서、,우린　이제　다카르로　가서、,,18E51852E601010101010101,True,186A71FD26FB3291D5F14807,1,,,63CBD3,작전에는　변경이　없다。,63CBEC,네오　지온　함대를　추격한다。,quarantine,unresolved
P4_direct_ext3_text_drift,63CBFE,scenario_63CBC0,unverified,review_translation_and_runtime_by_bundle,敵の目標はダカ－ルの連邦議会であり、,"적 하만 칸의 사격 좌표는 다카르의 연방 의회 의사당 건물이며,",こ적　목표는　다카르의　연방의회며、,적　목표는　다카르의　연방의회며、,,18E51852E7010101010101010101,True,187F05F17508FB3205F92DF79B07,1,,,63CBEC,네오　지온　함대를　추격한다。,63CC0D,이를　막는　게　당면　목표다。,quarantine,unresolved
P4_direct_ext3_text_drift,63CC1C,scenario_63CBC0,unverified,review_translation_and_runtime_by_bundle,各員、いつでも戦闘に入れるよう,전 소대 파일럿들은 콕핏 해치를 걸어 잠그고 즉시 실전 사격 가동이 가능한 수준으로,こ각자、　언제든　전투하도록,각자、　언제든　전투하도록,,18E5189126010101010101010101,True,18F14907F8FDF3370CBFF047F49E,1,,,63CC0D,이를　막는　게　당면　목표다。,63CC2B,준비해　두길　바란다。,quarantine,unresolved
P4_direct_ext3_text_drift,63CCE9,scenario_63CCC7,unverified,review_translation_and_runtime_by_bundle,敵の目標はダカ－ルの連邦議会であり、,"적의　목표는　다카르의　연방　의회이며,",こ적　목표는　다카르의　연방의회며、,적　목표는　다카르의　연방의회며、,,18E5183D3B010101010101010101,True,187F05F17508FB3205F92DF79B07,1,,,63CCDB,현재　다카르로　진군하고　있다。,63CCF8,이를　막는　게　당면　목표다。,quarantine,unresolved
P2_direct_ext3_exact_text,63CD07,scenario_63CCC7,unverified,second_batch_representative_runtime_test,幸いなことに、ネオ・ジオン艦隊は,다행히　네오지온　함대는,こ다행히　네오지온　함대는,다행히　네오지온　함대는,True,18E518D16E010101010101010101,True,18E12CFC0C07F1002AF7ABF50108,1,,,63CCF8,이를　막는　게　당면　목표다。,63CD16,방금　전투로　전력을　소모했다。,quarantine,unresolved
P4_direct_ext3_text_drift,63CD29,scenario_63CCC7,unverified,review_translation_and_runtime_by_bundle,敵が戦力を立てなおす前に追撃を加え、,"적이　전력을　세우기　전에　추격을　가해,",こ적이　전력을　세우기　전에　추격을　가해,적이　전력을　세우기　전에　추격을　가해,,18E518D1700101010101010101010101010101,True,187F17F38715E00EF942960CF0AE15E1012B07,1,,,63CD16,방금　전투로　전력을　소모했다。,63CD3D,네오　지온의　다카르　진입을　저지한다！,quarantine,unresolved
P2_direct_ext3_exact_text,63CE14,scenario_63CDFA,unverified,second_batch_representative_runtime_test,サンクキングダムはヨ－ロッパ貴族と,생크　킹덤은　유럽　귀족과,こ생크　킹덤은　유럽　귀족과,생크　킹덤은　유럽　귀족과,True,18E518A10B01010101,True,18FEA008FCEBF0AD13,1,,,63CE07,침공했다는　정보가　들어왔다。,63CE1E,깊은　연고가　있는　나라로……,quarantine,unresolved
P4_direct_ext3_text_drift,63CE32,scenario_63CDFA,unverified,review_translation_and_runtime_by_bundle,万ーサンクキングダムが陥落した場合、,만일　생크　킹덤이　함락되면,こ만일　생크　킹덤이　함락되면、,만일　생크　킹덤이　함락되면、,,18E5180DA00101010101010101,True,18F33BFEA017F15FF41BF30C07,1,,,63CE1E,깊은　연고가　있는　나라로……,63CE40,연방　의회에　미칠　영향은　크다。,quarantine,unresolved
P2_direct_ext3_exact_text,63CE50,scenario_63CDFA,unverified,second_batch_representative_runtime_test,しかし、サンクキングダムに軍隊はなく、,"그러나　생크　킹덤에는　군대가　없고,",こ그러나　생크　킹덤에는　군대가　없고、,그러나　생크　킹덤에는　군대가　없고、,True,18E518A10E0101010101010101,True,18F82807FEA00CF001F09E2407,1,,,63CE40,연방　의회에　미칠　영향은　크다。,63CE5E,현재　왕성은　함락의　위기에　노출되어,quarantine,unresolved
P4_direct_ext3_text_drift,63CEA6,scenario_63CE92,unverified,review_translation_and_runtime_by_bundle,独自に開発したモビルス－ツを配備しており,독자적으로　개발한　모빌스츠를　배치하고　있어,こ독자　개발한　ＭＳ를　배치했고、,독자　개발한　ＭＳ를　배치했고、,,18E5181BC501010101010101010101,True,18F07F0CF4B0F41BFD7915F585F9D2,1,,,63CE92,이번　적　부대인　네오　지온은……,63CEB6,중ＭＳ가　대부분입니다。,quarantine,unresolved
P4_direct_ext3_text_drift,63CEC6,scenario_63CE92,unverified,review_translation_and_runtime_by_bundle,特に指揮官用のカスタム機は性能も高く、,"특히　지휘관용의　커스텀기는　성능도　높고,",こ특히　지휘관용의　커스텀기는　성능도,특히　지휘관용의　커스텀기는　성능도,,18E518D1800101010101010101010101010101,True,18E1500CF59FC905F8F58008F39420E0AD2407,1,,,63CEB6,중ＭＳ가　대부분입니다。,63CEDA,주의가　필요합니다。,quarantine,unresolved
P3_direct_ext3_control_adjacent_text_drift,63CF49,scenario_63CF2D,unverified,confirm_current_text_then_rehome,シグ中尉のシスク－ドもです！！,시그　중위의　시스크도도입니다！　！,こ시그　중위의　시스쿠드도　그렇습니다！！,시그　중위의　시스쿠드도　그렇습니다！！,,18E5183D3E01010101010101,True,18F50BF55905FCDAF735F044,2,0861,True,63CF3C,격납고에서　사라졌습니다！,63CF5A,뭐라고！？,quarantine,unresolved
P4_direct_ext3_text_drift,63CF7C,scenario_63CF66,unverified,review_translation_and_runtime_by_bundle,先ほどからドモン・カッシュは,방금　전부터　도몬　캐쉬는,こ얼마　전부터　도몬　캇슈는,얼마　전부터　도몬　캇슈는,,18E518058F0101010101010101,True,18E01AF16AF124F5892AFA5308,1,,,63CF66,설마　레인　양을　구하러　간　건가？,63CF8A,그　일을　몹시　걱정했던　모양인데……,quarantine,unresolved
P2_direct_ext3_exact_text,63CFAE,scenario_63CFA1,unverified,second_batch_representative_runtime_test,ネオ・ジオンのダカ－ル侵攻は,네오지온의　다카르　침공은,こ네오　지온의　다카르　침공은,네오　지온의　다카르　침공은,True,18E518059101010101010101,True,18F1002AF7AB05FB32F10C08,1,,,63CFA1,어떻게　하시겠습니까、　브라이트　함장？,63CFBB,눈앞에　닥쳤습니다만……,quarantine,unresolved
P4_direct_ext3_text_drift,63CFEA,scenario_63CFDB,unverified,review_translation_and_runtime_by_bundle,先行したクワトロ大尉は現在、,"선행한　콰트로　대위는　현재,",こ선행한　크와트로　대위는　현재、,선행한　크와트로　대위는　현재、,,18E51805940101010101010101,True,18F2F9F41BFB96F08E08F32007,1,,,63CFDB,곧　다카르에　도착한다。,63CFF8,의원들을　설득하려　의회에　들어갔다。,quarantine,unresolved
P4_direct_ext3_text_drift,63D00A,scenario_63CFDB,unverified,review_translation_and_runtime_by_bundle,我々の目的は、大尉の演説が終わるまで,우리의　목적은　대위　연설이　끝날　때까지,こ목적은、대위의　연설이　끝날　때까지,목적은、대위의　연설이　끝날　때까지,,18E518C5C7010101010101010101010101010101,True,186A7105F12B0807F08E05F2A417E010310FF19D,1,,,63CFF8,의원들을　설득하려　의회에　들어갔다。,63D01F,의사당을　끝까지　지키는　것이다！,quarantine,unresolved
P3_direct_ext3_control_adjacent_text_drift,63D02F,scenario_63CFDB,unverified,confirm_current_text_then_rehome,ト－レス、敵部隊についての情報を。,"토레스 중위, 습격하는 적의 요격 제원 정보를 보고하게.",こ토레스、　적　부대　정보를。,토레스、　적　부대　정보를。,,18E51852F001010101010101,True,18FB5D07F65BFCD0F4A6150A,2,084B,True,63D01F,의사당을　끝까지　지키는　것이다！,63D040,예。,quarantine,unresolved
P4_direct_ext3_text_drift,63D048,scenario_63D040,unverified,review_translation_and_runtime_by_bundle,現在、ダカ－ル付近には、ティタ－ンズの,"현재, 다카르 국경 외곽 지구에는 티탄즈의",こ현재、다카르　부근에는　티탄즈의,현재、다카르　부근에는　티탄즈의,,18E5180598010101010101010101,True,18F32007FB32F28DF46707FDC405,1,,,63D040,예。,63D057,모빌슈트　부대가　전개돼　있습니다。,quarantine,unresolved
P4_direct_ext3_text_drift,63D063,scenario_63D040,unverified,review_translation_and_runtime_by_bundle,これらの部隊は、大尉の演説と同時に,이러한 부대들은 대위의 연설과 동시에,こ이들은　대위의　연설과　동시에,이들은　대위의　연설과　동시에,,18E51852F30101010101010101010101,True,18FAEFF4280807F08E05F2A413F2ED0C,1,,,63D057,모빌슈트　부대가　전개돼　있습니다。,63D074,의사당　제압에　나설　것으로　보입니다。,quarantine,unresolved
P4_direct_ext3_text_drift,63D085,scenario_63D040,unverified,review_translation_and_runtime_by_bundle,これらの部隊はパプテマス・シロッコが,이러한 부대들은 팝티머스 시로코 대령의 사법 결재 통제 하에 기동하는,こ이들을　팝티머스　시로코가,이들을　팝티머스　시로코가,,18E518912701010101010101,True,18FAEFF42808FC162AF9F317,1,,,63D074,의사당　제압에　나설　것으로　보입니다。,63D092,이끈다는　정보도　있으며……,quarantine,unresolved
P4_direct_ext3_text_drift,63D0A0,scenario_63D040,unverified,review_translation_and_runtime_by_bundle,新型モビルス－ツも,티탄즈 특급 기종인 고출력 신조기 소체들 또한,こ신형　모빌슈트도,신형　모빌슈트도,,18E51852F501,True,18F3A9FD7920,1,,,63D092,이끈다는　정보도　있으며……,63D0B9,현재　전력　균형을　뒤집으려면、,quarantine,unresolved
P3_direct_ext3_control_adjacent_text_drift,63D0E2,scenario_63D0B9,unverified,confirm_current_text_then_rehome,各員、たのんだぞ！,"각 소대 파일럿들의 어깨에 에우고의 명운이 걸려 있네, 분투해 다오！",こ각자、　부탁한다！,각자、　부탁한다！,,18E5182CF00101,True,18F14907FCBF03,2,1728,True,63D0CF,무슨　수를　써서라도　의회를　얻는다。,63D0F3,곧　다카르에　도착한다。,quarantine,unresolved
P4_direct_ext3_text_drift,63D102,scenario_63D0F3,unverified,review_translation_and_runtime_by_bundle,我々の目的は、ダカ－ル議会を,"우리 특공 편대의 전략 목적은, 다카르 연방 의사당 영토를",こ우리　목표는　다카르　의회를,우리　목표는　다카르　의회를,,18E51852F90101010101010101,True,186A7105F12B0807FB32F52315,1,,,63D0F3,곧　다카르에　도착한다。,63D110,네오　지온군에게서　해방하는　것이다！,quarantine,unresolved
P3_direct_ext3_control_adjacent_text_drift,63D11F,scenario_63D0F3,unverified,confirm_current_text_then_rehome,ト－レス、敵戦力についての情報を。,"토레스 중위, 강하한 적의 요격 규모 정보를 보고하라.",こ토레스、　적　전력　정보를。,토레스、　적　전력　정보를。,,18E51852FA01010101010101,True,18FB5D07F8A4FCD0F4A6150A,2,084B,True,63D110,네오　지온군에게서　해방하는　것이다！,63D130,예。,quarantine,unresolved
P4_direct_ext3_text_drift,63D138,scenario_63D130,unverified,review_translation_and_runtime_by_bundle,ダカ－ル議会を占拠したネオ・ジオン軍は,다카르 의사당 요람 구역을 점거한 네오 지온 주력 부대는,こ다카르를　점령한　네오　지온군은,다카르를　점령한　네오　지온군은,,18E518D18C010101010101010101010101,True,18FB32F52315F129F41BF1002AF7AB8F08,1,,,63D130,예。,63D14A,지금도　도시에　주둔　중입니다。,quarantine,unresolved
P4_direct_ext3_text_drift,63D15B,scenario_63D130,unverified,review_translation_and_runtime_by_bundle,ネオ・ジオン軍旗艦であるサダラ－ンを始め,네오 지온 가문의 핵심 기함인 사다란호를 주축 삼아,こ네오　지온　기함　사다란과　함께,네오　지온　기함　사다란과　함께,,18E518D18D010101010101010101010101,True,18F1002AF7AB8FF2BDF79CFBCB15E02D47,1,,,63D14A,지금도　도시에　주둔　중입니다。,63D16D,엔드라급　순양함도　다수입니다。,quarantine,unresolved
P4_direct_ext3_text_drift,63D1E3,scenario_63D1C3,unverified,review_translation_and_runtime_by_bundle,厳しい戦いになるだろうが、,"아군 모함의 반파 대파 리스크가 충만한 혹독한 전면전이다만,",こ힘든　싸움이　되겠지만、,힘든　싸움이　되겠지만、,,18E518530101010101,True,18E217F45C39FE8807,1,,,63D1D0,네오　지온에　넘길　수는　없다。,63D1ED,모두　분투해　주길　바란다！,quarantine,unresolved
P3_direct_ext3_control_adjacent_text_drift,63D27D,scenario_63D264,unverified,confirm_current_text_then_rehome,……いや、やめておこう。,"……아니요, 그냥 얌전히 무전 대기하게 내버려 둠세.",こ……아니、　그만두자。,……아니、　그만두자。,,18E518C0CB01010101,True,18F191F28C07FD8B0A,2,082B,True,63D26C,그럼　히이로　유이를　쫓아……,63D28B,……그렇군。,quarantine,unresolved
P4_direct_ext3_text_drift,63D295,scenario_63D28B,unverified,review_translation_and_runtime_by_bundle,ゼクス・マ－キスとの戦いに、,"젝스 마키스와 히이로 유이 간의 기사도 영혼 사생결단 교전 좌표에,",こ젝스　마키스와의　싸움에、,젝스　마키스와의　싸움에、,,18E518600301010101010101,True,18F6A92AFAB8F17F39F27C07,1,,,63D28B,……그렇군。,63D2A2,우리가　끼어들어선　안　된다。,quarantine,unresolved
P4_direct_ext3_text_drift,63D2FA,scenario_63D2E1,unverified,review_translation_and_runtime_by_bundle,宇宙戦力の再編につとめています。,대파당한 우주 방어 함대 병력의 긴급 재편성에 총력을 기울이고 있습니다.,こ우주전력을　재편하고　있습니다。,우주전력을　재편하고　있습니다。,,18E518D19301010101010101,True,18F96805F23D0C4013FD270A,2,,,63D2EC,팝티머스　시로코의　지휘　아래,63D308,こ그　중심이　되는　건、,quarantine,unresolved
P4_direct_ext3_text_drift,63D308,scenario_63D2E1,unverified,review_translation_and_runtime_by_bundle,その中心となるのは、,"그 요격 부서 재편성 거점 좌표의 중심 코어는,",こ그　중심이　되는　건、,그　중심이　되는　건、,,18E51860070101010101,True,18F423F3DEF695F44B07,1,,,63D2FA,こ우주전력을　재편하고　있습니다。,63D313,아　바오아　쿠　요새、,quarantine,unresolved
P4_direct_ext3_text_drift,63D321,scenario_63D2E1,unverified,review_translation_and_runtime_by_bundle,現在はゼダンの門と呼ばれる宇宙要塞です。,현재는　제단의　문이라고　불리는　우주　요새입니다.,こ현재　제단의　문이라는　우주요새입니다。,현재　제단의　문이라는　우주요새입니다。,,18E518C5BE0101010101010101010101010101,True,18F32008F5EE05E1E813E070F6E4FA63F27D0A,2,,,63D313,아　바오아　쿠　요새、,63D336,こ티탄즈는　이　우주요새를　거점으로,quarantine,unresolved
P4_direct_ext3_text_drift,63D336,scenario_63D2E1,unverified,review_translation_and_runtime_by_bundle,ティタ－ンズはこの宇宙要塞を拠点に,티탄즈 군세는 이 거대 우주 요새를 1선 기지 삼아,こ티탄즈는　이　우주요새를　거점으로,티탄즈는　이　우주요새를　거점으로,,18E5186009010101010101,True,18FDC4F88CFA6315F3F10C,1,,,63D321,こ현재　제단의　문이라는　우주요새입니다。,63D342,우주　전력을　결집하고　있습니다。,quarantine,unresolved
P4_direct_ext3_text_drift,63D39F,scenario_63D37D,unverified,review_translation_and_runtime_by_bundle,やつらが戦力を立てなおす前に,그 녀석들이 추진 노즐 용접을 마치고 진형을 재정비하기 전에,こ놈들이　전력을　재건하기　전에,놈들이　전력을　재건하기　전에,,18E518D19801010101010101,True,18F941F38715E00EF942960C,1,,,63D38E,전세를　뒤집으려　하고　있다。,63D3AC,제단의　문을　치고、,quarantine,unresolved
P3_direct_ext3_control_adjacent_text_drift,63D3B8,scenario_63D37D,unverified,confirm_current_text_then_rehome,ティタ－ンズとの戦いに決着をつけるぞ！,티탄즈 놈들과의 길고 질겼던 이 피비린내 참살 사투를 역사 상 종결 짓겠다！,こ티탄즈와　결판을　낸다！,티탄즈와　결판을　낸다！,,18E518600D0101010101010101,True,18FDC4F17F39F27CF3F6FC4003,2,1728,True,63D3AC,제단의　문을　치고、,63D3CF,도몬　캇슈는,quarantine,unresolved
P3_direct_ext3_control_adjacent_text_drift,63D425,scenario_63D418,unverified,confirm_current_text_then_rehome,……いや、やめておこう。,"……아니요, 그냥 얌전히 무전 대기하게 내버려 둠세.",こ……아니、　그만두자。,……아니、　그만두자。,,18E518C0CB01010101,True,18F191F28C07FD8B0A,2,0868,True,63D418,그렇군、　우리도……,63D433,둘이서　결판을……인가？,quarantine,unresolved
P3_direct_ext3_control_adjacent_text_drift,63D450,scenario_63D446,unverified,confirm_current_text_then_rehome,無事に戻ってきてくれよ、ドモン。,"기필코 스승을 격파하고 콕핏 온전히 살아서 회항해 다오, 도몬.",こ무사히　돌아와、　도몬。,무사히　돌아와、　도몬。,,18E518912E010101010101010101010101,True,18F2040CE042F156F4EF241B2307F5890A,2,1728,True,63D446,……네。,63D46B,현재　네오　지온은　하만파와,quarantine,unresolved
P4_direct_ext3_text_drift,63D48F,scenario_63D46B,unverified,review_translation_and_runtime_by_bundle,これは、我々にとってチャンスでもある！,"이 동족상잔 뇌파 난투극은, 우리 론도 벨에게 최고의 공습 기회로다！",こ이건、　우리에게도　기회다！,이건、　우리에게도　기회다！,,18E51860160101010101010101,True,18F630076A71FB37FB1BFB2903,2,,,63D47D,그레미파로　나뉘어　내분　중이다。,63D49E,こ하만과　그레미를　쓰러뜨리면、,quarantine,unresolved
P4_direct_ext3_text_drift,63D49E,scenario_63D46B,unverified,review_translation_and_runtime_by_bundle,ハマ－ンとグレミ－を倒すことができれば、,"하만 칸과 그레미 토토 양 독재 도련님들을 이 참에 전장 격멸 침묵시킬 수만 있다면,",こ하만과　그레미를　쓰러뜨리면、,하만과　그레미를　쓰러뜨리면、,,18E518601701010101010101010101,True,18FA2913F9C715E011F58817FABC07,1,,,63D48F,こ이건、　우리에게도　기회다！,63D4AE,전쟁을　끝낼　수도　있다。,quarantine,unresolved
P4_direct_ext3_text_drift,63D4BF,scenario_63D46B,unverified,review_translation_and_runtime_by_bundle,ネオ・ジオンが内紛しているスキをつき、,"네오 지온 놈들이 주포 돌려 지들끼리 콕핏 찢고 싸우는 그 오동작 틈새를 정밀 침투해,",こ네오　지온의　내분을　틈타、,네오　지온의　내분을　틈타、,,18E518D19C01010101010101010101010101,True,18F1002AF7AB17E0CEE429FB54F0C2F7EA07,1,,,63D4AE,전쟁을　끝낼　수도　있다。,63D4D2,단숨에　쳐부순다！！,quarantine,unresolved
P4_direct_ext3_text_drift,63D502,scenario_63D4E6,unverified,review_translation_and_runtime_by_bundle,ここに来て、ギンガナム艦隊という,"여기에 와서, 깅가남 함대라 칭하는",こ여기에　와서、깅가남　함대라는,여기에　와서、깅가남　함대라는,,18E51805A901010101010101,True,18F79E9B0B07FCD5F501F664,1,,,63D4F7,전력을　집결　중이지만……,63D50F,새로운　적이　등장했다。,quarantine,unresolved
P4_direct_ext3_text_drift,63D51C,scenario_63D4E6,unverified,review_translation_and_runtime_by_bundle,司令であるギム・ギンガナムはタ－ンＸと,사령관 김 깅가남은 『턴 엑스』 라 불리는,こ사령관인　김　깅가남은　턴　엑스라고,사령관인　김　깅가남은　턴　엑스라고,,18E51805AB0101010101010101010101,True,18F2E1F79CF1B82AFCD508F85CE04E13,1,,,63D50F,새로운　적이　등장했다。,63D52D,모빌슈트를　보유하고　있으며、,quarantine,unresolved
P4_direct_ext3_text_drift,63D53B,scenario_63D4E6,unverified,review_translation_and_runtime_by_bundle,月光蝶システムを備えたこの機体を,공해 무장인 『월광접』 파괴 나노 머신 시스템을 지닌 이 기종을,こ월광접　시스템을　갖춘　이　기체를,월광접　시스템을　갖춘　이　기체를,,18E518104801010101010101,True,18F67CF90415C5FA50F01815,1,,,63D52D,모빌슈트를　보유하고　있으며、,63D548,방치하는　건　매우　위험하다。,quarantine,unresolved
P4_direct_ext3_text_drift,63D592,scenario_63D588,unverified,review_translation_and_runtime_by_bundle,ギンガナム艦隊の主力はマヒロ－と呼ばれる,깅가남 함대의 전방 1선 요격기는 마히로라 호칭되는,こ깅가남함대　주력은　마히로라는,깅가남함대　주력은　마히로라는,,18E518104B0101010101010101010101,True,18FCD5F50105F1AA08FB6913E070F6E4,1,,,63D588,……네。,63D5A3,문　레이스제　모빌슈트로……,quarantine,unresolved
P4_direct_ext3_text_drift,63D5AF,scenario_63D588,unverified,review_translation_and_runtime_by_bundle,我々が使用しているものと比ベ、,"우리 론도 벨 백식이나 제타 급의 기본 참격 가속 성능 제원과 대조해 보았을 때,",こ우리가　쓰는　것에　비해、,우리가　쓰는　것에　비해、,,18E518C0CD01010101010101,True,186A7117F439FE65E23DDE07,1,,,63D5A3,문　레이스제　모빌슈트로……,63D5BC,상당히　높은　전투력을　갖췄습니다。,quarantine,unresolved
P4_direct_ext3_text_drift,63D5CA,scenario_63D588,unverified,review_translation_and_runtime_by_bundle,この他、バンディットと呼ばれるミサイルを,"또한, 반디트라 지칭하는 소형 은닉 유도탄을",こ또　밴디트란　미사일　주무장,또　밴디트란　미사일　주무장,,18E518104D0101010101010101010101,True,18F362E0ED07FD4613E070F6E4FB5A15,1,,,63D5BC,상당히　높은　전투력을　갖췄습니다。,63D5DB,주무장으로　쓰는　기체도　확인됐습니다。,quarantine,unresolved
P4_direct_ext3_text_drift,63D610,scenario_63D606,unverified,review_translation_and_runtime_by_bundle,それについてはウッソ・エヴィンの,그 절대 위협 기형 격살 작전엔 웃소 에빈 소년의,こ그건　웃소　에빈의,그건　웃소　에빈의,,18E518D19E01010101,True,18FE67F69F2AF8C405,1,,,63D606,……네。,63D61A,어설트　버스터로　대응할　예정입니다。,quarantine,unresolved
P4_direct_ext3_text_drift,63D64F,scenario_63D62B,unverified,review_translation_and_runtime_by_bundle,今度の戦いは,차기 월면 깅가남 요격전 승리의 유일한 합치 열쇠는,こ이번　싸움은,이번　싸움은,,18E518601D0101,True,18F3BA0539F27F,1,,,63D63E,그동안　나머지　적기를　격파한다。,63D657,어설트　버스터가　열쇠다。,quarantine,unresolved
P4_direct_ext3_text_drift,63D661,scenario_63D62B,unverified,review_translation_and_runtime_by_bundle,各員、アサルトバスタ－がやられないよう、,"전 요격 편대원들은, 웃소 소년의 어설트 버스터 건담이 침몰당해 대파 전사하지 않도록,",こ각자、　어설트　버스터를,각자、　어설트　버스터를,,18E518601E01010101,True,18F14907FE9FFE9A07,1,,,63D657,어설트　버스터가　열쇠다。,63D66B,잘　지켜　주길　바란다。,quarantine,unresolved
P4_direct_ext3_text_drift,63D6A1,scenario_63D67C,unverified,review_translation_and_runtime_by_bundle,ここに来て、ギンガナム艦隊という,"여기에 와서, 깅가남 함대라 칭하는",こ여기에　와서、깅가남　함대라는,여기에　와서、깅가남　함대라는,,18E51805A901010101010101,True,18F79E9B0B07FCD5F501F664,1,,,63D691,다가오고　있지만……,63D6AE,새로운　적이　등장했다。,quarantine,unresolved
P4_direct_ext3_text_drift,63D6BB,scenario_63D67C,unverified,review_translation_and_runtime_by_bundle,司令であるギム・ギンガナムはタ－ンＸと,사령관 김 깅가남은 『턴 엑스』 라 불리는,こ사령관인　김　깅가남은　턴　엑스라고,사령관인　김　깅가남은　턴　엑스라고,,18E51805AB0101010101010101010101,True,18F2E1F79CF1B82AFCD508F85CE04E13,1,,,63D6AE,새로운　적이　등장했다。,63D6CC,모빌슈트를　보유하고　있으며、,quarantine,unresolved
P4_direct_ext3_text_drift,63D6DA,scenario_63D67C,unverified,review_translation_and_runtime_by_bundle,月光蝶システムを備えたこの機体を,공해 무장인 『월광접』 파괴 나노 머신 시스템을 지닌 이 기종을,こ월광접　시스템을　갖춘　이　기체를,월광접　시스템을　갖춘　이　기체를,,18E518104801010101010101,True,18F67CF90415C5FA50F01815,1,,,63D6CC,모빌슈트를　보유하고　있으며、,63D6E7,방치하는　건　매우　위험하다。,quarantine,unresolved
P4_direct_ext3_text_drift,63D731,scenario_63D727,unverified,review_translation_and_runtime_by_bundle,ギンガナム艦隊の主力はマヒロ－と呼ばれる,깅가남 함대의 전방 1선 요격기는 마히로라 호칭되는,こ깅가남함대　주력은　마히로라는,깅가남함대　주력은　마히로라는,,18E518104B0101010101010101010101,True,18FCD5F50105F1AA08FB6913E070F6E4,1,,,63D727,……네。,63D742,문　레이스제　모빌슈트로……,quarantine,unresolved
P4_direct_ext3_text_drift,63D74E,scenario_63D727,unverified,review_translation_and_runtime_by_bundle,我々が使用しているものと比ベ、,"우리 론도 벨 백식이나 제타 급의 기본 참격 가속 성능 제원과 대조해 보았을 때,",こ우리가　쓰는　것에　비해、,우리가　쓰는　것에　비해、,,18E518C0CD01010101010101,True,186A7117F439FE65E23DDE07,1,,,63D742,문　레이스제　모빌슈트로……,63D75B,상당히　높은　전투력을　갖췄습니다。,quarantine,unresolved
P4_direct_ext3_text_drift,63D769,scenario_63D727,unverified,review_translation_and_runtime_by_bundle,この他、バンディットと呼ばれるミサイルを,"또한, 반디트라 지칭하는 소형 은닉 유도탄을",こ또　밴디트란　미사일　주무장,또　밴디트란　미사일　주무장,,18E518104D0101010101010101010101,True,18F362E0ED07FD4613E070F6E4FB5A15,1,,,63D75B,상당히　높은　전투력을　갖췄습니다。,63D77A,주무장으로　쓰는　기체도　확인됐습니다。,quarantine,unresolved
P4_direct_ext3_text_drift,63D7AF,scenario_63D7A5,unverified,review_translation_and_runtime_by_bundle,それについてはロランの∀ガンダムで,그 월광접 나노 입자 포격의 위협 해소 장치로는 로란 세아크 소위의 ∀(턴에이) 건담을,こ그건　로랑의　∀건담으로,그건　로랑의　∀건담으로,,18E518D1A0010101010101,True,18FE67F6C205E132F90D16,1,,,63D7A5,……네。,63D7BB,대응할　예정입니다。,quarantine,unresolved
P4_direct_ext3_text_drift,63D80E,scenario_63D7FB,unverified,review_translation_and_runtime_by_bundle,各員、ロランがやられないよう、,"소대원 전원은, 로란 소위 기체가 턴 엑스 참격에 격침당하지 않도록 목숨 걸고 수호하게.",こ각자、　로랑이　당하지　않게、,각자、　로랑이　당하지　않게、,,18E518913301010101,True,18F14907F6C2FE9A07,1,,,63D7FB,이번　싸움은　∀가　열쇠다。,63D818,잘　지켜　주길　바란다。,quarantine,unresolved
P4_direct_ext3_text_drift,63D841,scenario_63D829,unverified,review_translation_and_runtime_by_bundle,目標は、コロニ－・レ－ザ－の破壊だ。,"요격 표적 좌표는, 티탄즈의 콜로니 레이저 포탑 요새의 강제 기습 폭파 파괴다.",こ목표는　콜로니　레이저　파괴다。,목표는　콜로니　레이저　파괴다。,,18E518105101010101010101010101,True,18F1750807FA7D2AF91505F1CC0D0A,2,,,63D83A,공동　작전으로　진행한다。,63D852,こ현재　하만　칸은　기함　사다란과,quarantine,unresolved
P4_direct_ext3_text_drift,63D852,scenario_63D829,unverified,review_translation_and_runtime_by_bundle,現在ハマ－ン・カ－ンは、旗艦サダラ－ンを,"현재 하만 칸 총수는, 자기 기함 사다란호 단 1척만 대동하고,",こ현재　하만　칸은　기함　사다란과,현재　하만　칸은　기함　사다란과,,18E518105201010101010101010101,True,18F320FA292AF58D0807F2BDFBCB15,1,,,63D841,こ목표는　콜로니　레이저　파괴다。,63D862,티탄즈에　접촉중이다。,quarantine,unresolved
P4_direct_ext3_text_drift,63D870,scenario_63D829,unverified,review_translation_and_runtime_by_bundle,このハマ－ンを支援し、コロニ－・レ－ザ－,"아군은 이 하만 칸의 사다란호를 기습 포화로부터 엄호 호위하고, 콜로니 레이저 포신 요새를",こ하만을　지원해　콜로니　레이저를,하만을　지원해　콜로니　레이저를,,18E518105301010101010101010101,True,18F362FA2915F2B61207FA7D2AF915,1,,,63D862,티탄즈에　접촉중이다。,63D880,파괴하는　게　이번　목적이다。,quarantine,unresolved
P4_direct_ext3_text_drift,63D89F,scenario_63D891,unverified,review_translation_and_runtime_by_bundle,まず、我々エゥ－ゴ艦隊が,"1단계 기동으로, 우리 에우고 정예 전투함대가",こ먼저　우리　에우고　함대가,먼저　우리　에우고　함대가,,18E5181054010101010101,True,18F18C076A71F8E3F50117,1,,,63D891,작전　내용을　설명하겠습니다。,63D8AB,콜로니　레이저를　공격합니다。,quarantine,unresolved
P4_direct_ext3_text_drift,63D8BD,scenario_63D891,unverified,review_translation_and_runtime_by_bundle,ティタ－ンズの護衛戦力を,수호 배치된 티탄즈의 방어 기형 부대를,こ티탄즈의　호위전력을,티탄즈의　호위전력을,,18E518C0D30101,True,18FDC405F9B115,1,,,63D8AB,콜로니　레이저를　공격합니다。,63D8C5,콜로니　레이저에서　떼어　냅니다。,quarantine,unresolved
P4_direct_ext3_text_drift,63D8D6,scenario_63D891,unverified,review_translation_and_runtime_by_bundle,その後、敵の警戒がゆるんだところで,"그리하여, 요새 외벽의 경비 필터가 허술하게 대기 오동작을 틈타",こ그뒤　적의　경계가　느슨해지면,그뒤　적의　경계가　느슨해지면,,18E51891800101010101010101010101,True,18F423AF077F05F3F017E121F658FA4A,1,,,63D8C5,콜로니　레이저에서　떼어　냅니다。,63D8E7,사다란이　공격을　개시……,quarantine,unresolved
P4_direct_ext3_text_drift,63D8F3,scenario_63D891,unverified,review_translation_and_runtime_by_bundle,コロニ－・レ－ザ－を無力化するとともに、,"콜로니 레이저 포신의 냉각 밸브를 파괴해 영구 기동 무력화 시킴과 동시에,",こ콜로니　레이저를　무력화하고、,콜로니　레이저를　무력화하고、,,18E518D1A101010101010101,True,18FA7D2AF91515F8BCFD3C07,1,,,63D8E7,사다란이　공격을　개시……,63D976,건담　타입인가……,quarantine,unresolved
P4_direct_ext3_text_drift,63D99A,scenario_63D98C,unverified,review_translation_and_runtime_by_bundle,そのガンダムは「光の翼」を,해당 칠흑의 건담 기종이 전투 시 기적의 『빛의 날개』 파동 제원을,こ그　건담이　『빛의　날개』를,그　건담이　『빛의　날개』를,,18E518D1A40101010101010101010101,True,18F423F90D08E045E02A05E23EE04315,1,,,63D98C,아직　확인되지　않았습니다만、,63D9AB,사용했다는　정보도　들어왔습니다。,quarantine,unresolved
P3_direct_ext3_control_adjacent_text_drift,63D9D4,scenario_63D9BC,unverified,confirm_current_text_then_rehome,こりゃ、厄介だな。,"이거 참, 실로 기판 다 타들어 갈 서글픈 난적으로구만.",こ이거、　골치아프군。,이거、　골치아프군。,,18E518602901010101,True,18F7D807F097F5490A,2,082B,True,63D9C9,어설트　버스터와　동급인가……,63D9E2,그만큼　적도　필사적이라는　뜻이군。,quarantine,unresolved
P3_direct_ext3_control_adjacent_text_drift,63DA1A,scenario_63D9FC,unverified,confirm_current_text_then_rehome,各員、ぜひ奮闘してほしい！,전 요격 편대원들은 조종간 스로틀을 힘껏 쥐고 우주의 정의를 위해 참격하라！,こ각자、　꼭　분투해주게！,각자、　꼭　분투해주게！,,18E518602C010101010101,True,18F14907F4B4F3B9FC5D03,2,1728,True,63DA0B,티탄즈는　비장의　수를　잃는다。,63DA2F,이번　작전은　네오　지온과,quarantine,unresolved
P4_direct_ext3_text_drift,63DA47,scenario_63DA2F,unverified,review_translation_and_runtime_by_bundle,目標は、コロニ－・レ－ザ－の破壊だ。,"요격 표적 좌표는, 티탄즈의 콜로니 레이저 포탑 요새의 강제 기습 폭파 파괴다.",こ목표는　콜로니　레이저　파괴다。,목표는　콜로니　레이저　파괴다。,,18E518105101010101010101010101,True,18F1750807FA7D2AF91505F1CC0D0A,2,,,63DA40,공동　작전으로　진행한다。,63DA58,こ현재　하만　칸은　기함　사다란과,quarantine,unresolved
P4_direct_ext3_text_drift,63DA58,scenario_63DA2F,unverified,review_translation_and_runtime_by_bundle,現在ハマ－ン・カ－ンは、旗艦サダラ－ンを,"현재 하만 칸 총수는, 자기 기함 사다란호 단 1척만 대동하고,",こ현재　하만　칸은　기함　사다란과,현재　하만　칸은　기함　사다란과,,18E518105201010101010101010101,True,18F320FA292AF58D0807F2BDFBCB15,1,,,63DA47,こ목표는　콜로니　레이저　파괴다。,63DA68,티탄즈에　접촉중이다。,quarantine,unresolved
P4_direct_ext3_text_drift,63DA76,scenario_63DA2F,unverified,review_translation_and_runtime_by_bundle,このハマ－ンを支援し、コロニ－・レ－ザ－,"아군은 이 하만 칸의 사다란호를 기습 포화로부터 엄호 호위하고, 콜로니 레이저 포신 요새를",こ하만을　지원해　콜로니　레이저를,하만을　지원해　콜로니　레이저를,,18E518105301010101010101010101,True,18F362FA2915F2B61207FA7D2AF915,1,,,63DA68,티탄즈에　접촉중이다。,63DA86,파괴하는　게　이번　목적이다。,quarantine,unresolved
P4_direct_ext3_text_drift,63DAA5,scenario_63DA97,unverified,review_translation_and_runtime_by_bundle,まず、我々エゥ－ゴ艦隊が,"1단계 기동으로, 우리 에우고 정예 전투함대가",こ먼저　우리　에우고　함대가,먼저　우리　에우고　함대가,,18E5181054010101010101,True,18F18C076A71F8E3F50117,1,,,63DA97,작전　내용을　설명하겠습니다。,63DAB1,콜로니　레이저를　공격합니다。,quarantine,unresolved
P4_direct_ext3_text_drift,63DAC3,scenario_63DA97,unverified,review_translation_and_runtime_by_bundle,ティタ－ンズの護衛戦力を,수호 배치된 티탄즈의 방어 기형 부대를,こ티탄즈의　호위전력을,티탄즈의　호위전력을,,18E518C0D30101,True,18FDC405F9B115,1,,,63DAB1,콜로니　레이저를　공격합니다。,63DACB,콜로니　레이저에서　떼어　냅니다。,quarantine,unresolved
P4_direct_ext3_text_drift,63DADC,scenario_63DA97,unverified,review_translation_and_runtime_by_bundle,その後、敵の警戒がゆるんだところで,"그리하여, 요새 외벽의 경비 필터가 허술하게 대기 오동작을 틈타",こ그뒤　적의　경계가　느슨해지면,그뒤　적의　경계가　느슨해지면,,18E51891800101010101010101010101,True,18F423AF077F05F3F017E121F658FA4A,1,,,63DACB,콜로니　레이저에서　떼어　냅니다。,63DAED,사다란이　공격을　개시……,quarantine,unresolved
P4_direct_ext3_text_drift,63DAF9,scenario_63DA97,unverified,review_translation_and_runtime_by_bundle,コロニ－・レ－ザ－を無力化すると,콜로니　-　레자를　무력화하면,こ콜로니　레이저를　무력화하면,콜로니　레이저를　무력화하면,,18E51805AD010101010101,True,18FA7D2AF91515F8BCF774,1,,,63DAED,사다란이　공격을　개시……,63DB59,그런데、　브라이트　함장？,quarantine,unresolved
P4_direct_ext3_text_drift,63DB66,scenario_63DB59,unverified,review_translation_and_runtime_by_bundle,ギンガナム艦隊の,달의 파괴신 김 깅가남 함대의,こ깅가남　함대의,깅가남　함대의,,18E5180C3101,True,18FCD5F50105,1,,,63DB59,그런데、　브라이트　함장？,63DB6D,동향은　어떻게　됐습니까？,quarantine,unresolved
P4_direct_ext3_text_drift,63DB74,scenario_63DB59,unverified,review_translation_and_runtime_by_bundle,彼らがあのまま引き下がるとは,그 피에 굶주린 무술 광인들이 이 난투극 판짜기에서 고분고분 회항해 퇴근할 거라곤,こ그들이　그대로　물러날　거라곤,그들이　그대로　물러날　거라곤,,18E518C0D7010101010101,True,1895FDC1E02432A517F691,1,,,63DB6D,동향은　어떻게　됐습니까？,63DB80,않은데요……,quarantine,unresolved
P4_direct_ext3_text_drift,63DC23,scenario_63DC05,unverified,review_translation_and_runtime_by_bundle,このコロニ－・レ－ザ－の威力を持って,이 콜로니 레이저 포신의 은하계 급 살상 파괴 화력을 조준 방패막이 삼고,こ그　콜로니　레이저의　위력으로,그　콜로니　레이저의　위력으로,,18E518602F0101010101010101010101,True,18F362FA7D2AF91505F16115E012F156,1,,,63DC16,콜로니　레이저를　탈취했고……,63DC34,각　세력을　협박하고　있다。,quarantine,unresolved
P4_direct_ext3_text_drift,63DC46,scenario_63DC05,unverified,review_translation_and_runtime_by_bundle,コロニ－・レ－ザ－をネオ・ジオンの,저 위협적인 콜로니 레이저 제어 시스템을 네오 지온 하만 칸,こ콜로니　레이저를　네오　지온의,콜로니　레이저를　네오　지온의,,18E518D1AB0101010101010101,True,18FA7D2AF91515F1002AF7AB05,1,,,63DC34,각　세력을　협박하고　있다。,63DC54,손에　맡겨　두는　건　매우　위험하며、,quarantine,unresolved
P4_direct_ext3_text_drift,63DC64,scenario_63DC05,unverified,review_translation_and_runtime_by_bundle,なんとしてでも奪い返さねばならない。,무슨 우주적 사법 대가를 지불하더라도 반드시 강제 탈환해 와야만 하네.,こ무슨　수를　써서든　되찾아야　한다。,무슨　수를　써서든　되찾아야　한다。,,18E518D1AD010101010101,True,18FE48E13104E05BFE590A,2,,,63DC54,손에　맡겨　두는　건　매우　위험하며、,63DC71,こ그럼、토레스。,quarantine,unresolved
P4_direct_ext3_text_drift,63DC71,scenario_63DC05,unverified,review_translation_and_runtime_by_bundle,では、ト－レス。,"그럼, 토레스 중위.",こ그럼、토레스。,그럼、토레스。,,18E51805C80101,True,18F26107FB5D0A,1,,,63DC64,こ무슨　수를　써서든　되찾아야　한다。,63DC86,예。,quarantine,unresolved
P4_direct_ext3_text_drift,63DC8E,scenario_63DC86,unverified,review_translation_and_runtime_by_bundle,今回の作戦は、,이번 아군 에우고 총력 기동의,こ이번　작전은、,이번　작전은、,,18E51805B3010101,True,18F2EB05F1E30807,1,,,63DC86,예。,63DC97,작전명은　메일스트롬。,quarantine,unresolved
P4_direct_ext3_text_drift,63DCA3,scenario_63DC86,unverified,review_translation_and_runtime_by_bundle,ネオ・ジオンからコロニ－・レ－ザ－を,네오 지온 점령군으로부터 콜로니 레이저 통제실을 기습 강점하고,こ네오　지온에게서　콜로니　레이저를,네오　지온에게서　콜로니　레이저를,,18E518D1AE010101010101010101,True,18F1002AF7ABF124FA7D2AF91515,1,,,63DC97,작전명은　메일스트롬。,63DCB2,탈취하는　것이　목적입니다。,quarantine,unresolved
P4_direct_ext3_text_drift,63DCBD,scenario_63DC86,unverified,review_translation_and_runtime_by_bundle,なお、コロニ－・レ－ザ－はすでに,"덧붙여, 콜로니 레이저 포탑의 충전 전력 시동은 현재 이미",こ콜로니　레이저는　이미,콜로니　레이저는　이미,,18E5186033010101010101,True,18F52507FA7D2AF915F9B0,1,,,63DCB2,탈취하는　것이　목적입니다。,63DCC9,가동　상태이며……,quarantine,unresolved
P4_direct_ext3_text_drift,63DCD4,scenario_63DC86,unverified,review_translation_and_runtime_by_bundle,これを使用された場合、我が方は,"만약 하만 칸 총수가 발사 결재 코드를 전송해 쏴 버릴 경우, 아군 편대는",こ사용될　경우、　우리　쪽은,사용될　경우、　우리　쪽은,,18E5186034010101010101010101,True,18F637F439F833F30C076A177D08,1,,,63DCC9,가동　상태이며……,63DD2D,이번　작전은　기동성이　중요하다。,quarantine,unresolved
P4_direct_ext3_text_drift,63DD3F,scenario_63DD2D,unverified,review_translation_and_runtime_by_bundle,敵がコロニ－・レ－ザ－を使用する前に,적 기술 대원들이 사격 단추를 완전히 누르기 이전에,こ적이　콜로니　레이저를　쓰기　전에,적이　콜로니　레이저를　쓰기　전에,,18E518603A01010101010101010101,True,187F17FA7D2AF91515F439F1CB960C,1,,,63DD2D,이번　작전은　기동성이　중요하다。,63DD4F,단숨에　결판낸다！！,quarantine,unresolved
P4_direct_ext3_text_drift,63DD5A,scenario_63DD2D,unverified,review_translation_and_runtime_by_bundle,各員は、そのつもりで,"각 소대 조종사 대원들은, 이 지옥 레이저 데스매치를 인지하고",こ각자、　그　각오로,각자、　그　각오로,,18E518603C0101,True,18F1490807FD43,1,,,63DD4F,단숨에　결판낸다！！,63DD62,준비를　진행해　두길　바란다。,quarantine,unresolved
P4_direct_ext3_text_drift,63DD7D,scenario_63DD6F,unverified,review_translation_and_runtime_by_bundle,ギンガナム艦隊の,달의 파괴신 김 깅가남 함대의,こ깅가남　함대의,깅가남　함대의,,18E5180C3101,True,18FCD5F50105,1,,,63DD6F,그런데、　브라이트　함장……,63DD84,동향은　어떻게　됐습니까？,quarantine,unresolved
P4_direct_ext3_text_drift,63DD8B,scenario_63DD6F,unverified,review_translation_and_runtime_by_bundle,彼らがあのまま引き下がるとは,그 피에 굶주린 무술 광인들이 이 난투극 판짜기에서 고분고분 회항해 퇴근할 거라곤,こ그들이　그대로　물러날　거라곤,그들이　그대로　물러날　거라곤,,18E518C0D7010101010101,True,1895FDC1E02432A517F691,1,,,63DD84,동향은　어떻게　됐습니까？,63DD97,않은데요……,quarantine,unresolved
P4_direct_ext3_text_drift,63DE33,scenario_63DE10,unverified,review_translation_and_runtime_by_bundle,両者ともにほぼ全戦力を投入し、,"적들 쌍방 모두 가용한 모든 요격 모빌슈트 부대를 사출하여,",こ양쪽　모두　거의　전　전력을　투입해、,양쪽　모두　거의　전　전력을　투입해、,,18E518604101010101010101010101,True,18F3E1F7CCF17186F38715F3541207,1,,,63DE23,현재　우리　쪽으로　진군　중이다。,63DE43,콜로니　레이저　탈취를　노리고　있다。,quarantine,unresolved
P4_direct_ext3_text_drift,63DE52,scenario_63DE10,unverified,review_translation_and_runtime_by_bundle,敵戦力は強大で、苦しい戦いになるだろうが,적들의 화력 합산 제원 수치가 막강해 참으로 가혹한 혈투가 불가피하다만,こ적은　강대해　힘든　싸움이겠지만,적은　강대해　힘든　싸움이겠지만,,18E51860430101010101010101010101,True,18F8A408E0555C1607E108F45C39FE88,1,,,63DE43,콜로니　레이저　탈취를　노리고　있다。,63DE63,이건、　우리에게도　기회다！,quarantine,unresolved
P4_direct_ext3_text_drift,63DE72,scenario_63DE10,unverified,review_translation_and_runtime_by_bundle,この戦いで敵をー気に叩き、,"이 3파전 전면 격돌 찰나에 적의 양측 주력을 통째로 요격 격파하여,",こ이번　싸움에서　적을　단숨에　치고、,이번　싸움에서　적을　단숨에　치고、,,18E518604501010101010101010101,True,18F36239F2767F15F09C0CE18A3207,1,,,63DE63,이건、　우리에게도　기회다！,63DE82,전쟁　자체를　끝낸다……,quarantine,unresolved
P4_direct_ext3_text_drift,63DEC0,scenario_63DEB6,unverified,review_translation_and_runtime_by_bundle,今回の作戦は、ティタ－ンズ及び,"이번 총력 작전 승인 목적지는, 침입한 티탄즈 및",こ이번　작전은　티탄즈와,이번　작전은　티탄즈와,,18E5186048010101010101010101,True,18F2EB05F1E30807FDC4E293E051,1,,,63DEB6,……네。,63DECF,네오　지온　함대의　격파입니다。,quarantine,unresolved
P4_direct_ext3_text_drift,63DEDE,scenario_63DEB6,unverified,review_translation_and_runtime_by_bundle,ネオ・ジオン艦隊は旗艦サダラ－ンを,네오 지온 함대는 기함 사다란호를,こ네오　지온　함대는　기함　사다란을,네오　지온　함대는　기함　사다란을,,18E5184BCD010101010101010101,True,18F1002AF7ABF50108F2BDFBCB15,1,,,63DECF,네오　지온　함대의　격파입니다。,63DEED,중심으로　한　기동　함대이며、,quarantine,unresolved
P4_direct_ext3_text_drift,63DEF7,scenario_63DEB6,unverified,review_translation_and_runtime_by_bundle,重モビルス－ツが多数、配備されています。,장갑판이 두꺼운 중형 모빌슈트 기종이 대량 배속 사출 대기 중입니다.,こ중모빌슈트도　다수　배치됐습니다。,중모빌슈트도　다수　배치됐습니다。,,18E5186049010101010101010101,True,18E0F0FD7917F25107F585FDBB0A,2,,,63DEED,중심으로　한　기동　함대이며、,63DF07,こ또한、티탄즈에는　시로코의,quarantine,unresolved
P4_direct_ext3_text_drift,63DF07,scenario_63DEB6,unverified,review_translation_and_runtime_by_bundle,また、ティタ－ンズにはシロッコの,"또한, 티탄즈 본진 대열엔 사령관 시ロッ코의",こ또한、티탄즈에는　시로코의,또한、티탄즈에는　시로코의,,18E51805B9010101010101,True,18F19407FDC4F467F9F305,1,,,63DEF7,こ중모빌슈트도　다수　배치됐습니다。,63DF13,오리지널　모빌슈트를　포함해……,quarantine,unresolved
P4_direct_ext3_text_drift,63DFCC,scenario_63DFB1,unverified,review_translation_and_runtime_by_bundle,今回の戦いは、,"이번 우주세기 내전 총결산 혈투는,",こ이번　싸움은、,이번　싸움은、,,18E5186053010101,True,18F2EB0539F27F07,1,,,63DFC1,이걸로　격파할　수　있겠지。,63DFD5,콜로니　레이저가　열쇠다。,quarantine,unresolved
P4_direct_ext3_text_drift,63DFE2,scenario_63DFB1,unverified,review_translation_and_runtime_by_bundle,各員、なんとしてもコロニ－・レ－ザ－,"각원,　어쨌든　콜로니-·레-자-",こ전원、어떻게든　콜로니・레이저를,전원、어떻게든　콜로니・레이저를,,18E518C5E2010101010101,True,18F14907FD65FA7D2AF915,1,,,63DFD5,콜로니　레이저가　열쇠다。,63DFEE,만은　반드시　지켜　주길　바란다！,quarantine,unresolved
P4_direct_ext3_text_drift,63E022,scenario_63DFFF,unverified,review_translation_and_runtime_by_bundle,これは、我々にとってチャンスである！,"이 독재자 녀석들끼리의 아집 난투극은, 우리 론도 벨에게 최고의 공습 기회로다！",こ이건、　우리에게　기회다！,이건、　우리에게　기회다！,,18E51860570101010101010101,True,18F630076A71FB37FB1BF79C03,2,,,63E012,내전을　시작했다는　정보가　왔다。,63E031,こ이　틈에　양군을　격파하면,quarantine,unresolved
P4_direct_ext3_text_drift,63E031,scenario_63DFFF,unverified,review_translation_and_runtime_by_bundle,このスキをついて両軍を撃破すれば,이 기형 틈새 찬스를 정밀 침투해 양 반란군 일당을 전원 격침 격파 완료하면,こ이　틈에　양군을　격파하면,이　틈에　양군을　격파하면,,18E518605801010101010101010101,True,18F362F0C215F697F3D215F162F7DD,1,,,63E022,こ이건、　우리에게　기회다！,63E041,전쟁　자체를　끝낼　수　있다。,quarantine,unresolved
P4_direct_ext3_text_drift,63E04C,scenario_63DFFF,unverified,review_translation_and_runtime_by_bundle,では、ト－レス。,"그럼, 토레스 중위.",こ그럼、토레스。,그럼、토레스。,,18E51805C80101,True,18F26107FB5D0A,1,,,63E041,전쟁　자체를　끝낼　수　있다。,63E054,작전에　대해　설명을。,quarantine,unresolved
P4_direct_ext3_text_drift,63E06B,scenario_63E061,unverified,review_translation_and_runtime_by_bundle,今回の作戦は、ネオ・ジオン軍の撃破です。,"이번 사출 작전의 최종 승인 목표는, 난입한 네오 지온 군대의 완전 격멸입니다.",こ이번　작전은　네오　지온군　격파입니다。,이번　작전은　네오　지온군　격파입니다。,,18E518D1B6010101010101010101010101010101,True,18F2EB05F1E30807F1002AF7AB8F05F162F27D0A,2,,,63E061,……네。,63E081,こ하만、　그레미군　모두　상당한,quarantine,unresolved
P4_direct_ext3_text_drift,63E081,scenario_63E061,unverified,review_translation_and_runtime_by_bundle,ハマ－ン、グレミ－軍ともに相当数の,하만 칸 총수 부대와 그레미 토토 반란군 양측 모두 엄청난 숫자의,こ하만、　그레미군　모두　상당한,하만、　그레미군　모두　상당한,,18E518D1B701010101010101,True,18FA2907F9C78FF7CCF72805,1,,,63E06B,こ이번　작전은　네오　지온군　격파입니다。,63E08E,전력을　액시즈에　전개했지만……,quarantine,unresolved
P4_direct_ext3_text_drift,63E09D,scenario_63E061,unverified,review_translation_and_runtime_by_bundle,戦況はグレミ－軍がやや有利という,포격 교전 통계 제원 상 반역자 그레미 토토 부대가 다소 전황 우위를,こ전황은　그레미군이　다소　유리한,전황은　그레미군이　다소　유리한,,18E518605A010101010101010101,True,18F2C608F9C78F173A3AF14DF664,1,,,63E08E,전력을　액시즈에　전개했지만……,63E0AC,상황입니다。,quarantine,unresolved
P4_direct_ext3_text_drift,63E0B5,scenario_63E061,unverified,review_translation_and_runtime_by_bundle,そこで、我々は,"이에 대응해, 아군은",こ그래서、우리는,그래서、우리는,,18E51805BD0101,True,18F616076A7108,1,,,63E0AC,상황입니다。,63E0BD,먼저　그레미군의　후방을　차단합니다。,quarantine,unresolved
P4_direct_ext3_text_drift,63E18D,scenario_63E176,unverified,review_translation_and_runtime_by_bundle,モビルス－ツ数は多いですが、,"중심 삼아 출격한 모빌슈트 편대 머릿수는 상당하나,",こ모빌슈트　수는　많지만、,모빌슈트　수는　많지만、,,18E51860660101010101010101,True,18FD79E0D608E0B9F2761E1707,1,,,63E183,중심으로　한　기동　함대이며、,63E19B,개별　성능은　그레미군보다　낮습니다。,quarantine,unresolved
P4_direct_ext3_text_drift,63E1B1,scenario_63E176,unverified,review_translation_and_runtime_by_bundle,ただ、親衛隊には優先的に重モビルス－ツが,"단, 하만 총수 직속 친위 보초 부서 기체들엔 화력이 든든한 중형 특급 모빌슈트 기종이",こ다만　친위대엔　중모빌슈트가,다만　친위대엔　중모빌슈트가,,18E518D1B90101010101010101010101010101,True,18F37107E2C4E0BB54F467F7C50CE0F0FD7917,1,,,63E19B,개별　성능은　그레미군보다　낮습니다。,63E1C5,우선　배치돼　있으니　주의하십시오。,quarantine,unresolved
P4_direct_ext3_text_drift,63E1D2,scenario_63E176,unverified,review_translation_and_runtime_by_bundle,ー方、グレミ－軍の方ですが……,"반면, 반역자 그레미 토토 소속 부대원들의 제원 스펙입니다만……",こ한편、　그레미군은……,한편、　그레미군은……,,18E518913C0101010101010101,True,18F02B07F9C78F057DF8ABF191,2,,,63E1C5,우선　배치돼　있으니　주의하십시오。,63E1E1,こ중모빌슈트　배치가　많아、,quarantine,unresolved
P4_direct_ext3_text_drift,63E1E1,scenario_63E176,unverified,review_translation_and_runtime_by_bundle,こちらは重モビルス－ツの配備数が多く、,"이쪽은 애당초 고출력 중형 모빌슈트의 배속 규격 숫자가 압도적으로 조율 많아,",こ중모빌슈트　배치가　많아、,중모빌슈트　배치가　많아、,,18E518913D010101010101010101010101,True,18FB12E0F0FD7905F585E0D617E0B92407,1,,,63E1D2,こ한편、　그레미군은……,63E226,적이　강해　고전은　피할　수　없겠지……,quarantine,unresolved
P4_direct_ext3_text_drift,63E23E,scenario_63E226,unverified,review_translation_and_runtime_by_bundle,……しかし、この戦いに勝利すれば、,"……그렇다 하더라도, 이 결전 작전을 최종 승인 완수해 낸다면,",こ……하지만　이　싸움에　이기면、,……하지만　이　싸움에　이기면、,,18E518606C0101010101010101010101,True,18F191F82807F36239F27CF2C2F7DD07,1,,,63E226,적이　강해　고전은　피할　수　없겠지……,63E24F,전쟁을　끝낼　수　있다！,quarantine,unresolved
P4_direct_ext3_text_drift,63E259,scenario_63E226,unverified,review_translation_and_runtime_by_bundle,各員、この戦いを最後だと思って、,"전 정예 파일럿들은, 오늘의 요격 참격을 일생의 마지막 사출 돌격이라 각오하고,",こ각자、　이게　마지막　싸움이라　생각하고,각자、　이게　마지막　싸움이라　생각하고,,18E518606D010101010101010101010101,True,18F14907F36239F293F409F54794F15607,1,,,63E24F,전쟁을　끝낼　수　있다！,63E26B,분투해　주길　바란다！！,quarantine,unresolved
P4_direct_ext3_text_drift,63E354,scenario_63E33A,unverified,review_translation_and_runtime_by_bundle,まだ、ネオ・ジオンの残党軍は,여전히 액시즈 외벽 공역엔 네오 지온의 잔당 짐 기형 부대가,こ네오　지온　잔당은,네오　지온　잔당은,,18E518D1BB0101010101010101,True,18F19507F1002AF7AB05F6DC08,1,,,63E347,하지만　쥬도는　혼자라고요！,63E362,상당수가　남아　있는데……,quarantine,unresolved
P4_direct_ext3_text_drift,63E380,scenario_63E376,unverified,review_translation_and_runtime_by_bundle,おそらくハマ－ンもまた、,"하만 칸 총수 그 자존심 강한 계집 성격 상 본인 역시,",こ아마　하만도　또、,아마　하만도　또、,,18E5186079010101,True,18FAA7FA29F87B07,1,,,63E376,……아니。,63E389,상대하려　할　테지。,quarantine,unresolved
P4_direct_ext3_text_drift,63E39C,scenario_63E376,unverified,review_translation_and_runtime_by_bundle,ジュド－とハマ－ンには,쥬도 군과 하만 총수 그 기이한 두 연인 사이에는,こ쥬도와　하만에겐,쥬도와　하만에겐,,18E518536C010101,True,18FAA913FA29F467,1,,,63E389,상대하려　할　테지。,63E3A5,깊은　인연이　있는　듯하니까。,quarantine,unresolved
P4_direct_ext3_text_drift,63E3B5,scenario_63E376,unverified,review_translation_and_runtime_by_bundle,彼らはお互いにそのことについて,그 둘은 오직 그들 본인들만의 콕핏 십자선 교차 참격 궤적으로,こ그들은　서로　그　인연에,그들은　서로　그　인연에,,18E518914301010101010101010101,True,1895F05B35E27FF27CF4231813F9A1,1,,,63E3A5,깊은　인연이　있는　듯하니까。,63E3C5,결판을　내려고　하는　거야。,quarantine,unresolved
P3_direct_ext3_control_adjacent_text_drift,63E3D4,scenario_63E376,unverified,confirm_current_text_then_rehome,その戦いに、余人をまじえるベきではない。,"그 성스러운 기사도 격돌 좌표에, 에우고 아군 포격을 난입시켜 방해 훼방하는 행위는 일절 금지한다.",こ그　싸움엔　다른　사람이　끼면　안　돼。,그　싸움엔　다른　사람이　끼면　안　돼。,,18E518914501010101010101010101010101010101,True,18F42339F27C07E1DC5015214CF0BBDEF4EEF6FE0A,2,0861,True,63E3C5,결판을　내려고　하는　거야。,63E3EE,그럼　여기서　아무것도　안　하고,quarantine,unresolved
P4_direct_ext3_text_drift,63E454,scenario_63E435,unverified,review_translation_and_runtime_by_bundle,サイコウェ－ブ放射を継続中で、,"사이코　웨이브　방사선을　계속하는　동안,",こ사이코웨이브　방출을　계속하며、,사이코웨이브　방출을　계속하며、,,18E518D1BC010101010101,True,18FE4CF39C15F165521607,1,,,63E446,거대　모빌아머　테라　스오노는、,63E460,영향　범위는　계속　넓어지고　있다。,quarantine,unresolved
P4_direct_ext3_text_drift,63E473,scenario_63E435,unverified,review_translation_and_runtime_by_bundle,各サイドや地球が影響圏に入るのも,우주 우주 식민지 각 자치령 및 푸른 대지 지구 행성 전체가 적의 뇌사 노예 영향권에 침식 가두어지는 것도,こ각　사이드와　지구가　영향권에,각　사이드와　지구가　영향권에,,18E518D1BD0101010101010101010101,True,18E035F7233AF57017F5B70CBF0F0520,1,,,63E460,영향　범위는　계속　넓어지고　있다。,63E484,시간문제겠지。,quarantine,unresolved
P4_direct_ext3_text_drift,63E48E,scenario_63E435,unverified,review_translation_and_runtime_by_bundle,このままでは人類そのものが,조속한 조치 결재가 수립되지 않는다면 인류 문명의 뇌세포 제원 전체가,こ이대로면　인류　전체가,이대로면　인류　전체가,,18E51860830101010101,True,18FD3FF00BF423200517,1,,,63E484,시간문제겠지。,63E499,미쳐　버릴　수도　있다。,quarantine,unresolved
P4_direct_ext3_text_drift,63E4DE,scenario_63E4D4,unverified,review_translation_and_runtime_by_bundle,現在照射されているサイコウェ－ブは,현재　조사되고　있는　사이코웨이브는,こ현재　방출되는　사이코웨이브는,현재　방출되는　사이코웨이브는,,18E518D1C001010101010101,True,18F320E144E08FFC7BFE4C08,1,,,63E4D4,……네。,63E4EB,시간이　갈수록　확대되고　있습니다。,quarantine,unresolved
P4_direct_ext3_text_drift,63E4FA,scenario_63E4D4,unverified,review_translation_and_runtime_by_bundle,このサイコウェ－ブには,이　사이코　웨이브는,こ이　사이코웨이브에는,이　사이코웨이브에는,,18E518D1C10101,True,18F362FE4CF467,1,,,63E4EB,시간이　갈수록　확대되고　있습니다。,63E502,사람을　흉포하게　만드는　힘이　있어……,quarantine,unresolved
P4_direct_ext3_text_drift,63E515,scenario_63E4D4,unverified,review_translation_and_runtime_by_bundle,我々は本体に近づくことすら,아군 함대는 저 MA 본체 반경 10마일 이내에 조종석 안구 조준선도 대지 못하고,こ우린　본체에　다가가는　것조차,우린　본체에　다가가는　것조차,,18E51860870101010101010101010101,True,186A7108D9BB0CE04AE14B2418F1891C,1,,,63E502,사람을　흉포하게　만드는　힘이　있어……,63E526,불가능한　상황입니다。,quarantine,unresolved
P4_direct_ext3_text_drift,63E531,scenario_63E4D4,unverified,review_translation_and_runtime_by_bundle,しかし、幸いなことに……,"하지만, 천만다행으로 아군 요격 편대 데이터 상……",こ하지만、　다행히……,하지만、　다행히……,,18E518D1C20101010101,True,18F82807E12CFC0CF191,2,,,63E526,불가능한　상황입니다。,63E58D,작전이라　할　수준은　아니지만、,quarantine,unresolved
P2_direct_ext3_exact_text,63E5AB,scenario_63E58D,unverified,second_batch_representative_runtime_test,シグ中尉、ミアン少尉！,"시그 중위, 미안 소위！",こ시그　중위、미안　소위！,시그　중위、미안　소위！,True,18E51805CB010101010101,True,18F50BF55907F6DBF39D03,1,,,63E59D,솔직히　이것밖에　방법이　없다……,63E5B7,부탁한다！！,quarantine,unresolved
P4_direct_ext3_text_drift,63E5E5,scenario_63E5DA,unverified,review_translation_and_runtime_by_bundle,これで最後の戦いなんだよ！,인생의 최종 결전 착함 해치 출격 마크란 말이야！,こ이게　마지막　싸움이야！,이게　마지막　싸움이야！,,18E518608D01010101010101,True,18F62DF4090539F27BF78403,1,,,63E5DA,시그도　참！,63E5F2,대답　정도는　제대로　하라니까！,quarantine,unresolved
P4_direct_ext3_text_drift,63E60E,scenario_63E603,unverified,review_translation_and_runtime_by_bundle,……いや、今さらかしこまるのも,"……아니지, 최후의 출격 가동선 찰나에 와서 갑자기 정자세 잡고 폼 잡는 것도",こ……아니、　이제　와서　격식차리는　것도,……아니、　이제　와서　격식차리는　것도,,18E518914C0101010101010101010101,True,18F191F28C0776F3570E1218F1A60520,1,,,63E603,아、　아아……,63E61F,왠지　쑥스러워서　말이지……,quarantine,unresolved
P4_direct_ext3_text_drift,63E62D,scenario_63E603,unverified,review_translation_and_runtime_by_bundle,……だが、必ず作戦は成功させる。,"……하지만 약속하지, 반드시 저 테라 수오노의 제어실 장갑을 빔 사벨로 찢어 기결 성공시키겠다.",こ……하지만　작전은　반드시　성공시킨다。,……하지만　작전은　반드시　성공시킨다。,,18E518608F010101010101010101010101,True,18F191F53807E00D74F1E308F2C8F82C0A,2,,,63E61F,왠지　쑥스러워서　말이지……,63E640,こ이런　말　할　처진　아니지만、,quarantine,unresolved
P4_direct_ext3_text_drift,63E640,scenario_63E603,unverified,review_translation_and_runtime_by_bundle,こんなことは言えた義理じゃないが、,"이탈 도망 전력 경력이 있는 내가 자네에게 이런 결사 동행 요구를 서명하는 게 무례하지만,",こ이런　말　할　처진　아니지만、,이런　말　할　처진　아니지만、,,18E518609001010101010101,True,18FD387AF136F209F8DF1707,1,,,63E62D,こ……하지만　작전은　반드시　성공시킨다。,63E64D,날　믿어　줘……！,quarantine,unresolved
P5_non_direct_native_or_other,63E672,scenario_63E65B,unverified,do_not_autofix_static_false_positive_possible,だから、,"그러니까,",こ그러니까、,그러니까、,True,18FA7B01,,18F82507,1,,,63E665,너희라면　반드시　해낼　수　있어。,63E677,반드시　무사히　돌아와　줘……,quarantine,unresolved
P4_direct_ext3_text_drift,63E6B5,scenario_63E692,unverified,review_translation_and_runtime_by_bundle,我々は連邦軍外かく部隊ロンド・べルとして,우리는 지구 연방군 사법 요격 특무 외곽 부대인 『론도 벨』 소속 군세 자격으로,こ우린　연방군　외곽부대　론도벨로서,우린　연방군　외곽부대　론도벨로서,,18E51860940101010101010101010101010101,True,186A7108F72AE0D80E24F428F88F2AF003F80C,1,,,63E6A3,각　세력　잔당군이　활발히　움직입니다。,63E6C9,이들　잔당을　소탕하는　게　임무입니다。,quarantine,unresolved
P4_direct_ext3_text_drift,63E6ED,scenario_63E6E4,unverified,review_translation_and_runtime_by_bundle,敵は残党部隊とはいえ、,"적은 잔당 부대라고는 하나,",こ적은　잔당　부대라고는　해도、,적은　잔당　부대라고는　해도、,,18E51805D00101010101,True,187F08F210F428F9AC07,1,,,63E6E4,잘　들어！！,63E6F8,아직　강력한　전력을　남기고　있다！！,quarantine,unresolved
P3_direct_ext3_control_adjacent_text_drift,63E708,scenario_63E6E4,unverified,confirm_current_text_then_rehome,油断するんじゃないぞ！！,사소한 방심도 격침으로 이어지니 긴장하게！！,こ방심하지　마！！,방심하지　마！！,,18E51805D2010101,True,18F2AAFE046EF044,2,1728,True,63E6F8,아직　강력한　전력을　남기고　있다！！,63E71A,이번　임무는……,quarantine,unresolved
P4_direct_ext3_text_drift,63E727,scenario_63E71A,unverified,review_translation_and_runtime_by_bundle,バ－トン財団によるク－デタ－の鎮圧と,바톤 재단 주도의 쿠데타 진압과,こ버튼　재단에　의한　쿠데타　진압과,버튼　재단에　의한　쿠데타　진압과,,18E51805D3010101010101010101,True,18FB38F3A80C230FFBCF05F3A713,1,,,63E71A,이번　임무는……,63E736,콜로니　낙하　저지입니다。,quarantine,unresolved
P4_direct_ext3_text_drift,63E743,scenario_63E71A,unverified,review_translation_and_runtime_by_bundle,現在、バ－トン財団の主力部隊は,"현재, 바톤 재단의 핵심 주력 요격 부대는",こ현재　바톤재단　주력은,현재　바톤재단　주력은,,18E518609D01010101010101,True,18F32007FB38F3A805FB6308,1,,,63E736,콜로니　낙하　저지입니다。,63E750,액시즈에　있는　것으로　추정됩니다。,quarantine,unresolved
P4_direct_ext3_text_drift,63E760,scenario_63E71A,unverified,review_translation_and_runtime_by_bundle,彼らの目的はアクシズを占拠し、,"놈들의 최종 목적은 액시즈 제어실을 탈취 점거하여,",こ그들의　목적은　액시즈를　점거해、,그들의　목적은　액시즈를　점거해、,,18E518D1C7010101010101010101,True,1895F059F12B08FB7415F1291207,1,,,63E750,액시즈에　있는　것으로　추정됩니다。,63E76F,지구에　떨어뜨리는　것입니다。,quarantine,unresolved
P4_direct_ext3_text_drift,63E780,scenario_63E71A,unverified,review_translation_and_runtime_by_bundle,この、アクシズ落としを防ぐのが、,"이, 액시즈 소행성 지구 추락 대참사를 공중 요격해 저지하는 것이,",こ이　액시즈　낙하를　막는　게、,이　액시즈　낙하를　막는　게、,,18E51860A001010101010101010101010101,True,18F36207FB74E033F18B15E0D7E01D051707,1,,,63E76F,지구에　떨어뜨리는　것입니다。,63E7A0,버튼　재단　쿠데타에　맞설　부대는,quarantine,unresolved
P4_direct_ext3_text_drift,63E7C0,scenario_63E7A0,unverified,review_translation_and_runtime_by_bundle,彼らは独自に開発したモビルス－ツで,놈들은 재단 연구실에서 독자 설계 개조한 신형 모빌슈트로,こ그들은　자체개발　모빌슈트로,그들은　자체개발　모빌슈트로,,18E51860A3010101010101010101,True,1895F05BF07F0CF4B0F41BFD7916,1,,,63E7B3,우리뿐이다。,63E7CF,무장해　전력을　얕볼　수　없다。,quarantine,unresolved
P3_direct_ext3_control_adjacent_text_drift,63E7E1,scenario_63E7A0,unverified,confirm_current_text_then_rehome,各員、気を引き締めてかかれよ！,"전원, 조종석 콕핏 시냅스를 팽팽히 조이고 요격 작전에 임하라！",こ각자、　정신　바짝　차려라！,각자、　정신　바짝　차려라！,,18E518915001010101010101010101010101,True,18F14907A015E02432E4ADF3F7F1421B2303,2,1728,True,63E7CF,무장해　전력을　얕볼　수　없다。,63E7FD,이번　임무는　자비네　샤르에게,quarantine,unresolved
P4_direct_ext3_text_drift,63E820,scenario_63E7FD,unverified,review_translation_and_runtime_by_bundle,現在、クロスボ－ン・バンガ－ドの急進派が,"현재, 크로스본 뱅가드 반역 급진파 세력이",こ현재、크로스본　뱅가드의　급진파가,현재、크로스본　뱅가드의　급진파가,,18E51805D60101010101010101,True,18F32007FD452AFCD205F5CA17,1,,,63E80E,납치된　베라　로나의　구출이다。,63E82E,마더　뱅가드를　점거했고……,quarantine,unresolved
P4_direct_ext3_text_drift,63E83B,scenario_63E7FD,unverified,review_translation_and_runtime_by_bundle,いずこかに向けて逃走中である。,식별 코드를 거부한 채 우주 미상의 좌표로 도주 가속 항진 중일세.,こ어딘가로　도주중이다。,어딘가로　도주중이다。,,18E51860A7010101010101010101010101,True,18047418F134D5F493E015E20352F79C0A,2,,,63E82E,마더　뱅가드를　점거했고……,63E84E,こ마더　뱅가드를　추적하기　위해,quarantine,unresolved
P4_direct_ext3_text_drift,63E84E,scenario_63E7FD,unverified,review_translation_and_runtime_by_bundle,我々はマザ－・バンガ－ド追跡のため,아군은 마더 뱅가드호의 궤적을 맹추격하고자,こ마더　뱅가드를　추적하기　위해,마더　뱅가드를　추적하기　위해,,18E51860A80101010101010101,True,186A7108F5942AFCD2F10FF865,1,,,63E83B,こ어딘가로　도주중이다。,63E85C,둘로　나눠　암초　우주역으로　간다。,quarantine,unresolved
P4_direct_ext3_text_drift,63E86F,scenario_63E7FD,unverified,review_translation_and_runtime_by_bundle,使える戦艦はネェル・ア－ガマと,사용할　수있는　전함은　네르　아가마,こ사용　가능한　전함은　넬　아가마와,사용　가능한　전함은　넬　아가마와,,18E5180DA2010101010101010101,True,18E001F0BBF2C408F5962AFB7813,1,,,63E85C,둘로　나눠　암초　우주역으로　간다。,63E8B8,덧붙여　설명하자면……,quarantine,unresolved
P4_direct_ext3_text_drift,63E8C6,scenario_63E8B8,unverified,review_translation_and_runtime_by_bundle,ザビ－ネ配下の急進派は、独自に開発した,"자비네 휘하 반역 부대는, 본국 연구진이 은밀히 완성한",こ자비네　휘하　급진파는　독자개발,자비네　휘하　급진파는　독자개발,,18E518D1CE01010101010101010101010101,True,18FB22E047A505F5CA0807F07F0CF4B0F41B,1,,,63E8B8,덧붙여　설명하자면……,63E8D9,모빌슈트로　무장했습니다。,quarantine,unresolved
P4_direct_ext3_text_drift,63E8E3,scenario_63E8B8,unverified,review_translation_and_runtime_by_bundle,ＥＭＳ一０６「バタラ」と呼ばれる,식별 번호 EMS-06 『바타라』 라 지칭되는,こＥＭＳ－１０６　「바타라」라고　불리는,ＥＭＳ－１０６　「바타라」라고　불리는,,18E51805DA0101010101010101010101010101010101,True,18E21BF3A3E1BFE01EE143E045F657E04313E070F6E4,1,,,63E8D9,모빌슈트로　무장했습니다。,63E8FA,이　소형　모빌슈트는……,quarantine,unresolved
P4_direct_ext3_text_drift,63E907,scenario_63E8B8,unverified,review_translation_and_runtime_by_bundle,機動性、汎用性に優れ、従来型の,"가속 기동력과 범용 무장 밸런스가 매우 뛰어나, 양산형",こ기동성과　범용성이　뛰어나、,기동성과　범용성이　뛰어나、,,18E5189152010101010101010101010101010101,True,18F7B307E493C9E06D0CE0D51B07E14A9BE06205,1,,,63E8FA,이　소형　모빌슈트는……,63E91C,기존　기체보다　전투력이　높습니다。,quarantine,unresolved
P4_direct_ext3_text_drift,63E952,scenario_63E932,unverified,review_translation_and_runtime_by_bundle,各員、そのことをふまえた上で,"전 요격 파일럿들은, 이 바타라의 화력 성능을 뇌리에 계산에 넣고",こ각자、　그　점을　감안해,각자、　그　점을　감안해,,18E51860B001010101010101,True,18F14907FC8C5B21F1369D16,1,,,63E941,적　주력임이　틀림없다。,63E95F,준비를　갖춰　두도록！！,quarantine,unresolved
P4_direct_ext3_text_drift,63E97F,scenario_63E973,unverified,review_translation_and_runtime_by_bundle,わたしを助けたために,저라는 생체 소체를 적진에서 빼내어 구조해 내려고,こ나를　구하려다가,나를　구하려다가,,18E51860B2010101010101,True,18F66615E000F48F11F400,1,,,63E973,미안해、　유우……,63E98B,이런　일이　되다니……,quarantine,unresolved
P5_non_direct_native_or_other,63E9C0,scenario_63E9AF,unverified,do_not_autofix_static_false_positive_possible,だけど……,그렇다 해도 유우의 소체가 손상되면……,こ하지만……,하지만……,,18F4FDF093,,18F872F191,2,1728,True,63E9AF,어？　’신경　쓰지　마’라고？,63E9CF,저건……,quarantine,unresolved
P3_direct_ext3_control_adjacent_text_drift,63EA8E,scenario_63EA76,unverified,confirm_current_text_then_rehome,事情が知りたい！,구체적인 교전 사유 데이터를 수급하겠다！,こ사정을　알고　싶어！,사정을　알고　싶어！,,18E5180CAC010101,True,18F33017C8F89203,2,1728,True,63EA85,모빌슈트에　통신을　보내！,63EAA0,여기는　론드　벨대！,quarantine,unresolved
P4_direct_ext3_text_drift,63EB53,scenario_63EB4A,unverified,review_translation_and_runtime_by_bundle,さっきから通じてたんですけど,아까부터 주파수는 100% 동조되어 교신 대기 상태였는데,こ아까부터　통신은　됐는데,아까부터　통신은　됐는데,,18E518D1D10101010101,True,18FC12AEF2DAFB55F496,1,,,63EB4A,죄송합니다……,63EB5E,유우가　받고　있어서……,quarantine,unresolved
P4_direct_ext3_text_drift,63EC2B,scenario_63EC10,unverified,review_translation_and_runtime_by_bundle,逃げ出して追われていたところを,시설에서 탈출해 도망치던 중 요격당할 찰나에,こ도망치다　쫓기던　중에,도망치다　쫓기던　중에,,18E51860CD01010101010101010101010101,True,18E015A16FF413E02FF2420BF26A13184215,1,,,63EC1F,전　지온의　뉴타입입니다。,63EC3E,그……유우에게　구해졌습니다。,quarantine,unresolved
P4_direct_ext3_text_drift,63EC76,scenario_63EC54,unverified,review_translation_and_runtime_by_bundle,よし、ト－レス！　各部隊に通達！！,"좋다, 토레스 중위！ 전 요격 편대에 출격 지령 통지！！",こ좋아、　토레스！　전　부대에　전달！！,좋아、　토레스！　전　부대에　전달！！,,18E51860D001010101010101010101,True,18F49007FB5D0301F58F0CF185F044,2,,,63EC69,너희를　쫓아온　거군。,63EC87,こ네오　지온부대를　격파하고、,quarantine,unresolved
P4_direct_ext3_text_drift,63EC87,scenario_63EC54,unverified,review_translation_and_runtime_by_bundle,ネオ・ジオンの部隊を撃破し、,"아군 포위를 도모하는 네오 지온 잔당 놈들을 격멸 청소하고,",こ네오　지온부대를　격파하고、,네오　지온부대를　격파하고、,,18E518D1D6010101010101010101,True,18F1002AF7AB05F42815F1621207,1,,,63EC76,こ좋아、　토레스！　전　부대에　전달！！,63EC96,그들을　구출한다！！,quarantine,unresolved
P4_direct_ext3_text_drift,63ED35,scenario_63ED28,unverified,review_translation_and_runtime_by_bundle,ー年戦争の時に君とシミュレ－タ－で,1년 전쟁 당시 자네 소대와 훈련 가상 전술 모의 시뮬레이터에서,こ１년전쟁　때　너와　시뮬레이터로,１년전쟁　때　너와　시뮬레이터로,,18E51860D6010101010101,True,18FA9105B70C6113FE5216,1,,,63ED28,기억나지　않나？,63ED41,싸운　적이　있지。,quarantine,unresolved
P4_direct_ext3_text_drift,63ED9B,scenario_63ED89,unverified,review_translation_and_runtime_by_bundle,君とー緒に戦うのは初めてだが、,"자네와 어깨를 나란히 하고 실전 전선 출격하는 건 처음이네만,",こ함께　싸우는　건　처음이지만、,함께　싸우는　건　처음이지만、,,18E51860D90101010101010101010101,True,186113F0A30C39F636E139F3F7F53807,1,,,63ED89,아아、　기억해　줬나！,63EDAC,잘　부탁하네、　소위。,quarantine,unresolved
P4_direct_ext3_text_drift,63EDF5,scenario_63EDDF,unverified,review_translation_and_runtime_by_bundle,ニュ－タイプのカンってやつ,말하자면 초인 뉴타입 특유의 고유 텔레파시 영감 같은 류,こ뉴타입의　감이라는　것,뉴타입의　감이라는　것,,18E51805F40101010101,True,18FD6C05F18FF1563A40,1,,,63EDEA,왠지　그런　것　같아서……,63EE00,일지도　모르겠군……,quarantine,unresolved
P5_non_direct_native_or_other,63EE5E,scenario_63EE55,unverified,do_not_autofix_static_false_positive_possible,………………,………………,こ………,………,,18F08BF093,,18F617F617,2,085D,True,63EE55,……………,63EE68,………………,quarantine,unresolved
P5_non_direct_native_or_other,63EE72,scenario_63EE68,unverified,do_not_autofix_static_false_positive_possible,………………,………………,こ…………,…………,,18F08BF617,,18F617F617,2,,,63EE68,………………,63EE79,こ………,quarantine,unresolved
P5_non_direct_native_or_other,63EE79,scenario_63EE68,unverified,do_not_autofix_static_false_positive_possible,……………,……………,こ………,………,,18F08BF093,,18F617F191,2,0875,True,63EE72,こ…………,63EE83,………………,quarantine,unresolved
P5_non_direct_native_or_other,63EE8C,scenario_63EE83,unverified,do_not_autofix_static_false_positive_possible,……………,……………,こ………,………,,18F08BF093,,18F617F191,2,,,63EE83,………………,63EE93,こ………,quarantine,unresolved
P5_non_direct_native_or_other,63EE93,scenario_63EE83,unverified,do_not_autofix_static_false_positive_possible,………………,………………,こ………,………,,18F08BF093,,18F617F617,2,1728,True,63EE8C,こ………,63EEA4,……말이　없군。,quarantine,unresolved
P4_direct_ext3_text_drift,63EF55,scenario_63EF37,unverified,review_translation_and_runtime_by_bundle,オ－ルドタイプにニュ－タイプ並の,초능력이 없는 올드타입 파일럿에게 초인 뉴타입 급의,こ올드타입에게　뉴타입급,올드타입에게　뉴타입급,,18E51860E701010101,True,18FE0C0CFD6CE28705,1,,,63EF45,구　지온이　개발한　시스템이지？,63EF5F,전투력을　발휘시키는　ＯＳ라던데……,quarantine,unresolved
P4_direct_ext3_text_drift,63EFA8,scenario_63EF82,unverified,review_translation_and_runtime_by_bundle,もっとも、早々にその人物が死んで、,"하지만, 그 연구원이 콕핏 폭사 사고로 급작스레 사망하는 바람에,",こ하지만　곧　그　인물이　죽고、,하지만　곧　그　인물이　죽고、,,18E518915C010101010101010101010101,True,18FAC807E06E710CF423F02017ADF22207,1,,,63EF95,한때　화제가　됐으니까요。,63EFBA,개발도　중단됐다고　합니다。,quarantine,unresolved
P4_direct_ext3_text_drift,63EFDD,scenario_63EFD0,unverified,review_translation_and_runtime_by_bundle,ネオ・ジオンがＥＸＡＭに目をつけるのは,"네오 지온 놈들이 그 살인적인 시스템을 재부팅하려는 욕망은 백번 양보해 그렇다 치고,",こ네오　지온이　ＥＸＡＭ을　노리는　건,네오　지온이　ＥＸＡＭ을　노리는　건,,18E518D1DA01010101010101010101,True,18F1002AF7AB17F91C0CB1F977F44B,1,,,63EFD0,하지만　모르겠군……,63EFED,그렇다　쳐도　왜　마리온을？,quarantine,unresolved
P4_direct_ext3_text_drift,63F08A,scenario_63F06E,unverified,review_translation_and_runtime_by_bundle,しかし、ネオ・ジオンの者たちは,어쨌든 네오 지온 군벌 놈들은 그 결합 공식을 사실로 규정하고,こ하지만　네오　지온　사람들은,하지만　네오　지온　사람들은,,18E518D1DB0101010101010101,True,18F82807F1002AF7AB059FF762,1,,,63F077,선뜻　믿기　힘든　이야기지만……,63F098,그걸　믿고　그녀를　붙잡았다는　건가……,quarantine,unresolved
P4_direct_ext3_text_drift,63F0C6,scenario_63F0BD,unverified,review_translation_and_runtime_by_bundle,話の信ぴょう性はともかく、ネオ・ジオンに,"무전의 진위 여부를 따지기에 앞서, 아군 요격권 내에서 네오 지온에",こ진위는　몰라도、　네오　지온에,진위는　몰라도、　네오　지온에,,18E518D1DC01010101010101010101010101010101,True,18E02E05E032E4F58914E06DFC0607F1002AF7AB0C,1,,,63F0BD,흠……,63F0DC,쫓기는　사람을　내버려　둘　수도　없지。,quarantine,unresolved
P4_direct_ext3_text_drift,63F0F1,scenario_63F0BD,unverified,review_translation_and_runtime_by_bundle,……我々ロンド・べルでマリオン君を,……우리 론도 벨의 비밀 호위 격실 터미널에 마리온 양을,こ……우리　론도벨이　마리온을,……우리　론도벨이　마리온을,,18E51860F601010101010101010101,True,18F1916A71F88F2AF00316FA7A6115,1,,,63F0DC,쫓기는　사람을　내버려　둘　수도　없지。,63F101,보호하려는데　어떤가？,quarantine,unresolved
P4_direct_ext3_text_drift,63F12E,scenario_63F124,unverified,review_translation_and_runtime_by_bundle,でも、わたし……,"하지만, 제가 유우와",こ하지만、나는……,하지만、나는……,,18E5181521010101,True,18F25E07F666F191,1,,,63F124,유우……？,63F137,당신과　헤어지는　건……,quarantine,unresolved
P3_direct_ext3_control_adjacent_text_drift,63F16F,scenario_63F14C,unverified,confirm_current_text_then_rehome,……どうだね？,……어찌하겠나？,こ……어떤가？,……어떤가？,,18E5184CBD01,True,18F191FA6F1D,2,0875,True,63F15A,그를　우리　부대로　옮길　수도　있다。,63F17A,……부탁한다。,quarantine,unresolved
P3_direct_ext3_control_adjacent_text_drift,63F1A9,scenario_63F18A,unverified,confirm_current_text_then_rehome,改めてよろしくたのむよ。,다시 한번 아군 콕핏의 든든한 날개가 되어 주길 부탁하네.,こ다시　잘　부탁한다。,다시　잘　부탁한다。,,18E518916001010101,True,18E17DF3F7FE47230A,2,086D,True,63F196,두　사람을　론드　벨에　편입하겠다。,63F1B7,네、　저야말로。,quarantine,unresolved
P3_direct_ext3_control_adjacent_text_drift,63F26C,scenario_63F262,unverified,confirm_current_text_then_rehome,この感じ……まさか！？,이 내면 뇌세포 신경계를 관통하는 불길한 주파수는…… 설마 하던 그 녀석의 열원 반응인가！？,こ이　느낌……　설마！？,이　느낌……　설마！？,,18E518610C01010101010101,True,18F362E0444CF191F845F040,2,1728,True,63F262,………！？,63F282,……뭐라고！？,quarantine,unresolved
P4_direct_ext3_text_drift,63F2BF,scenario_63F2B3,unverified,review_translation_and_runtime_by_bundle,『彼が来る』としか言わなくて、,"소위 본인은 콕핏 문을 걸어 잠그고 오직 『그이가 온다』 는 수수께끼 타전만 송출한 채,",こ『그가　온다』는　말만　해서、,『그가　온다』는　말만　해서、,,18E51891610101010101010101,True,186895179B0F66F8057AFB1A07,1,,,63F2B3,아니、　그게……,63F2CD,저희도　도통　모르겠습니다……,quarantine,unresolved
P4_direct_ext3_text_drift,63F312,scenario_63F2F0,unverified,review_translation_and_runtime_by_bundle,念のため、モビルス－ツ隊には,"돌발 피습 변수에 대비해, 전방 요격 돌격 소대 대원들에겐",こ만일을　위해、모빌　슈트　부대에는,만일을　위해、모빌　슈트　부대에는,,18E5181529010101010101,True,18E0ECF86507FD7954F467,1,,,63F303,레이라　레이몬드를　쫓는다！,63F31E,대기시켜　두라고　전해！！,quarantine,unresolved
P3_direct_ext3_control_adjacent_text_drift,63F3B5,scenario_63F3A5,unverified,confirm_current_text_then_rehome,彼が……,그이가……,こ그가……,그가……,,18E518152D,True,189517F191,2,0861,True,63F3A5,……저、　느꼈어요。,63F3BF,……그가？,quarantine,unresolved
P4_direct_ext3_text_drift,63F43A,scenario_63F42C,unverified,review_translation_and_runtime_by_bundle,ロンド・べルは空を落とそうとしている,저 론도 벨이라 적힌 전함들은 이 푸른 지구 대지의 하늘을 찢어 발겨 땅에 처박으려 하는,こ론도벨은　하늘을　떨어뜨리려　한다,론도벨은　하늘을　떨어뜨리려　한다,,18E518611F010101010101010101010101,True,18F88F2AF00308E1C215E03313F6A1FB54,1,,,63F42C,그래、　제로　무라사메。,63F44C,……네　적이다！！,quarantine,unresolved
P3_direct_ext3_control_adjacent_text_drift,63F46D,scenario_63F459,unverified,confirm_current_text_then_rehome,……ボクが抹殺する！！,……나 제로 무라사메가 전부 빔 라이플로 찢어서 말살하겠다！！,こ……내가　말살한다！！,……내가　말살한다！！,,18E518612201010101010101,True,18F191F27917F2ADF1CBF044,2,1728,True,63F459,거짓말、　하늘을　떨어뜨릴　적은……,63F483,제로……,quarantine,unresolved
P5_non_direct_native_or_other,63F48C,scenario_63F483,unverified,do_not_autofix_static_false_positive_possible,ティタ－ンズに,티탄즈 자식들의 잔인한 약물 최면과,こ티탄즈에게,티탄즈에게,,18FF2701,,18FDC40C,1,,,63F483,제로……,63F491,마인드　컨트롤을　받아……,quarantine,unresolved
P4_direct_ext3_text_drift,63F4B3,scenario_63F4A6,unverified,review_translation_and_runtime_by_bundle,わたしが必ずあなたのことを,내가 내 릭 디아스 빔 세이버로 자네 콕핏 락을 찢고 기필코,こ내가　반드시　당신을,내가　반드시　당신을,,18E5189163010101010101,True,18FAD6E00D74FA90181315,1,,,63F4A6,기다려、　제로！,63F4BF,구해　줄게！！,quarantine,unresolved
P3_direct_ext3_control_adjacent_text_drift,63F4F9,scenario_63F4E5,unverified,confirm_current_text_then_rehome,彼は操られてるんです！！,그는 티탄즈의 생체 개조 락에 정신 지배를 당하고 있을 뿐이에요！！,こ그는　조종당하고　있어요！！,그는　조종당하고　있어요！！,,18E51861290101010101010101,True,189508E20FF7920FF2221EF044,2,0861,True,63F4ED,제로는　저에게　맡겨　주세요！,63F50B,음……알았다！！,quarantine,unresolved
P4_direct_ext3_text_drift,63F539,scenario_63F521,unverified,review_translation_and_runtime_by_bundle,ゼロ・ムラサメを,개조인간 제로 무라사메의 콕핏을,こ제로　무라사메를,제로　무라사메를,,18E51891650101,True,18F0652AF99815,1,,,63F52B,레이라　레이몬드를　엄호해！！,63F541,티탄즈의　손에서　되찾는다！！,quarantine,unresolved
P3_direct_ext3_control_adjacent_text_drift,63F550,scenario_63F521,unverified,confirm_current_text_then_rehome,……総員、戦闘開始！！,"……전 소대, 실전 요격 포격 개시！！",こ……전원、전투　개시！！,……전원、전투　개시！！,,18E51815370101010101,True,18F191F0E207F913F044,2,1728,True,63F541,티탄즈의　손에서　되찾는다！！,63F564,제로！　나야！！,quarantine,unresolved
P3_direct_ext3_control_adjacent_text_drift,63F5B0,scenario_63F58F,unverified,confirm_current_text_then_rehome,正気に戻って！　ゼロ！！,제발 뇌파 최면 락을 깨고 제정신 지적 주파수를 복구해 줘요！ 제로！！,こ정신차려！　제로！！,정신차려！　제로！！,,18E5186133010101010101010101,True,18F3B50CE042F1560301F065F044,2,0844,True,63F5A1,당신은　티탄즈에　조종당하고　있어！,63F5C3,으……,quarantine,unresolved
P3_direct_ext3_control_adjacent_text_drift,63F625,scenario_63F60A,unverified,confirm_current_text_then_rehome,ありがとう……。,지옥 구렁텅이에서 나를 생포 복귀시켜 주어 고맙네…….,こ고마워……。,고마워……。,,18E518613901,True,18FCAAF1910A,2,1728,True,63F61B,덕분에　살았어、　레이라。,63F635,큭！,quarantine,unresolved
P3_direct_ext3_control_adjacent_text_drift,63F64C,scenario_63F635,unverified,confirm_current_text_then_rehome,こうなれば仕方ない、あれを使うぞ！！,"이판사판이로다, 격납고 지하 도크 룸 깊숙이 비밀 봉인 가동 대기 중이던 『그 병기』를 사출 가동한다！！",こ이젠　어쩔　수　없다、그걸　써！！,이젠　어쩔　수　없다、그걸　써！！,,18E518C5DA0101010101010101010101,True,18FD00F119F52607F6DDE001F1E5F044,2,1728,True,63F63C,론드　벨이　여기까지　하다니……！！,63F666,저건！　테라　스오노！？,quarantine,unresolved
P5_non_direct_native_or_other,63F685,scenario_63F67C,unverified,do_not_autofix_static_false_positive_possible,ティタ－ンズが,사라진 줄 알았던 야만단 티탄즈 패잔병 놈들이,こ티탄즈가,티탄즈가,,18F02101,,18FDC417,1,,,63F67C,윽……！,63F68A,저걸　재생하고　있었다니……！！,quarantine,unresolved
P4_direct_ext3_text_drift,63F6B6,scenario_63F69D,unverified,review_translation_and_runtime_by_bundle,前の時はもっと、,"이전 오리지널의 방사 뇌파는 10배 이상 고압이었고,",こ그때는　훨씬,그때는　훨씬,,18E518613D010101,True,189605B708F5DB07,1,,,63F6A7,저건　예전　테라　스오노가　아니야！,63F6BF,강렬한　사이코　웨이브를　방출했어！,quarantine,unresolved
P3_direct_ext3_control_adjacent_text_drift,63F6CE,scenario_63F69D,unverified,confirm_current_text_then_rehome,ヤツはまだ完全じゃないんだ！！,저 복제 잡종 놈은 동력로 과열 기동 및 충전 제어가 미완성 상태인 미완성 찌꺼기다！！,こ놈은　아직　완전하지　않아！！,놈은　아직　완전하지　않아！！,,18E518613E010101010101,True,18F2D4F7AAF0E5FDEEF044,2,1728,True,63F6BF,강렬한　사이코　웨이브를　방출했어！,63F6E3,진정해、　브라이트　함장！,quarantine,unresolved
P4_direct_ext3_text_drift,63F6F2,scenario_63F6E3,unverified,review_translation_and_runtime_by_bundle,ヤツは姿こそ同じだが、,"저 MA는 외장 프레임 설계 디자인만 똑같을 뿐,",こ놈은　모습만　같을　뿐、,놈은　모습만　같을　뿐、,,18E518613F0101010101010101,True,18F2D408E1B5F356D0F2DB1707,1,,,63F6E3,진정해、　브라이트　함장！,63F700,능력은　예전과　비교도　안　된다。,quarantine,unresolved
P4_direct_ext3_text_drift,63F715,scenario_63F6E3,unverified,review_translation_and_runtime_by_bundle,アインが死んだ今、ヤツらの技術では,"메인 시스템 핵심 설계자인 아인 대령이 전사한 지금, 저 삼류 정비 기술력으로는",こ아인이　죽은　지금、　놈들　기술론,아인이　죽은　지금、　놈들　기술론,,18E5186141010101010101010101010101,True,18F5DC17ADF22E7607F2D4F059F2BCF261,1,,,63F700,능력은　예전과　비교도　안　된다。,63F727,완전히　복구하지　못했어！！,quarantine,unresolved
P4_direct_ext3_text_drift,63F756,scenario_63F73F,unverified,review_translation_and_runtime_by_bundle,全機！！,전 기체 요격 파일럿들은！！,こ전　기체！！,전　기체！！,,18E5186143,True,18F56DF044,1,,,63F747,그렇다면　승산이　있다！！,63F75C,테라　스오노에　집중　공격하라！！,quarantine,unresolved
P3_direct_ext3_control_adjacent_text_drift,63F76D,scenario_63F73F,unverified,confirm_current_text_then_rehome,ヤツを完全に破壊するんだ！！,이번 기회에 우주의 씨를 말려 완전히 가루로 으깨 정돈해 버려라！！,こ놈을　완전히　파괴한다！！,놈을　완전히　파괴한다！！,,18E51861450101010101010101,True,18F2D415F0E50CF1CCF957F044,2,1728,True,63F75C,테라　스오노에　집중　공격하라！！,63F784,아앗！　제、　제로……！！,quarantine,unresolved
P4_direct_ext3_text_drift,63F7E9,scenario_63F7DC,unverified,review_translation_and_runtime_by_bundle,もといたところへ……,네놈이 원래 처박혀 으스러져 있어야 마땅할 소멸 더미 속으로……,こ원래　있던　곳으로……,원래　있던　곳으로……,,18E518614A010101010101,True,182013F26A13184291F191,1,,,63F7DC,과거의　망령아……！,63F7F5,아인의　곁으로……돌아가라！！,quarantine,unresolved
P4_direct_ext3_text_drift,63F819,scenario_63F80C,unverified,review_translation_and_runtime_by_bundle,ったく！　イヤなモノを,참 나！ 내 뇌세포 역사 장부에서 가장 꼴 보기 싫고 불쾌한 기억을,こ정말！　싫은　걸,정말！　싫은　걸,,18E518614D010101010101,True,18F6F90301F4BD06F52B15,1,,,63F80C,테라　스오노인가……,63F825,떠올리게　하는군……,quarantine,unresolved
P3_direct_ext3_control_adjacent_text_drift,63F86D,scenario_63F856,unverified,confirm_current_text_then_rehome,消えなさいっ！　テラ・スオ－ノ！！,우주세기 무대 위에서 조용히 대파 소멸해 꺼져라！ 복제 테라 수오노！！,こ사라져！　테라　스오노！！,사라져！　테라　스오노！！,,18E5186150010101010101010101010101,True,18E05C2B0625F26D0301F4D62AFB68F044,2,1728,True,63F856,같은　비극은　다시　일으키지　않아……,63F888,사이코　웨이브　소멸했습니다！！,quarantine,unresolved
P4_direct_ext3_text_drift,63F8D9,scenario_63F8CA,unverified,review_translation_and_runtime_by_bundle,モビルス－ツは母艦へ戻れ！,출격 모빌슈트 대원들은 추진 장치 끄고 아가마호 착함 도크로 전원 귀환 회항하라！,こ모빌슈트는　모함으로　돌아와！,모빌슈트는　모함으로　돌아와！,,18E518615501010101010101,True,18FD7908E1BC6D91E0421B03,1,,,63F8CA,좋아、　잘했다　모두！,63F8E6,론드　벨은　이제　귀환한다！！,quarantine,unresolved
P4_direct_ext3_text_drift,63F92B,scenario_63F91A,unverified,review_translation_and_runtime_by_bundle,以前のような能力を出していたらと思うと,만약 일전의 세이레네 오리지널 스펙 강도로 전파를 방사했더라면 우린 전원 조종석에서 뇌사했을 겁니다.,こ예전　힘을　냈다면,예전　힘을　냈다면,,18E518916A0101010101010101010101,True,18F2DEFA27F0D3156FFB44F05694F1F1,1,,,63F91A,미완성　상태라　다행이었네요。,63F93C,생각만　해도　오싹합니다。,quarantine,unresolved
P4_direct_ext3_text_drift,63F95B,scenario_63F94D,unverified,review_translation_and_runtime_by_bundle,ティタ－ンズはあれを完全な状態にしようと,티탄즈 장령들은 저 모조 MA 코어의 출력을 100% 임계 과열 활성화시키려고,こ티탄즈는　저걸　완성하려고,티탄즈는　저걸　완성하려고,,18E518916B010101010101010101010101,True,18FDC4F089F04AF0E506F20CF46FF49E13,1,,,63F94D,그　얘기입니다만……,63F96D,뉴타입을　모았다고　합니다。,quarantine,unresolved
P4_direct_ext3_text_drift,63F99D,scenario_63F980,unverified,review_translation_and_runtime_by_bundle,しかし、何にせよ,"하지만, 전술 결과론적 판짜기 상으로",こ하지만、　어쨌든,하지만、　어쨌든,,18E518615D010101,True,18F828079A0CF557,1,,,63F993,그　때문이었나……,63F9A6,미리　막을　수　있어　다행이군。,quarantine,unresolved
P4_direct_ext3_text_drift,63FA29,scenario_63FA1C,unverified,review_translation_and_runtime_by_bundle,さすがに、今日のアレには,"솔직히 고백하자면, 오늘 스크린에 불쑥 튀어나온 그 테라 수오노 모조품 요격 궤적에는",こ아무래도　오늘　그건,아무래도　오늘　그건,,18E518916E010101010101,True,18F98C07F38105F2FAF467,1,,,63FA1C,아아……시그인가。,63FA35,조금　충격이　컸으니……,quarantine,unresolved
P3_direct_ext3_control_adjacent_text_drift,63FA40,scenario_63FA1C,unverified,confirm_current_text_then_rehome,ここ二、三日は寝覚めが悪くなりそうだ。,향후 이삼일 동안은 수면 모드 시동 찰나에 불길한 가위에 짓눌릴 것만 같네.,こ며칠은　잠자리가　뒤숭숭하겠군。,며칠은　잠자리가　뒤숭숭하겠군。,,18E5186163010101010101010101010101010101010101,True,18F352E08707E3F2E06C08F44EF3D4E00F240627F69C0A,2,0802,True,63FA35,조금　충격이　컸으니……,63FA5C,……잠을　설친다고？,quarantine,unresolved
P4_direct_ext3_text_drift,63FA89,scenario_63FA6B,unverified,review_translation_and_runtime_by_bundle,なにしろ、今の私にはシグがいるからな。,"어찌 됐든, 현재의 나 세레인 옆엔 든든한 참격 요격수 시그 자네가 버티고 서 있으니까.",こ무엇보다　지금　내겐　시그가　있으니까。,무엇보다　지금　내겐　시그가　있으니까。,,18E518D1E50101010101010101010101,True,18F9E307760541F467F50BF628F67D0A,2,,,63FA7A,그　정도　일이라는　뜻인가。,63FA9B,こ……또、　구해줄　거지？,quarantine,unresolved
P4_direct_ext3_text_drift,63FA9B,scenario_63FA6B,unverified,review_translation_and_runtime_by_bundle,……また、助けてくれるのだろ？,"……혹시라도 다시 한번 내가 파멸 MA에 강제 탑재 기동 조종당해 정신을 잃는다면, 또 날 구해줄 거지？",こ……또、　구해줄　거지？,……또、　구해줄　거지？,,18E5186167010101010101010101,True,18F191F19407E000F985F709421D,1,,,63FA89,こ무엇보다　지금　내겐　시그가　있으니까。,63FAAA,내가　테라　스오노에　먹히면？,quarantine,unresolved
P3_direct_ext3_control_adjacent_text_drift,63FACB,scenario_63FAC0,unverified,confirm_current_text_then_rehome,何度でも助けてやるさ。,"수백 번, 수천 번이고 자네 조종석 해치를 빔 사벨로 뜯어 생포 탈출시켜 줄 테니 걱정 말게.",こ몇번이고　구해줄게。,몇번이고　구해줄게。,,18E51891700101010101010101,True,18F067F25EE000F4933A0F250A,2,0805,True,63FAC0,아아、　그렇지。,63FADD,그럼　문제없군。,quarantine,unresolved
P3_direct_ext3_control_adjacent_text_drift,63FB4A,scenario_63FB2F,unverified,confirm_current_text_then_rehome,ほらっ、離れた離れた！！,"자자, 즉시 3피트 거리 유지 회피 기동 해라 해！！",こ자、　떨어져　떨어져！！,자、　떨어져　떨어져！！,,18E518616E010101010101010101,True,18F65607E065F02CE065F02CF044,2,0802,True,63FB38,시그와　단둘이　있다니！！,63FB5D,이、　이봐、　미안……,quarantine,unresolved
P4_direct_ext3_text_drift,63FB88,scenario_63FB6E,unverified,review_translation_and_runtime_by_bundle,だったら、ほら。,"그리 원한다면, 자.",こ그럼、　자。,그럼、　자。,,18E51861710101,True,18FB0A07F1760A,1,,,63FB78,시그와　꽁냥대고　싶었어？,63FB90,시그를　데려가면　돼。,quarantine,unresolved
P4_direct_ext3_text_drift,63FBBF,scenario_63FBB1,unverified,review_translation_and_runtime_by_bundle,でも、いいもん！,하지만　괜찮아！,こ그래도、괜찮아！,그래도、괜찮아！,,18E518154701010101,True,18F25E07F253201903,1,,,63FBB1,아、　여유　부리고　있네。,63FBC9,나한테도　아직　기회는　있으니까！,quarantine,unresolved
P3_direct_ext3_control_adjacent_text_drift,63FBDB,scenario_63FBB1,unverified,confirm_current_text_then_rehome,行こっ、シグ！！,"당장 제 조종석을 향해 가속 출발해요, 시그 형！！",こ가자、　시그！！,가자、　시그！！,,18E518C0DB01010101,True,186BF35907F50BF044,2,0802,True,63FBC9,나한테도　아직　기회는　있으니까！,63FBE9,아、　아니……하지만……,quarantine,unresolved
P4_direct_ext3_text_drift,63FC10,scenario_63FC02,unverified,review_translation_and_runtime_by_bundle,やはり、こういう戦いも,"나 역시, 자네의 마음 주권을 두고 벌이는 차기 전선 작전 결투라면",こ역시、　이런　싸움도,역시、　이런　싸움도,,18E518617501010101,True,18F66C07F9CF390420,1,,,63FC02,난　상관없어、　시그。,63FC1A,정정당당히　하고　싶거든。,quarantine,unresolved
P4_direct_ext3_text_drift,63FD86,scenario_63FD70,unverified,review_translation_and_runtime_by_bundle,泣いてもいいし、怒ってもいい。,"콕핏 전 무전을 차단해 혼자 눈물 콧물 쏟어도 되고, 격벽 패널을 두들겨 부수며 성질부려도 돼요.",こ울어도　되고、　화내도　돼。,울어도　되고、　화내도　돼。,,18E5189177010101010101010101010101,True,18E210F27520F2531207E157F6F2F2530A,1,,,63FD79,무리하지　않아도　돼。,63FD98,전부　털어내고　후련해져。,quarantine,unresolved
P3_direct_ext3_control_adjacent_text_drift,63FDAD,scenario_63FD70,unverified,confirm_current_text_then_rehome,わたしがシグのこと支えるから……,내가 평생 동안 시그 형의 양 날개 동조 엄호기가 되어 단단히 지탱해 수호해 줄 테니까……,こ내가　시그를　받쳐줄게……,내가　시그를　받쳐줄게……,,18E518D1EC0101010101010101,True,18FAD6F50BF5E4E08DFA35F191,2,0802,True,63FD98,전부　털어내고　후련해져。,63FDBF,미안……,quarantine,unresolved
